label,variant,generation,duration_s,mRNA_initial,mRNA_final,mRNA_change_pct,protein_initial,protein_final,protein_change_pct,total_tl_initiations,total_tc_initiations
V4_G1,4,1,2520.0,0,0,0.0,33,180,445.45454545454544,0,0
V4_G2,4,2,1070.0,0,0,0.0,86,84,-2.3255813953488373,0,0
V4_G3,4,3,2510.0,0,0,0.0,38,37,-2.631578947368421,0,0
V4_G4,4,4,3250.0,0,0,0.0,21,43,104.76190476190477,0,0
V4_G5,4,5,4020.0,0,0,0.0,21,18,-14.285714285714285,0,0
V4_G6,4,6,3530.0,0,0,0.0,10,10,0.0,0,0
V4_G7,4,7,5060.0,0,0,0.0,7,7,0.0,0,0
V4_G8,4,8,5200.0,0,0,0.0,2,2,0.0,0,0
