label,variant,generation,duration_s,mRNA_initial,mRNA_final,mRNA_change_pct,protein_initial,protein_final,protein_change_pct,total_tl_initiations,total_tc_initiations
V4_G1,4,1,2520.0,0,1,100.0,83,168,102.40963855421687,0,0
V4_G2,4,2,1070.0,0,0,0.0,83,82,-1.2048192771084338,0,0
V4_G3,4,3,2510.0,0,0,0.0,32,30,-6.25,0,0
V4_G4,4,4,3250.0,0,0,0.0,14,72,414.28571428571433,0,0
V4_G5,4,5,4020.0,0,0,0.0,45,41,-8.88888888888889,0,0
V4_G6,4,6,3530.0,0,0,0.0,19,18,-5.263157894736842,0,0
V4_G7,4,7,5060.0,0,0,0.0,9,8,-11.11111111111111,0,0
V4_G8,4,8,5200.0,0,0,0.0,6,27,350.0,0,0
