label,variant,generation,duration_s,mRNA_initial,mRNA_final,mRNA_change_pct,protein_initial,protein_final,protein_change_pct,total_tl_initiations,total_tc_initiations
V4_G1,4,1,2520.0,2,2,0.0,649,1158,78.42835130970724,0,0
V4_G2,4,2,1070.0,2,0,-100.0,554,625,12.815884476534295,0,0
V4_G3,4,3,2510.0,0,1,100.0,302,623,106.29139072847681,0,1
V4_G4,4,4,3250.0,1,1,0.0,308,293,-4.870129870129871,0,0
V4_G5,4,5,4020.0,1,1,0.0,160,179,11.875,0,0
V4_G6,4,6,3530.0,0,1,100.0,80,328,310.0,0,1
V4_G7,4,7,5060.0,0,2,200.0,161,135,-16.149068322981368,0,1
V4_G8,4,8,5200.0,1,1,0.0,75,321,328.0,0,0
