gene,media,project,generation_start,generation_end,launcher_command,config_path,script_path
EG10001,with_aa,gene_knockout_EG10001_with_aa,5,13,job/write_for_new_job.py,/user/home/il22158/work/vEcoli/job/generated_runs/launcher/20260831T191459Z/configs/gene_knockout_EG10001_with_aa.json,/user/home/il22158/work/vEcoli/job/generated_runs/launcher/20260831T191459Z/slurm/gene_knockout_EG10001_with_aa.sh
EG10001,acetate,gene_knockout_EG10001_acetate,6,14,job/write_for_new_job.py,/user/home/il22158/work/vEcoli/job/generated_runs/launcher/20260831T191459Z/configs/gene_knockout_EG10001_acetate.json,/user/home/il22158/work/vEcoli/job/generated_runs/launcher/20260831T191459Z/slurm/gene_knockout_EG10001_acetate.sh
EG10001,no_ox,gene_knockout_EG10001_no_ox,6,14,job/write_for_new_job.py,/user/home/il22158/work/vEcoli/job/generated_runs/launcher/20260831T191459Z/configs/gene_knockout_EG10001_no_ox.json,/user/home/il22158/work/vEcoli/job/generated_runs/launcher/20260831T191459Z/slurm/gene_knockout_EG10001_no_ox.sh
EG10001,succinate,gene_knockout_EG10001_succinate,13,20,job/write_for_new_job.py,/user/home/il22158/work/vEcoli/job/generated_runs/launcher/20260831T191459Z/configs/gene_knockout_EG10001_succinate.json,/user/home/il22158/work/vEcoli/job/generated_runs/launcher/20260831T191459Z/slurm/gene_knockout_EG10001_succinate.sh
EG10004,with_aa,gene_knockout_EG10004_with_aa,5,13,job/write_for_new_job.py,/user/home/il22158/work/vEcoli/job/generated_runs/launcher/20260831T191459Z/configs/gene_knockout_EG10004_with_aa.json,/user/home/il22158/work/vEcoli/job/generated_runs/launcher/20260831T191459Z/slurm/gene_knockout_EG10004_with_aa.sh
EG10004,acetate,gene_knockout_EG10004_acetate,6,14,job/write_for_new_job.py,/user/home/il22158/work/vEcoli/job/generated_runs/launcher/20260831T191459Z/configs/gene_knockout_EG10004_acetate.json,/user/home/il22158/work/vEcoli/job/generated_runs/launcher/20260831T191459Z/slurm/gene_knockout_EG10004_acetate.sh
EG10004,no_ox,gene_knockout_EG10004_no_ox,6,14,job/write_for_new_job.py,/user/home/il22158/work/vEcoli/job/generated_runs/launcher/20260831T191459Z/configs/gene_knockout_EG10004_no_ox.json,/user/home/il22158/work/vEcoli/job/generated_runs/launcher/20260831T191459Z/slurm/gene_knockout_EG10004_no_ox.sh
EG10004,succinate,gene_knockout_EG10004_succinate,13,20,job/write_for_new_job.py,/user/home/il22158/work/vEcoli/job/generated_runs/launcher/20260831T191459Z/configs/gene_knockout_EG10004_succinate.json,/user/home/il22158/work/vEcoli/job/generated_runs/launcher/20260831T191459Z/slurm/gene_knockout_EG10004_succinate.sh
EG10006,with_aa,gene_knockout_EG10006_with_aa,5,13,job/write_for_new_job.py,/user/home/il22158/work/vEcoli/job/generated_runs/launcher/20260831T191459Z/configs/gene_knockout_EG10006_with_aa.json,/user/home/il22158/work/vEcoli/job/generated_runs/launcher/20260831T191459Z/slurm/gene_knockout_EG10006_with_aa.sh
EG10006,acetate,gene_knockout_EG10006_acetate,6,14,job/write_for_new_job.py,/user/home/il22158/work/vEcoli/job/generated_runs/launcher/20260831T191459Z/configs/gene_knockout_EG10006_acetate.json,/user/home/il22158/work/vEcoli/job/generated_runs/launcher/20260831T191459Z/slurm/gene_knockout_EG10006_acetate.sh
EG10006,no_ox,gene_knockout_EG10006_no_ox,6,14,job/write_for_new_job.py,/user/home/il22158/work/vEcoli/job/generated_runs/launcher/20260831T191459Z/configs/gene_knockout_EG10006_no_ox.json,/user/home/il22158/work/vEcoli/job/generated_runs/launcher/20260831T191459Z/slurm/gene_knockout_EG10006_no_ox.sh
EG10006,succinate,gene_knockout_EG10006_succinate,13,20,job/write_for_new_job.py,/user/home/il22158/work/vEcoli/job/generated_runs/launcher/20260831T191459Z/configs/gene_knockout_EG10006_succinate.json,/user/home/il22158/work/vEcoli/job/generated_runs/launcher/20260831T191459Z/slurm/gene_knockout_EG10006_succinate.sh
EG10007,with_aa,gene_knockout_EG10007_with_aa,5,13,job/write_for_new_job.py,/user/home/il22158/work/vEcoli/job/generated_runs/launcher/20260831T191459Z/configs/gene_knockout_EG10007_with_aa.json,/user/home/il22158/work/vEcoli/job/generated_runs/launcher/20260831T191459Z/slurm/gene_knockout_EG10007_with_aa.sh
EG10007,acetate,gene_knockout_EG10007_acetate,6,14,job/write_for_new_job.py,/user/home/il22158/work/vEcoli/job/generated_runs/launcher/20260831T191459Z/configs/gene_knockout_EG10007_acetate.json,/user/home/il22158/work/vEcoli/job/generated_runs/launcher/20260831T191459Z/slurm/gene_knockout_EG10007_acetate.sh
EG10007,no_ox,gene_knockout_EG10007_no_ox,6,14,job/write_for_new_job.py,/user/home/il22158/work/vEcoli/job/generated_runs/launcher/20260831T191459Z/configs/gene_knockout_EG10007_no_ox.json,/user/home/il22158/work/vEcoli/job/generated_runs/launcher/20260831T191459Z/slurm/gene_knockout_EG10007_no_ox.sh
EG10007,succinate,gene_knockout_EG10007_succinate,13,20,job/write_for_new_job.py,/user/home/il22158/work/vEcoli/job/generated_runs/launcher/20260831T191459Z/configs/gene_knockout_EG10007_succinate.json,/user/home/il22158/work/vEcoli/job/generated_runs/launcher/20260831T191459Z/slurm/gene_knockout_EG10007_succinate.sh
EG10012,with_aa,gene_knockout_EG10012_with_aa,5,13,job/write_for_new_job.py,/user/home/il22158/work/vEcoli/job/generated_runs/launcher/20260831T191459Z/configs/gene_knockout_EG10012_with_aa.json,/user/home/il22158/work/vEcoli/job/generated_runs/launcher/20260831T191459Z/slurm/gene_knockout_EG10012_with_aa.sh
EG10012,acetate,gene_knockout_EG10012_acetate,6,14,job/write_for_new_job.py,/user/home/il22158/work/vEcoli/job/generated_runs/launcher/20260831T191459Z/configs/gene_knockout_EG10012_acetate.json,/user/home/il22158/work/vEcoli/job/generated_runs/launcher/20260831T191459Z/slurm/gene_knockout_EG10012_acetate.sh
EG10012,no_ox,gene_knockout_EG10012_no_ox,6,14,job/write_for_new_job.py,/user/home/il22158/work/vEcoli/job/generated_runs/launcher/20260831T191459Z/configs/gene_knockout_EG10012_no_ox.json,/user/home/il22158/work/vEcoli/job/generated_runs/launcher/20260831T191459Z/slurm/gene_knockout_EG10012_no_ox.sh
EG10012,succinate,gene_knockout_EG10012_succinate,13,20,job/write_for_new_job.py,/user/home/il22158/work/vEcoli/job/generated_runs/launcher/20260831T191459Z/configs/gene_knockout_EG10012_succinate.json,/user/home/il22158/work/vEcoli/job/generated_runs/launcher/20260831T191459Z/slurm/gene_knockout_EG10012_succinate.sh
EG10016,with_aa,gene_knockout_EG10016_with_aa,5,13,job/write_for_new_job.py,/user/home/il22158/work/vEcoli/job/generated_runs/launcher/20260831T191459Z/configs/gene_knockout_EG10016_with_aa.json,/user/home/il22158/work/vEcoli/job/generated_runs/launcher/20260831T191459Z/slurm/gene_knockout_EG10016_with_aa.sh
EG10016,acetate,gene_knockout_EG10016_acetate,6,14,job/write_for_new_job.py,/user/home/il22158/work/vEcoli/job/generated_runs/launcher/20260831T191459Z/configs/gene_knockout_EG10016_acetate.json,/user/home/il22158/work/vEcoli/job/generated_runs/launcher/20260831T191459Z/slurm/gene_knockout_EG10016_acetate.sh
EG10016,no_ox,gene_knockout_EG10016_no_ox,6,14,job/write_for_new_job.py,/user/home/il22158/work/vEcoli/job/generated_runs/launcher/20260831T191459Z/configs/gene_knockout_EG10016_no_ox.json,/user/home/il22158/work/vEcoli/job/generated_runs/launcher/20260831T191459Z/slurm/gene_knockout_EG10016_no_ox.sh
EG10016,succinate,gene_knockout_EG10016_succinate,13,20,job/write_for_new_job.py,/user/home/il22158/work/vEcoli/job/generated_runs/launcher/20260831T191459Z/configs/gene_knockout_EG10016_succinate.json,/user/home/il22158/work/vEcoli/job/generated_runs/launcher/20260831T191459Z/slurm/gene_knockout_EG10016_succinate.sh
EG10017,with_aa,gene_knockout_EG10017_with_aa,5,13,job/write_for_new_job.py,/user/home/il22158/work/vEcoli/job/generated_runs/launcher/20260831T191459Z/configs/gene_knockout_EG10017_with_aa.json,/user/home/il22158/work/vEcoli/job/generated_runs/launcher/20260831T191459Z/slurm/gene_knockout_EG10017_with_aa.sh
EG10017,acetate,gene_knockout_EG10017_acetate,6,14,job/write_for_new_job.py,/user/home/il22158/work/vEcoli/job/generated_runs/launcher/20260831T191459Z/configs/gene_knockout_EG10017_acetate.json,/user/home/il22158/work/vEcoli/job/generated_runs/launcher/20260831T191459Z/slurm/gene_knockout_EG10017_acetate.sh
EG10017,no_ox,gene_knockout_EG10017_no_ox,6,14,job/write_for_new_job.py,/user/home/il22158/work/vEcoli/job/generated_runs/launcher/20260831T191459Z/configs/gene_knockout_EG10017_no_ox.json,/user/home/il22158/work/vEcoli/job/generated_runs/launcher/20260831T191459Z/slurm/gene_knockout_EG10017_no_ox.sh
EG10017,succinate,gene_knockout_EG10017_succinate,13,20,job/write_for_new_job.py,/user/home/il22158/work/vEcoli/job/generated_runs/launcher/20260831T191459Z/configs/gene_knockout_EG10017_succinate.json,/user/home/il22158/work/vEcoli/job/generated_runs/launcher/20260831T191459Z/slurm/gene_knockout_EG10017_succinate.sh
EG10022,with_aa,gene_knockout_EG10022_with_aa,5,13,job/write_for_new_job.py,/user/home/il22158/work/vEcoli/job/generated_runs/launcher/20260831T191459Z/configs/gene_knockout_EG10022_with_aa.json,/user/home/il22158/work/vEcoli/job/generated_runs/launcher/20260831T191459Z/slurm/gene_knockout_EG10022_with_aa.sh
EG10022,acetate,gene_knockout_EG10022_acetate,6,14,job/write_for_new_job.py,/user/home/il22158/work/vEcoli/job/generated_runs/launcher/20260831T191459Z/configs/gene_knockout_EG10022_acetate.json,/user/home/il22158/work/vEcoli/job/generated_runs/launcher/20260831T191459Z/slurm/gene_knockout_EG10022_acetate.sh
EG10022,no_ox,gene_knockout_EG10022_no_ox,6,14,job/write_for_new_job.py,/user/home/il22158/work/vEcoli/job/generated_runs/launcher/20260831T191459Z/configs/gene_knockout_EG10022_no_ox.json,/user/home/il22158/work/vEcoli/job/generated_runs/launcher/20260831T191459Z/slurm/gene_knockout_EG10022_no_ox.sh
EG10022,succinate,gene_knockout_EG10022_succinate,13,20,job/write_for_new_job.py,/user/home/il22158/work/vEcoli/job/generated_runs/launcher/20260831T191459Z/configs/gene_knockout_EG10022_succinate.json,/user/home/il22158/work/vEcoli/job/generated_runs/launcher/20260831T191459Z/slurm/gene_knockout_EG10022_succinate.sh
EG10023,with_aa,gene_knockout_EG10023_with_aa,5,13,job/write_for_new_job.py,/user/home/il22158/work/vEcoli/job/generated_runs/launcher/20260831T191459Z/configs/gene_knockout_EG10023_with_aa.json,/user/home/il22158/work/vEcoli/job/generated_runs/launcher/20260831T191459Z/slurm/gene_knockout_EG10023_with_aa.sh
EG10023,acetate,gene_knockout_EG10023_acetate,6,14,job/write_for_new_job.py,/user/home/il22158/work/vEcoli/job/generated_runs/launcher/20260831T191459Z/configs/gene_knockout_EG10023_acetate.json,/user/home/il22158/work/vEcoli/job/generated_runs/launcher/20260831T191459Z/slurm/gene_knockout_EG10023_acetate.sh
EG10023,no_ox,gene_knockout_EG10023_no_ox,6,14,job/write_for_new_job.py,/user/home/il22158/work/vEcoli/job/generated_runs/launcher/20260831T191459Z/configs/gene_knockout_EG10023_no_ox.json,/user/home/il22158/work/vEcoli/job/generated_runs/launcher/20260831T191459Z/slurm/gene_knockout_EG10023_no_ox.sh
EG10023,succinate,gene_knockout_EG10023_succinate,13,20,job/write_for_new_job.py,/user/home/il22158/work/vEcoli/job/generated_runs/launcher/20260831T191459Z/configs/gene_knockout_EG10023_succinate.json,/user/home/il22158/work/vEcoli/job/generated_runs/launcher/20260831T191459Z/slurm/gene_knockout_EG10023_succinate.sh
EG10024,with_aa,gene_knockout_EG10024_with_aa,5,13,job/write_for_new_job.py,/user/home/il22158/work/vEcoli/job/generated_runs/launcher/20260831T191459Z/configs/gene_knockout_EG10024_with_aa.json,/user/home/il22158/work/vEcoli/job/generated_runs/launcher/20260831T191459Z/slurm/gene_knockout_EG10024_with_aa.sh
EG10024,acetate,gene_knockout_EG10024_acetate,6,14,job/write_for_new_job.py,/user/home/il22158/work/vEcoli/job/generated_runs/launcher/20260831T191459Z/configs/gene_knockout_EG10024_acetate.json,/user/home/il22158/work/vEcoli/job/generated_runs/launcher/20260831T191459Z/slurm/gene_knockout_EG10024_acetate.sh
EG10024,no_ox,gene_knockout_EG10024_no_ox,6,14,job/write_for_new_job.py,/user/home/il22158/work/vEcoli/job/generated_runs/launcher/20260831T191459Z/configs/gene_knockout_EG10024_no_ox.json,/user/home/il22158/work/vEcoli/job/generated_runs/launcher/20260831T191459Z/slurm/gene_knockout_EG10024_no_ox.sh
EG10024,succinate,gene_knockout_EG10024_succinate,13,20,job/write_for_new_job.py,/user/home/il22158/work/vEcoli/job/generated_runs/launcher/20260831T191459Z/configs/gene_knockout_EG10024_succinate.json,/user/home/il22158/work/vEcoli/job/generated_runs/launcher/20260831T191459Z/slurm/gene_knockout_EG10024_succinate.sh
EG10025,with_aa,gene_knockout_EG10025_with_aa,5,13,job/write_for_new_job.py,/user/home/il22158/work/vEcoli/job/generated_runs/launcher/20260831T191459Z/configs/gene_knockout_EG10025_with_aa.json,/user/home/il22158/work/vEcoli/job/generated_runs/launcher/20260831T191459Z/slurm/gene_knockout_EG10025_with_aa.sh
EG10025,acetate,gene_knockout_EG10025_acetate,6,14,job/write_for_new_job.py,/user/home/il22158/work/vEcoli/job/generated_runs/launcher/20260831T191459Z/configs/gene_knockout_EG10025_acetate.json,/user/home/il22158/work/vEcoli/job/generated_runs/launcher/20260831T191459Z/slurm/gene_knockout_EG10025_acetate.sh
EG10025,no_ox,gene_knockout_EG10025_no_ox,6,14,job/write_for_new_job.py,/user/home/il22158/work/vEcoli/job/generated_runs/launcher/20260831T191459Z/configs/gene_knockout_EG10025_no_ox.json,/user/home/il22158/work/vEcoli/job/generated_runs/launcher/20260831T191459Z/slurm/gene_knockout_EG10025_no_ox.sh
EG10025,succinate,gene_knockout_EG10025_succinate,13,20,job/write_for_new_job.py,/user/home/il22158/work/vEcoli/job/generated_runs/launcher/20260831T191459Z/configs/gene_knockout_EG10025_succinate.json,/user/home/il22158/work/vEcoli/job/generated_runs/launcher/20260831T191459Z/slurm/gene_knockout_EG10025_succinate.sh
EG10027,with_aa,gene_knockout_EG10027_with_aa,5,13,job/write_for_new_job.py,/user/home/il22158/work/vEcoli/job/generated_runs/launcher/20260831T191459Z/configs/gene_knockout_EG10027_with_aa.json,/user/home/il22158/work/vEcoli/job/generated_runs/launcher/20260831T191459Z/slurm/gene_knockout_EG10027_with_aa.sh
EG10027,acetate,gene_knockout_EG10027_acetate,6,14,job/write_for_new_job.py,/user/home/il22158/work/vEcoli/job/generated_runs/launcher/20260831T191459Z/configs/gene_knockout_EG10027_acetate.json,/user/home/il22158/work/vEcoli/job/generated_runs/launcher/20260831T191459Z/slurm/gene_knockout_EG10027_acetate.sh
EG10027,no_ox,gene_knockout_EG10027_no_ox,6,14,job/write_for_new_job.py,/user/home/il22158/work/vEcoli/job/generated_runs/launcher/20260831T191459Z/configs/gene_knockout_EG10027_no_ox.json,/user/home/il22158/work/vEcoli/job/generated_runs/launcher/20260831T191459Z/slurm/gene_knockout_EG10027_no_ox.sh
EG10027,succinate,gene_knockout_EG10027_succinate,13,20,job/write_for_new_job.py,/user/home/il22158/work/vEcoli/job/generated_runs/launcher/20260831T191459Z/configs/gene_knockout_EG10027_succinate.json,/user/home/il22158/work/vEcoli/job/generated_runs/launcher/20260831T191459Z/slurm/gene_knockout_EG10027_succinate.sh
EG10030,with_aa,gene_knockout_EG10030_with_aa,5,13,job/write_for_new_job.py,/user/home/il22158/work/vEcoli/job/generated_runs/launcher/20260831T191459Z/configs/gene_knockout_EG10030_with_aa.json,/user/home/il22158/work/vEcoli/job/generated_runs/launcher/20260831T191459Z/slurm/gene_knockout_EG10030_with_aa.sh
EG10030,acetate,gene_knockout_EG10030_acetate,6,14,job/write_for_new_job.py,/user/home/il22158/work/vEcoli/job/generated_runs/launcher/20260831T191459Z/configs/gene_knockout_EG10030_acetate.json,/user/home/il22158/work/vEcoli/job/generated_runs/launcher/20260831T191459Z/slurm/gene_knockout_EG10030_acetate.sh
EG10030,no_ox,gene_knockout_EG10030_no_ox,6,14,job/write_for_new_job.py,/user/home/il22158/work/vEcoli/job/generated_runs/launcher/20260831T191459Z/configs/gene_knockout_EG10030_no_ox.json,/user/home/il22158/work/vEcoli/job/generated_runs/launcher/20260831T191459Z/slurm/gene_knockout_EG10030_no_ox.sh
EG10030,succinate,gene_knockout_EG10030_succinate,13,20,job/write_for_new_job.py,/user/home/il22158/work/vEcoli/job/generated_runs/launcher/20260831T191459Z/configs/gene_knockout_EG10030_succinate.json,/user/home/il22158/work/vEcoli/job/generated_runs/launcher/20260831T191459Z/slurm/gene_knockout_EG10030_succinate.sh
EG10031,with_aa,gene_knockout_EG10031_with_aa,5,13,job/write_for_new_job.py,/user/home/il22158/work/vEcoli/job/generated_runs/launcher/20260831T191459Z/configs/gene_knockout_EG10031_with_aa.json,/user/home/il22158/work/vEcoli/job/generated_runs/launcher/20260831T191459Z/slurm/gene_knockout_EG10031_with_aa.sh
EG10031,acetate,gene_knockout_EG10031_acetate,6,14,job/write_for_new_job.py,/user/home/il22158/work/vEcoli/job/generated_runs/launcher/20260831T191459Z/configs/gene_knockout_EG10031_acetate.json,/user/home/il22158/work/vEcoli/job/generated_runs/launcher/20260831T191459Z/slurm/gene_knockout_EG10031_acetate.sh
EG10031,no_ox,gene_knockout_EG10031_no_ox,6,14,job/write_for_new_job.py,/user/home/il22158/work/vEcoli/job/generated_runs/launcher/20260831T191459Z/configs/gene_knockout_EG10031_no_ox.json,/user/home/il22158/work/vEcoli/job/generated_runs/launcher/20260831T191459Z/slurm/gene_knockout_EG10031_no_ox.sh
EG10031,succinate,gene_knockout_EG10031_succinate,13,20,job/write_for_new_job.py,/user/home/il22158/work/vEcoli/job/generated_runs/launcher/20260831T191459Z/configs/gene_knockout_EG10031_succinate.json,/user/home/il22158/work/vEcoli/job/generated_runs/launcher/20260831T191459Z/slurm/gene_knockout_EG10031_succinate.sh
EG10032,with_aa,gene_knockout_EG10032_with_aa,5,13,job/write_for_new_job.py,/user/home/il22158/work/vEcoli/job/generated_runs/launcher/20260831T191459Z/configs/gene_knockout_EG10032_with_aa.json,/user/home/il22158/work/vEcoli/job/generated_runs/launcher/20260831T191459Z/slurm/gene_knockout_EG10032_with_aa.sh
EG10032,acetate,gene_knockout_EG10032_acetate,6,14,job/write_for_new_job.py,/user/home/il22158/work/vEcoli/job/generated_runs/launcher/20260831T191459Z/configs/gene_knockout_EG10032_acetate.json,/user/home/il22158/work/vEcoli/job/generated_runs/launcher/20260831T191459Z/slurm/gene_knockout_EG10032_acetate.sh
EG10032,no_ox,gene_knockout_EG10032_no_ox,6,14,job/write_for_new_job.py,/user/home/il22158/work/vEcoli/job/generated_runs/launcher/20260831T191459Z/configs/gene_knockout_EG10032_no_ox.json,/user/home/il22158/work/vEcoli/job/generated_runs/launcher/20260831T191459Z/slurm/gene_knockout_EG10032_no_ox.sh
EG10032,succinate,gene_knockout_EG10032_succinate,13,20,job/write_for_new_job.py,/user/home/il22158/work/vEcoli/job/generated_runs/launcher/20260831T191459Z/configs/gene_knockout_EG10032_succinate.json,/user/home/il22158/work/vEcoli/job/generated_runs/launcher/20260831T191459Z/slurm/gene_knockout_EG10032_succinate.sh
EG10034,with_aa,gene_knockout_EG10034_with_aa,5,13,job/write_for_new_job.py,/user/home/il22158/work/vEcoli/job/generated_runs/launcher/20260831T191459Z/configs/gene_knockout_EG10034_with_aa.json,/user/home/il22158/work/vEcoli/job/generated_runs/launcher/20260831T191459Z/slurm/gene_knockout_EG10034_with_aa.sh
EG10034,acetate,gene_knockout_EG10034_acetate,6,14,job/write_for_new_job.py,/user/home/il22158/work/vEcoli/job/generated_runs/launcher/20260831T191459Z/configs/gene_knockout_EG10034_acetate.json,/user/home/il22158/work/vEcoli/job/generated_runs/launcher/20260831T191459Z/slurm/gene_knockout_EG10034_acetate.sh
EG10034,no_ox,gene_knockout_EG10034_no_ox,6,14,job/write_for_new_job.py,/user/home/il22158/work/vEcoli/job/generated_runs/launcher/20260831T191459Z/configs/gene_knockout_EG10034_no_ox.json,/user/home/il22158/work/vEcoli/job/generated_runs/launcher/20260831T191459Z/slurm/gene_knockout_EG10034_no_ox.sh
EG10034,succinate,gene_knockout_EG10034_succinate,13,20,job/write_for_new_job.py,/user/home/il22158/work/vEcoli/job/generated_runs/launcher/20260831T191459Z/configs/gene_knockout_EG10034_succinate.json,/user/home/il22158/work/vEcoli/job/generated_runs/launcher/20260831T191459Z/slurm/gene_knockout_EG10034_succinate.sh
EG10035,with_aa,gene_knockout_EG10035_with_aa,5,13,job/write_for_new_job.py,/user/home/il22158/work/vEcoli/job/generated_runs/launcher/20260831T191459Z/configs/gene_knockout_EG10035_with_aa.json,/user/home/il22158/work/vEcoli/job/generated_runs/launcher/20260831T191459Z/slurm/gene_knockout_EG10035_with_aa.sh
EG10035,acetate,gene_knockout_EG10035_acetate,6,14,job/write_for_new_job.py,/user/home/il22158/work/vEcoli/job/generated_runs/launcher/20260831T191459Z/configs/gene_knockout_EG10035_acetate.json,/user/home/il22158/work/vEcoli/job/generated_runs/launcher/20260831T191459Z/slurm/gene_knockout_EG10035_acetate.sh
EG10035,no_ox,gene_knockout_EG10035_no_ox,6,14,job/write_for_new_job.py,/user/home/il22158/work/vEcoli/job/generated_runs/launcher/20260831T191459Z/configs/gene_knockout_EG10035_no_ox.json,/user/home/il22158/work/vEcoli/job/generated_runs/launcher/20260831T191459Z/slurm/gene_knockout_EG10035_no_ox.sh
EG10035,succinate,gene_knockout_EG10035_succinate,13,20,job/write_for_new_job.py,/user/home/il22158/work/vEcoli/job/generated_runs/launcher/20260831T191459Z/configs/gene_knockout_EG10035_succinate.json,/user/home/il22158/work/vEcoli/job/generated_runs/launcher/20260831T191459Z/slurm/gene_knockout_EG10035_succinate.sh
EG10036,with_aa,gene_knockout_EG10036_with_aa,5,13,job/write_for_new_job.py,/user/home/il22158/work/vEcoli/job/generated_runs/launcher/20260831T191459Z/configs/gene_knockout_EG10036_with_aa.json,/user/home/il22158/work/vEcoli/job/generated_runs/launcher/20260831T191459Z/slurm/gene_knockout_EG10036_with_aa.sh
EG10036,acetate,gene_knockout_EG10036_acetate,6,14,job/write_for_new_job.py,/user/home/il22158/work/vEcoli/job/generated_runs/launcher/20260831T191459Z/configs/gene_knockout_EG10036_acetate.json,/user/home/il22158/work/vEcoli/job/generated_runs/launcher/20260831T191459Z/slurm/gene_knockout_EG10036_acetate.sh
EG10036,no_ox,gene_knockout_EG10036_no_ox,6,14,job/write_for_new_job.py,/user/home/il22158/work/vEcoli/job/generated_runs/launcher/20260831T191459Z/configs/gene_knockout_EG10036_no_ox.json,/user/home/il22158/work/vEcoli/job/generated_runs/launcher/20260831T191459Z/slurm/gene_knockout_EG10036_no_ox.sh
EG10036,succinate,gene_knockout_EG10036_succinate,13,20,job/write_for_new_job.py,/user/home/il22158/work/vEcoli/job/generated_runs/launcher/20260831T191459Z/configs/gene_knockout_EG10036_succinate.json,/user/home/il22158/work/vEcoli/job/generated_runs/launcher/20260831T191459Z/slurm/gene_knockout_EG10036_succinate.sh
EG10039,with_aa,gene_knockout_EG10039_with_aa,5,13,job/write_for_new_job.py,/user/home/il22158/work/vEcoli/job/generated_runs/launcher/20260831T191459Z/configs/gene_knockout_EG10039_with_aa.json,/user/home/il22158/work/vEcoli/job/generated_runs/launcher/20260831T191459Z/slurm/gene_knockout_EG10039_with_aa.sh
EG10039,acetate,gene_knockout_EG10039_acetate,6,14,job/write_for_new_job.py,/user/home/il22158/work/vEcoli/job/generated_runs/launcher/20260831T191459Z/configs/gene_knockout_EG10039_acetate.json,/user/home/il22158/work/vEcoli/job/generated_runs/launcher/20260831T191459Z/slurm/gene_knockout_EG10039_acetate.sh
EG10039,no_ox,gene_knockout_EG10039_no_ox,6,14,job/write_for_new_job.py,/user/home/il22158/work/vEcoli/job/generated_runs/launcher/20260831T191459Z/configs/gene_knockout_EG10039_no_ox.json,/user/home/il22158/work/vEcoli/job/generated_runs/launcher/20260831T191459Z/slurm/gene_knockout_EG10039_no_ox.sh
EG10039,succinate,gene_knockout_EG10039_succinate,13,20,job/write_for_new_job.py,/user/home/il22158/work/vEcoli/job/generated_runs/launcher/20260831T191459Z/configs/gene_knockout_EG10039_succinate.json,/user/home/il22158/work/vEcoli/job/generated_runs/launcher/20260831T191459Z/slurm/gene_knockout_EG10039_succinate.sh
EG10043,with_aa,gene_knockout_EG10043_with_aa,5,13,job/write_for_new_job.py,/user/home/il22158/work/vEcoli/job/generated_runs/launcher/20260831T191459Z/configs/gene_knockout_EG10043_with_aa.json,/user/home/il22158/work/vEcoli/job/generated_runs/launcher/20260831T191459Z/slurm/gene_knockout_EG10043_with_aa.sh
EG10043,acetate,gene_knockout_EG10043_acetate,6,14,job/write_for_new_job.py,/user/home/il22158/work/vEcoli/job/generated_runs/launcher/20260831T191459Z/configs/gene_knockout_EG10043_acetate.json,/user/home/il22158/work/vEcoli/job/generated_runs/launcher/20260831T191459Z/slurm/gene_knockout_EG10043_acetate.sh
EG10043,no_ox,gene_knockout_EG10043_no_ox,6,14,job/write_for_new_job.py,/user/home/il22158/work/vEcoli/job/generated_runs/launcher/20260831T191459Z/configs/gene_knockout_EG10043_no_ox.json,/user/home/il22158/work/vEcoli/job/generated_runs/launcher/20260831T191459Z/slurm/gene_knockout_EG10043_no_ox.sh
EG10043,succinate,gene_knockout_EG10043_succinate,13,20,job/write_for_new_job.py,/user/home/il22158/work/vEcoli/job/generated_runs/launcher/20260831T191459Z/configs/gene_knockout_EG10043_succinate.json,/user/home/il22158/work/vEcoli/job/generated_runs/launcher/20260831T191459Z/slurm/gene_knockout_EG10043_succinate.sh
EG10045,with_aa,gene_knockout_EG10045_with_aa,5,13,job/write_for_new_job.py,/user/home/il22158/work/vEcoli/job/generated_runs/launcher/20260831T191459Z/configs/gene_knockout_EG10045_with_aa.json,/user/home/il22158/work/vEcoli/job/generated_runs/launcher/20260831T191459Z/slurm/gene_knockout_EG10045_with_aa.sh
EG10045,acetate,gene_knockout_EG10045_acetate,6,14,job/write_for_new_job.py,/user/home/il22158/work/vEcoli/job/generated_runs/launcher/20260831T191459Z/configs/gene_knockout_EG10045_acetate.json,/user/home/il22158/work/vEcoli/job/generated_runs/launcher/20260831T191459Z/slurm/gene_knockout_EG10045_acetate.sh
EG10045,no_ox,gene_knockout_EG10045_no_ox,6,14,job/write_for_new_job.py,/user/home/il22158/work/vEcoli/job/generated_runs/launcher/20260831T191459Z/configs/gene_knockout_EG10045_no_ox.json,/user/home/il22158/work/vEcoli/job/generated_runs/launcher/20260831T191459Z/slurm/gene_knockout_EG10045_no_ox.sh
EG10045,succinate,gene_knockout_EG10045_succinate,13,20,job/write_for_new_job.py,/user/home/il22158/work/vEcoli/job/generated_runs/launcher/20260831T191459Z/configs/gene_knockout_EG10045_succinate.json,/user/home/il22158/work/vEcoli/job/generated_runs/launcher/20260831T191459Z/slurm/gene_knockout_EG10045_succinate.sh
EG10046,with_aa,gene_knockout_EG10046_with_aa,5,13,job/write_for_new_job.py,/user/home/il22158/work/vEcoli/job/generated_runs/launcher/20260831T191459Z/configs/gene_knockout_EG10046_with_aa.json,/user/home/il22158/work/vEcoli/job/generated_runs/launcher/20260831T191459Z/slurm/gene_knockout_EG10046_with_aa.sh
EG10046,acetate,gene_knockout_EG10046_acetate,6,14,job/write_for_new_job.py,/user/home/il22158/work/vEcoli/job/generated_runs/launcher/20260831T191459Z/configs/gene_knockout_EG10046_acetate.json,/user/home/il22158/work/vEcoli/job/generated_runs/launcher/20260831T191459Z/slurm/gene_knockout_EG10046_acetate.sh
EG10046,no_ox,gene_knockout_EG10046_no_ox,6,14,job/write_for_new_job.py,/user/home/il22158/work/vEcoli/job/generated_runs/launcher/20260831T191459Z/configs/gene_knockout_EG10046_no_ox.json,/user/home/il22158/work/vEcoli/job/generated_runs/launcher/20260831T191459Z/slurm/gene_knockout_EG10046_no_ox.sh
EG10046,succinate,gene_knockout_EG10046_succinate,13,20,job/write_for_new_job.py,/user/home/il22158/work/vEcoli/job/generated_runs/launcher/20260831T191459Z/configs/gene_knockout_EG10046_succinate.json,/user/home/il22158/work/vEcoli/job/generated_runs/launcher/20260831T191459Z/slurm/gene_knockout_EG10046_succinate.sh
EG10048,with_aa,gene_knockout_EG10048_with_aa,5,13,job/write_for_new_job.py,/user/home/il22158/work/vEcoli/job/generated_runs/launcher/20260831T191459Z/configs/gene_knockout_EG10048_with_aa.json,/user/home/il22158/work/vEcoli/job/generated_runs/launcher/20260831T191459Z/slurm/gene_knockout_EG10048_with_aa.sh
EG10048,acetate,gene_knockout_EG10048_acetate,6,14,job/write_for_new_job.py,/user/home/il22158/work/vEcoli/job/generated_runs/launcher/20260831T191459Z/configs/gene_knockout_EG10048_acetate.json,/user/home/il22158/work/vEcoli/job/generated_runs/launcher/20260831T191459Z/slurm/gene_knockout_EG10048_acetate.sh
EG10048,no_ox,gene_knockout_EG10048_no_ox,6,14,job/write_for_new_job.py,/user/home/il22158/work/vEcoli/job/generated_runs/launcher/20260831T191459Z/configs/gene_knockout_EG10048_no_ox.json,/user/home/il22158/work/vEcoli/job/generated_runs/launcher/20260831T191459Z/slurm/gene_knockout_EG10048_no_ox.sh
EG10048,succinate,gene_knockout_EG10048_succinate,13,20,job/write_for_new_job.py,/user/home/il22158/work/vEcoli/job/generated_runs/launcher/20260831T191459Z/configs/gene_knockout_EG10048_succinate.json,/user/home/il22158/work/vEcoli/job/generated_runs/launcher/20260831T191459Z/slurm/gene_knockout_EG10048_succinate.sh
EG10049,with_aa,gene_knockout_EG10049_with_aa,5,13,job/write_for_new_job.py,/user/home/il22158/work/vEcoli/job/generated_runs/launcher/20260831T191459Z/configs/gene_knockout_EG10049_with_aa.json,/user/home/il22158/work/vEcoli/job/generated_runs/launcher/20260831T191459Z/slurm/gene_knockout_EG10049_with_aa.sh
EG10049,acetate,gene_knockout_EG10049_acetate,6,14,job/write_for_new_job.py,/user/home/il22158/work/vEcoli/job/generated_runs/launcher/20260831T191459Z/configs/gene_knockout_EG10049_acetate.json,/user/home/il22158/work/vEcoli/job/generated_runs/launcher/20260831T191459Z/slurm/gene_knockout_EG10049_acetate.sh
EG10049,no_ox,gene_knockout_EG10049_no_ox,6,14,job/write_for_new_job.py,/user/home/il22158/work/vEcoli/job/generated_runs/launcher/20260831T191459Z/configs/gene_knockout_EG10049_no_ox.json,/user/home/il22158/work/vEcoli/job/generated_runs/launcher/20260831T191459Z/slurm/gene_knockout_EG10049_no_ox.sh
EG10049,succinate,gene_knockout_EG10049_succinate,13,20,job/write_for_new_job.py,/user/home/il22158/work/vEcoli/job/generated_runs/launcher/20260831T191459Z/configs/gene_knockout_EG10049_succinate.json,/user/home/il22158/work/vEcoli/job/generated_runs/launcher/20260831T191459Z/slurm/gene_knockout_EG10049_succinate.sh
EG10051,with_aa,gene_knockout_EG10051_with_aa,5,13,job/write_for_new_job.py,/user/home/il22158/work/vEcoli/job/generated_runs/launcher/20260831T191459Z/configs/gene_knockout_EG10051_with_aa.json,/user/home/il22158/work/vEcoli/job/generated_runs/launcher/20260831T191459Z/slurm/gene_knockout_EG10051_with_aa.sh
EG10051,acetate,gene_knockout_EG10051_acetate,6,14,job/write_for_new_job.py,/user/home/il22158/work/vEcoli/job/generated_runs/launcher/20260831T191459Z/configs/gene_knockout_EG10051_acetate.json,/user/home/il22158/work/vEcoli/job/generated_runs/launcher/20260831T191459Z/slurm/gene_knockout_EG10051_acetate.sh
EG10051,no_ox,gene_knockout_EG10051_no_ox,6,14,job/write_for_new_job.py,/user/home/il22158/work/vEcoli/job/generated_runs/launcher/20260831T191459Z/configs/gene_knockout_EG10051_no_ox.json,/user/home/il22158/work/vEcoli/job/generated_runs/launcher/20260831T191459Z/slurm/gene_knockout_EG10051_no_ox.sh
EG10051,succinate,gene_knockout_EG10051_succinate,13,20,job/write_for_new_job.py,/user/home/il22158/work/vEcoli/job/generated_runs/launcher/20260831T191459Z/configs/gene_knockout_EG10051_succinate.json,/user/home/il22158/work/vEcoli/job/generated_runs/launcher/20260831T191459Z/slurm/gene_knockout_EG10051_succinate.sh
EG10052,with_aa,gene_knockout_EG10052_with_aa,5,13,job/write_for_new_job.py,/user/home/il22158/work/vEcoli/job/generated_runs/launcher/20260831T191459Z/configs/gene_knockout_EG10052_with_aa.json,/user/home/il22158/work/vEcoli/job/generated_runs/launcher/20260831T191459Z/slurm/gene_knockout_EG10052_with_aa.sh
EG10052,acetate,gene_knockout_EG10052_acetate,6,14,job/write_for_new_job.py,/user/home/il22158/work/vEcoli/job/generated_runs/launcher/20260831T191459Z/configs/gene_knockout_EG10052_acetate.json,/user/home/il22158/work/vEcoli/job/generated_runs/launcher/20260831T191459Z/slurm/gene_knockout_EG10052_acetate.sh
EG10052,no_ox,gene_knockout_EG10052_no_ox,6,14,job/write_for_new_job.py,/user/home/il22158/work/vEcoli/job/generated_runs/launcher/20260831T191459Z/configs/gene_knockout_EG10052_no_ox.json,/user/home/il22158/work/vEcoli/job/generated_runs/launcher/20260831T191459Z/slurm/gene_knockout_EG10052_no_ox.sh
EG10052,succinate,gene_knockout_EG10052_succinate,13,20,job/write_for_new_job.py,/user/home/il22158/work/vEcoli/job/generated_runs/launcher/20260831T191459Z/configs/gene_knockout_EG10052_succinate.json,/user/home/il22158/work/vEcoli/job/generated_runs/launcher/20260831T191459Z/slurm/gene_knockout_EG10052_succinate.sh
EG10053,with_aa,gene_knockout_EG10053_with_aa,5,13,job/write_for_new_job.py,/user/home/il22158/work/vEcoli/job/generated_runs/launcher/20260831T191459Z/configs/gene_knockout_EG10053_with_aa.json,/user/home/il22158/work/vEcoli/job/generated_runs/launcher/20260831T191459Z/slurm/gene_knockout_EG10053_with_aa.sh
EG10053,acetate,gene_knockout_EG10053_acetate,6,14,job/write_for_new_job.py,/user/home/il22158/work/vEcoli/job/generated_runs/launcher/20260831T191459Z/configs/gene_knockout_EG10053_acetate.json,/user/home/il22158/work/vEcoli/job/generated_runs/launcher/20260831T191459Z/slurm/gene_knockout_EG10053_acetate.sh
EG10053,no_ox,gene_knockout_EG10053_no_ox,6,14,job/write_for_new_job.py,/user/home/il22158/work/vEcoli/job/generated_runs/launcher/20260831T191459Z/configs/gene_knockout_EG10053_no_ox.json,/user/home/il22158/work/vEcoli/job/generated_runs/launcher/20260831T191459Z/slurm/gene_knockout_EG10053_no_ox.sh
EG10053,succinate,gene_knockout_EG10053_succinate,13,20,job/write_for_new_job.py,/user/home/il22158/work/vEcoli/job/generated_runs/launcher/20260831T191459Z/configs/gene_knockout_EG10053_succinate.json,/user/home/il22158/work/vEcoli/job/generated_runs/launcher/20260831T191459Z/slurm/gene_knockout_EG10053_succinate.sh
EG10054,with_aa,gene_knockout_EG10054_with_aa,5,13,job/write_for_new_job.py,/user/home/il22158/work/vEcoli/job/generated_runs/launcher/20260831T191459Z/configs/gene_knockout_EG10054_with_aa.json,/user/home/il22158/work/vEcoli/job/generated_runs/launcher/20260831T191459Z/slurm/gene_knockout_EG10054_with_aa.sh
EG10054,acetate,gene_knockout_EG10054_acetate,6,14,job/write_for_new_job.py,/user/home/il22158/work/vEcoli/job/generated_runs/launcher/20260831T191459Z/configs/gene_knockout_EG10054_acetate.json,/user/home/il22158/work/vEcoli/job/generated_runs/launcher/20260831T191459Z/slurm/gene_knockout_EG10054_acetate.sh
EG10054,no_ox,gene_knockout_EG10054_no_ox,6,14,job/write_for_new_job.py,/user/home/il22158/work/vEcoli/job/generated_runs/launcher/20260831T191459Z/configs/gene_knockout_EG10054_no_ox.json,/user/home/il22158/work/vEcoli/job/generated_runs/launcher/20260831T191459Z/slurm/gene_knockout_EG10054_no_ox.sh
EG10054,succinate,gene_knockout_EG10054_succinate,13,20,job/write_for_new_job.py,/user/home/il22158/work/vEcoli/job/generated_runs/launcher/20260831T191459Z/configs/gene_knockout_EG10054_succinate.json,/user/home/il22158/work/vEcoli/job/generated_runs/launcher/20260831T191459Z/slurm/gene_knockout_EG10054_succinate.sh
EG10055,with_aa,gene_knockout_EG10055_with_aa,5,13,job/write_for_new_job.py,/user/home/il22158/work/vEcoli/job/generated_runs/launcher/20260831T191459Z/configs/gene_knockout_EG10055_with_aa.json,/user/home/il22158/work/vEcoli/job/generated_runs/launcher/20260831T191459Z/slurm/gene_knockout_EG10055_with_aa.sh
EG10055,acetate,gene_knockout_EG10055_acetate,6,14,job/write_for_new_job.py,/user/home/il22158/work/vEcoli/job/generated_runs/launcher/20260831T191459Z/configs/gene_knockout_EG10055_acetate.json,/user/home/il22158/work/vEcoli/job/generated_runs/launcher/20260831T191459Z/slurm/gene_knockout_EG10055_acetate.sh
EG10055,no_ox,gene_knockout_EG10055_no_ox,6,14,job/write_for_new_job.py,/user/home/il22158/work/vEcoli/job/generated_runs/launcher/20260831T191459Z/configs/gene_knockout_EG10055_no_ox.json,/user/home/il22158/work/vEcoli/job/generated_runs/launcher/20260831T191459Z/slurm/gene_knockout_EG10055_no_ox.sh
EG10055,succinate,gene_knockout_EG10055_succinate,13,20,job/write_for_new_job.py,/user/home/il22158/work/vEcoli/job/generated_runs/launcher/20260831T191459Z/configs/gene_knockout_EG10055_succinate.json,/user/home/il22158/work/vEcoli/job/generated_runs/launcher/20260831T191459Z/slurm/gene_knockout_EG10055_succinate.sh
EG10056,with_aa,gene_knockout_EG10056_with_aa,5,13,job/write_for_new_job.py,/user/home/il22158/work/vEcoli/job/generated_runs/launcher/20260831T191459Z/configs/gene_knockout_EG10056_with_aa.json,/user/home/il22158/work/vEcoli/job/generated_runs/launcher/20260831T191459Z/slurm/gene_knockout_EG10056_with_aa.sh
EG10056,acetate,gene_knockout_EG10056_acetate,6,14,job/write_for_new_job.py,/user/home/il22158/work/vEcoli/job/generated_runs/launcher/20260831T191459Z/configs/gene_knockout_EG10056_acetate.json,/user/home/il22158/work/vEcoli/job/generated_runs/launcher/20260831T191459Z/slurm/gene_knockout_EG10056_acetate.sh
EG10056,no_ox,gene_knockout_EG10056_no_ox,6,14,job/write_for_new_job.py,/user/home/il22158/work/vEcoli/job/generated_runs/launcher/20260831T191459Z/configs/gene_knockout_EG10056_no_ox.json,/user/home/il22158/work/vEcoli/job/generated_runs/launcher/20260831T191459Z/slurm/gene_knockout_EG10056_no_ox.sh
EG10056,succinate,gene_knockout_EG10056_succinate,13,20,job/write_for_new_job.py,/user/home/il22158/work/vEcoli/job/generated_runs/launcher/20260831T191459Z/configs/gene_knockout_EG10056_succinate.json,/user/home/il22158/work/vEcoli/job/generated_runs/launcher/20260831T191459Z/slurm/gene_knockout_EG10056_succinate.sh
EG10057,with_aa,gene_knockout_EG10057_with_aa,5,13,job/write_for_new_job.py,/user/home/il22158/work/vEcoli/job/generated_runs/launcher/20260831T191459Z/configs/gene_knockout_EG10057_with_aa.json,/user/home/il22158/work/vEcoli/job/generated_runs/launcher/20260831T191459Z/slurm/gene_knockout_EG10057_with_aa.sh
EG10057,acetate,gene_knockout_EG10057_acetate,6,14,job/write_for_new_job.py,/user/home/il22158/work/vEcoli/job/generated_runs/launcher/20260831T191459Z/configs/gene_knockout_EG10057_acetate.json,/user/home/il22158/work/vEcoli/job/generated_runs/launcher/20260831T191459Z/slurm/gene_knockout_EG10057_acetate.sh
EG10057,no_ox,gene_knockout_EG10057_no_ox,6,14,job/write_for_new_job.py,/user/home/il22158/work/vEcoli/job/generated_runs/launcher/20260831T191459Z/configs/gene_knockout_EG10057_no_ox.json,/user/home/il22158/work/vEcoli/job/generated_runs/launcher/20260831T191459Z/slurm/gene_knockout_EG10057_no_ox.sh
EG10057,succinate,gene_knockout_EG10057_succinate,13,20,job/write_for_new_job.py,/user/home/il22158/work/vEcoli/job/generated_runs/launcher/20260831T191459Z/configs/gene_knockout_EG10057_succinate.json,/user/home/il22158/work/vEcoli/job/generated_runs/launcher/20260831T191459Z/slurm/gene_knockout_EG10057_succinate.sh
EG10058,with_aa,gene_knockout_EG10058_with_aa,5,13,job/write_for_new_job.py,/user/home/il22158/work/vEcoli/job/generated_runs/launcher/20260831T191459Z/configs/gene_knockout_EG10058_with_aa.json,/user/home/il22158/work/vEcoli/job/generated_runs/launcher/20260831T191459Z/slurm/gene_knockout_EG10058_with_aa.sh
EG10058,acetate,gene_knockout_EG10058_acetate,6,14,job/write_for_new_job.py,/user/home/il22158/work/vEcoli/job/generated_runs/launcher/20260831T191459Z/configs/gene_knockout_EG10058_acetate.json,/user/home/il22158/work/vEcoli/job/generated_runs/launcher/20260831T191459Z/slurm/gene_knockout_EG10058_acetate.sh
EG10058,no_ox,gene_knockout_EG10058_no_ox,6,14,job/write_for_new_job.py,/user/home/il22158/work/vEcoli/job/generated_runs/launcher/20260831T191459Z/configs/gene_knockout_EG10058_no_ox.json,/user/home/il22158/work/vEcoli/job/generated_runs/launcher/20260831T191459Z/slurm/gene_knockout_EG10058_no_ox.sh
EG10058,succinate,gene_knockout_EG10058_succinate,13,20,job/write_for_new_job.py,/user/home/il22158/work/vEcoli/job/generated_runs/launcher/20260831T191459Z/configs/gene_knockout_EG10058_succinate.json,/user/home/il22158/work/vEcoli/job/generated_runs/launcher/20260831T191459Z/slurm/gene_knockout_EG10058_succinate.sh
EG10059,with_aa,gene_knockout_EG10059_with_aa,5,13,job/write_for_new_job.py,/user/home/il22158/work/vEcoli/job/generated_runs/launcher/20260831T191459Z/configs/gene_knockout_EG10059_with_aa.json,/user/home/il22158/work/vEcoli/job/generated_runs/launcher/20260831T191459Z/slurm/gene_knockout_EG10059_with_aa.sh
EG10059,acetate,gene_knockout_EG10059_acetate,6,14,job/write_for_new_job.py,/user/home/il22158/work/vEcoli/job/generated_runs/launcher/20260831T191459Z/configs/gene_knockout_EG10059_acetate.json,/user/home/il22158/work/vEcoli/job/generated_runs/launcher/20260831T191459Z/slurm/gene_knockout_EG10059_acetate.sh
EG10059,no_ox,gene_knockout_EG10059_no_ox,6,14,job/write_for_new_job.py,/user/home/il22158/work/vEcoli/job/generated_runs/launcher/20260831T191459Z/configs/gene_knockout_EG10059_no_ox.json,/user/home/il22158/work/vEcoli/job/generated_runs/launcher/20260831T191459Z/slurm/gene_knockout_EG10059_no_ox.sh
EG10059,succinate,gene_knockout_EG10059_succinate,13,20,job/write_for_new_job.py,/user/home/il22158/work/vEcoli/job/generated_runs/launcher/20260831T191459Z/configs/gene_knockout_EG10059_succinate.json,/user/home/il22158/work/vEcoli/job/generated_runs/launcher/20260831T191459Z/slurm/gene_knockout_EG10059_succinate.sh
EG10061,with_aa,gene_knockout_EG10061_with_aa,5,13,job/write_for_new_job.py,/user/home/il22158/work/vEcoli/job/generated_runs/launcher/20260831T191459Z/configs/gene_knockout_EG10061_with_aa.json,/user/home/il22158/work/vEcoli/job/generated_runs/launcher/20260831T191459Z/slurm/gene_knockout_EG10061_with_aa.sh
EG10061,acetate,gene_knockout_EG10061_acetate,6,14,job/write_for_new_job.py,/user/home/il22158/work/vEcoli/job/generated_runs/launcher/20260831T191459Z/configs/gene_knockout_EG10061_acetate.json,/user/home/il22158/work/vEcoli/job/generated_runs/launcher/20260831T191459Z/slurm/gene_knockout_EG10061_acetate.sh
EG10061,no_ox,gene_knockout_EG10061_no_ox,6,14,job/write_for_new_job.py,/user/home/il22158/work/vEcoli/job/generated_runs/launcher/20260831T191459Z/configs/gene_knockout_EG10061_no_ox.json,/user/home/il22158/work/vEcoli/job/generated_runs/launcher/20260831T191459Z/slurm/gene_knockout_EG10061_no_ox.sh
EG10061,succinate,gene_knockout_EG10061_succinate,13,20,job/write_for_new_job.py,/user/home/il22158/work/vEcoli/job/generated_runs/launcher/20260831T191459Z/configs/gene_knockout_EG10061_succinate.json,/user/home/il22158/work/vEcoli/job/generated_runs/launcher/20260831T191459Z/slurm/gene_knockout_EG10061_succinate.sh
EG10063,with_aa,gene_knockout_EG10063_with_aa,5,13,job/write_for_new_job.py,/user/home/il22158/work/vEcoli/job/generated_runs/launcher/20260831T191459Z/configs/gene_knockout_EG10063_with_aa.json,/user/home/il22158/work/vEcoli/job/generated_runs/launcher/20260831T191459Z/slurm/gene_knockout_EG10063_with_aa.sh
EG10063,acetate,gene_knockout_EG10063_acetate,6,14,job/write_for_new_job.py,/user/home/il22158/work/vEcoli/job/generated_runs/launcher/20260831T191459Z/configs/gene_knockout_EG10063_acetate.json,/user/home/il22158/work/vEcoli/job/generated_runs/launcher/20260831T191459Z/slurm/gene_knockout_EG10063_acetate.sh
EG10063,no_ox,gene_knockout_EG10063_no_ox,6,14,job/write_for_new_job.py,/user/home/il22158/work/vEcoli/job/generated_runs/launcher/20260831T191459Z/configs/gene_knockout_EG10063_no_ox.json,/user/home/il22158/work/vEcoli/job/generated_runs/launcher/20260831T191459Z/slurm/gene_knockout_EG10063_no_ox.sh
EG10063,succinate,gene_knockout_EG10063_succinate,13,20,job/write_for_new_job.py,/user/home/il22158/work/vEcoli/job/generated_runs/launcher/20260831T191459Z/configs/gene_knockout_EG10063_succinate.json,/user/home/il22158/work/vEcoli/job/generated_runs/launcher/20260831T191459Z/slurm/gene_knockout_EG10063_succinate.sh
EG10064,with_aa,gene_knockout_EG10064_with_aa,5,13,job/write_for_new_job.py,/user/home/il22158/work/vEcoli/job/generated_runs/launcher/20260831T191459Z/configs/gene_knockout_EG10064_with_aa.json,/user/home/il22158/work/vEcoli/job/generated_runs/launcher/20260831T191459Z/slurm/gene_knockout_EG10064_with_aa.sh
EG10064,acetate,gene_knockout_EG10064_acetate,6,14,job/write_for_new_job.py,/user/home/il22158/work/vEcoli/job/generated_runs/launcher/20260831T191459Z/configs/gene_knockout_EG10064_acetate.json,/user/home/il22158/work/vEcoli/job/generated_runs/launcher/20260831T191459Z/slurm/gene_knockout_EG10064_acetate.sh
EG10064,no_ox,gene_knockout_EG10064_no_ox,6,14,job/write_for_new_job.py,/user/home/il22158/work/vEcoli/job/generated_runs/launcher/20260831T191459Z/configs/gene_knockout_EG10064_no_ox.json,/user/home/il22158/work/vEcoli/job/generated_runs/launcher/20260831T191459Z/slurm/gene_knockout_EG10064_no_ox.sh
EG10064,succinate,gene_knockout_EG10064_succinate,13,20,job/write_for_new_job.py,/user/home/il22158/work/vEcoli/job/generated_runs/launcher/20260831T191459Z/configs/gene_knockout_EG10064_succinate.json,/user/home/il22158/work/vEcoli/job/generated_runs/launcher/20260831T191459Z/slurm/gene_knockout_EG10064_succinate.sh
EG10065,with_aa,gene_knockout_EG10065_with_aa,5,13,job/write_for_new_job.py,/user/home/il22158/work/vEcoli/job/generated_runs/launcher/20260831T191459Z/configs/gene_knockout_EG10065_with_aa.json,/user/home/il22158/work/vEcoli/job/generated_runs/launcher/20260831T191459Z/slurm/gene_knockout_EG10065_with_aa.sh
EG10065,acetate,gene_knockout_EG10065_acetate,6,14,job/write_for_new_job.py,/user/home/il22158/work/vEcoli/job/generated_runs/launcher/20260831T191459Z/configs/gene_knockout_EG10065_acetate.json,/user/home/il22158/work/vEcoli/job/generated_runs/launcher/20260831T191459Z/slurm/gene_knockout_EG10065_acetate.sh
EG10065,no_ox,gene_knockout_EG10065_no_ox,6,14,job/write_for_new_job.py,/user/home/il22158/work/vEcoli/job/generated_runs/launcher/20260831T191459Z/configs/gene_knockout_EG10065_no_ox.json,/user/home/il22158/work/vEcoli/job/generated_runs/launcher/20260831T191459Z/slurm/gene_knockout_EG10065_no_ox.sh
EG10065,succinate,gene_knockout_EG10065_succinate,13,20,job/write_for_new_job.py,/user/home/il22158/work/vEcoli/job/generated_runs/launcher/20260831T191459Z/configs/gene_knockout_EG10065_succinate.json,/user/home/il22158/work/vEcoli/job/generated_runs/launcher/20260831T191459Z/slurm/gene_knockout_EG10065_succinate.sh
EG10066,with_aa,gene_knockout_EG10066_with_aa,5,13,job/write_for_new_job.py,/user/home/il22158/work/vEcoli/job/generated_runs/launcher/20260831T191459Z/configs/gene_knockout_EG10066_with_aa.json,/user/home/il22158/work/vEcoli/job/generated_runs/launcher/20260831T191459Z/slurm/gene_knockout_EG10066_with_aa.sh
EG10066,acetate,gene_knockout_EG10066_acetate,6,14,job/write_for_new_job.py,/user/home/il22158/work/vEcoli/job/generated_runs/launcher/20260831T191459Z/configs/gene_knockout_EG10066_acetate.json,/user/home/il22158/work/vEcoli/job/generated_runs/launcher/20260831T191459Z/slurm/gene_knockout_EG10066_acetate.sh
EG10066,no_ox,gene_knockout_EG10066_no_ox,6,14,job/write_for_new_job.py,/user/home/il22158/work/vEcoli/job/generated_runs/launcher/20260831T191459Z/configs/gene_knockout_EG10066_no_ox.json,/user/home/il22158/work/vEcoli/job/generated_runs/launcher/20260831T191459Z/slurm/gene_knockout_EG10066_no_ox.sh
EG10066,succinate,gene_knockout_EG10066_succinate,13,20,job/write_for_new_job.py,/user/home/il22158/work/vEcoli/job/generated_runs/launcher/20260831T191459Z/configs/gene_knockout_EG10066_succinate.json,/user/home/il22158/work/vEcoli/job/generated_runs/launcher/20260831T191459Z/slurm/gene_knockout_EG10066_succinate.sh
EG10068,with_aa,gene_knockout_EG10068_with_aa,5,13,job/write_for_new_job.py,/user/home/il22158/work/vEcoli/job/generated_runs/launcher/20260831T191459Z/configs/gene_knockout_EG10068_with_aa.json,/user/home/il22158/work/vEcoli/job/generated_runs/launcher/20260831T191459Z/slurm/gene_knockout_EG10068_with_aa.sh
EG10068,acetate,gene_knockout_EG10068_acetate,6,14,job/write_for_new_job.py,/user/home/il22158/work/vEcoli/job/generated_runs/launcher/20260831T191459Z/configs/gene_knockout_EG10068_acetate.json,/user/home/il22158/work/vEcoli/job/generated_runs/launcher/20260831T191459Z/slurm/gene_knockout_EG10068_acetate.sh
EG10068,no_ox,gene_knockout_EG10068_no_ox,6,14,job/write_for_new_job.py,/user/home/il22158/work/vEcoli/job/generated_runs/launcher/20260831T191459Z/configs/gene_knockout_EG10068_no_ox.json,/user/home/il22158/work/vEcoli/job/generated_runs/launcher/20260831T191459Z/slurm/gene_knockout_EG10068_no_ox.sh
EG10068,succinate,gene_knockout_EG10068_succinate,13,20,job/write_for_new_job.py,/user/home/il22158/work/vEcoli/job/generated_runs/launcher/20260831T191459Z/configs/gene_knockout_EG10068_succinate.json,/user/home/il22158/work/vEcoli/job/generated_runs/launcher/20260831T191459Z/slurm/gene_knockout_EG10068_succinate.sh
EG10069,with_aa,gene_knockout_EG10069_with_aa,5,13,job/write_for_new_job.py,/user/home/il22158/work/vEcoli/job/generated_runs/launcher/20260831T191459Z/configs/gene_knockout_EG10069_with_aa.json,/user/home/il22158/work/vEcoli/job/generated_runs/launcher/20260831T191459Z/slurm/gene_knockout_EG10069_with_aa.sh
EG10069,acetate,gene_knockout_EG10069_acetate,6,14,job/write_for_new_job.py,/user/home/il22158/work/vEcoli/job/generated_runs/launcher/20260831T191459Z/configs/gene_knockout_EG10069_acetate.json,/user/home/il22158/work/vEcoli/job/generated_runs/launcher/20260831T191459Z/slurm/gene_knockout_EG10069_acetate.sh
EG10069,no_ox,gene_knockout_EG10069_no_ox,6,14,job/write_for_new_job.py,/user/home/il22158/work/vEcoli/job/generated_runs/launcher/20260831T191459Z/configs/gene_knockout_EG10069_no_ox.json,/user/home/il22158/work/vEcoli/job/generated_runs/launcher/20260831T191459Z/slurm/gene_knockout_EG10069_no_ox.sh
EG10069,succinate,gene_knockout_EG10069_succinate,13,20,job/write_for_new_job.py,/user/home/il22158/work/vEcoli/job/generated_runs/launcher/20260831T191459Z/configs/gene_knockout_EG10069_succinate.json,/user/home/il22158/work/vEcoli/job/generated_runs/launcher/20260831T191459Z/slurm/gene_knockout_EG10069_succinate.sh
EG10070,with_aa,gene_knockout_EG10070_with_aa,5,13,job/write_for_new_job.py,/user/home/il22158/work/vEcoli/job/generated_runs/launcher/20260831T191459Z/configs/gene_knockout_EG10070_with_aa.json,/user/home/il22158/work/vEcoli/job/generated_runs/launcher/20260831T191459Z/slurm/gene_knockout_EG10070_with_aa.sh
EG10070,acetate,gene_knockout_EG10070_acetate,6,14,job/write_for_new_job.py,/user/home/il22158/work/vEcoli/job/generated_runs/launcher/20260831T191459Z/configs/gene_knockout_EG10070_acetate.json,/user/home/il22158/work/vEcoli/job/generated_runs/launcher/20260831T191459Z/slurm/gene_knockout_EG10070_acetate.sh
EG10070,no_ox,gene_knockout_EG10070_no_ox,6,14,job/write_for_new_job.py,/user/home/il22158/work/vEcoli/job/generated_runs/launcher/20260831T191459Z/configs/gene_knockout_EG10070_no_ox.json,/user/home/il22158/work/vEcoli/job/generated_runs/launcher/20260831T191459Z/slurm/gene_knockout_EG10070_no_ox.sh
EG10070,succinate,gene_knockout_EG10070_succinate,13,20,job/write_for_new_job.py,/user/home/il22158/work/vEcoli/job/generated_runs/launcher/20260831T191459Z/configs/gene_knockout_EG10070_succinate.json,/user/home/il22158/work/vEcoli/job/generated_runs/launcher/20260831T191459Z/slurm/gene_knockout_EG10070_succinate.sh
EG10071,with_aa,gene_knockout_EG10071_with_aa,5,13,job/write_for_new_job.py,/user/home/il22158/work/vEcoli/job/generated_runs/launcher/20260831T191459Z/configs/gene_knockout_EG10071_with_aa.json,/user/home/il22158/work/vEcoli/job/generated_runs/launcher/20260831T191459Z/slurm/gene_knockout_EG10071_with_aa.sh
EG10071,acetate,gene_knockout_EG10071_acetate,6,14,job/write_for_new_job.py,/user/home/il22158/work/vEcoli/job/generated_runs/launcher/20260831T191459Z/configs/gene_knockout_EG10071_acetate.json,/user/home/il22158/work/vEcoli/job/generated_runs/launcher/20260831T191459Z/slurm/gene_knockout_EG10071_acetate.sh
EG10071,no_ox,gene_knockout_EG10071_no_ox,6,14,job/write_for_new_job.py,/user/home/il22158/work/vEcoli/job/generated_runs/launcher/20260831T191459Z/configs/gene_knockout_EG10071_no_ox.json,/user/home/il22158/work/vEcoli/job/generated_runs/launcher/20260831T191459Z/slurm/gene_knockout_EG10071_no_ox.sh
EG10071,succinate,gene_knockout_EG10071_succinate,13,20,job/write_for_new_job.py,/user/home/il22158/work/vEcoli/job/generated_runs/launcher/20260831T191459Z/configs/gene_knockout_EG10071_succinate.json,/user/home/il22158/work/vEcoli/job/generated_runs/launcher/20260831T191459Z/slurm/gene_knockout_EG10071_succinate.sh
EG10072,with_aa,gene_knockout_EG10072_with_aa,5,13,job/write_for_new_job.py,/user/home/il22158/work/vEcoli/job/generated_runs/launcher/20260831T191459Z/configs/gene_knockout_EG10072_with_aa.json,/user/home/il22158/work/vEcoli/job/generated_runs/launcher/20260831T191459Z/slurm/gene_knockout_EG10072_with_aa.sh
EG10072,acetate,gene_knockout_EG10072_acetate,6,14,job/write_for_new_job.py,/user/home/il22158/work/vEcoli/job/generated_runs/launcher/20260831T191459Z/configs/gene_knockout_EG10072_acetate.json,/user/home/il22158/work/vEcoli/job/generated_runs/launcher/20260831T191459Z/slurm/gene_knockout_EG10072_acetate.sh
EG10072,no_ox,gene_knockout_EG10072_no_ox,6,14,job/write_for_new_job.py,/user/home/il22158/work/vEcoli/job/generated_runs/launcher/20260831T191459Z/configs/gene_knockout_EG10072_no_ox.json,/user/home/il22158/work/vEcoli/job/generated_runs/launcher/20260831T191459Z/slurm/gene_knockout_EG10072_no_ox.sh
EG10072,succinate,gene_knockout_EG10072_succinate,13,20,job/write_for_new_job.py,/user/home/il22158/work/vEcoli/job/generated_runs/launcher/20260831T191459Z/configs/gene_knockout_EG10072_succinate.json,/user/home/il22158/work/vEcoli/job/generated_runs/launcher/20260831T191459Z/slurm/gene_knockout_EG10072_succinate.sh
EG10073,with_aa,gene_knockout_EG10073_with_aa,5,13,job/write_for_new_job.py,/user/home/il22158/work/vEcoli/job/generated_runs/launcher/20260831T191459Z/configs/gene_knockout_EG10073_with_aa.json,/user/home/il22158/work/vEcoli/job/generated_runs/launcher/20260831T191459Z/slurm/gene_knockout_EG10073_with_aa.sh
EG10073,acetate,gene_knockout_EG10073_acetate,6,14,job/write_for_new_job.py,/user/home/il22158/work/vEcoli/job/generated_runs/launcher/20260831T191459Z/configs/gene_knockout_EG10073_acetate.json,/user/home/il22158/work/vEcoli/job/generated_runs/launcher/20260831T191459Z/slurm/gene_knockout_EG10073_acetate.sh
EG10073,no_ox,gene_knockout_EG10073_no_ox,6,14,job/write_for_new_job.py,/user/home/il22158/work/vEcoli/job/generated_runs/launcher/20260831T191459Z/configs/gene_knockout_EG10073_no_ox.json,/user/home/il22158/work/vEcoli/job/generated_runs/launcher/20260831T191459Z/slurm/gene_knockout_EG10073_no_ox.sh
EG10073,succinate,gene_knockout_EG10073_succinate,13,20,job/write_for_new_job.py,/user/home/il22158/work/vEcoli/job/generated_runs/launcher/20260831T191459Z/configs/gene_knockout_EG10073_succinate.json,/user/home/il22158/work/vEcoli/job/generated_runs/launcher/20260831T191459Z/slurm/gene_knockout_EG10073_succinate.sh
EG10074,with_aa,gene_knockout_EG10074_with_aa,5,13,job/write_for_new_job.py,/user/home/il22158/work/vEcoli/job/generated_runs/launcher/20260831T191459Z/configs/gene_knockout_EG10074_with_aa.json,/user/home/il22158/work/vEcoli/job/generated_runs/launcher/20260831T191459Z/slurm/gene_knockout_EG10074_with_aa.sh
EG10074,acetate,gene_knockout_EG10074_acetate,6,14,job/write_for_new_job.py,/user/home/il22158/work/vEcoli/job/generated_runs/launcher/20260831T191459Z/configs/gene_knockout_EG10074_acetate.json,/user/home/il22158/work/vEcoli/job/generated_runs/launcher/20260831T191459Z/slurm/gene_knockout_EG10074_acetate.sh
EG10074,no_ox,gene_knockout_EG10074_no_ox,6,14,job/write_for_new_job.py,/user/home/il22158/work/vEcoli/job/generated_runs/launcher/20260831T191459Z/configs/gene_knockout_EG10074_no_ox.json,/user/home/il22158/work/vEcoli/job/generated_runs/launcher/20260831T191459Z/slurm/gene_knockout_EG10074_no_ox.sh
EG10074,succinate,gene_knockout_EG10074_succinate,13,20,job/write_for_new_job.py,/user/home/il22158/work/vEcoli/job/generated_runs/launcher/20260831T191459Z/configs/gene_knockout_EG10074_succinate.json,/user/home/il22158/work/vEcoli/job/generated_runs/launcher/20260831T191459Z/slurm/gene_knockout_EG10074_succinate.sh
EG10075,with_aa,gene_knockout_EG10075_with_aa,5,13,job/write_for_new_job.py,/user/home/il22158/work/vEcoli/job/generated_runs/launcher/20260831T191459Z/configs/gene_knockout_EG10075_with_aa.json,/user/home/il22158/work/vEcoli/job/generated_runs/launcher/20260831T191459Z/slurm/gene_knockout_EG10075_with_aa.sh
EG10075,acetate,gene_knockout_EG10075_acetate,6,14,job/write_for_new_job.py,/user/home/il22158/work/vEcoli/job/generated_runs/launcher/20260831T191459Z/configs/gene_knockout_EG10075_acetate.json,/user/home/il22158/work/vEcoli/job/generated_runs/launcher/20260831T191459Z/slurm/gene_knockout_EG10075_acetate.sh
EG10075,no_ox,gene_knockout_EG10075_no_ox,6,14,job/write_for_new_job.py,/user/home/il22158/work/vEcoli/job/generated_runs/launcher/20260831T191459Z/configs/gene_knockout_EG10075_no_ox.json,/user/home/il22158/work/vEcoli/job/generated_runs/launcher/20260831T191459Z/slurm/gene_knockout_EG10075_no_ox.sh
EG10075,succinate,gene_knockout_EG10075_succinate,13,20,job/write_for_new_job.py,/user/home/il22158/work/vEcoli/job/generated_runs/launcher/20260831T191459Z/configs/gene_knockout_EG10075_succinate.json,/user/home/il22158/work/vEcoli/job/generated_runs/launcher/20260831T191459Z/slurm/gene_knockout_EG10075_succinate.sh
EG10076,with_aa,gene_knockout_EG10076_with_aa,5,13,job/write_for_new_job.py,/user/home/il22158/work/vEcoli/job/generated_runs/launcher/20260831T191459Z/configs/gene_knockout_EG10076_with_aa.json,/user/home/il22158/work/vEcoli/job/generated_runs/launcher/20260831T191459Z/slurm/gene_knockout_EG10076_with_aa.sh
EG10076,acetate,gene_knockout_EG10076_acetate,6,14,job/write_for_new_job.py,/user/home/il22158/work/vEcoli/job/generated_runs/launcher/20260831T191459Z/configs/gene_knockout_EG10076_acetate.json,/user/home/il22158/work/vEcoli/job/generated_runs/launcher/20260831T191459Z/slurm/gene_knockout_EG10076_acetate.sh
EG10076,no_ox,gene_knockout_EG10076_no_ox,6,14,job/write_for_new_job.py,/user/home/il22158/work/vEcoli/job/generated_runs/launcher/20260831T191459Z/configs/gene_knockout_EG10076_no_ox.json,/user/home/il22158/work/vEcoli/job/generated_runs/launcher/20260831T191459Z/slurm/gene_knockout_EG10076_no_ox.sh
EG10076,succinate,gene_knockout_EG10076_succinate,13,20,job/write_for_new_job.py,/user/home/il22158/work/vEcoli/job/generated_runs/launcher/20260831T191459Z/configs/gene_knockout_EG10076_succinate.json,/user/home/il22158/work/vEcoli/job/generated_runs/launcher/20260831T191459Z/slurm/gene_knockout_EG10076_succinate.sh
EG10077,with_aa,gene_knockout_EG10077_with_aa,5,13,job/write_for_new_job.py,/user/home/il22158/work/vEcoli/job/generated_runs/launcher/20260831T191459Z/configs/gene_knockout_EG10077_with_aa.json,/user/home/il22158/work/vEcoli/job/generated_runs/launcher/20260831T191459Z/slurm/gene_knockout_EG10077_with_aa.sh
EG10077,acetate,gene_knockout_EG10077_acetate,6,14,job/write_for_new_job.py,/user/home/il22158/work/vEcoli/job/generated_runs/launcher/20260831T191459Z/configs/gene_knockout_EG10077_acetate.json,/user/home/il22158/work/vEcoli/job/generated_runs/launcher/20260831T191459Z/slurm/gene_knockout_EG10077_acetate.sh
EG10077,no_ox,gene_knockout_EG10077_no_ox,6,14,job/write_for_new_job.py,/user/home/il22158/work/vEcoli/job/generated_runs/launcher/20260831T191459Z/configs/gene_knockout_EG10077_no_ox.json,/user/home/il22158/work/vEcoli/job/generated_runs/launcher/20260831T191459Z/slurm/gene_knockout_EG10077_no_ox.sh
EG10077,succinate,gene_knockout_EG10077_succinate,13,20,job/write_for_new_job.py,/user/home/il22158/work/vEcoli/job/generated_runs/launcher/20260831T191459Z/configs/gene_knockout_EG10077_succinate.json,/user/home/il22158/work/vEcoli/job/generated_runs/launcher/20260831T191459Z/slurm/gene_knockout_EG10077_succinate.sh
EG10078,with_aa,gene_knockout_EG10078_with_aa,5,13,job/write_for_new_job.py,/user/home/il22158/work/vEcoli/job/generated_runs/launcher/20260831T191459Z/configs/gene_knockout_EG10078_with_aa.json,/user/home/il22158/work/vEcoli/job/generated_runs/launcher/20260831T191459Z/slurm/gene_knockout_EG10078_with_aa.sh
EG10078,acetate,gene_knockout_EG10078_acetate,6,14,job/write_for_new_job.py,/user/home/il22158/work/vEcoli/job/generated_runs/launcher/20260831T191459Z/configs/gene_knockout_EG10078_acetate.json,/user/home/il22158/work/vEcoli/job/generated_runs/launcher/20260831T191459Z/slurm/gene_knockout_EG10078_acetate.sh
EG10078,no_ox,gene_knockout_EG10078_no_ox,6,14,job/write_for_new_job.py,/user/home/il22158/work/vEcoli/job/generated_runs/launcher/20260831T191459Z/configs/gene_knockout_EG10078_no_ox.json,/user/home/il22158/work/vEcoli/job/generated_runs/launcher/20260831T191459Z/slurm/gene_knockout_EG10078_no_ox.sh
EG10078,succinate,gene_knockout_EG10078_succinate,13,20,job/write_for_new_job.py,/user/home/il22158/work/vEcoli/job/generated_runs/launcher/20260831T191459Z/configs/gene_knockout_EG10078_succinate.json,/user/home/il22158/work/vEcoli/job/generated_runs/launcher/20260831T191459Z/slurm/gene_knockout_EG10078_succinate.sh
EG10079,with_aa,gene_knockout_EG10079_with_aa,5,13,job/write_for_new_job.py,/user/home/il22158/work/vEcoli/job/generated_runs/launcher/20260831T191459Z/configs/gene_knockout_EG10079_with_aa.json,/user/home/il22158/work/vEcoli/job/generated_runs/launcher/20260831T191459Z/slurm/gene_knockout_EG10079_with_aa.sh
EG10079,acetate,gene_knockout_EG10079_acetate,6,14,job/write_for_new_job.py,/user/home/il22158/work/vEcoli/job/generated_runs/launcher/20260831T191459Z/configs/gene_knockout_EG10079_acetate.json,/user/home/il22158/work/vEcoli/job/generated_runs/launcher/20260831T191459Z/slurm/gene_knockout_EG10079_acetate.sh
EG10079,no_ox,gene_knockout_EG10079_no_ox,6,14,job/write_for_new_job.py,/user/home/il22158/work/vEcoli/job/generated_runs/launcher/20260831T191459Z/configs/gene_knockout_EG10079_no_ox.json,/user/home/il22158/work/vEcoli/job/generated_runs/launcher/20260831T191459Z/slurm/gene_knockout_EG10079_no_ox.sh
EG10079,succinate,gene_knockout_EG10079_succinate,13,20,job/write_for_new_job.py,/user/home/il22158/work/vEcoli/job/generated_runs/launcher/20260831T191459Z/configs/gene_knockout_EG10079_succinate.json,/user/home/il22158/work/vEcoli/job/generated_runs/launcher/20260831T191459Z/slurm/gene_knockout_EG10079_succinate.sh
EG10080,with_aa,gene_knockout_EG10080_with_aa,5,13,job/write_for_new_job.py,/user/home/il22158/work/vEcoli/job/generated_runs/launcher/20260831T191459Z/configs/gene_knockout_EG10080_with_aa.json,/user/home/il22158/work/vEcoli/job/generated_runs/launcher/20260831T191459Z/slurm/gene_knockout_EG10080_with_aa.sh
EG10080,acetate,gene_knockout_EG10080_acetate,6,14,job/write_for_new_job.py,/user/home/il22158/work/vEcoli/job/generated_runs/launcher/20260831T191459Z/configs/gene_knockout_EG10080_acetate.json,/user/home/il22158/work/vEcoli/job/generated_runs/launcher/20260831T191459Z/slurm/gene_knockout_EG10080_acetate.sh
EG10080,no_ox,gene_knockout_EG10080_no_ox,6,14,job/write_for_new_job.py,/user/home/il22158/work/vEcoli/job/generated_runs/launcher/20260831T191459Z/configs/gene_knockout_EG10080_no_ox.json,/user/home/il22158/work/vEcoli/job/generated_runs/launcher/20260831T191459Z/slurm/gene_knockout_EG10080_no_ox.sh
EG10080,succinate,gene_knockout_EG10080_succinate,13,20,job/write_for_new_job.py,/user/home/il22158/work/vEcoli/job/generated_runs/launcher/20260831T191459Z/configs/gene_knockout_EG10080_succinate.json,/user/home/il22158/work/vEcoli/job/generated_runs/launcher/20260831T191459Z/slurm/gene_knockout_EG10080_succinate.sh
EG10081,with_aa,gene_knockout_EG10081_with_aa,5,13,job/write_for_new_job.py,/user/home/il22158/work/vEcoli/job/generated_runs/launcher/20260831T191459Z/configs/gene_knockout_EG10081_with_aa.json,/user/home/il22158/work/vEcoli/job/generated_runs/launcher/20260831T191459Z/slurm/gene_knockout_EG10081_with_aa.sh
EG10081,acetate,gene_knockout_EG10081_acetate,6,14,job/write_for_new_job.py,/user/home/il22158/work/vEcoli/job/generated_runs/launcher/20260831T191459Z/configs/gene_knockout_EG10081_acetate.json,/user/home/il22158/work/vEcoli/job/generated_runs/launcher/20260831T191459Z/slurm/gene_knockout_EG10081_acetate.sh
EG10081,no_ox,gene_knockout_EG10081_no_ox,6,14,job/write_for_new_job.py,/user/home/il22158/work/vEcoli/job/generated_runs/launcher/20260831T191459Z/configs/gene_knockout_EG10081_no_ox.json,/user/home/il22158/work/vEcoli/job/generated_runs/launcher/20260831T191459Z/slurm/gene_knockout_EG10081_no_ox.sh
EG10081,succinate,gene_knockout_EG10081_succinate,13,20,job/write_for_new_job.py,/user/home/il22158/work/vEcoli/job/generated_runs/launcher/20260831T191459Z/configs/gene_knockout_EG10081_succinate.json,/user/home/il22158/work/vEcoli/job/generated_runs/launcher/20260831T191459Z/slurm/gene_knockout_EG10081_succinate.sh
EG10082,with_aa,gene_knockout_EG10082_with_aa,5,13,job/write_for_new_job.py,/user/home/il22158/work/vEcoli/job/generated_runs/launcher/20260831T191459Z/configs/gene_knockout_EG10082_with_aa.json,/user/home/il22158/work/vEcoli/job/generated_runs/launcher/20260831T191459Z/slurm/gene_knockout_EG10082_with_aa.sh
EG10082,acetate,gene_knockout_EG10082_acetate,6,14,job/write_for_new_job.py,/user/home/il22158/work/vEcoli/job/generated_runs/launcher/20260831T191459Z/configs/gene_knockout_EG10082_acetate.json,/user/home/il22158/work/vEcoli/job/generated_runs/launcher/20260831T191459Z/slurm/gene_knockout_EG10082_acetate.sh
EG10082,no_ox,gene_knockout_EG10082_no_ox,6,14,job/write_for_new_job.py,/user/home/il22158/work/vEcoli/job/generated_runs/launcher/20260831T191459Z/configs/gene_knockout_EG10082_no_ox.json,/user/home/il22158/work/vEcoli/job/generated_runs/launcher/20260831T191459Z/slurm/gene_knockout_EG10082_no_ox.sh
EG10082,succinate,gene_knockout_EG10082_succinate,13,20,job/write_for_new_job.py,/user/home/il22158/work/vEcoli/job/generated_runs/launcher/20260831T191459Z/configs/gene_knockout_EG10082_succinate.json,/user/home/il22158/work/vEcoli/job/generated_runs/launcher/20260831T191459Z/slurm/gene_knockout_EG10082_succinate.sh
EG10084,with_aa,gene_knockout_EG10084_with_aa,5,13,job/write_for_new_job.py,/user/home/il22158/work/vEcoli/job/generated_runs/launcher/20260831T191459Z/configs/gene_knockout_EG10084_with_aa.json,/user/home/il22158/work/vEcoli/job/generated_runs/launcher/20260831T191459Z/slurm/gene_knockout_EG10084_with_aa.sh
EG10084,acetate,gene_knockout_EG10084_acetate,6,14,job/write_for_new_job.py,/user/home/il22158/work/vEcoli/job/generated_runs/launcher/20260831T191459Z/configs/gene_knockout_EG10084_acetate.json,/user/home/il22158/work/vEcoli/job/generated_runs/launcher/20260831T191459Z/slurm/gene_knockout_EG10084_acetate.sh
EG10084,no_ox,gene_knockout_EG10084_no_ox,6,14,job/write_for_new_job.py,/user/home/il22158/work/vEcoli/job/generated_runs/launcher/20260831T191459Z/configs/gene_knockout_EG10084_no_ox.json,/user/home/il22158/work/vEcoli/job/generated_runs/launcher/20260831T191459Z/slurm/gene_knockout_EG10084_no_ox.sh
EG10084,succinate,gene_knockout_EG10084_succinate,13,20,job/write_for_new_job.py,/user/home/il22158/work/vEcoli/job/generated_runs/launcher/20260831T191459Z/configs/gene_knockout_EG10084_succinate.json,/user/home/il22158/work/vEcoli/job/generated_runs/launcher/20260831T191459Z/slurm/gene_knockout_EG10084_succinate.sh
EG10088,with_aa,gene_knockout_EG10088_with_aa,5,13,job/write_for_new_job.py,/user/home/il22158/work/vEcoli/job/generated_runs/launcher/20260831T191459Z/configs/gene_knockout_EG10088_with_aa.json,/user/home/il22158/work/vEcoli/job/generated_runs/launcher/20260831T191459Z/slurm/gene_knockout_EG10088_with_aa.sh
EG10088,acetate,gene_knockout_EG10088_acetate,6,14,job/write_for_new_job.py,/user/home/il22158/work/vEcoli/job/generated_runs/launcher/20260831T191459Z/configs/gene_knockout_EG10088_acetate.json,/user/home/il22158/work/vEcoli/job/generated_runs/launcher/20260831T191459Z/slurm/gene_knockout_EG10088_acetate.sh
EG10088,no_ox,gene_knockout_EG10088_no_ox,6,14,job/write_for_new_job.py,/user/home/il22158/work/vEcoli/job/generated_runs/launcher/20260831T191459Z/configs/gene_knockout_EG10088_no_ox.json,/user/home/il22158/work/vEcoli/job/generated_runs/launcher/20260831T191459Z/slurm/gene_knockout_EG10088_no_ox.sh
EG10088,succinate,gene_knockout_EG10088_succinate,13,20,job/write_for_new_job.py,/user/home/il22158/work/vEcoli/job/generated_runs/launcher/20260831T191459Z/configs/gene_knockout_EG10088_succinate.json,/user/home/il22158/work/vEcoli/job/generated_runs/launcher/20260831T191459Z/slurm/gene_knockout_EG10088_succinate.sh
EG10091,with_aa,gene_knockout_EG10091_with_aa,5,13,job/write_for_new_job.py,/user/home/il22158/work/vEcoli/job/generated_runs/launcher/20260831T191459Z/configs/gene_knockout_EG10091_with_aa.json,/user/home/il22158/work/vEcoli/job/generated_runs/launcher/20260831T191459Z/slurm/gene_knockout_EG10091_with_aa.sh
EG10091,acetate,gene_knockout_EG10091_acetate,6,14,job/write_for_new_job.py,/user/home/il22158/work/vEcoli/job/generated_runs/launcher/20260831T191459Z/configs/gene_knockout_EG10091_acetate.json,/user/home/il22158/work/vEcoli/job/generated_runs/launcher/20260831T191459Z/slurm/gene_knockout_EG10091_acetate.sh
EG10091,no_ox,gene_knockout_EG10091_no_ox,6,14,job/write_for_new_job.py,/user/home/il22158/work/vEcoli/job/generated_runs/launcher/20260831T191459Z/configs/gene_knockout_EG10091_no_ox.json,/user/home/il22158/work/vEcoli/job/generated_runs/launcher/20260831T191459Z/slurm/gene_knockout_EG10091_no_ox.sh
EG10091,succinate,gene_knockout_EG10091_succinate,13,20,job/write_for_new_job.py,/user/home/il22158/work/vEcoli/job/generated_runs/launcher/20260831T191459Z/configs/gene_knockout_EG10091_succinate.json,/user/home/il22158/work/vEcoli/job/generated_runs/launcher/20260831T191459Z/slurm/gene_knockout_EG10091_succinate.sh
EG10092,with_aa,gene_knockout_EG10092_with_aa,5,13,job/write_for_new_job.py,/user/home/il22158/work/vEcoli/job/generated_runs/launcher/20260831T191459Z/configs/gene_knockout_EG10092_with_aa.json,/user/home/il22158/work/vEcoli/job/generated_runs/launcher/20260831T191459Z/slurm/gene_knockout_EG10092_with_aa.sh
EG10092,acetate,gene_knockout_EG10092_acetate,6,14,job/write_for_new_job.py,/user/home/il22158/work/vEcoli/job/generated_runs/launcher/20260831T191459Z/configs/gene_knockout_EG10092_acetate.json,/user/home/il22158/work/vEcoli/job/generated_runs/launcher/20260831T191459Z/slurm/gene_knockout_EG10092_acetate.sh
EG10092,no_ox,gene_knockout_EG10092_no_ox,6,14,job/write_for_new_job.py,/user/home/il22158/work/vEcoli/job/generated_runs/launcher/20260831T191459Z/configs/gene_knockout_EG10092_no_ox.json,/user/home/il22158/work/vEcoli/job/generated_runs/launcher/20260831T191459Z/slurm/gene_knockout_EG10092_no_ox.sh
EG10092,succinate,gene_knockout_EG10092_succinate,13,20,job/write_for_new_job.py,/user/home/il22158/work/vEcoli/job/generated_runs/launcher/20260831T191459Z/configs/gene_knockout_EG10092_succinate.json,/user/home/il22158/work/vEcoli/job/generated_runs/launcher/20260831T191459Z/slurm/gene_knockout_EG10092_succinate.sh
EG10094,with_aa,gene_knockout_EG10094_with_aa,5,13,job/write_for_new_job.py,/user/home/il22158/work/vEcoli/job/generated_runs/launcher/20260831T191459Z/configs/gene_knockout_EG10094_with_aa.json,/user/home/il22158/work/vEcoli/job/generated_runs/launcher/20260831T191459Z/slurm/gene_knockout_EG10094_with_aa.sh
EG10094,acetate,gene_knockout_EG10094_acetate,6,14,job/write_for_new_job.py,/user/home/il22158/work/vEcoli/job/generated_runs/launcher/20260831T191459Z/configs/gene_knockout_EG10094_acetate.json,/user/home/il22158/work/vEcoli/job/generated_runs/launcher/20260831T191459Z/slurm/gene_knockout_EG10094_acetate.sh
EG10094,no_ox,gene_knockout_EG10094_no_ox,6,14,job/write_for_new_job.py,/user/home/il22158/work/vEcoli/job/generated_runs/launcher/20260831T191459Z/configs/gene_knockout_EG10094_no_ox.json,/user/home/il22158/work/vEcoli/job/generated_runs/launcher/20260831T191459Z/slurm/gene_knockout_EG10094_no_ox.sh
EG10094,succinate,gene_knockout_EG10094_succinate,13,20,job/write_for_new_job.py,/user/home/il22158/work/vEcoli/job/generated_runs/launcher/20260831T191459Z/configs/gene_knockout_EG10094_succinate.json,/user/home/il22158/work/vEcoli/job/generated_runs/launcher/20260831T191459Z/slurm/gene_knockout_EG10094_succinate.sh
EG10095,with_aa,gene_knockout_EG10095_with_aa,5,13,job/write_for_new_job.py,/user/home/il22158/work/vEcoli/job/generated_runs/launcher/20260831T191459Z/configs/gene_knockout_EG10095_with_aa.json,/user/home/il22158/work/vEcoli/job/generated_runs/launcher/20260831T191459Z/slurm/gene_knockout_EG10095_with_aa.sh
EG10095,acetate,gene_knockout_EG10095_acetate,6,14,job/write_for_new_job.py,/user/home/il22158/work/vEcoli/job/generated_runs/launcher/20260831T191459Z/configs/gene_knockout_EG10095_acetate.json,/user/home/il22158/work/vEcoli/job/generated_runs/launcher/20260831T191459Z/slurm/gene_knockout_EG10095_acetate.sh
EG10095,no_ox,gene_knockout_EG10095_no_ox,6,14,job/write_for_new_job.py,/user/home/il22158/work/vEcoli/job/generated_runs/launcher/20260831T191459Z/configs/gene_knockout_EG10095_no_ox.json,/user/home/il22158/work/vEcoli/job/generated_runs/launcher/20260831T191459Z/slurm/gene_knockout_EG10095_no_ox.sh
EG10095,succinate,gene_knockout_EG10095_succinate,13,20,job/write_for_new_job.py,/user/home/il22158/work/vEcoli/job/generated_runs/launcher/20260831T191459Z/configs/gene_knockout_EG10095_succinate.json,/user/home/il22158/work/vEcoli/job/generated_runs/launcher/20260831T191459Z/slurm/gene_knockout_EG10095_succinate.sh
EG10096,with_aa,gene_knockout_EG10096_with_aa,5,13,job/write_for_new_job.py,/user/home/il22158/work/vEcoli/job/generated_runs/launcher/20260831T191459Z/configs/gene_knockout_EG10096_with_aa.json,/user/home/il22158/work/vEcoli/job/generated_runs/launcher/20260831T191459Z/slurm/gene_knockout_EG10096_with_aa.sh
EG10096,acetate,gene_knockout_EG10096_acetate,6,14,job/write_for_new_job.py,/user/home/il22158/work/vEcoli/job/generated_runs/launcher/20260831T191459Z/configs/gene_knockout_EG10096_acetate.json,/user/home/il22158/work/vEcoli/job/generated_runs/launcher/20260831T191459Z/slurm/gene_knockout_EG10096_acetate.sh
EG10096,no_ox,gene_knockout_EG10096_no_ox,6,14,job/write_for_new_job.py,/user/home/il22158/work/vEcoli/job/generated_runs/launcher/20260831T191459Z/configs/gene_knockout_EG10096_no_ox.json,/user/home/il22158/work/vEcoli/job/generated_runs/launcher/20260831T191459Z/slurm/gene_knockout_EG10096_no_ox.sh
EG10096,succinate,gene_knockout_EG10096_succinate,13,20,job/write_for_new_job.py,/user/home/il22158/work/vEcoli/job/generated_runs/launcher/20260831T191459Z/configs/gene_knockout_EG10096_succinate.json,/user/home/il22158/work/vEcoli/job/generated_runs/launcher/20260831T191459Z/slurm/gene_knockout_EG10096_succinate.sh
EG10097,with_aa,gene_knockout_EG10097_with_aa,5,13,job/write_for_new_job.py,/user/home/il22158/work/vEcoli/job/generated_runs/launcher/20260831T191459Z/configs/gene_knockout_EG10097_with_aa.json,/user/home/il22158/work/vEcoli/job/generated_runs/launcher/20260831T191459Z/slurm/gene_knockout_EG10097_with_aa.sh
EG10097,acetate,gene_knockout_EG10097_acetate,6,14,job/write_for_new_job.py,/user/home/il22158/work/vEcoli/job/generated_runs/launcher/20260831T191459Z/configs/gene_knockout_EG10097_acetate.json,/user/home/il22158/work/vEcoli/job/generated_runs/launcher/20260831T191459Z/slurm/gene_knockout_EG10097_acetate.sh
EG10097,no_ox,gene_knockout_EG10097_no_ox,6,14,job/write_for_new_job.py,/user/home/il22158/work/vEcoli/job/generated_runs/launcher/20260831T191459Z/configs/gene_knockout_EG10097_no_ox.json,/user/home/il22158/work/vEcoli/job/generated_runs/launcher/20260831T191459Z/slurm/gene_knockout_EG10097_no_ox.sh
EG10097,succinate,gene_knockout_EG10097_succinate,13,20,job/write_for_new_job.py,/user/home/il22158/work/vEcoli/job/generated_runs/launcher/20260831T191459Z/configs/gene_knockout_EG10097_succinate.json,/user/home/il22158/work/vEcoli/job/generated_runs/launcher/20260831T191459Z/slurm/gene_knockout_EG10097_succinate.sh
EG10098,with_aa,gene_knockout_EG10098_with_aa,5,13,job/write_for_new_job.py,/user/home/il22158/work/vEcoli/job/generated_runs/launcher/20260831T191459Z/configs/gene_knockout_EG10098_with_aa.json,/user/home/il22158/work/vEcoli/job/generated_runs/launcher/20260831T191459Z/slurm/gene_knockout_EG10098_with_aa.sh
EG10098,acetate,gene_knockout_EG10098_acetate,6,14,job/write_for_new_job.py,/user/home/il22158/work/vEcoli/job/generated_runs/launcher/20260831T191459Z/configs/gene_knockout_EG10098_acetate.json,/user/home/il22158/work/vEcoli/job/generated_runs/launcher/20260831T191459Z/slurm/gene_knockout_EG10098_acetate.sh
EG10098,no_ox,gene_knockout_EG10098_no_ox,6,14,job/write_for_new_job.py,/user/home/il22158/work/vEcoli/job/generated_runs/launcher/20260831T191459Z/configs/gene_knockout_EG10098_no_ox.json,/user/home/il22158/work/vEcoli/job/generated_runs/launcher/20260831T191459Z/slurm/gene_knockout_EG10098_no_ox.sh
EG10098,succinate,gene_knockout_EG10098_succinate,13,20,job/write_for_new_job.py,/user/home/il22158/work/vEcoli/job/generated_runs/launcher/20260831T191459Z/configs/gene_knockout_EG10098_succinate.json,/user/home/il22158/work/vEcoli/job/generated_runs/launcher/20260831T191459Z/slurm/gene_knockout_EG10098_succinate.sh
EG10099,with_aa,gene_knockout_EG10099_with_aa,5,13,job/write_for_new_job.py,/user/home/il22158/work/vEcoli/job/generated_runs/launcher/20260831T191459Z/configs/gene_knockout_EG10099_with_aa.json,/user/home/il22158/work/vEcoli/job/generated_runs/launcher/20260831T191459Z/slurm/gene_knockout_EG10099_with_aa.sh
EG10099,acetate,gene_knockout_EG10099_acetate,6,14,job/write_for_new_job.py,/user/home/il22158/work/vEcoli/job/generated_runs/launcher/20260831T191459Z/configs/gene_knockout_EG10099_acetate.json,/user/home/il22158/work/vEcoli/job/generated_runs/launcher/20260831T191459Z/slurm/gene_knockout_EG10099_acetate.sh
EG10099,no_ox,gene_knockout_EG10099_no_ox,6,14,job/write_for_new_job.py,/user/home/il22158/work/vEcoli/job/generated_runs/launcher/20260831T191459Z/configs/gene_knockout_EG10099_no_ox.json,/user/home/il22158/work/vEcoli/job/generated_runs/launcher/20260831T191459Z/slurm/gene_knockout_EG10099_no_ox.sh
EG10099,succinate,gene_knockout_EG10099_succinate,13,20,job/write_for_new_job.py,/user/home/il22158/work/vEcoli/job/generated_runs/launcher/20260831T191459Z/configs/gene_knockout_EG10099_succinate.json,/user/home/il22158/work/vEcoli/job/generated_runs/launcher/20260831T191459Z/slurm/gene_knockout_EG10099_succinate.sh
EG10100,with_aa,gene_knockout_EG10100_with_aa,5,13,job/write_for_new_job.py,/user/home/il22158/work/vEcoli/job/generated_runs/launcher/20260831T191459Z/configs/gene_knockout_EG10100_with_aa.json,/user/home/il22158/work/vEcoli/job/generated_runs/launcher/20260831T191459Z/slurm/gene_knockout_EG10100_with_aa.sh
EG10100,acetate,gene_knockout_EG10100_acetate,6,14,job/write_for_new_job.py,/user/home/il22158/work/vEcoli/job/generated_runs/launcher/20260831T191459Z/configs/gene_knockout_EG10100_acetate.json,/user/home/il22158/work/vEcoli/job/generated_runs/launcher/20260831T191459Z/slurm/gene_knockout_EG10100_acetate.sh
EG10100,no_ox,gene_knockout_EG10100_no_ox,6,14,job/write_for_new_job.py,/user/home/il22158/work/vEcoli/job/generated_runs/launcher/20260831T191459Z/configs/gene_knockout_EG10100_no_ox.json,/user/home/il22158/work/vEcoli/job/generated_runs/launcher/20260831T191459Z/slurm/gene_knockout_EG10100_no_ox.sh
EG10100,succinate,gene_knockout_EG10100_succinate,13,20,job/write_for_new_job.py,/user/home/il22158/work/vEcoli/job/generated_runs/launcher/20260831T191459Z/configs/gene_knockout_EG10100_succinate.json,/user/home/il22158/work/vEcoli/job/generated_runs/launcher/20260831T191459Z/slurm/gene_knockout_EG10100_succinate.sh
EG10101,with_aa,gene_knockout_EG10101_with_aa,5,13,job/write_for_new_job.py,/user/home/il22158/work/vEcoli/job/generated_runs/launcher/20260831T191459Z/configs/gene_knockout_EG10101_with_aa.json,/user/home/il22158/work/vEcoli/job/generated_runs/launcher/20260831T191459Z/slurm/gene_knockout_EG10101_with_aa.sh
EG10101,acetate,gene_knockout_EG10101_acetate,6,14,job/write_for_new_job.py,/user/home/il22158/work/vEcoli/job/generated_runs/launcher/20260831T191459Z/configs/gene_knockout_EG10101_acetate.json,/user/home/il22158/work/vEcoli/job/generated_runs/launcher/20260831T191459Z/slurm/gene_knockout_EG10101_acetate.sh
EG10101,no_ox,gene_knockout_EG10101_no_ox,6,14,job/write_for_new_job.py,/user/home/il22158/work/vEcoli/job/generated_runs/launcher/20260831T191459Z/configs/gene_knockout_EG10101_no_ox.json,/user/home/il22158/work/vEcoli/job/generated_runs/launcher/20260831T191459Z/slurm/gene_knockout_EG10101_no_ox.sh
EG10101,succinate,gene_knockout_EG10101_succinate,13,20,job/write_for_new_job.py,/user/home/il22158/work/vEcoli/job/generated_runs/launcher/20260831T191459Z/configs/gene_knockout_EG10101_succinate.json,/user/home/il22158/work/vEcoli/job/generated_runs/launcher/20260831T191459Z/slurm/gene_knockout_EG10101_succinate.sh
EG10102,with_aa,gene_knockout_EG10102_with_aa,5,13,job/write_for_new_job.py,/user/home/il22158/work/vEcoli/job/generated_runs/launcher/20260831T191459Z/configs/gene_knockout_EG10102_with_aa.json,/user/home/il22158/work/vEcoli/job/generated_runs/launcher/20260831T191459Z/slurm/gene_knockout_EG10102_with_aa.sh
EG10102,acetate,gene_knockout_EG10102_acetate,6,14,job/write_for_new_job.py,/user/home/il22158/work/vEcoli/job/generated_runs/launcher/20260831T191459Z/configs/gene_knockout_EG10102_acetate.json,/user/home/il22158/work/vEcoli/job/generated_runs/launcher/20260831T191459Z/slurm/gene_knockout_EG10102_acetate.sh
EG10102,no_ox,gene_knockout_EG10102_no_ox,6,14,job/write_for_new_job.py,/user/home/il22158/work/vEcoli/job/generated_runs/launcher/20260831T191459Z/configs/gene_knockout_EG10102_no_ox.json,/user/home/il22158/work/vEcoli/job/generated_runs/launcher/20260831T191459Z/slurm/gene_knockout_EG10102_no_ox.sh
EG10102,succinate,gene_knockout_EG10102_succinate,13,20,job/write_for_new_job.py,/user/home/il22158/work/vEcoli/job/generated_runs/launcher/20260831T191459Z/configs/gene_knockout_EG10102_succinate.json,/user/home/il22158/work/vEcoli/job/generated_runs/launcher/20260831T191459Z/slurm/gene_knockout_EG10102_succinate.sh
EG10103,with_aa,gene_knockout_EG10103_with_aa,5,13,job/write_for_new_job.py,/user/home/il22158/work/vEcoli/job/generated_runs/launcher/20260831T191459Z/configs/gene_knockout_EG10103_with_aa.json,/user/home/il22158/work/vEcoli/job/generated_runs/launcher/20260831T191459Z/slurm/gene_knockout_EG10103_with_aa.sh
EG10103,acetate,gene_knockout_EG10103_acetate,6,14,job/write_for_new_job.py,/user/home/il22158/work/vEcoli/job/generated_runs/launcher/20260831T191459Z/configs/gene_knockout_EG10103_acetate.json,/user/home/il22158/work/vEcoli/job/generated_runs/launcher/20260831T191459Z/slurm/gene_knockout_EG10103_acetate.sh
EG10103,no_ox,gene_knockout_EG10103_no_ox,6,14,job/write_for_new_job.py,/user/home/il22158/work/vEcoli/job/generated_runs/launcher/20260831T191459Z/configs/gene_knockout_EG10103_no_ox.json,/user/home/il22158/work/vEcoli/job/generated_runs/launcher/20260831T191459Z/slurm/gene_knockout_EG10103_no_ox.sh
EG10103,succinate,gene_knockout_EG10103_succinate,13,20,job/write_for_new_job.py,/user/home/il22158/work/vEcoli/job/generated_runs/launcher/20260831T191459Z/configs/gene_knockout_EG10103_succinate.json,/user/home/il22158/work/vEcoli/job/generated_runs/launcher/20260831T191459Z/slurm/gene_knockout_EG10103_succinate.sh
EG10104,with_aa,gene_knockout_EG10104_with_aa,5,13,job/write_for_new_job.py,/user/home/il22158/work/vEcoli/job/generated_runs/launcher/20260831T191459Z/configs/gene_knockout_EG10104_with_aa.json,/user/home/il22158/work/vEcoli/job/generated_runs/launcher/20260831T191459Z/slurm/gene_knockout_EG10104_with_aa.sh
EG10104,acetate,gene_knockout_EG10104_acetate,6,14,job/write_for_new_job.py,/user/home/il22158/work/vEcoli/job/generated_runs/launcher/20260831T191459Z/configs/gene_knockout_EG10104_acetate.json,/user/home/il22158/work/vEcoli/job/generated_runs/launcher/20260831T191459Z/slurm/gene_knockout_EG10104_acetate.sh
EG10104,no_ox,gene_knockout_EG10104_no_ox,6,14,job/write_for_new_job.py,/user/home/il22158/work/vEcoli/job/generated_runs/launcher/20260831T191459Z/configs/gene_knockout_EG10104_no_ox.json,/user/home/il22158/work/vEcoli/job/generated_runs/launcher/20260831T191459Z/slurm/gene_knockout_EG10104_no_ox.sh
EG10104,succinate,gene_knockout_EG10104_succinate,13,20,job/write_for_new_job.py,/user/home/il22158/work/vEcoli/job/generated_runs/launcher/20260831T191459Z/configs/gene_knockout_EG10104_succinate.json,/user/home/il22158/work/vEcoli/job/generated_runs/launcher/20260831T191459Z/slurm/gene_knockout_EG10104_succinate.sh
EG10105,with_aa,gene_knockout_EG10105_with_aa,5,13,job/write_for_new_job.py,/user/home/il22158/work/vEcoli/job/generated_runs/launcher/20260831T191459Z/configs/gene_knockout_EG10105_with_aa.json,/user/home/il22158/work/vEcoli/job/generated_runs/launcher/20260831T191459Z/slurm/gene_knockout_EG10105_with_aa.sh
EG10105,acetate,gene_knockout_EG10105_acetate,6,14,job/write_for_new_job.py,/user/home/il22158/work/vEcoli/job/generated_runs/launcher/20260831T191459Z/configs/gene_knockout_EG10105_acetate.json,/user/home/il22158/work/vEcoli/job/generated_runs/launcher/20260831T191459Z/slurm/gene_knockout_EG10105_acetate.sh
EG10105,no_ox,gene_knockout_EG10105_no_ox,6,14,job/write_for_new_job.py,/user/home/il22158/work/vEcoli/job/generated_runs/launcher/20260831T191459Z/configs/gene_knockout_EG10105_no_ox.json,/user/home/il22158/work/vEcoli/job/generated_runs/launcher/20260831T191459Z/slurm/gene_knockout_EG10105_no_ox.sh
EG10105,succinate,gene_knockout_EG10105_succinate,13,20,job/write_for_new_job.py,/user/home/il22158/work/vEcoli/job/generated_runs/launcher/20260831T191459Z/configs/gene_knockout_EG10105_succinate.json,/user/home/il22158/work/vEcoli/job/generated_runs/launcher/20260831T191459Z/slurm/gene_knockout_EG10105_succinate.sh
EG10107,with_aa,gene_knockout_EG10107_with_aa,5,13,job/write_for_new_job.py,/user/home/il22158/work/vEcoli/job/generated_runs/launcher/20260831T191459Z/configs/gene_knockout_EG10107_with_aa.json,/user/home/il22158/work/vEcoli/job/generated_runs/launcher/20260831T191459Z/slurm/gene_knockout_EG10107_with_aa.sh
EG10107,acetate,gene_knockout_EG10107_acetate,6,14,job/write_for_new_job.py,/user/home/il22158/work/vEcoli/job/generated_runs/launcher/20260831T191459Z/configs/gene_knockout_EG10107_acetate.json,/user/home/il22158/work/vEcoli/job/generated_runs/launcher/20260831T191459Z/slurm/gene_knockout_EG10107_acetate.sh
EG10107,no_ox,gene_knockout_EG10107_no_ox,6,14,job/write_for_new_job.py,/user/home/il22158/work/vEcoli/job/generated_runs/launcher/20260831T191459Z/configs/gene_knockout_EG10107_no_ox.json,/user/home/il22158/work/vEcoli/job/generated_runs/launcher/20260831T191459Z/slurm/gene_knockout_EG10107_no_ox.sh
EG10107,succinate,gene_knockout_EG10107_succinate,13,20,job/write_for_new_job.py,/user/home/il22158/work/vEcoli/job/generated_runs/launcher/20260831T191459Z/configs/gene_knockout_EG10107_succinate.json,/user/home/il22158/work/vEcoli/job/generated_runs/launcher/20260831T191459Z/slurm/gene_knockout_EG10107_succinate.sh
EG10109,with_aa,gene_knockout_EG10109_with_aa,5,13,job/write_for_new_job.py,/user/home/il22158/work/vEcoli/job/generated_runs/launcher/20260831T191459Z/configs/gene_knockout_EG10109_with_aa.json,/user/home/il22158/work/vEcoli/job/generated_runs/launcher/20260831T191459Z/slurm/gene_knockout_EG10109_with_aa.sh
EG10109,acetate,gene_knockout_EG10109_acetate,6,14,job/write_for_new_job.py,/user/home/il22158/work/vEcoli/job/generated_runs/launcher/20260831T191459Z/configs/gene_knockout_EG10109_acetate.json,/user/home/il22158/work/vEcoli/job/generated_runs/launcher/20260831T191459Z/slurm/gene_knockout_EG10109_acetate.sh
EG10109,no_ox,gene_knockout_EG10109_no_ox,6,14,job/write_for_new_job.py,/user/home/il22158/work/vEcoli/job/generated_runs/launcher/20260831T191459Z/configs/gene_knockout_EG10109_no_ox.json,/user/home/il22158/work/vEcoli/job/generated_runs/launcher/20260831T191459Z/slurm/gene_knockout_EG10109_no_ox.sh
EG10109,succinate,gene_knockout_EG10109_succinate,13,20,job/write_for_new_job.py,/user/home/il22158/work/vEcoli/job/generated_runs/launcher/20260831T191459Z/configs/gene_knockout_EG10109_succinate.json,/user/home/il22158/work/vEcoli/job/generated_runs/launcher/20260831T191459Z/slurm/gene_knockout_EG10109_succinate.sh
EG10110,with_aa,gene_knockout_EG10110_with_aa,5,13,job/write_for_new_job.py,/user/home/il22158/work/vEcoli/job/generated_runs/launcher/20260831T191459Z/configs/gene_knockout_EG10110_with_aa.json,/user/home/il22158/work/vEcoli/job/generated_runs/launcher/20260831T191459Z/slurm/gene_knockout_EG10110_with_aa.sh
EG10110,acetate,gene_knockout_EG10110_acetate,6,14,job/write_for_new_job.py,/user/home/il22158/work/vEcoli/job/generated_runs/launcher/20260831T191459Z/configs/gene_knockout_EG10110_acetate.json,/user/home/il22158/work/vEcoli/job/generated_runs/launcher/20260831T191459Z/slurm/gene_knockout_EG10110_acetate.sh
EG10110,no_ox,gene_knockout_EG10110_no_ox,6,14,job/write_for_new_job.py,/user/home/il22158/work/vEcoli/job/generated_runs/launcher/20260831T191459Z/configs/gene_knockout_EG10110_no_ox.json,/user/home/il22158/work/vEcoli/job/generated_runs/launcher/20260831T191459Z/slurm/gene_knockout_EG10110_no_ox.sh
EG10110,succinate,gene_knockout_EG10110_succinate,13,20,job/write_for_new_job.py,/user/home/il22158/work/vEcoli/job/generated_runs/launcher/20260831T191459Z/configs/gene_knockout_EG10110_succinate.json,/user/home/il22158/work/vEcoli/job/generated_runs/launcher/20260831T191459Z/slurm/gene_knockout_EG10110_succinate.sh
EG10112,with_aa,gene_knockout_EG10112_with_aa,5,13,job/write_for_new_job.py,/user/home/il22158/work/vEcoli/job/generated_runs/launcher/20260831T191459Z/configs/gene_knockout_EG10112_with_aa.json,/user/home/il22158/work/vEcoli/job/generated_runs/launcher/20260831T191459Z/slurm/gene_knockout_EG10112_with_aa.sh
EG10112,acetate,gene_knockout_EG10112_acetate,6,14,job/write_for_new_job.py,/user/home/il22158/work/vEcoli/job/generated_runs/launcher/20260831T191459Z/configs/gene_knockout_EG10112_acetate.json,/user/home/il22158/work/vEcoli/job/generated_runs/launcher/20260831T191459Z/slurm/gene_knockout_EG10112_acetate.sh
EG10112,no_ox,gene_knockout_EG10112_no_ox,6,14,job/write_for_new_job.py,/user/home/il22158/work/vEcoli/job/generated_runs/launcher/20260831T191459Z/configs/gene_knockout_EG10112_no_ox.json,/user/home/il22158/work/vEcoli/job/generated_runs/launcher/20260831T191459Z/slurm/gene_knockout_EG10112_no_ox.sh
EG10112,succinate,gene_knockout_EG10112_succinate,13,20,job/write_for_new_job.py,/user/home/il22158/work/vEcoli/job/generated_runs/launcher/20260831T191459Z/configs/gene_knockout_EG10112_succinate.json,/user/home/il22158/work/vEcoli/job/generated_runs/launcher/20260831T191459Z/slurm/gene_knockout_EG10112_succinate.sh
EG10115,with_aa,gene_knockout_EG10115_with_aa,5,13,job/write_for_new_job.py,/user/home/il22158/work/vEcoli/job/generated_runs/launcher/20260831T191459Z/configs/gene_knockout_EG10115_with_aa.json,/user/home/il22158/work/vEcoli/job/generated_runs/launcher/20260831T191459Z/slurm/gene_knockout_EG10115_with_aa.sh
EG10115,acetate,gene_knockout_EG10115_acetate,6,14,job/write_for_new_job.py,/user/home/il22158/work/vEcoli/job/generated_runs/launcher/20260831T191459Z/configs/gene_knockout_EG10115_acetate.json,/user/home/il22158/work/vEcoli/job/generated_runs/launcher/20260831T191459Z/slurm/gene_knockout_EG10115_acetate.sh
EG10115,no_ox,gene_knockout_EG10115_no_ox,6,14,job/write_for_new_job.py,/user/home/il22158/work/vEcoli/job/generated_runs/launcher/20260831T191459Z/configs/gene_knockout_EG10115_no_ox.json,/user/home/il22158/work/vEcoli/job/generated_runs/launcher/20260831T191459Z/slurm/gene_knockout_EG10115_no_ox.sh
EG10115,succinate,gene_knockout_EG10115_succinate,13,20,job/write_for_new_job.py,/user/home/il22158/work/vEcoli/job/generated_runs/launcher/20260831T191459Z/configs/gene_knockout_EG10115_succinate.json,/user/home/il22158/work/vEcoli/job/generated_runs/launcher/20260831T191459Z/slurm/gene_knockout_EG10115_succinate.sh
EG10117,with_aa,gene_knockout_EG10117_with_aa,5,13,job/write_for_new_job.py,/user/home/il22158/work/vEcoli/job/generated_runs/launcher/20260831T191459Z/configs/gene_knockout_EG10117_with_aa.json,/user/home/il22158/work/vEcoli/job/generated_runs/launcher/20260831T191459Z/slurm/gene_knockout_EG10117_with_aa.sh
EG10117,acetate,gene_knockout_EG10117_acetate,6,14,job/write_for_new_job.py,/user/home/il22158/work/vEcoli/job/generated_runs/launcher/20260831T191459Z/configs/gene_knockout_EG10117_acetate.json,/user/home/il22158/work/vEcoli/job/generated_runs/launcher/20260831T191459Z/slurm/gene_knockout_EG10117_acetate.sh
EG10117,no_ox,gene_knockout_EG10117_no_ox,6,14,job/write_for_new_job.py,/user/home/il22158/work/vEcoli/job/generated_runs/launcher/20260831T191459Z/configs/gene_knockout_EG10117_no_ox.json,/user/home/il22158/work/vEcoli/job/generated_runs/launcher/20260831T191459Z/slurm/gene_knockout_EG10117_no_ox.sh
EG10117,succinate,gene_knockout_EG10117_succinate,13,20,job/write_for_new_job.py,/user/home/il22158/work/vEcoli/job/generated_runs/launcher/20260831T191459Z/configs/gene_knockout_EG10117_succinate.json,/user/home/il22158/work/vEcoli/job/generated_runs/launcher/20260831T191459Z/slurm/gene_knockout_EG10117_succinate.sh
EG10118,with_aa,gene_knockout_EG10118_with_aa,5,13,job/write_for_new_job.py,/user/home/il22158/work/vEcoli/job/generated_runs/launcher/20260831T191459Z/configs/gene_knockout_EG10118_with_aa.json,/user/home/il22158/work/vEcoli/job/generated_runs/launcher/20260831T191459Z/slurm/gene_knockout_EG10118_with_aa.sh
EG10118,acetate,gene_knockout_EG10118_acetate,6,14,job/write_for_new_job.py,/user/home/il22158/work/vEcoli/job/generated_runs/launcher/20260831T191459Z/configs/gene_knockout_EG10118_acetate.json,/user/home/il22158/work/vEcoli/job/generated_runs/launcher/20260831T191459Z/slurm/gene_knockout_EG10118_acetate.sh
EG10118,no_ox,gene_knockout_EG10118_no_ox,6,14,job/write_for_new_job.py,/user/home/il22158/work/vEcoli/job/generated_runs/launcher/20260831T191459Z/configs/gene_knockout_EG10118_no_ox.json,/user/home/il22158/work/vEcoli/job/generated_runs/launcher/20260831T191459Z/slurm/gene_knockout_EG10118_no_ox.sh
EG10118,succinate,gene_knockout_EG10118_succinate,13,20,job/write_for_new_job.py,/user/home/il22158/work/vEcoli/job/generated_runs/launcher/20260831T191459Z/configs/gene_knockout_EG10118_succinate.json,/user/home/il22158/work/vEcoli/job/generated_runs/launcher/20260831T191459Z/slurm/gene_knockout_EG10118_succinate.sh
EG10119,with_aa,gene_knockout_EG10119_with_aa,5,13,job/write_for_new_job.py,/user/home/il22158/work/vEcoli/job/generated_runs/launcher/20260831T191459Z/configs/gene_knockout_EG10119_with_aa.json,/user/home/il22158/work/vEcoli/job/generated_runs/launcher/20260831T191459Z/slurm/gene_knockout_EG10119_with_aa.sh
EG10119,acetate,gene_knockout_EG10119_acetate,6,14,job/write_for_new_job.py,/user/home/il22158/work/vEcoli/job/generated_runs/launcher/20260831T191459Z/configs/gene_knockout_EG10119_acetate.json,/user/home/il22158/work/vEcoli/job/generated_runs/launcher/20260831T191459Z/slurm/gene_knockout_EG10119_acetate.sh
EG10119,no_ox,gene_knockout_EG10119_no_ox,6,14,job/write_for_new_job.py,/user/home/il22158/work/vEcoli/job/generated_runs/launcher/20260831T191459Z/configs/gene_knockout_EG10119_no_ox.json,/user/home/il22158/work/vEcoli/job/generated_runs/launcher/20260831T191459Z/slurm/gene_knockout_EG10119_no_ox.sh
EG10119,succinate,gene_knockout_EG10119_succinate,13,20,job/write_for_new_job.py,/user/home/il22158/work/vEcoli/job/generated_runs/launcher/20260831T191459Z/configs/gene_knockout_EG10119_succinate.json,/user/home/il22158/work/vEcoli/job/generated_runs/launcher/20260831T191459Z/slurm/gene_knockout_EG10119_succinate.sh
EG10120,with_aa,gene_knockout_EG10120_with_aa,5,13,job/write_for_new_job.py,/user/home/il22158/work/vEcoli/job/generated_runs/launcher/20260831T191459Z/configs/gene_knockout_EG10120_with_aa.json,/user/home/il22158/work/vEcoli/job/generated_runs/launcher/20260831T191459Z/slurm/gene_knockout_EG10120_with_aa.sh
EG10120,acetate,gene_knockout_EG10120_acetate,6,14,job/write_for_new_job.py,/user/home/il22158/work/vEcoli/job/generated_runs/launcher/20260831T191459Z/configs/gene_knockout_EG10120_acetate.json,/user/home/il22158/work/vEcoli/job/generated_runs/launcher/20260831T191459Z/slurm/gene_knockout_EG10120_acetate.sh
EG10120,no_ox,gene_knockout_EG10120_no_ox,6,14,job/write_for_new_job.py,/user/home/il22158/work/vEcoli/job/generated_runs/launcher/20260831T191459Z/configs/gene_knockout_EG10120_no_ox.json,/user/home/il22158/work/vEcoli/job/generated_runs/launcher/20260831T191459Z/slurm/gene_knockout_EG10120_no_ox.sh
EG10120,succinate,gene_knockout_EG10120_succinate,13,20,job/write_for_new_job.py,/user/home/il22158/work/vEcoli/job/generated_runs/launcher/20260831T191459Z/configs/gene_knockout_EG10120_succinate.json,/user/home/il22158/work/vEcoli/job/generated_runs/launcher/20260831T191459Z/slurm/gene_knockout_EG10120_succinate.sh
EG10121,with_aa,gene_knockout_EG10121_with_aa,5,13,job/write_for_new_job.py,/user/home/il22158/work/vEcoli/job/generated_runs/launcher/20260831T191459Z/configs/gene_knockout_EG10121_with_aa.json,/user/home/il22158/work/vEcoli/job/generated_runs/launcher/20260831T191459Z/slurm/gene_knockout_EG10121_with_aa.sh
EG10121,acetate,gene_knockout_EG10121_acetate,6,14,job/write_for_new_job.py,/user/home/il22158/work/vEcoli/job/generated_runs/launcher/20260831T191459Z/configs/gene_knockout_EG10121_acetate.json,/user/home/il22158/work/vEcoli/job/generated_runs/launcher/20260831T191459Z/slurm/gene_knockout_EG10121_acetate.sh
EG10121,no_ox,gene_knockout_EG10121_no_ox,6,14,job/write_for_new_job.py,/user/home/il22158/work/vEcoli/job/generated_runs/launcher/20260831T191459Z/configs/gene_knockout_EG10121_no_ox.json,/user/home/il22158/work/vEcoli/job/generated_runs/launcher/20260831T191459Z/slurm/gene_knockout_EG10121_no_ox.sh
EG10121,succinate,gene_knockout_EG10121_succinate,13,20,job/write_for_new_job.py,/user/home/il22158/work/vEcoli/job/generated_runs/launcher/20260831T191459Z/configs/gene_knockout_EG10121_succinate.json,/user/home/il22158/work/vEcoli/job/generated_runs/launcher/20260831T191459Z/slurm/gene_knockout_EG10121_succinate.sh
EG10122,with_aa,gene_knockout_EG10122_with_aa,5,13,job/write_for_new_job.py,/user/home/il22158/work/vEcoli/job/generated_runs/launcher/20260831T191459Z/configs/gene_knockout_EG10122_with_aa.json,/user/home/il22158/work/vEcoli/job/generated_runs/launcher/20260831T191459Z/slurm/gene_knockout_EG10122_with_aa.sh
EG10122,acetate,gene_knockout_EG10122_acetate,6,14,job/write_for_new_job.py,/user/home/il22158/work/vEcoli/job/generated_runs/launcher/20260831T191459Z/configs/gene_knockout_EG10122_acetate.json,/user/home/il22158/work/vEcoli/job/generated_runs/launcher/20260831T191459Z/slurm/gene_knockout_EG10122_acetate.sh
EG10122,no_ox,gene_knockout_EG10122_no_ox,6,14,job/write_for_new_job.py,/user/home/il22158/work/vEcoli/job/generated_runs/launcher/20260831T191459Z/configs/gene_knockout_EG10122_no_ox.json,/user/home/il22158/work/vEcoli/job/generated_runs/launcher/20260831T191459Z/slurm/gene_knockout_EG10122_no_ox.sh
EG10122,succinate,gene_knockout_EG10122_succinate,13,20,job/write_for_new_job.py,/user/home/il22158/work/vEcoli/job/generated_runs/launcher/20260831T191459Z/configs/gene_knockout_EG10122_succinate.json,/user/home/il22158/work/vEcoli/job/generated_runs/launcher/20260831T191459Z/slurm/gene_knockout_EG10122_succinate.sh
EG10123,with_aa,gene_knockout_EG10123_with_aa,5,13,job/write_for_new_job.py,/user/home/il22158/work/vEcoli/job/generated_runs/launcher/20260831T191459Z/configs/gene_knockout_EG10123_with_aa.json,/user/home/il22158/work/vEcoli/job/generated_runs/launcher/20260831T191459Z/slurm/gene_knockout_EG10123_with_aa.sh
EG10123,acetate,gene_knockout_EG10123_acetate,6,14,job/write_for_new_job.py,/user/home/il22158/work/vEcoli/job/generated_runs/launcher/20260831T191459Z/configs/gene_knockout_EG10123_acetate.json,/user/home/il22158/work/vEcoli/job/generated_runs/launcher/20260831T191459Z/slurm/gene_knockout_EG10123_acetate.sh
EG10123,no_ox,gene_knockout_EG10123_no_ox,6,14,job/write_for_new_job.py,/user/home/il22158/work/vEcoli/job/generated_runs/launcher/20260831T191459Z/configs/gene_knockout_EG10123_no_ox.json,/user/home/il22158/work/vEcoli/job/generated_runs/launcher/20260831T191459Z/slurm/gene_knockout_EG10123_no_ox.sh
EG10123,succinate,gene_knockout_EG10123_succinate,13,20,job/write_for_new_job.py,/user/home/il22158/work/vEcoli/job/generated_runs/launcher/20260831T191459Z/configs/gene_knockout_EG10123_succinate.json,/user/home/il22158/work/vEcoli/job/generated_runs/launcher/20260831T191459Z/slurm/gene_knockout_EG10123_succinate.sh
EG10124,with_aa,gene_knockout_EG10124_with_aa,5,13,job/write_for_new_job.py,/user/home/il22158/work/vEcoli/job/generated_runs/launcher/20260831T191459Z/configs/gene_knockout_EG10124_with_aa.json,/user/home/il22158/work/vEcoli/job/generated_runs/launcher/20260831T191459Z/slurm/gene_knockout_EG10124_with_aa.sh
EG10124,acetate,gene_knockout_EG10124_acetate,6,14,job/write_for_new_job.py,/user/home/il22158/work/vEcoli/job/generated_runs/launcher/20260831T191459Z/configs/gene_knockout_EG10124_acetate.json,/user/home/il22158/work/vEcoli/job/generated_runs/launcher/20260831T191459Z/slurm/gene_knockout_EG10124_acetate.sh
EG10124,no_ox,gene_knockout_EG10124_no_ox,6,14,job/write_for_new_job.py,/user/home/il22158/work/vEcoli/job/generated_runs/launcher/20260831T191459Z/configs/gene_knockout_EG10124_no_ox.json,/user/home/il22158/work/vEcoli/job/generated_runs/launcher/20260831T191459Z/slurm/gene_knockout_EG10124_no_ox.sh
EG10124,succinate,gene_knockout_EG10124_succinate,13,20,job/write_for_new_job.py,/user/home/il22158/work/vEcoli/job/generated_runs/launcher/20260831T191459Z/configs/gene_knockout_EG10124_succinate.json,/user/home/il22158/work/vEcoli/job/generated_runs/launcher/20260831T191459Z/slurm/gene_knockout_EG10124_succinate.sh
EG10131,with_aa,gene_knockout_EG10131_with_aa,5,13,job/write_for_new_job.py,/user/home/il22158/work/vEcoli/job/generated_runs/launcher/20260831T191459Z/configs/gene_knockout_EG10131_with_aa.json,/user/home/il22158/work/vEcoli/job/generated_runs/launcher/20260831T191459Z/slurm/gene_knockout_EG10131_with_aa.sh
EG10131,acetate,gene_knockout_EG10131_acetate,6,14,job/write_for_new_job.py,/user/home/il22158/work/vEcoli/job/generated_runs/launcher/20260831T191459Z/configs/gene_knockout_EG10131_acetate.json,/user/home/il22158/work/vEcoli/job/generated_runs/launcher/20260831T191459Z/slurm/gene_knockout_EG10131_acetate.sh
EG10131,no_ox,gene_knockout_EG10131_no_ox,6,14,job/write_for_new_job.py,/user/home/il22158/work/vEcoli/job/generated_runs/launcher/20260831T191459Z/configs/gene_knockout_EG10131_no_ox.json,/user/home/il22158/work/vEcoli/job/generated_runs/launcher/20260831T191459Z/slurm/gene_knockout_EG10131_no_ox.sh
EG10131,succinate,gene_knockout_EG10131_succinate,13,20,job/write_for_new_job.py,/user/home/il22158/work/vEcoli/job/generated_runs/launcher/20260831T191459Z/configs/gene_knockout_EG10131_succinate.json,/user/home/il22158/work/vEcoli/job/generated_runs/launcher/20260831T191459Z/slurm/gene_knockout_EG10131_succinate.sh
EG10132,with_aa,gene_knockout_EG10132_with_aa,5,13,job/write_for_new_job.py,/user/home/il22158/work/vEcoli/job/generated_runs/launcher/20260831T191459Z/configs/gene_knockout_EG10132_with_aa.json,/user/home/il22158/work/vEcoli/job/generated_runs/launcher/20260831T191459Z/slurm/gene_knockout_EG10132_with_aa.sh
EG10132,acetate,gene_knockout_EG10132_acetate,6,14,job/write_for_new_job.py,/user/home/il22158/work/vEcoli/job/generated_runs/launcher/20260831T191459Z/configs/gene_knockout_EG10132_acetate.json,/user/home/il22158/work/vEcoli/job/generated_runs/launcher/20260831T191459Z/slurm/gene_knockout_EG10132_acetate.sh
EG10132,no_ox,gene_knockout_EG10132_no_ox,6,14,job/write_for_new_job.py,/user/home/il22158/work/vEcoli/job/generated_runs/launcher/20260831T191459Z/configs/gene_knockout_EG10132_no_ox.json,/user/home/il22158/work/vEcoli/job/generated_runs/launcher/20260831T191459Z/slurm/gene_knockout_EG10132_no_ox.sh
EG10132,succinate,gene_knockout_EG10132_succinate,13,20,job/write_for_new_job.py,/user/home/il22158/work/vEcoli/job/generated_runs/launcher/20260831T191459Z/configs/gene_knockout_EG10132_succinate.json,/user/home/il22158/work/vEcoli/job/generated_runs/launcher/20260831T191459Z/slurm/gene_knockout_EG10132_succinate.sh
EG10134,with_aa,gene_knockout_EG10134_with_aa,5,13,job/write_for_new_job.py,/user/home/il22158/work/vEcoli/job/generated_runs/launcher/20260831T191459Z/configs/gene_knockout_EG10134_with_aa.json,/user/home/il22158/work/vEcoli/job/generated_runs/launcher/20260831T191459Z/slurm/gene_knockout_EG10134_with_aa.sh
EG10134,acetate,gene_knockout_EG10134_acetate,6,14,job/write_for_new_job.py,/user/home/il22158/work/vEcoli/job/generated_runs/launcher/20260831T191459Z/configs/gene_knockout_EG10134_acetate.json,/user/home/il22158/work/vEcoli/job/generated_runs/launcher/20260831T191459Z/slurm/gene_knockout_EG10134_acetate.sh
EG10134,no_ox,gene_knockout_EG10134_no_ox,6,14,job/write_for_new_job.py,/user/home/il22158/work/vEcoli/job/generated_runs/launcher/20260831T191459Z/configs/gene_knockout_EG10134_no_ox.json,/user/home/il22158/work/vEcoli/job/generated_runs/launcher/20260831T191459Z/slurm/gene_knockout_EG10134_no_ox.sh
EG10134,succinate,gene_knockout_EG10134_succinate,13,20,job/write_for_new_job.py,/user/home/il22158/work/vEcoli/job/generated_runs/launcher/20260831T191459Z/configs/gene_knockout_EG10134_succinate.json,/user/home/il22158/work/vEcoli/job/generated_runs/launcher/20260831T191459Z/slurm/gene_knockout_EG10134_succinate.sh
EG10135,with_aa,gene_knockout_EG10135_with_aa,5,13,job/write_for_new_job.py,/user/home/il22158/work/vEcoli/job/generated_runs/launcher/20260831T191459Z/configs/gene_knockout_EG10135_with_aa.json,/user/home/il22158/work/vEcoli/job/generated_runs/launcher/20260831T191459Z/slurm/gene_knockout_EG10135_with_aa.sh
EG10135,acetate,gene_knockout_EG10135_acetate,6,14,job/write_for_new_job.py,/user/home/il22158/work/vEcoli/job/generated_runs/launcher/20260831T191459Z/configs/gene_knockout_EG10135_acetate.json,/user/home/il22158/work/vEcoli/job/generated_runs/launcher/20260831T191459Z/slurm/gene_knockout_EG10135_acetate.sh
EG10135,no_ox,gene_knockout_EG10135_no_ox,6,14,job/write_for_new_job.py,/user/home/il22158/work/vEcoli/job/generated_runs/launcher/20260831T191459Z/configs/gene_knockout_EG10135_no_ox.json,/user/home/il22158/work/vEcoli/job/generated_runs/launcher/20260831T191459Z/slurm/gene_knockout_EG10135_no_ox.sh
EG10135,succinate,gene_knockout_EG10135_succinate,13,20,job/write_for_new_job.py,/user/home/il22158/work/vEcoli/job/generated_runs/launcher/20260831T191459Z/configs/gene_knockout_EG10135_succinate.json,/user/home/il22158/work/vEcoli/job/generated_runs/launcher/20260831T191459Z/slurm/gene_knockout_EG10135_succinate.sh
EG10137,with_aa,gene_knockout_EG10137_with_aa,5,13,job/write_for_new_job.py,/user/home/il22158/work/vEcoli/job/generated_runs/launcher/20260831T191459Z/configs/gene_knockout_EG10137_with_aa.json,/user/home/il22158/work/vEcoli/job/generated_runs/launcher/20260831T191459Z/slurm/gene_knockout_EG10137_with_aa.sh
EG10137,acetate,gene_knockout_EG10137_acetate,6,14,job/write_for_new_job.py,/user/home/il22158/work/vEcoli/job/generated_runs/launcher/20260831T191459Z/configs/gene_knockout_EG10137_acetate.json,/user/home/il22158/work/vEcoli/job/generated_runs/launcher/20260831T191459Z/slurm/gene_knockout_EG10137_acetate.sh
EG10137,no_ox,gene_knockout_EG10137_no_ox,6,14,job/write_for_new_job.py,/user/home/il22158/work/vEcoli/job/generated_runs/launcher/20260831T191459Z/configs/gene_knockout_EG10137_no_ox.json,/user/home/il22158/work/vEcoli/job/generated_runs/launcher/20260831T191459Z/slurm/gene_knockout_EG10137_no_ox.sh
EG10137,succinate,gene_knockout_EG10137_succinate,13,20,job/write_for_new_job.py,/user/home/il22158/work/vEcoli/job/generated_runs/launcher/20260831T191459Z/configs/gene_knockout_EG10137_succinate.json,/user/home/il22158/work/vEcoli/job/generated_runs/launcher/20260831T191459Z/slurm/gene_knockout_EG10137_succinate.sh
EG10138,with_aa,gene_knockout_EG10138_with_aa,5,13,job/write_for_new_job.py,/user/home/il22158/work/vEcoli/job/generated_runs/launcher/20260831T191459Z/configs/gene_knockout_EG10138_with_aa.json,/user/home/il22158/work/vEcoli/job/generated_runs/launcher/20260831T191459Z/slurm/gene_knockout_EG10138_with_aa.sh
EG10138,acetate,gene_knockout_EG10138_acetate,6,14,job/write_for_new_job.py,/user/home/il22158/work/vEcoli/job/generated_runs/launcher/20260831T191459Z/configs/gene_knockout_EG10138_acetate.json,/user/home/il22158/work/vEcoli/job/generated_runs/launcher/20260831T191459Z/slurm/gene_knockout_EG10138_acetate.sh
EG10138,no_ox,gene_knockout_EG10138_no_ox,6,14,job/write_for_new_job.py,/user/home/il22158/work/vEcoli/job/generated_runs/launcher/20260831T191459Z/configs/gene_knockout_EG10138_no_ox.json,/user/home/il22158/work/vEcoli/job/generated_runs/launcher/20260831T191459Z/slurm/gene_knockout_EG10138_no_ox.sh
EG10138,succinate,gene_knockout_EG10138_succinate,13,20,job/write_for_new_job.py,/user/home/il22158/work/vEcoli/job/generated_runs/launcher/20260831T191459Z/configs/gene_knockout_EG10138_succinate.json,/user/home/il22158/work/vEcoli/job/generated_runs/launcher/20260831T191459Z/slurm/gene_knockout_EG10138_succinate.sh
EG10139,with_aa,gene_knockout_EG10139_with_aa,5,13,job/write_for_new_job.py,/user/home/il22158/work/vEcoli/job/generated_runs/launcher/20260831T191459Z/configs/gene_knockout_EG10139_with_aa.json,/user/home/il22158/work/vEcoli/job/generated_runs/launcher/20260831T191459Z/slurm/gene_knockout_EG10139_with_aa.sh
EG10139,acetate,gene_knockout_EG10139_acetate,6,14,job/write_for_new_job.py,/user/home/il22158/work/vEcoli/job/generated_runs/launcher/20260831T191459Z/configs/gene_knockout_EG10139_acetate.json,/user/home/il22158/work/vEcoli/job/generated_runs/launcher/20260831T191459Z/slurm/gene_knockout_EG10139_acetate.sh
EG10139,no_ox,gene_knockout_EG10139_no_ox,6,14,job/write_for_new_job.py,/user/home/il22158/work/vEcoli/job/generated_runs/launcher/20260831T191459Z/configs/gene_knockout_EG10139_no_ox.json,/user/home/il22158/work/vEcoli/job/generated_runs/launcher/20260831T191459Z/slurm/gene_knockout_EG10139_no_ox.sh
EG10139,succinate,gene_knockout_EG10139_succinate,13,20,job/write_for_new_job.py,/user/home/il22158/work/vEcoli/job/generated_runs/launcher/20260831T191459Z/configs/gene_knockout_EG10139_succinate.json,/user/home/il22158/work/vEcoli/job/generated_runs/launcher/20260831T191459Z/slurm/gene_knockout_EG10139_succinate.sh
EG10148,with_aa,gene_knockout_EG10148_with_aa,5,13,job/write_for_new_job.py,/user/home/il22158/work/vEcoli/job/generated_runs/launcher/20260831T191459Z/configs/gene_knockout_EG10148_with_aa.json,/user/home/il22158/work/vEcoli/job/generated_runs/launcher/20260831T191459Z/slurm/gene_knockout_EG10148_with_aa.sh
EG10148,acetate,gene_knockout_EG10148_acetate,6,14,job/write_for_new_job.py,/user/home/il22158/work/vEcoli/job/generated_runs/launcher/20260831T191459Z/configs/gene_knockout_EG10148_acetate.json,/user/home/il22158/work/vEcoli/job/generated_runs/launcher/20260831T191459Z/slurm/gene_knockout_EG10148_acetate.sh
EG10148,no_ox,gene_knockout_EG10148_no_ox,6,14,job/write_for_new_job.py,/user/home/il22158/work/vEcoli/job/generated_runs/launcher/20260831T191459Z/configs/gene_knockout_EG10148_no_ox.json,/user/home/il22158/work/vEcoli/job/generated_runs/launcher/20260831T191459Z/slurm/gene_knockout_EG10148_no_ox.sh
EG10148,succinate,gene_knockout_EG10148_succinate,13,20,job/write_for_new_job.py,/user/home/il22158/work/vEcoli/job/generated_runs/launcher/20260831T191459Z/configs/gene_knockout_EG10148_succinate.json,/user/home/il22158/work/vEcoli/job/generated_runs/launcher/20260831T191459Z/slurm/gene_knockout_EG10148_succinate.sh
EG10161,with_aa,gene_knockout_EG10161_with_aa,5,13,job/write_for_new_job.py,/user/home/il22158/work/vEcoli/job/generated_runs/launcher/20260831T191459Z/configs/gene_knockout_EG10161_with_aa.json,/user/home/il22158/work/vEcoli/job/generated_runs/launcher/20260831T191459Z/slurm/gene_knockout_EG10161_with_aa.sh
EG10161,acetate,gene_knockout_EG10161_acetate,6,14,job/write_for_new_job.py,/user/home/il22158/work/vEcoli/job/generated_runs/launcher/20260831T191459Z/configs/gene_knockout_EG10161_acetate.json,/user/home/il22158/work/vEcoli/job/generated_runs/launcher/20260831T191459Z/slurm/gene_knockout_EG10161_acetate.sh
EG10161,no_ox,gene_knockout_EG10161_no_ox,6,14,job/write_for_new_job.py,/user/home/il22158/work/vEcoli/job/generated_runs/launcher/20260831T191459Z/configs/gene_knockout_EG10161_no_ox.json,/user/home/il22158/work/vEcoli/job/generated_runs/launcher/20260831T191459Z/slurm/gene_knockout_EG10161_no_ox.sh
EG10161,succinate,gene_knockout_EG10161_succinate,13,20,job/write_for_new_job.py,/user/home/il22158/work/vEcoli/job/generated_runs/launcher/20260831T191459Z/configs/gene_knockout_EG10161_succinate.json,/user/home/il22158/work/vEcoli/job/generated_runs/launcher/20260831T191459Z/slurm/gene_knockout_EG10161_succinate.sh
EG10162,with_aa,gene_knockout_EG10162_with_aa,5,13,job/write_for_new_job.py,/user/home/il22158/work/vEcoli/job/generated_runs/launcher/20260831T191459Z/configs/gene_knockout_EG10162_with_aa.json,/user/home/il22158/work/vEcoli/job/generated_runs/launcher/20260831T191459Z/slurm/gene_knockout_EG10162_with_aa.sh
EG10162,acetate,gene_knockout_EG10162_acetate,6,14,job/write_for_new_job.py,/user/home/il22158/work/vEcoli/job/generated_runs/launcher/20260831T191459Z/configs/gene_knockout_EG10162_acetate.json,/user/home/il22158/work/vEcoli/job/generated_runs/launcher/20260831T191459Z/slurm/gene_knockout_EG10162_acetate.sh
EG10162,no_ox,gene_knockout_EG10162_no_ox,6,14,job/write_for_new_job.py,/user/home/il22158/work/vEcoli/job/generated_runs/launcher/20260831T191459Z/configs/gene_knockout_EG10162_no_ox.json,/user/home/il22158/work/vEcoli/job/generated_runs/launcher/20260831T191459Z/slurm/gene_knockout_EG10162_no_ox.sh
EG10162,succinate,gene_knockout_EG10162_succinate,13,20,job/write_for_new_job.py,/user/home/il22158/work/vEcoli/job/generated_runs/launcher/20260831T191459Z/configs/gene_knockout_EG10162_succinate.json,/user/home/il22158/work/vEcoli/job/generated_runs/launcher/20260831T191459Z/slurm/gene_knockout_EG10162_succinate.sh
EG10164,with_aa,gene_knockout_EG10164_with_aa,5,13,job/write_for_new_job.py,/user/home/il22158/work/vEcoli/job/generated_runs/launcher/20260831T191459Z/configs/gene_knockout_EG10164_with_aa.json,/user/home/il22158/work/vEcoli/job/generated_runs/launcher/20260831T191459Z/slurm/gene_knockout_EG10164_with_aa.sh
EG10164,acetate,gene_knockout_EG10164_acetate,6,14,job/write_for_new_job.py,/user/home/il22158/work/vEcoli/job/generated_runs/launcher/20260831T191459Z/configs/gene_knockout_EG10164_acetate.json,/user/home/il22158/work/vEcoli/job/generated_runs/launcher/20260831T191459Z/slurm/gene_knockout_EG10164_acetate.sh
EG10164,no_ox,gene_knockout_EG10164_no_ox,6,14,job/write_for_new_job.py,/user/home/il22158/work/vEcoli/job/generated_runs/launcher/20260831T191459Z/configs/gene_knockout_EG10164_no_ox.json,/user/home/il22158/work/vEcoli/job/generated_runs/launcher/20260831T191459Z/slurm/gene_knockout_EG10164_no_ox.sh
EG10164,succinate,gene_knockout_EG10164_succinate,13,20,job/write_for_new_job.py,/user/home/il22158/work/vEcoli/job/generated_runs/launcher/20260831T191459Z/configs/gene_knockout_EG10164_succinate.json,/user/home/il22158/work/vEcoli/job/generated_runs/launcher/20260831T191459Z/slurm/gene_knockout_EG10164_succinate.sh
EG10178,with_aa,gene_knockout_EG10178_with_aa,5,13,job/write_for_new_job.py,/user/home/il22158/work/vEcoli/job/generated_runs/launcher/20260831T191459Z/configs/gene_knockout_EG10178_with_aa.json,/user/home/il22158/work/vEcoli/job/generated_runs/launcher/20260831T191459Z/slurm/gene_knockout_EG10178_with_aa.sh
EG10178,acetate,gene_knockout_EG10178_acetate,6,14,job/write_for_new_job.py,/user/home/il22158/work/vEcoli/job/generated_runs/launcher/20260831T191459Z/configs/gene_knockout_EG10178_acetate.json,/user/home/il22158/work/vEcoli/job/generated_runs/launcher/20260831T191459Z/slurm/gene_knockout_EG10178_acetate.sh
EG10178,no_ox,gene_knockout_EG10178_no_ox,6,14,job/write_for_new_job.py,/user/home/il22158/work/vEcoli/job/generated_runs/launcher/20260831T191459Z/configs/gene_knockout_EG10178_no_ox.json,/user/home/il22158/work/vEcoli/job/generated_runs/launcher/20260831T191459Z/slurm/gene_knockout_EG10178_no_ox.sh
EG10178,succinate,gene_knockout_EG10178_succinate,13,20,job/write_for_new_job.py,/user/home/il22158/work/vEcoli/job/generated_runs/launcher/20260831T191459Z/configs/gene_knockout_EG10178_succinate.json,/user/home/il22158/work/vEcoli/job/generated_runs/launcher/20260831T191459Z/slurm/gene_knockout_EG10178_succinate.sh
EG10182,with_aa,gene_knockout_EG10182_with_aa,5,13,job/write_for_new_job.py,/user/home/il22158/work/vEcoli/job/generated_runs/launcher/20260831T191459Z/configs/gene_knockout_EG10182_with_aa.json,/user/home/il22158/work/vEcoli/job/generated_runs/launcher/20260831T191459Z/slurm/gene_knockout_EG10182_with_aa.sh
EG10182,acetate,gene_knockout_EG10182_acetate,6,14,job/write_for_new_job.py,/user/home/il22158/work/vEcoli/job/generated_runs/launcher/20260831T191459Z/configs/gene_knockout_EG10182_acetate.json,/user/home/il22158/work/vEcoli/job/generated_runs/launcher/20260831T191459Z/slurm/gene_knockout_EG10182_acetate.sh
EG10182,no_ox,gene_knockout_EG10182_no_ox,6,14,job/write_for_new_job.py,/user/home/il22158/work/vEcoli/job/generated_runs/launcher/20260831T191459Z/configs/gene_knockout_EG10182_no_ox.json,/user/home/il22158/work/vEcoli/job/generated_runs/launcher/20260831T191459Z/slurm/gene_knockout_EG10182_no_ox.sh
EG10182,succinate,gene_knockout_EG10182_succinate,13,20,job/write_for_new_job.py,/user/home/il22158/work/vEcoli/job/generated_runs/launcher/20260831T191459Z/configs/gene_knockout_EG10182_succinate.json,/user/home/il22158/work/vEcoli/job/generated_runs/launcher/20260831T191459Z/slurm/gene_knockout_EG10182_succinate.sh
EG10183,with_aa,gene_knockout_EG10183_with_aa,5,13,job/write_for_new_job.py,/user/home/il22158/work/vEcoli/job/generated_runs/launcher/20260831T191459Z/configs/gene_knockout_EG10183_with_aa.json,/user/home/il22158/work/vEcoli/job/generated_runs/launcher/20260831T191459Z/slurm/gene_knockout_EG10183_with_aa.sh
EG10183,acetate,gene_knockout_EG10183_acetate,6,14,job/write_for_new_job.py,/user/home/il22158/work/vEcoli/job/generated_runs/launcher/20260831T191459Z/configs/gene_knockout_EG10183_acetate.json,/user/home/il22158/work/vEcoli/job/generated_runs/launcher/20260831T191459Z/slurm/gene_knockout_EG10183_acetate.sh
EG10183,no_ox,gene_knockout_EG10183_no_ox,6,14,job/write_for_new_job.py,/user/home/il22158/work/vEcoli/job/generated_runs/launcher/20260831T191459Z/configs/gene_knockout_EG10183_no_ox.json,/user/home/il22158/work/vEcoli/job/generated_runs/launcher/20260831T191459Z/slurm/gene_knockout_EG10183_no_ox.sh
EG10183,succinate,gene_knockout_EG10183_succinate,13,20,job/write_for_new_job.py,/user/home/il22158/work/vEcoli/job/generated_runs/launcher/20260831T191459Z/configs/gene_knockout_EG10183_succinate.json,/user/home/il22158/work/vEcoli/job/generated_runs/launcher/20260831T191459Z/slurm/gene_knockout_EG10183_succinate.sh
EG10185,with_aa,gene_knockout_EG10185_with_aa,5,13,job/write_for_new_job.py,/user/home/il22158/work/vEcoli/job/generated_runs/launcher/20260831T191459Z/configs/gene_knockout_EG10185_with_aa.json,/user/home/il22158/work/vEcoli/job/generated_runs/launcher/20260831T191459Z/slurm/gene_knockout_EG10185_with_aa.sh
EG10185,acetate,gene_knockout_EG10185_acetate,6,14,job/write_for_new_job.py,/user/home/il22158/work/vEcoli/job/generated_runs/launcher/20260831T191459Z/configs/gene_knockout_EG10185_acetate.json,/user/home/il22158/work/vEcoli/job/generated_runs/launcher/20260831T191459Z/slurm/gene_knockout_EG10185_acetate.sh
EG10185,no_ox,gene_knockout_EG10185_no_ox,6,14,job/write_for_new_job.py,/user/home/il22158/work/vEcoli/job/generated_runs/launcher/20260831T191459Z/configs/gene_knockout_EG10185_no_ox.json,/user/home/il22158/work/vEcoli/job/generated_runs/launcher/20260831T191459Z/slurm/gene_knockout_EG10185_no_ox.sh
EG10185,succinate,gene_knockout_EG10185_succinate,13,20,job/write_for_new_job.py,/user/home/il22158/work/vEcoli/job/generated_runs/launcher/20260831T191459Z/configs/gene_knockout_EG10185_succinate.json,/user/home/il22158/work/vEcoli/job/generated_runs/launcher/20260831T191459Z/slurm/gene_knockout_EG10185_succinate.sh
EG10186,with_aa,gene_knockout_EG10186_with_aa,5,13,job/write_for_new_job.py,/user/home/il22158/work/vEcoli/job/generated_runs/launcher/20260831T191459Z/configs/gene_knockout_EG10186_with_aa.json,/user/home/il22158/work/vEcoli/job/generated_runs/launcher/20260831T191459Z/slurm/gene_knockout_EG10186_with_aa.sh
EG10186,acetate,gene_knockout_EG10186_acetate,6,14,job/write_for_new_job.py,/user/home/il22158/work/vEcoli/job/generated_runs/launcher/20260831T191459Z/configs/gene_knockout_EG10186_acetate.json,/user/home/il22158/work/vEcoli/job/generated_runs/launcher/20260831T191459Z/slurm/gene_knockout_EG10186_acetate.sh
EG10186,no_ox,gene_knockout_EG10186_no_ox,6,14,job/write_for_new_job.py,/user/home/il22158/work/vEcoli/job/generated_runs/launcher/20260831T191459Z/configs/gene_knockout_EG10186_no_ox.json,/user/home/il22158/work/vEcoli/job/generated_runs/launcher/20260831T191459Z/slurm/gene_knockout_EG10186_no_ox.sh
EG10186,succinate,gene_knockout_EG10186_succinate,13,20,job/write_for_new_job.py,/user/home/il22158/work/vEcoli/job/generated_runs/launcher/20260831T191459Z/configs/gene_knockout_EG10186_succinate.json,/user/home/il22158/work/vEcoli/job/generated_runs/launcher/20260831T191459Z/slurm/gene_knockout_EG10186_succinate.sh
EG10187,with_aa,gene_knockout_EG10187_with_aa,5,13,job/write_for_new_job.py,/user/home/il22158/work/vEcoli/job/generated_runs/launcher/20260831T191459Z/configs/gene_knockout_EG10187_with_aa.json,/user/home/il22158/work/vEcoli/job/generated_runs/launcher/20260831T191459Z/slurm/gene_knockout_EG10187_with_aa.sh
EG10187,acetate,gene_knockout_EG10187_acetate,6,14,job/write_for_new_job.py,/user/home/il22158/work/vEcoli/job/generated_runs/launcher/20260831T191459Z/configs/gene_knockout_EG10187_acetate.json,/user/home/il22158/work/vEcoli/job/generated_runs/launcher/20260831T191459Z/slurm/gene_knockout_EG10187_acetate.sh
EG10187,no_ox,gene_knockout_EG10187_no_ox,6,14,job/write_for_new_job.py,/user/home/il22158/work/vEcoli/job/generated_runs/launcher/20260831T191459Z/configs/gene_knockout_EG10187_no_ox.json,/user/home/il22158/work/vEcoli/job/generated_runs/launcher/20260831T191459Z/slurm/gene_knockout_EG10187_no_ox.sh
EG10187,succinate,gene_knockout_EG10187_succinate,13,20,job/write_for_new_job.py,/user/home/il22158/work/vEcoli/job/generated_runs/launcher/20260831T191459Z/configs/gene_knockout_EG10187_succinate.json,/user/home/il22158/work/vEcoli/job/generated_runs/launcher/20260831T191459Z/slurm/gene_knockout_EG10187_succinate.sh
EG10188,with_aa,gene_knockout_EG10188_with_aa,5,13,job/write_for_new_job.py,/user/home/il22158/work/vEcoli/job/generated_runs/launcher/20260831T191459Z/configs/gene_knockout_EG10188_with_aa.json,/user/home/il22158/work/vEcoli/job/generated_runs/launcher/20260831T191459Z/slurm/gene_knockout_EG10188_with_aa.sh
EG10188,acetate,gene_knockout_EG10188_acetate,6,14,job/write_for_new_job.py,/user/home/il22158/work/vEcoli/job/generated_runs/launcher/20260831T191459Z/configs/gene_knockout_EG10188_acetate.json,/user/home/il22158/work/vEcoli/job/generated_runs/launcher/20260831T191459Z/slurm/gene_knockout_EG10188_acetate.sh
EG10188,no_ox,gene_knockout_EG10188_no_ox,6,14,job/write_for_new_job.py,/user/home/il22158/work/vEcoli/job/generated_runs/launcher/20260831T191459Z/configs/gene_knockout_EG10188_no_ox.json,/user/home/il22158/work/vEcoli/job/generated_runs/launcher/20260831T191459Z/slurm/gene_knockout_EG10188_no_ox.sh
EG10188,succinate,gene_knockout_EG10188_succinate,13,20,job/write_for_new_job.py,/user/home/il22158/work/vEcoli/job/generated_runs/launcher/20260831T191459Z/configs/gene_knockout_EG10188_succinate.json,/user/home/il22158/work/vEcoli/job/generated_runs/launcher/20260831T191459Z/slurm/gene_knockout_EG10188_succinate.sh
EG10189,with_aa,gene_knockout_EG10189_with_aa,5,13,job/write_for_new_job.py,/user/home/il22158/work/vEcoli/job/generated_runs/launcher/20260831T191459Z/configs/gene_knockout_EG10189_with_aa.json,/user/home/il22158/work/vEcoli/job/generated_runs/launcher/20260831T191459Z/slurm/gene_knockout_EG10189_with_aa.sh
EG10189,acetate,gene_knockout_EG10189_acetate,6,14,job/write_for_new_job.py,/user/home/il22158/work/vEcoli/job/generated_runs/launcher/20260831T191459Z/configs/gene_knockout_EG10189_acetate.json,/user/home/il22158/work/vEcoli/job/generated_runs/launcher/20260831T191459Z/slurm/gene_knockout_EG10189_acetate.sh
EG10189,no_ox,gene_knockout_EG10189_no_ox,6,14,job/write_for_new_job.py,/user/home/il22158/work/vEcoli/job/generated_runs/launcher/20260831T191459Z/configs/gene_knockout_EG10189_no_ox.json,/user/home/il22158/work/vEcoli/job/generated_runs/launcher/20260831T191459Z/slurm/gene_knockout_EG10189_no_ox.sh
EG10189,succinate,gene_knockout_EG10189_succinate,13,20,job/write_for_new_job.py,/user/home/il22158/work/vEcoli/job/generated_runs/launcher/20260831T191459Z/configs/gene_knockout_EG10189_succinate.json,/user/home/il22158/work/vEcoli/job/generated_runs/launcher/20260831T191459Z/slurm/gene_knockout_EG10189_succinate.sh
EG10190,with_aa,gene_knockout_EG10190_with_aa,5,13,job/write_for_new_job.py,/user/home/il22158/work/vEcoli/job/generated_runs/launcher/20260831T191459Z/configs/gene_knockout_EG10190_with_aa.json,/user/home/il22158/work/vEcoli/job/generated_runs/launcher/20260831T191459Z/slurm/gene_knockout_EG10190_with_aa.sh
EG10190,acetate,gene_knockout_EG10190_acetate,6,14,job/write_for_new_job.py,/user/home/il22158/work/vEcoli/job/generated_runs/launcher/20260831T191459Z/configs/gene_knockout_EG10190_acetate.json,/user/home/il22158/work/vEcoli/job/generated_runs/launcher/20260831T191459Z/slurm/gene_knockout_EG10190_acetate.sh
EG10190,no_ox,gene_knockout_EG10190_no_ox,6,14,job/write_for_new_job.py,/user/home/il22158/work/vEcoli/job/generated_runs/launcher/20260831T191459Z/configs/gene_knockout_EG10190_no_ox.json,/user/home/il22158/work/vEcoli/job/generated_runs/launcher/20260831T191459Z/slurm/gene_knockout_EG10190_no_ox.sh
EG10190,succinate,gene_knockout_EG10190_succinate,13,20,job/write_for_new_job.py,/user/home/il22158/work/vEcoli/job/generated_runs/launcher/20260831T191459Z/configs/gene_knockout_EG10190_succinate.json,/user/home/il22158/work/vEcoli/job/generated_runs/launcher/20260831T191459Z/slurm/gene_knockout_EG10190_succinate.sh
EG10191,with_aa,gene_knockout_EG10191_with_aa,5,13,job/write_for_new_job.py,/user/home/il22158/work/vEcoli/job/generated_runs/launcher/20260831T191459Z/configs/gene_knockout_EG10191_with_aa.json,/user/home/il22158/work/vEcoli/job/generated_runs/launcher/20260831T191459Z/slurm/gene_knockout_EG10191_with_aa.sh
EG10191,acetate,gene_knockout_EG10191_acetate,6,14,job/write_for_new_job.py,/user/home/il22158/work/vEcoli/job/generated_runs/launcher/20260831T191459Z/configs/gene_knockout_EG10191_acetate.json,/user/home/il22158/work/vEcoli/job/generated_runs/launcher/20260831T191459Z/slurm/gene_knockout_EG10191_acetate.sh
EG10191,no_ox,gene_knockout_EG10191_no_ox,6,14,job/write_for_new_job.py,/user/home/il22158/work/vEcoli/job/generated_runs/launcher/20260831T191459Z/configs/gene_knockout_EG10191_no_ox.json,/user/home/il22158/work/vEcoli/job/generated_runs/launcher/20260831T191459Z/slurm/gene_knockout_EG10191_no_ox.sh
EG10191,succinate,gene_knockout_EG10191_succinate,13,20,job/write_for_new_job.py,/user/home/il22158/work/vEcoli/job/generated_runs/launcher/20260831T191459Z/configs/gene_knockout_EG10191_succinate.json,/user/home/il22158/work/vEcoli/job/generated_runs/launcher/20260831T191459Z/slurm/gene_knockout_EG10191_succinate.sh
EG10192,with_aa,gene_knockout_EG10192_with_aa,5,13,job/write_for_new_job.py,/user/home/il22158/work/vEcoli/job/generated_runs/launcher/20260831T191459Z/configs/gene_knockout_EG10192_with_aa.json,/user/home/il22158/work/vEcoli/job/generated_runs/launcher/20260831T191459Z/slurm/gene_knockout_EG10192_with_aa.sh
EG10192,acetate,gene_knockout_EG10192_acetate,6,14,job/write_for_new_job.py,/user/home/il22158/work/vEcoli/job/generated_runs/launcher/20260831T191459Z/configs/gene_knockout_EG10192_acetate.json,/user/home/il22158/work/vEcoli/job/generated_runs/launcher/20260831T191459Z/slurm/gene_knockout_EG10192_acetate.sh
EG10192,no_ox,gene_knockout_EG10192_no_ox,6,14,job/write_for_new_job.py,/user/home/il22158/work/vEcoli/job/generated_runs/launcher/20260831T191459Z/configs/gene_knockout_EG10192_no_ox.json,/user/home/il22158/work/vEcoli/job/generated_runs/launcher/20260831T191459Z/slurm/gene_knockout_EG10192_no_ox.sh
EG10192,succinate,gene_knockout_EG10192_succinate,13,20,job/write_for_new_job.py,/user/home/il22158/work/vEcoli/job/generated_runs/launcher/20260831T191459Z/configs/gene_knockout_EG10192_succinate.json,/user/home/il22158/work/vEcoli/job/generated_runs/launcher/20260831T191459Z/slurm/gene_knockout_EG10192_succinate.sh
EG10193,with_aa,gene_knockout_EG10193_with_aa,5,13,job/write_for_new_job.py,/user/home/il22158/work/vEcoli/job/generated_runs/launcher/20260831T191459Z/configs/gene_knockout_EG10193_with_aa.json,/user/home/il22158/work/vEcoli/job/generated_runs/launcher/20260831T191459Z/slurm/gene_knockout_EG10193_with_aa.sh
EG10193,acetate,gene_knockout_EG10193_acetate,6,14,job/write_for_new_job.py,/user/home/il22158/work/vEcoli/job/generated_runs/launcher/20260831T191459Z/configs/gene_knockout_EG10193_acetate.json,/user/home/il22158/work/vEcoli/job/generated_runs/launcher/20260831T191459Z/slurm/gene_knockout_EG10193_acetate.sh
EG10193,no_ox,gene_knockout_EG10193_no_ox,6,14,job/write_for_new_job.py,/user/home/il22158/work/vEcoli/job/generated_runs/launcher/20260831T191459Z/configs/gene_knockout_EG10193_no_ox.json,/user/home/il22158/work/vEcoli/job/generated_runs/launcher/20260831T191459Z/slurm/gene_knockout_EG10193_no_ox.sh
EG10193,succinate,gene_knockout_EG10193_succinate,13,20,job/write_for_new_job.py,/user/home/il22158/work/vEcoli/job/generated_runs/launcher/20260831T191459Z/configs/gene_knockout_EG10193_succinate.json,/user/home/il22158/work/vEcoli/job/generated_runs/launcher/20260831T191459Z/slurm/gene_knockout_EG10193_succinate.sh
EG10194,with_aa,gene_knockout_EG10194_with_aa,5,13,job/write_for_new_job.py,/user/home/il22158/work/vEcoli/job/generated_runs/launcher/20260831T191459Z/configs/gene_knockout_EG10194_with_aa.json,/user/home/il22158/work/vEcoli/job/generated_runs/launcher/20260831T191459Z/slurm/gene_knockout_EG10194_with_aa.sh
EG10194,acetate,gene_knockout_EG10194_acetate,6,14,job/write_for_new_job.py,/user/home/il22158/work/vEcoli/job/generated_runs/launcher/20260831T191459Z/configs/gene_knockout_EG10194_acetate.json,/user/home/il22158/work/vEcoli/job/generated_runs/launcher/20260831T191459Z/slurm/gene_knockout_EG10194_acetate.sh
EG10194,no_ox,gene_knockout_EG10194_no_ox,6,14,job/write_for_new_job.py,/user/home/il22158/work/vEcoli/job/generated_runs/launcher/20260831T191459Z/configs/gene_knockout_EG10194_no_ox.json,/user/home/il22158/work/vEcoli/job/generated_runs/launcher/20260831T191459Z/slurm/gene_knockout_EG10194_no_ox.sh
EG10194,succinate,gene_knockout_EG10194_succinate,13,20,job/write_for_new_job.py,/user/home/il22158/work/vEcoli/job/generated_runs/launcher/20260831T191459Z/configs/gene_knockout_EG10194_succinate.json,/user/home/il22158/work/vEcoli/job/generated_runs/launcher/20260831T191459Z/slurm/gene_knockout_EG10194_succinate.sh
EG10195,with_aa,gene_knockout_EG10195_with_aa,5,13,job/write_for_new_job.py,/user/home/il22158/work/vEcoli/job/generated_runs/launcher/20260831T191459Z/configs/gene_knockout_EG10195_with_aa.json,/user/home/il22158/work/vEcoli/job/generated_runs/launcher/20260831T191459Z/slurm/gene_knockout_EG10195_with_aa.sh
EG10195,acetate,gene_knockout_EG10195_acetate,6,14,job/write_for_new_job.py,/user/home/il22158/work/vEcoli/job/generated_runs/launcher/20260831T191459Z/configs/gene_knockout_EG10195_acetate.json,/user/home/il22158/work/vEcoli/job/generated_runs/launcher/20260831T191459Z/slurm/gene_knockout_EG10195_acetate.sh
EG10195,no_ox,gene_knockout_EG10195_no_ox,6,14,job/write_for_new_job.py,/user/home/il22158/work/vEcoli/job/generated_runs/launcher/20260831T191459Z/configs/gene_knockout_EG10195_no_ox.json,/user/home/il22158/work/vEcoli/job/generated_runs/launcher/20260831T191459Z/slurm/gene_knockout_EG10195_no_ox.sh
EG10195,succinate,gene_knockout_EG10195_succinate,13,20,job/write_for_new_job.py,/user/home/il22158/work/vEcoli/job/generated_runs/launcher/20260831T191459Z/configs/gene_knockout_EG10195_succinate.json,/user/home/il22158/work/vEcoli/job/generated_runs/launcher/20260831T191459Z/slurm/gene_knockout_EG10195_succinate.sh
EG10196,with_aa,gene_knockout_EG10196_with_aa,5,13,job/write_for_new_job.py,/user/home/il22158/work/vEcoli/job/generated_runs/launcher/20260831T191459Z/configs/gene_knockout_EG10196_with_aa.json,/user/home/il22158/work/vEcoli/job/generated_runs/launcher/20260831T191459Z/slurm/gene_knockout_EG10196_with_aa.sh
EG10196,acetate,gene_knockout_EG10196_acetate,6,14,job/write_for_new_job.py,/user/home/il22158/work/vEcoli/job/generated_runs/launcher/20260831T191459Z/configs/gene_knockout_EG10196_acetate.json,/user/home/il22158/work/vEcoli/job/generated_runs/launcher/20260831T191459Z/slurm/gene_knockout_EG10196_acetate.sh
EG10196,no_ox,gene_knockout_EG10196_no_ox,6,14,job/write_for_new_job.py,/user/home/il22158/work/vEcoli/job/generated_runs/launcher/20260831T191459Z/configs/gene_knockout_EG10196_no_ox.json,/user/home/il22158/work/vEcoli/job/generated_runs/launcher/20260831T191459Z/slurm/gene_knockout_EG10196_no_ox.sh
EG10196,succinate,gene_knockout_EG10196_succinate,13,20,job/write_for_new_job.py,/user/home/il22158/work/vEcoli/job/generated_runs/launcher/20260831T191459Z/configs/gene_knockout_EG10196_succinate.json,/user/home/il22158/work/vEcoli/job/generated_runs/launcher/20260831T191459Z/slurm/gene_knockout_EG10196_succinate.sh
EG10197,with_aa,gene_knockout_EG10197_with_aa,5,13,job/write_for_new_job.py,/user/home/il22158/work/vEcoli/job/generated_runs/launcher/20260831T191459Z/configs/gene_knockout_EG10197_with_aa.json,/user/home/il22158/work/vEcoli/job/generated_runs/launcher/20260831T191459Z/slurm/gene_knockout_EG10197_with_aa.sh
EG10197,acetate,gene_knockout_EG10197_acetate,6,14,job/write_for_new_job.py,/user/home/il22158/work/vEcoli/job/generated_runs/launcher/20260831T191459Z/configs/gene_knockout_EG10197_acetate.json,/user/home/il22158/work/vEcoli/job/generated_runs/launcher/20260831T191459Z/slurm/gene_knockout_EG10197_acetate.sh
EG10197,no_ox,gene_knockout_EG10197_no_ox,6,14,job/write_for_new_job.py,/user/home/il22158/work/vEcoli/job/generated_runs/launcher/20260831T191459Z/configs/gene_knockout_EG10197_no_ox.json,/user/home/il22158/work/vEcoli/job/generated_runs/launcher/20260831T191459Z/slurm/gene_knockout_EG10197_no_ox.sh
EG10197,succinate,gene_knockout_EG10197_succinate,13,20,job/write_for_new_job.py,/user/home/il22158/work/vEcoli/job/generated_runs/launcher/20260831T191459Z/configs/gene_knockout_EG10197_succinate.json,/user/home/il22158/work/vEcoli/job/generated_runs/launcher/20260831T191459Z/slurm/gene_knockout_EG10197_succinate.sh
EG10198,with_aa,gene_knockout_EG10198_with_aa,5,13,job/write_for_new_job.py,/user/home/il22158/work/vEcoli/job/generated_runs/launcher/20260831T191459Z/configs/gene_knockout_EG10198_with_aa.json,/user/home/il22158/work/vEcoli/job/generated_runs/launcher/20260831T191459Z/slurm/gene_knockout_EG10198_with_aa.sh
EG10198,acetate,gene_knockout_EG10198_acetate,6,14,job/write_for_new_job.py,/user/home/il22158/work/vEcoli/job/generated_runs/launcher/20260831T191459Z/configs/gene_knockout_EG10198_acetate.json,/user/home/il22158/work/vEcoli/job/generated_runs/launcher/20260831T191459Z/slurm/gene_knockout_EG10198_acetate.sh
EG10198,no_ox,gene_knockout_EG10198_no_ox,6,14,job/write_for_new_job.py,/user/home/il22158/work/vEcoli/job/generated_runs/launcher/20260831T191459Z/configs/gene_knockout_EG10198_no_ox.json,/user/home/il22158/work/vEcoli/job/generated_runs/launcher/20260831T191459Z/slurm/gene_knockout_EG10198_no_ox.sh
EG10198,succinate,gene_knockout_EG10198_succinate,13,20,job/write_for_new_job.py,/user/home/il22158/work/vEcoli/job/generated_runs/launcher/20260831T191459Z/configs/gene_knockout_EG10198_succinate.json,/user/home/il22158/work/vEcoli/job/generated_runs/launcher/20260831T191459Z/slurm/gene_knockout_EG10198_succinate.sh
EG10200,with_aa,gene_knockout_EG10200_with_aa,5,13,job/write_for_new_job.py,/user/home/il22158/work/vEcoli/job/generated_runs/launcher/20260831T191459Z/configs/gene_knockout_EG10200_with_aa.json,/user/home/il22158/work/vEcoli/job/generated_runs/launcher/20260831T191459Z/slurm/gene_knockout_EG10200_with_aa.sh
EG10200,acetate,gene_knockout_EG10200_acetate,6,14,job/write_for_new_job.py,/user/home/il22158/work/vEcoli/job/generated_runs/launcher/20260831T191459Z/configs/gene_knockout_EG10200_acetate.json,/user/home/il22158/work/vEcoli/job/generated_runs/launcher/20260831T191459Z/slurm/gene_knockout_EG10200_acetate.sh
EG10200,no_ox,gene_knockout_EG10200_no_ox,6,14,job/write_for_new_job.py,/user/home/il22158/work/vEcoli/job/generated_runs/launcher/20260831T191459Z/configs/gene_knockout_EG10200_no_ox.json,/user/home/il22158/work/vEcoli/job/generated_runs/launcher/20260831T191459Z/slurm/gene_knockout_EG10200_no_ox.sh
EG10200,succinate,gene_knockout_EG10200_succinate,13,20,job/write_for_new_job.py,/user/home/il22158/work/vEcoli/job/generated_runs/launcher/20260831T191459Z/configs/gene_knockout_EG10200_succinate.json,/user/home/il22158/work/vEcoli/job/generated_runs/launcher/20260831T191459Z/slurm/gene_knockout_EG10200_succinate.sh
EG10205,with_aa,gene_knockout_EG10205_with_aa,5,13,job/write_for_new_job.py,/user/home/il22158/work/vEcoli/job/generated_runs/launcher/20260831T191459Z/configs/gene_knockout_EG10205_with_aa.json,/user/home/il22158/work/vEcoli/job/generated_runs/launcher/20260831T191459Z/slurm/gene_knockout_EG10205_with_aa.sh
EG10205,acetate,gene_knockout_EG10205_acetate,6,14,job/write_for_new_job.py,/user/home/il22158/work/vEcoli/job/generated_runs/launcher/20260831T191459Z/configs/gene_knockout_EG10205_acetate.json,/user/home/il22158/work/vEcoli/job/generated_runs/launcher/20260831T191459Z/slurm/gene_knockout_EG10205_acetate.sh
EG10205,no_ox,gene_knockout_EG10205_no_ox,6,14,job/write_for_new_job.py,/user/home/il22158/work/vEcoli/job/generated_runs/launcher/20260831T191459Z/configs/gene_knockout_EG10205_no_ox.json,/user/home/il22158/work/vEcoli/job/generated_runs/launcher/20260831T191459Z/slurm/gene_knockout_EG10205_no_ox.sh
EG10205,succinate,gene_knockout_EG10205_succinate,13,20,job/write_for_new_job.py,/user/home/il22158/work/vEcoli/job/generated_runs/launcher/20260831T191459Z/configs/gene_knockout_EG10205_succinate.json,/user/home/il22158/work/vEcoli/job/generated_runs/launcher/20260831T191459Z/slurm/gene_knockout_EG10205_succinate.sh
EG10206,with_aa,gene_knockout_EG10206_with_aa,5,13,job/write_for_new_job.py,/user/home/il22158/work/vEcoli/job/generated_runs/launcher/20260831T191459Z/configs/gene_knockout_EG10206_with_aa.json,/user/home/il22158/work/vEcoli/job/generated_runs/launcher/20260831T191459Z/slurm/gene_knockout_EG10206_with_aa.sh
EG10206,acetate,gene_knockout_EG10206_acetate,6,14,job/write_for_new_job.py,/user/home/il22158/work/vEcoli/job/generated_runs/launcher/20260831T191459Z/configs/gene_knockout_EG10206_acetate.json,/user/home/il22158/work/vEcoli/job/generated_runs/launcher/20260831T191459Z/slurm/gene_knockout_EG10206_acetate.sh
EG10206,no_ox,gene_knockout_EG10206_no_ox,6,14,job/write_for_new_job.py,/user/home/il22158/work/vEcoli/job/generated_runs/launcher/20260831T191459Z/configs/gene_knockout_EG10206_no_ox.json,/user/home/il22158/work/vEcoli/job/generated_runs/launcher/20260831T191459Z/slurm/gene_knockout_EG10206_no_ox.sh
EG10206,succinate,gene_knockout_EG10206_succinate,13,20,job/write_for_new_job.py,/user/home/il22158/work/vEcoli/job/generated_runs/launcher/20260831T191459Z/configs/gene_knockout_EG10206_succinate.json,/user/home/il22158/work/vEcoli/job/generated_runs/launcher/20260831T191459Z/slurm/gene_knockout_EG10206_succinate.sh
EG10207,with_aa,gene_knockout_EG10207_with_aa,5,13,job/write_for_new_job.py,/user/home/il22158/work/vEcoli/job/generated_runs/launcher/20260831T191459Z/configs/gene_knockout_EG10207_with_aa.json,/user/home/il22158/work/vEcoli/job/generated_runs/launcher/20260831T191459Z/slurm/gene_knockout_EG10207_with_aa.sh
EG10207,acetate,gene_knockout_EG10207_acetate,6,14,job/write_for_new_job.py,/user/home/il22158/work/vEcoli/job/generated_runs/launcher/20260831T191459Z/configs/gene_knockout_EG10207_acetate.json,/user/home/il22158/work/vEcoli/job/generated_runs/launcher/20260831T191459Z/slurm/gene_knockout_EG10207_acetate.sh
EG10207,no_ox,gene_knockout_EG10207_no_ox,6,14,job/write_for_new_job.py,/user/home/il22158/work/vEcoli/job/generated_runs/launcher/20260831T191459Z/configs/gene_knockout_EG10207_no_ox.json,/user/home/il22158/work/vEcoli/job/generated_runs/launcher/20260831T191459Z/slurm/gene_knockout_EG10207_no_ox.sh
EG10207,succinate,gene_knockout_EG10207_succinate,13,20,job/write_for_new_job.py,/user/home/il22158/work/vEcoli/job/generated_runs/launcher/20260831T191459Z/configs/gene_knockout_EG10207_succinate.json,/user/home/il22158/work/vEcoli/job/generated_runs/launcher/20260831T191459Z/slurm/gene_knockout_EG10207_succinate.sh
EG10208,with_aa,gene_knockout_EG10208_with_aa,5,13,job/write_for_new_job.py,/user/home/il22158/work/vEcoli/job/generated_runs/launcher/20260831T191459Z/configs/gene_knockout_EG10208_with_aa.json,/user/home/il22158/work/vEcoli/job/generated_runs/launcher/20260831T191459Z/slurm/gene_knockout_EG10208_with_aa.sh
EG10208,acetate,gene_knockout_EG10208_acetate,6,14,job/write_for_new_job.py,/user/home/il22158/work/vEcoli/job/generated_runs/launcher/20260831T191459Z/configs/gene_knockout_EG10208_acetate.json,/user/home/il22158/work/vEcoli/job/generated_runs/launcher/20260831T191459Z/slurm/gene_knockout_EG10208_acetate.sh
EG10208,no_ox,gene_knockout_EG10208_no_ox,6,14,job/write_for_new_job.py,/user/home/il22158/work/vEcoli/job/generated_runs/launcher/20260831T191459Z/configs/gene_knockout_EG10208_no_ox.json,/user/home/il22158/work/vEcoli/job/generated_runs/launcher/20260831T191459Z/slurm/gene_knockout_EG10208_no_ox.sh
EG10208,succinate,gene_knockout_EG10208_succinate,13,20,job/write_for_new_job.py,/user/home/il22158/work/vEcoli/job/generated_runs/launcher/20260831T191459Z/configs/gene_knockout_EG10208_succinate.json,/user/home/il22158/work/vEcoli/job/generated_runs/launcher/20260831T191459Z/slurm/gene_knockout_EG10208_succinate.sh
EG10209,with_aa,gene_knockout_EG10209_with_aa,5,13,job/write_for_new_job.py,/user/home/il22158/work/vEcoli/job/generated_runs/launcher/20260831T191459Z/configs/gene_knockout_EG10209_with_aa.json,/user/home/il22158/work/vEcoli/job/generated_runs/launcher/20260831T191459Z/slurm/gene_knockout_EG10209_with_aa.sh
EG10209,acetate,gene_knockout_EG10209_acetate,6,14,job/write_for_new_job.py,/user/home/il22158/work/vEcoli/job/generated_runs/launcher/20260831T191459Z/configs/gene_knockout_EG10209_acetate.json,/user/home/il22158/work/vEcoli/job/generated_runs/launcher/20260831T191459Z/slurm/gene_knockout_EG10209_acetate.sh
EG10209,no_ox,gene_knockout_EG10209_no_ox,6,14,job/write_for_new_job.py,/user/home/il22158/work/vEcoli/job/generated_runs/launcher/20260831T191459Z/configs/gene_knockout_EG10209_no_ox.json,/user/home/il22158/work/vEcoli/job/generated_runs/launcher/20260831T191459Z/slurm/gene_knockout_EG10209_no_ox.sh
EG10209,succinate,gene_knockout_EG10209_succinate,13,20,job/write_for_new_job.py,/user/home/il22158/work/vEcoli/job/generated_runs/launcher/20260831T191459Z/configs/gene_knockout_EG10209_succinate.json,/user/home/il22158/work/vEcoli/job/generated_runs/launcher/20260831T191459Z/slurm/gene_knockout_EG10209_succinate.sh
EG10214,with_aa,gene_knockout_EG10214_with_aa,5,13,job/write_for_new_job.py,/user/home/il22158/work/vEcoli/job/generated_runs/launcher/20260831T191459Z/configs/gene_knockout_EG10214_with_aa.json,/user/home/il22158/work/vEcoli/job/generated_runs/launcher/20260831T191459Z/slurm/gene_knockout_EG10214_with_aa.sh
EG10214,acetate,gene_knockout_EG10214_acetate,6,14,job/write_for_new_job.py,/user/home/il22158/work/vEcoli/job/generated_runs/launcher/20260831T191459Z/configs/gene_knockout_EG10214_acetate.json,/user/home/il22158/work/vEcoli/job/generated_runs/launcher/20260831T191459Z/slurm/gene_knockout_EG10214_acetate.sh
EG10214,no_ox,gene_knockout_EG10214_no_ox,6,14,job/write_for_new_job.py,/user/home/il22158/work/vEcoli/job/generated_runs/launcher/20260831T191459Z/configs/gene_knockout_EG10214_no_ox.json,/user/home/il22158/work/vEcoli/job/generated_runs/launcher/20260831T191459Z/slurm/gene_knockout_EG10214_no_ox.sh
EG10214,succinate,gene_knockout_EG10214_succinate,13,20,job/write_for_new_job.py,/user/home/il22158/work/vEcoli/job/generated_runs/launcher/20260831T191459Z/configs/gene_knockout_EG10214_succinate.json,/user/home/il22158/work/vEcoli/job/generated_runs/launcher/20260831T191459Z/slurm/gene_knockout_EG10214_succinate.sh
EG10220,with_aa,gene_knockout_EG10220_with_aa,5,13,job/write_for_new_job.py,/user/home/il22158/work/vEcoli/job/generated_runs/launcher/20260831T191459Z/configs/gene_knockout_EG10220_with_aa.json,/user/home/il22158/work/vEcoli/job/generated_runs/launcher/20260831T191459Z/slurm/gene_knockout_EG10220_with_aa.sh
EG10220,acetate,gene_knockout_EG10220_acetate,6,14,job/write_for_new_job.py,/user/home/il22158/work/vEcoli/job/generated_runs/launcher/20260831T191459Z/configs/gene_knockout_EG10220_acetate.json,/user/home/il22158/work/vEcoli/job/generated_runs/launcher/20260831T191459Z/slurm/gene_knockout_EG10220_acetate.sh
EG10220,no_ox,gene_knockout_EG10220_no_ox,6,14,job/write_for_new_job.py,/user/home/il22158/work/vEcoli/job/generated_runs/launcher/20260831T191459Z/configs/gene_knockout_EG10220_no_ox.json,/user/home/il22158/work/vEcoli/job/generated_runs/launcher/20260831T191459Z/slurm/gene_knockout_EG10220_no_ox.sh
EG10220,succinate,gene_knockout_EG10220_succinate,13,20,job/write_for_new_job.py,/user/home/il22158/work/vEcoli/job/generated_runs/launcher/20260831T191459Z/configs/gene_knockout_EG10220_succinate.json,/user/home/il22158/work/vEcoli/job/generated_runs/launcher/20260831T191459Z/slurm/gene_knockout_EG10220_succinate.sh
EG10221,with_aa,gene_knockout_EG10221_with_aa,5,13,job/write_for_new_job.py,/user/home/il22158/work/vEcoli/job/generated_runs/launcher/20260831T191459Z/configs/gene_knockout_EG10221_with_aa.json,/user/home/il22158/work/vEcoli/job/generated_runs/launcher/20260831T191459Z/slurm/gene_knockout_EG10221_with_aa.sh
EG10221,acetate,gene_knockout_EG10221_acetate,6,14,job/write_for_new_job.py,/user/home/il22158/work/vEcoli/job/generated_runs/launcher/20260831T191459Z/configs/gene_knockout_EG10221_acetate.json,/user/home/il22158/work/vEcoli/job/generated_runs/launcher/20260831T191459Z/slurm/gene_knockout_EG10221_acetate.sh
EG10221,no_ox,gene_knockout_EG10221_no_ox,6,14,job/write_for_new_job.py,/user/home/il22158/work/vEcoli/job/generated_runs/launcher/20260831T191459Z/configs/gene_knockout_EG10221_no_ox.json,/user/home/il22158/work/vEcoli/job/generated_runs/launcher/20260831T191459Z/slurm/gene_knockout_EG10221_no_ox.sh
EG10221,succinate,gene_knockout_EG10221_succinate,13,20,job/write_for_new_job.py,/user/home/il22158/work/vEcoli/job/generated_runs/launcher/20260831T191459Z/configs/gene_knockout_EG10221_succinate.json,/user/home/il22158/work/vEcoli/job/generated_runs/launcher/20260831T191459Z/slurm/gene_knockout_EG10221_succinate.sh
EG10262,with_aa,gene_knockout_EG10262_with_aa,5,13,job/write_for_new_job.py,/user/home/il22158/work/vEcoli/job/generated_runs/launcher/20260831T191459Z/configs/gene_knockout_EG10262_with_aa.json,/user/home/il22158/work/vEcoli/job/generated_runs/launcher/20260831T191459Z/slurm/gene_knockout_EG10262_with_aa.sh
EG10262,acetate,gene_knockout_EG10262_acetate,6,14,job/write_for_new_job.py,/user/home/il22158/work/vEcoli/job/generated_runs/launcher/20260831T191459Z/configs/gene_knockout_EG10262_acetate.json,/user/home/il22158/work/vEcoli/job/generated_runs/launcher/20260831T191459Z/slurm/gene_knockout_EG10262_acetate.sh
EG10262,no_ox,gene_knockout_EG10262_no_ox,6,14,job/write_for_new_job.py,/user/home/il22158/work/vEcoli/job/generated_runs/launcher/20260831T191459Z/configs/gene_knockout_EG10262_no_ox.json,/user/home/il22158/work/vEcoli/job/generated_runs/launcher/20260831T191459Z/slurm/gene_knockout_EG10262_no_ox.sh
EG10262,succinate,gene_knockout_EG10262_succinate,13,20,job/write_for_new_job.py,/user/home/il22158/work/vEcoli/job/generated_runs/launcher/20260831T191459Z/configs/gene_knockout_EG10262_succinate.json,/user/home/il22158/work/vEcoli/job/generated_runs/launcher/20260831T191459Z/slurm/gene_knockout_EG10262_succinate.sh
EG10299,with_aa,gene_knockout_EG10299_with_aa,5,13,job/write_for_new_job.py,/user/home/il22158/work/vEcoli/job/generated_runs/launcher/20260831T191459Z/configs/gene_knockout_EG10299_with_aa.json,/user/home/il22158/work/vEcoli/job/generated_runs/launcher/20260831T191459Z/slurm/gene_knockout_EG10299_with_aa.sh
EG10299,acetate,gene_knockout_EG10299_acetate,6,14,job/write_for_new_job.py,/user/home/il22158/work/vEcoli/job/generated_runs/launcher/20260831T191459Z/configs/gene_knockout_EG10299_acetate.json,/user/home/il22158/work/vEcoli/job/generated_runs/launcher/20260831T191459Z/slurm/gene_knockout_EG10299_acetate.sh
EG10299,no_ox,gene_knockout_EG10299_no_ox,6,14,job/write_for_new_job.py,/user/home/il22158/work/vEcoli/job/generated_runs/launcher/20260831T191459Z/configs/gene_knockout_EG10299_no_ox.json,/user/home/il22158/work/vEcoli/job/generated_runs/launcher/20260831T191459Z/slurm/gene_knockout_EG10299_no_ox.sh
EG10299,succinate,gene_knockout_EG10299_succinate,13,20,job/write_for_new_job.py,/user/home/il22158/work/vEcoli/job/generated_runs/launcher/20260831T191459Z/configs/gene_knockout_EG10299_succinate.json,/user/home/il22158/work/vEcoli/job/generated_runs/launcher/20260831T191459Z/slurm/gene_knockout_EG10299_succinate.sh
EG10330,with_aa,gene_knockout_EG10330_with_aa,5,13,job/write_for_new_job.py,/user/home/il22158/work/vEcoli/job/generated_runs/launcher/20260831T191459Z/configs/gene_knockout_EG10330_with_aa.json,/user/home/il22158/work/vEcoli/job/generated_runs/launcher/20260831T191459Z/slurm/gene_knockout_EG10330_with_aa.sh
EG10330,acetate,gene_knockout_EG10330_acetate,6,14,job/write_for_new_job.py,/user/home/il22158/work/vEcoli/job/generated_runs/launcher/20260831T191459Z/configs/gene_knockout_EG10330_acetate.json,/user/home/il22158/work/vEcoli/job/generated_runs/launcher/20260831T191459Z/slurm/gene_knockout_EG10330_acetate.sh
EG10330,no_ox,gene_knockout_EG10330_no_ox,6,14,job/write_for_new_job.py,/user/home/il22158/work/vEcoli/job/generated_runs/launcher/20260831T191459Z/configs/gene_knockout_EG10330_no_ox.json,/user/home/il22158/work/vEcoli/job/generated_runs/launcher/20260831T191459Z/slurm/gene_knockout_EG10330_no_ox.sh
EG10330,succinate,gene_knockout_EG10330_succinate,13,20,job/write_for_new_job.py,/user/home/il22158/work/vEcoli/job/generated_runs/launcher/20260831T191459Z/configs/gene_knockout_EG10330_succinate.json,/user/home/il22158/work/vEcoli/job/generated_runs/launcher/20260831T191459Z/slurm/gene_knockout_EG10330_succinate.sh
EG10350,with_aa,gene_knockout_EG10350_with_aa,5,13,job/write_for_new_job.py,/user/home/il22158/work/vEcoli/job/generated_runs/launcher/20260831T191459Z/configs/gene_knockout_EG10350_with_aa.json,/user/home/il22158/work/vEcoli/job/generated_runs/launcher/20260831T191459Z/slurm/gene_knockout_EG10350_with_aa.sh
EG10350,acetate,gene_knockout_EG10350_acetate,6,14,job/write_for_new_job.py,/user/home/il22158/work/vEcoli/job/generated_runs/launcher/20260831T191459Z/configs/gene_knockout_EG10350_acetate.json,/user/home/il22158/work/vEcoli/job/generated_runs/launcher/20260831T191459Z/slurm/gene_knockout_EG10350_acetate.sh
EG10350,no_ox,gene_knockout_EG10350_no_ox,6,14,job/write_for_new_job.py,/user/home/il22158/work/vEcoli/job/generated_runs/launcher/20260831T191459Z/configs/gene_knockout_EG10350_no_ox.json,/user/home/il22158/work/vEcoli/job/generated_runs/launcher/20260831T191459Z/slurm/gene_knockout_EG10350_no_ox.sh
EG10350,succinate,gene_knockout_EG10350_succinate,13,20,job/write_for_new_job.py,/user/home/il22158/work/vEcoli/job/generated_runs/launcher/20260831T191459Z/configs/gene_knockout_EG10350_succinate.json,/user/home/il22158/work/vEcoli/job/generated_runs/launcher/20260831T191459Z/slurm/gene_knockout_EG10350_succinate.sh
EG10356,with_aa,gene_knockout_EG10356_with_aa,5,13,job/write_for_new_job.py,/user/home/il22158/work/vEcoli/job/generated_runs/launcher/20260831T191459Z/configs/gene_knockout_EG10356_with_aa.json,/user/home/il22158/work/vEcoli/job/generated_runs/launcher/20260831T191459Z/slurm/gene_knockout_EG10356_with_aa.sh
EG10356,acetate,gene_knockout_EG10356_acetate,6,14,job/write_for_new_job.py,/user/home/il22158/work/vEcoli/job/generated_runs/launcher/20260831T191459Z/configs/gene_knockout_EG10356_acetate.json,/user/home/il22158/work/vEcoli/job/generated_runs/launcher/20260831T191459Z/slurm/gene_knockout_EG10356_acetate.sh
EG10356,no_ox,gene_knockout_EG10356_no_ox,6,14,job/write_for_new_job.py,/user/home/il22158/work/vEcoli/job/generated_runs/launcher/20260831T191459Z/configs/gene_knockout_EG10356_no_ox.json,/user/home/il22158/work/vEcoli/job/generated_runs/launcher/20260831T191459Z/slurm/gene_knockout_EG10356_no_ox.sh
EG10356,succinate,gene_knockout_EG10356_succinate,13,20,job/write_for_new_job.py,/user/home/il22158/work/vEcoli/job/generated_runs/launcher/20260831T191459Z/configs/gene_knockout_EG10356_succinate.json,/user/home/il22158/work/vEcoli/job/generated_runs/launcher/20260831T191459Z/slurm/gene_knockout_EG10356_succinate.sh
EG10358,with_aa,gene_knockout_EG10358_with_aa,5,13,job/write_for_new_job.py,/user/home/il22158/work/vEcoli/job/generated_runs/launcher/20260831T191459Z/configs/gene_knockout_EG10358_with_aa.json,/user/home/il22158/work/vEcoli/job/generated_runs/launcher/20260831T191459Z/slurm/gene_knockout_EG10358_with_aa.sh
EG10358,acetate,gene_knockout_EG10358_acetate,6,14,job/write_for_new_job.py,/user/home/il22158/work/vEcoli/job/generated_runs/launcher/20260831T191459Z/configs/gene_knockout_EG10358_acetate.json,/user/home/il22158/work/vEcoli/job/generated_runs/launcher/20260831T191459Z/slurm/gene_knockout_EG10358_acetate.sh
EG10358,no_ox,gene_knockout_EG10358_no_ox,6,14,job/write_for_new_job.py,/user/home/il22158/work/vEcoli/job/generated_runs/launcher/20260831T191459Z/configs/gene_knockout_EG10358_no_ox.json,/user/home/il22158/work/vEcoli/job/generated_runs/launcher/20260831T191459Z/slurm/gene_knockout_EG10358_no_ox.sh
EG10358,succinate,gene_knockout_EG10358_succinate,13,20,job/write_for_new_job.py,/user/home/il22158/work/vEcoli/job/generated_runs/launcher/20260831T191459Z/configs/gene_knockout_EG10358_succinate.json,/user/home/il22158/work/vEcoli/job/generated_runs/launcher/20260831T191459Z/slurm/gene_knockout_EG10358_succinate.sh
EG10361,with_aa,gene_knockout_EG10361_with_aa,5,13,job/write_for_new_job.py,/user/home/il22158/work/vEcoli/job/generated_runs/launcher/20260831T191459Z/configs/gene_knockout_EG10361_with_aa.json,/user/home/il22158/work/vEcoli/job/generated_runs/launcher/20260831T191459Z/slurm/gene_knockout_EG10361_with_aa.sh
EG10361,acetate,gene_knockout_EG10361_acetate,6,14,job/write_for_new_job.py,/user/home/il22158/work/vEcoli/job/generated_runs/launcher/20260831T191459Z/configs/gene_knockout_EG10361_acetate.json,/user/home/il22158/work/vEcoli/job/generated_runs/launcher/20260831T191459Z/slurm/gene_knockout_EG10361_acetate.sh
EG10361,no_ox,gene_knockout_EG10361_no_ox,6,14,job/write_for_new_job.py,/user/home/il22158/work/vEcoli/job/generated_runs/launcher/20260831T191459Z/configs/gene_knockout_EG10361_no_ox.json,/user/home/il22158/work/vEcoli/job/generated_runs/launcher/20260831T191459Z/slurm/gene_knockout_EG10361_no_ox.sh
EG10361,succinate,gene_knockout_EG10361_succinate,13,20,job/write_for_new_job.py,/user/home/il22158/work/vEcoli/job/generated_runs/launcher/20260831T191459Z/configs/gene_knockout_EG10361_succinate.json,/user/home/il22158/work/vEcoli/job/generated_runs/launcher/20260831T191459Z/slurm/gene_knockout_EG10361_succinate.sh
EG10383,with_aa,gene_knockout_EG10383_with_aa,5,13,job/write_for_new_job.py,/user/home/il22158/work/vEcoli/job/generated_runs/launcher/20260831T191459Z/configs/gene_knockout_EG10383_with_aa.json,/user/home/il22158/work/vEcoli/job/generated_runs/launcher/20260831T191459Z/slurm/gene_knockout_EG10383_with_aa.sh
EG10383,acetate,gene_knockout_EG10383_acetate,6,14,job/write_for_new_job.py,/user/home/il22158/work/vEcoli/job/generated_runs/launcher/20260831T191459Z/configs/gene_knockout_EG10383_acetate.json,/user/home/il22158/work/vEcoli/job/generated_runs/launcher/20260831T191459Z/slurm/gene_knockout_EG10383_acetate.sh
EG10383,no_ox,gene_knockout_EG10383_no_ox,6,14,job/write_for_new_job.py,/user/home/il22158/work/vEcoli/job/generated_runs/launcher/20260831T191459Z/configs/gene_knockout_EG10383_no_ox.json,/user/home/il22158/work/vEcoli/job/generated_runs/launcher/20260831T191459Z/slurm/gene_knockout_EG10383_no_ox.sh
EG10383,succinate,gene_knockout_EG10383_succinate,13,20,job/write_for_new_job.py,/user/home/il22158/work/vEcoli/job/generated_runs/launcher/20260831T191459Z/configs/gene_knockout_EG10383_succinate.json,/user/home/il22158/work/vEcoli/job/generated_runs/launcher/20260831T191459Z/slurm/gene_knockout_EG10383_succinate.sh
EG10386,with_aa,gene_knockout_EG10386_with_aa,5,13,job/write_for_new_job.py,/user/home/il22158/work/vEcoli/job/generated_runs/launcher/20260831T191459Z/configs/gene_knockout_EG10386_with_aa.json,/user/home/il22158/work/vEcoli/job/generated_runs/launcher/20260831T191459Z/slurm/gene_knockout_EG10386_with_aa.sh
EG10386,acetate,gene_knockout_EG10386_acetate,6,14,job/write_for_new_job.py,/user/home/il22158/work/vEcoli/job/generated_runs/launcher/20260831T191459Z/configs/gene_knockout_EG10386_acetate.json,/user/home/il22158/work/vEcoli/job/generated_runs/launcher/20260831T191459Z/slurm/gene_knockout_EG10386_acetate.sh
EG10386,no_ox,gene_knockout_EG10386_no_ox,6,14,job/write_for_new_job.py,/user/home/il22158/work/vEcoli/job/generated_runs/launcher/20260831T191459Z/configs/gene_knockout_EG10386_no_ox.json,/user/home/il22158/work/vEcoli/job/generated_runs/launcher/20260831T191459Z/slurm/gene_knockout_EG10386_no_ox.sh
EG10386,succinate,gene_knockout_EG10386_succinate,13,20,job/write_for_new_job.py,/user/home/il22158/work/vEcoli/job/generated_runs/launcher/20260831T191459Z/configs/gene_knockout_EG10386_succinate.json,/user/home/il22158/work/vEcoli/job/generated_runs/launcher/20260831T191459Z/slurm/gene_knockout_EG10386_succinate.sh
EG10390,with_aa,gene_knockout_EG10390_with_aa,5,13,job/write_for_new_job.py,/user/home/il22158/work/vEcoli/job/generated_runs/launcher/20260831T191459Z/configs/gene_knockout_EG10390_with_aa.json,/user/home/il22158/work/vEcoli/job/generated_runs/launcher/20260831T191459Z/slurm/gene_knockout_EG10390_with_aa.sh
EG10390,acetate,gene_knockout_EG10390_acetate,6,14,job/write_for_new_job.py,/user/home/il22158/work/vEcoli/job/generated_runs/launcher/20260831T191459Z/configs/gene_knockout_EG10390_acetate.json,/user/home/il22158/work/vEcoli/job/generated_runs/launcher/20260831T191459Z/slurm/gene_knockout_EG10390_acetate.sh
EG10390,no_ox,gene_knockout_EG10390_no_ox,6,14,job/write_for_new_job.py,/user/home/il22158/work/vEcoli/job/generated_runs/launcher/20260831T191459Z/configs/gene_knockout_EG10390_no_ox.json,/user/home/il22158/work/vEcoli/job/generated_runs/launcher/20260831T191459Z/slurm/gene_knockout_EG10390_no_ox.sh
EG10390,succinate,gene_knockout_EG10390_succinate,13,20,job/write_for_new_job.py,/user/home/il22158/work/vEcoli/job/generated_runs/launcher/20260831T191459Z/configs/gene_knockout_EG10390_succinate.json,/user/home/il22158/work/vEcoli/job/generated_runs/launcher/20260831T191459Z/slurm/gene_knockout_EG10390_succinate.sh
EG10402,with_aa,gene_knockout_EG10402_with_aa,5,13,job/write_for_new_job.py,/user/home/il22158/work/vEcoli/job/generated_runs/launcher/20260831T191459Z/configs/gene_knockout_EG10402_with_aa.json,/user/home/il22158/work/vEcoli/job/generated_runs/launcher/20260831T191459Z/slurm/gene_knockout_EG10402_with_aa.sh
EG10402,acetate,gene_knockout_EG10402_acetate,6,14,job/write_for_new_job.py,/user/home/il22158/work/vEcoli/job/generated_runs/launcher/20260831T191459Z/configs/gene_knockout_EG10402_acetate.json,/user/home/il22158/work/vEcoli/job/generated_runs/launcher/20260831T191459Z/slurm/gene_knockout_EG10402_acetate.sh
EG10402,no_ox,gene_knockout_EG10402_no_ox,6,14,job/write_for_new_job.py,/user/home/il22158/work/vEcoli/job/generated_runs/launcher/20260831T191459Z/configs/gene_knockout_EG10402_no_ox.json,/user/home/il22158/work/vEcoli/job/generated_runs/launcher/20260831T191459Z/slurm/gene_knockout_EG10402_no_ox.sh
EG10402,succinate,gene_knockout_EG10402_succinate,13,20,job/write_for_new_job.py,/user/home/il22158/work/vEcoli/job/generated_runs/launcher/20260831T191459Z/configs/gene_knockout_EG10402_succinate.json,/user/home/il22158/work/vEcoli/job/generated_runs/launcher/20260831T191459Z/slurm/gene_knockout_EG10402_succinate.sh
EG10407,with_aa,gene_knockout_EG10407_with_aa,5,13,job/write_for_new_job.py,/user/home/il22158/work/vEcoli/job/generated_runs/launcher/20260831T191459Z/configs/gene_knockout_EG10407_with_aa.json,/user/home/il22158/work/vEcoli/job/generated_runs/launcher/20260831T191459Z/slurm/gene_knockout_EG10407_with_aa.sh
EG10407,acetate,gene_knockout_EG10407_acetate,6,14,job/write_for_new_job.py,/user/home/il22158/work/vEcoli/job/generated_runs/launcher/20260831T191459Z/configs/gene_knockout_EG10407_acetate.json,/user/home/il22158/work/vEcoli/job/generated_runs/launcher/20260831T191459Z/slurm/gene_knockout_EG10407_acetate.sh
EG10407,no_ox,gene_knockout_EG10407_no_ox,6,14,job/write_for_new_job.py,/user/home/il22158/work/vEcoli/job/generated_runs/launcher/20260831T191459Z/configs/gene_knockout_EG10407_no_ox.json,/user/home/il22158/work/vEcoli/job/generated_runs/launcher/20260831T191459Z/slurm/gene_knockout_EG10407_no_ox.sh
EG10407,succinate,gene_knockout_EG10407_succinate,13,20,job/write_for_new_job.py,/user/home/il22158/work/vEcoli/job/generated_runs/launcher/20260831T191459Z/configs/gene_knockout_EG10407_succinate.json,/user/home/il22158/work/vEcoli/job/generated_runs/launcher/20260831T191459Z/slurm/gene_knockout_EG10407_succinate.sh
EG10408,with_aa,gene_knockout_EG10408_with_aa,5,13,job/write_for_new_job.py,/user/home/il22158/work/vEcoli/job/generated_runs/launcher/20260831T191459Z/configs/gene_knockout_EG10408_with_aa.json,/user/home/il22158/work/vEcoli/job/generated_runs/launcher/20260831T191459Z/slurm/gene_knockout_EG10408_with_aa.sh
EG10408,acetate,gene_knockout_EG10408_acetate,6,14,job/write_for_new_job.py,/user/home/il22158/work/vEcoli/job/generated_runs/launcher/20260831T191459Z/configs/gene_knockout_EG10408_acetate.json,/user/home/il22158/work/vEcoli/job/generated_runs/launcher/20260831T191459Z/slurm/gene_knockout_EG10408_acetate.sh
EG10408,no_ox,gene_knockout_EG10408_no_ox,6,14,job/write_for_new_job.py,/user/home/il22158/work/vEcoli/job/generated_runs/launcher/20260831T191459Z/configs/gene_knockout_EG10408_no_ox.json,/user/home/il22158/work/vEcoli/job/generated_runs/launcher/20260831T191459Z/slurm/gene_knockout_EG10408_no_ox.sh
EG10408,succinate,gene_knockout_EG10408_succinate,13,20,job/write_for_new_job.py,/user/home/il22158/work/vEcoli/job/generated_runs/launcher/20260831T191459Z/configs/gene_knockout_EG10408_succinate.json,/user/home/il22158/work/vEcoli/job/generated_runs/launcher/20260831T191459Z/slurm/gene_knockout_EG10408_succinate.sh
EG10409,with_aa,gene_knockout_EG10409_with_aa,5,13,job/write_for_new_job.py,/user/home/il22158/work/vEcoli/job/generated_runs/launcher/20260831T191459Z/configs/gene_knockout_EG10409_with_aa.json,/user/home/il22158/work/vEcoli/job/generated_runs/launcher/20260831T191459Z/slurm/gene_knockout_EG10409_with_aa.sh
EG10409,acetate,gene_knockout_EG10409_acetate,6,14,job/write_for_new_job.py,/user/home/il22158/work/vEcoli/job/generated_runs/launcher/20260831T191459Z/configs/gene_knockout_EG10409_acetate.json,/user/home/il22158/work/vEcoli/job/generated_runs/launcher/20260831T191459Z/slurm/gene_knockout_EG10409_acetate.sh
EG10409,no_ox,gene_knockout_EG10409_no_ox,6,14,job/write_for_new_job.py,/user/home/il22158/work/vEcoli/job/generated_runs/launcher/20260831T191459Z/configs/gene_knockout_EG10409_no_ox.json,/user/home/il22158/work/vEcoli/job/generated_runs/launcher/20260831T191459Z/slurm/gene_knockout_EG10409_no_ox.sh
EG10409,succinate,gene_knockout_EG10409_succinate,13,20,job/write_for_new_job.py,/user/home/il22158/work/vEcoli/job/generated_runs/launcher/20260831T191459Z/configs/gene_knockout_EG10409_succinate.json,/user/home/il22158/work/vEcoli/job/generated_runs/launcher/20260831T191459Z/slurm/gene_knockout_EG10409_succinate.sh
EG10410,with_aa,gene_knockout_EG10410_with_aa,5,13,job/write_for_new_job.py,/user/home/il22158/work/vEcoli/job/generated_runs/launcher/20260831T191459Z/configs/gene_knockout_EG10410_with_aa.json,/user/home/il22158/work/vEcoli/job/generated_runs/launcher/20260831T191459Z/slurm/gene_knockout_EG10410_with_aa.sh
EG10410,acetate,gene_knockout_EG10410_acetate,6,14,job/write_for_new_job.py,/user/home/il22158/work/vEcoli/job/generated_runs/launcher/20260831T191459Z/configs/gene_knockout_EG10410_acetate.json,/user/home/il22158/work/vEcoli/job/generated_runs/launcher/20260831T191459Z/slurm/gene_knockout_EG10410_acetate.sh
EG10410,no_ox,gene_knockout_EG10410_no_ox,6,14,job/write_for_new_job.py,/user/home/il22158/work/vEcoli/job/generated_runs/launcher/20260831T191459Z/configs/gene_knockout_EG10410_no_ox.json,/user/home/il22158/work/vEcoli/job/generated_runs/launcher/20260831T191459Z/slurm/gene_knockout_EG10410_no_ox.sh
EG10410,succinate,gene_knockout_EG10410_succinate,13,20,job/write_for_new_job.py,/user/home/il22158/work/vEcoli/job/generated_runs/launcher/20260831T191459Z/configs/gene_knockout_EG10410_succinate.json,/user/home/il22158/work/vEcoli/job/generated_runs/launcher/20260831T191459Z/slurm/gene_knockout_EG10410_succinate.sh
EG10420,with_aa,gene_knockout_EG10420_with_aa,5,13,job/write_for_new_job.py,/user/home/il22158/work/vEcoli/job/generated_runs/launcher/20260831T191459Z/configs/gene_knockout_EG10420_with_aa.json,/user/home/il22158/work/vEcoli/job/generated_runs/launcher/20260831T191459Z/slurm/gene_knockout_EG10420_with_aa.sh
EG10420,acetate,gene_knockout_EG10420_acetate,6,14,job/write_for_new_job.py,/user/home/il22158/work/vEcoli/job/generated_runs/launcher/20260831T191459Z/configs/gene_knockout_EG10420_acetate.json,/user/home/il22158/work/vEcoli/job/generated_runs/launcher/20260831T191459Z/slurm/gene_knockout_EG10420_acetate.sh
EG10420,no_ox,gene_knockout_EG10420_no_ox,6,14,job/write_for_new_job.py,/user/home/il22158/work/vEcoli/job/generated_runs/launcher/20260831T191459Z/configs/gene_knockout_EG10420_no_ox.json,/user/home/il22158/work/vEcoli/job/generated_runs/launcher/20260831T191459Z/slurm/gene_knockout_EG10420_no_ox.sh
EG10420,succinate,gene_knockout_EG10420_succinate,13,20,job/write_for_new_job.py,/user/home/il22158/work/vEcoli/job/generated_runs/launcher/20260831T191459Z/configs/gene_knockout_EG10420_succinate.json,/user/home/il22158/work/vEcoli/job/generated_runs/launcher/20260831T191459Z/slurm/gene_knockout_EG10420_succinate.sh
EG10421,with_aa,gene_knockout_EG10421_with_aa,5,13,job/write_for_new_job.py,/user/home/il22158/work/vEcoli/job/generated_runs/launcher/20260831T191459Z/configs/gene_knockout_EG10421_with_aa.json,/user/home/il22158/work/vEcoli/job/generated_runs/launcher/20260831T191459Z/slurm/gene_knockout_EG10421_with_aa.sh
EG10421,acetate,gene_knockout_EG10421_acetate,6,14,job/write_for_new_job.py,/user/home/il22158/work/vEcoli/job/generated_runs/launcher/20260831T191459Z/configs/gene_knockout_EG10421_acetate.json,/user/home/il22158/work/vEcoli/job/generated_runs/launcher/20260831T191459Z/slurm/gene_knockout_EG10421_acetate.sh
EG10421,no_ox,gene_knockout_EG10421_no_ox,6,14,job/write_for_new_job.py,/user/home/il22158/work/vEcoli/job/generated_runs/launcher/20260831T191459Z/configs/gene_knockout_EG10421_no_ox.json,/user/home/il22158/work/vEcoli/job/generated_runs/launcher/20260831T191459Z/slurm/gene_knockout_EG10421_no_ox.sh
EG10421,succinate,gene_knockout_EG10421_succinate,13,20,job/write_for_new_job.py,/user/home/il22158/work/vEcoli/job/generated_runs/launcher/20260831T191459Z/configs/gene_knockout_EG10421_succinate.json,/user/home/il22158/work/vEcoli/job/generated_runs/launcher/20260831T191459Z/slurm/gene_knockout_EG10421_succinate.sh
EG10444,with_aa,gene_knockout_EG10444_with_aa,5,13,job/write_for_new_job.py,/user/home/il22158/work/vEcoli/job/generated_runs/launcher/20260831T191459Z/configs/gene_knockout_EG10444_with_aa.json,/user/home/il22158/work/vEcoli/job/generated_runs/launcher/20260831T191459Z/slurm/gene_knockout_EG10444_with_aa.sh
EG10444,acetate,gene_knockout_EG10444_acetate,6,14,job/write_for_new_job.py,/user/home/il22158/work/vEcoli/job/generated_runs/launcher/20260831T191459Z/configs/gene_knockout_EG10444_acetate.json,/user/home/il22158/work/vEcoli/job/generated_runs/launcher/20260831T191459Z/slurm/gene_knockout_EG10444_acetate.sh
EG10444,no_ox,gene_knockout_EG10444_no_ox,6,14,job/write_for_new_job.py,/user/home/il22158/work/vEcoli/job/generated_runs/launcher/20260831T191459Z/configs/gene_knockout_EG10444_no_ox.json,/user/home/il22158/work/vEcoli/job/generated_runs/launcher/20260831T191459Z/slurm/gene_knockout_EG10444_no_ox.sh
EG10444,succinate,gene_knockout_EG10444_succinate,13,20,job/write_for_new_job.py,/user/home/il22158/work/vEcoli/job/generated_runs/launcher/20260831T191459Z/configs/gene_knockout_EG10444_succinate.json,/user/home/il22158/work/vEcoli/job/generated_runs/launcher/20260831T191459Z/slurm/gene_knockout_EG10444_succinate.sh
EG10445,with_aa,gene_knockout_EG10445_with_aa,5,13,job/write_for_new_job.py,/user/home/il22158/work/vEcoli/job/generated_runs/launcher/20260831T191459Z/configs/gene_knockout_EG10445_with_aa.json,/user/home/il22158/work/vEcoli/job/generated_runs/launcher/20260831T191459Z/slurm/gene_knockout_EG10445_with_aa.sh
EG10445,acetate,gene_knockout_EG10445_acetate,6,14,job/write_for_new_job.py,/user/home/il22158/work/vEcoli/job/generated_runs/launcher/20260831T191459Z/configs/gene_knockout_EG10445_acetate.json,/user/home/il22158/work/vEcoli/job/generated_runs/launcher/20260831T191459Z/slurm/gene_knockout_EG10445_acetate.sh
EG10445,no_ox,gene_knockout_EG10445_no_ox,6,14,job/write_for_new_job.py,/user/home/il22158/work/vEcoli/job/generated_runs/launcher/20260831T191459Z/configs/gene_knockout_EG10445_no_ox.json,/user/home/il22158/work/vEcoli/job/generated_runs/launcher/20260831T191459Z/slurm/gene_knockout_EG10445_no_ox.sh
EG10445,succinate,gene_knockout_EG10445_succinate,13,20,job/write_for_new_job.py,/user/home/il22158/work/vEcoli/job/generated_runs/launcher/20260831T191459Z/configs/gene_knockout_EG10445_succinate.json,/user/home/il22158/work/vEcoli/job/generated_runs/launcher/20260831T191459Z/slurm/gene_knockout_EG10445_succinate.sh
EG10446,with_aa,gene_knockout_EG10446_with_aa,5,13,job/write_for_new_job.py,/user/home/il22158/work/vEcoli/job/generated_runs/launcher/20260831T191459Z/configs/gene_knockout_EG10446_with_aa.json,/user/home/il22158/work/vEcoli/job/generated_runs/launcher/20260831T191459Z/slurm/gene_knockout_EG10446_with_aa.sh
EG10446,acetate,gene_knockout_EG10446_acetate,6,14,job/write_for_new_job.py,/user/home/il22158/work/vEcoli/job/generated_runs/launcher/20260831T191459Z/configs/gene_knockout_EG10446_acetate.json,/user/home/il22158/work/vEcoli/job/generated_runs/launcher/20260831T191459Z/slurm/gene_knockout_EG10446_acetate.sh
EG10446,no_ox,gene_knockout_EG10446_no_ox,6,14,job/write_for_new_job.py,/user/home/il22158/work/vEcoli/job/generated_runs/launcher/20260831T191459Z/configs/gene_knockout_EG10446_no_ox.json,/user/home/il22158/work/vEcoli/job/generated_runs/launcher/20260831T191459Z/slurm/gene_knockout_EG10446_no_ox.sh
EG10446,succinate,gene_knockout_EG10446_succinate,13,20,job/write_for_new_job.py,/user/home/il22158/work/vEcoli/job/generated_runs/launcher/20260831T191459Z/configs/gene_knockout_EG10446_succinate.json,/user/home/il22158/work/vEcoli/job/generated_runs/launcher/20260831T191459Z/slurm/gene_knockout_EG10446_succinate.sh
EG10447,with_aa,gene_knockout_EG10447_with_aa,5,13,job/write_for_new_job.py,/user/home/il22158/work/vEcoli/job/generated_runs/launcher/20260831T191459Z/configs/gene_knockout_EG10447_with_aa.json,/user/home/il22158/work/vEcoli/job/generated_runs/launcher/20260831T191459Z/slurm/gene_knockout_EG10447_with_aa.sh
EG10447,acetate,gene_knockout_EG10447_acetate,6,14,job/write_for_new_job.py,/user/home/il22158/work/vEcoli/job/generated_runs/launcher/20260831T191459Z/configs/gene_knockout_EG10447_acetate.json,/user/home/il22158/work/vEcoli/job/generated_runs/launcher/20260831T191459Z/slurm/gene_knockout_EG10447_acetate.sh
EG10447,no_ox,gene_knockout_EG10447_no_ox,6,14,job/write_for_new_job.py,/user/home/il22158/work/vEcoli/job/generated_runs/launcher/20260831T191459Z/configs/gene_knockout_EG10447_no_ox.json,/user/home/il22158/work/vEcoli/job/generated_runs/launcher/20260831T191459Z/slurm/gene_knockout_EG10447_no_ox.sh
EG10447,succinate,gene_knockout_EG10447_succinate,13,20,job/write_for_new_job.py,/user/home/il22158/work/vEcoli/job/generated_runs/launcher/20260831T191459Z/configs/gene_knockout_EG10447_succinate.json,/user/home/il22158/work/vEcoli/job/generated_runs/launcher/20260831T191459Z/slurm/gene_knockout_EG10447_succinate.sh
EG10448,with_aa,gene_knockout_EG10448_with_aa,5,13,job/write_for_new_job.py,/user/home/il22158/work/vEcoli/job/generated_runs/launcher/20260831T191459Z/configs/gene_knockout_EG10448_with_aa.json,/user/home/il22158/work/vEcoli/job/generated_runs/launcher/20260831T191459Z/slurm/gene_knockout_EG10448_with_aa.sh
EG10448,acetate,gene_knockout_EG10448_acetate,6,14,job/write_for_new_job.py,/user/home/il22158/work/vEcoli/job/generated_runs/launcher/20260831T191459Z/configs/gene_knockout_EG10448_acetate.json,/user/home/il22158/work/vEcoli/job/generated_runs/launcher/20260831T191459Z/slurm/gene_knockout_EG10448_acetate.sh
EG10448,no_ox,gene_knockout_EG10448_no_ox,6,14,job/write_for_new_job.py,/user/home/il22158/work/vEcoli/job/generated_runs/launcher/20260831T191459Z/configs/gene_knockout_EG10448_no_ox.json,/user/home/il22158/work/vEcoli/job/generated_runs/launcher/20260831T191459Z/slurm/gene_knockout_EG10448_no_ox.sh
EG10448,succinate,gene_knockout_EG10448_succinate,13,20,job/write_for_new_job.py,/user/home/il22158/work/vEcoli/job/generated_runs/launcher/20260831T191459Z/configs/gene_knockout_EG10448_succinate.json,/user/home/il22158/work/vEcoli/job/generated_runs/launcher/20260831T191459Z/slurm/gene_knockout_EG10448_succinate.sh
EG10449,with_aa,gene_knockout_EG10449_with_aa,5,13,job/write_for_new_job.py,/user/home/il22158/work/vEcoli/job/generated_runs/launcher/20260831T191459Z/configs/gene_knockout_EG10449_with_aa.json,/user/home/il22158/work/vEcoli/job/generated_runs/launcher/20260831T191459Z/slurm/gene_knockout_EG10449_with_aa.sh
EG10449,acetate,gene_knockout_EG10449_acetate,6,14,job/write_for_new_job.py,/user/home/il22158/work/vEcoli/job/generated_runs/launcher/20260831T191459Z/configs/gene_knockout_EG10449_acetate.json,/user/home/il22158/work/vEcoli/job/generated_runs/launcher/20260831T191459Z/slurm/gene_knockout_EG10449_acetate.sh
EG10449,no_ox,gene_knockout_EG10449_no_ox,6,14,job/write_for_new_job.py,/user/home/il22158/work/vEcoli/job/generated_runs/launcher/20260831T191459Z/configs/gene_knockout_EG10449_no_ox.json,/user/home/il22158/work/vEcoli/job/generated_runs/launcher/20260831T191459Z/slurm/gene_knockout_EG10449_no_ox.sh
EG10449,succinate,gene_knockout_EG10449_succinate,13,20,job/write_for_new_job.py,/user/home/il22158/work/vEcoli/job/generated_runs/launcher/20260831T191459Z/configs/gene_knockout_EG10449_succinate.json,/user/home/il22158/work/vEcoli/job/generated_runs/launcher/20260831T191459Z/slurm/gene_knockout_EG10449_succinate.sh
EG10450,with_aa,gene_knockout_EG10450_with_aa,5,13,job/write_for_new_job.py,/user/home/il22158/work/vEcoli/job/generated_runs/launcher/20260831T191459Z/configs/gene_knockout_EG10450_with_aa.json,/user/home/il22158/work/vEcoli/job/generated_runs/launcher/20260831T191459Z/slurm/gene_knockout_EG10450_with_aa.sh
EG10450,acetate,gene_knockout_EG10450_acetate,6,14,job/write_for_new_job.py,/user/home/il22158/work/vEcoli/job/generated_runs/launcher/20260831T191459Z/configs/gene_knockout_EG10450_acetate.json,/user/home/il22158/work/vEcoli/job/generated_runs/launcher/20260831T191459Z/slurm/gene_knockout_EG10450_acetate.sh
EG10450,no_ox,gene_knockout_EG10450_no_ox,6,14,job/write_for_new_job.py,/user/home/il22158/work/vEcoli/job/generated_runs/launcher/20260831T191459Z/configs/gene_knockout_EG10450_no_ox.json,/user/home/il22158/work/vEcoli/job/generated_runs/launcher/20260831T191459Z/slurm/gene_knockout_EG10450_no_ox.sh
EG10450,succinate,gene_knockout_EG10450_succinate,13,20,job/write_for_new_job.py,/user/home/il22158/work/vEcoli/job/generated_runs/launcher/20260831T191459Z/configs/gene_knockout_EG10450_succinate.json,/user/home/il22158/work/vEcoli/job/generated_runs/launcher/20260831T191459Z/slurm/gene_knockout_EG10450_succinate.sh
EG10451,with_aa,gene_knockout_EG10451_with_aa,5,13,job/write_for_new_job.py,/user/home/il22158/work/vEcoli/job/generated_runs/launcher/20260831T191459Z/configs/gene_knockout_EG10451_with_aa.json,/user/home/il22158/work/vEcoli/job/generated_runs/launcher/20260831T191459Z/slurm/gene_knockout_EG10451_with_aa.sh
EG10451,acetate,gene_knockout_EG10451_acetate,6,14,job/write_for_new_job.py,/user/home/il22158/work/vEcoli/job/generated_runs/launcher/20260831T191459Z/configs/gene_knockout_EG10451_acetate.json,/user/home/il22158/work/vEcoli/job/generated_runs/launcher/20260831T191459Z/slurm/gene_knockout_EG10451_acetate.sh
EG10451,no_ox,gene_knockout_EG10451_no_ox,6,14,job/write_for_new_job.py,/user/home/il22158/work/vEcoli/job/generated_runs/launcher/20260831T191459Z/configs/gene_knockout_EG10451_no_ox.json,/user/home/il22158/work/vEcoli/job/generated_runs/launcher/20260831T191459Z/slurm/gene_knockout_EG10451_no_ox.sh
EG10451,succinate,gene_knockout_EG10451_succinate,13,20,job/write_for_new_job.py,/user/home/il22158/work/vEcoli/job/generated_runs/launcher/20260831T191459Z/configs/gene_knockout_EG10451_succinate.json,/user/home/il22158/work/vEcoli/job/generated_runs/launcher/20260831T191459Z/slurm/gene_knockout_EG10451_succinate.sh
EG10453,with_aa,gene_knockout_EG10453_with_aa,5,13,job/write_for_new_job.py,/user/home/il22158/work/vEcoli/job/generated_runs/launcher/20260831T191459Z/configs/gene_knockout_EG10453_with_aa.json,/user/home/il22158/work/vEcoli/job/generated_runs/launcher/20260831T191459Z/slurm/gene_knockout_EG10453_with_aa.sh
EG10453,acetate,gene_knockout_EG10453_acetate,6,14,job/write_for_new_job.py,/user/home/il22158/work/vEcoli/job/generated_runs/launcher/20260831T191459Z/configs/gene_knockout_EG10453_acetate.json,/user/home/il22158/work/vEcoli/job/generated_runs/launcher/20260831T191459Z/slurm/gene_knockout_EG10453_acetate.sh
EG10453,no_ox,gene_knockout_EG10453_no_ox,6,14,job/write_for_new_job.py,/user/home/il22158/work/vEcoli/job/generated_runs/launcher/20260831T191459Z/configs/gene_knockout_EG10453_no_ox.json,/user/home/il22158/work/vEcoli/job/generated_runs/launcher/20260831T191459Z/slurm/gene_knockout_EG10453_no_ox.sh
EG10453,succinate,gene_knockout_EG10453_succinate,13,20,job/write_for_new_job.py,/user/home/il22158/work/vEcoli/job/generated_runs/launcher/20260831T191459Z/configs/gene_knockout_EG10453_succinate.json,/user/home/il22158/work/vEcoli/job/generated_runs/launcher/20260831T191459Z/slurm/gene_knockout_EG10453_succinate.sh
EG10464,with_aa,gene_knockout_EG10464_with_aa,5,13,job/write_for_new_job.py,/user/home/il22158/work/vEcoli/job/generated_runs/launcher/20260831T191459Z/configs/gene_knockout_EG10464_with_aa.json,/user/home/il22158/work/vEcoli/job/generated_runs/launcher/20260831T191459Z/slurm/gene_knockout_EG10464_with_aa.sh
EG10464,acetate,gene_knockout_EG10464_acetate,6,14,job/write_for_new_job.py,/user/home/il22158/work/vEcoli/job/generated_runs/launcher/20260831T191459Z/configs/gene_knockout_EG10464_acetate.json,/user/home/il22158/work/vEcoli/job/generated_runs/launcher/20260831T191459Z/slurm/gene_knockout_EG10464_acetate.sh
EG10464,no_ox,gene_knockout_EG10464_no_ox,6,14,job/write_for_new_job.py,/user/home/il22158/work/vEcoli/job/generated_runs/launcher/20260831T191459Z/configs/gene_knockout_EG10464_no_ox.json,/user/home/il22158/work/vEcoli/job/generated_runs/launcher/20260831T191459Z/slurm/gene_knockout_EG10464_no_ox.sh
EG10464,succinate,gene_knockout_EG10464_succinate,13,20,job/write_for_new_job.py,/user/home/il22158/work/vEcoli/job/generated_runs/launcher/20260831T191459Z/configs/gene_knockout_EG10464_succinate.json,/user/home/il22158/work/vEcoli/job/generated_runs/launcher/20260831T191459Z/slurm/gene_knockout_EG10464_succinate.sh
EG10465,with_aa,gene_knockout_EG10465_with_aa,5,13,job/write_for_new_job.py,/user/home/il22158/work/vEcoli/job/generated_runs/launcher/20260831T191459Z/configs/gene_knockout_EG10465_with_aa.json,/user/home/il22158/work/vEcoli/job/generated_runs/launcher/20260831T191459Z/slurm/gene_knockout_EG10465_with_aa.sh
EG10465,acetate,gene_knockout_EG10465_acetate,6,14,job/write_for_new_job.py,/user/home/il22158/work/vEcoli/job/generated_runs/launcher/20260831T191459Z/configs/gene_knockout_EG10465_acetate.json,/user/home/il22158/work/vEcoli/job/generated_runs/launcher/20260831T191459Z/slurm/gene_knockout_EG10465_acetate.sh
EG10465,no_ox,gene_knockout_EG10465_no_ox,6,14,job/write_for_new_job.py,/user/home/il22158/work/vEcoli/job/generated_runs/launcher/20260831T191459Z/configs/gene_knockout_EG10465_no_ox.json,/user/home/il22158/work/vEcoli/job/generated_runs/launcher/20260831T191459Z/slurm/gene_knockout_EG10465_no_ox.sh
EG10465,succinate,gene_knockout_EG10465_succinate,13,20,job/write_for_new_job.py,/user/home/il22158/work/vEcoli/job/generated_runs/launcher/20260831T191459Z/configs/gene_knockout_EG10465_succinate.json,/user/home/il22158/work/vEcoli/job/generated_runs/launcher/20260831T191459Z/slurm/gene_knockout_EG10465_succinate.sh
EG10492,with_aa,gene_knockout_EG10492_with_aa,5,13,job/write_for_new_job.py,/user/home/il22158/work/vEcoli/job/generated_runs/launcher/20260831T191459Z/configs/gene_knockout_EG10492_with_aa.json,/user/home/il22158/work/vEcoli/job/generated_runs/launcher/20260831T191459Z/slurm/gene_knockout_EG10492_with_aa.sh
EG10492,acetate,gene_knockout_EG10492_acetate,6,14,job/write_for_new_job.py,/user/home/il22158/work/vEcoli/job/generated_runs/launcher/20260831T191459Z/configs/gene_knockout_EG10492_acetate.json,/user/home/il22158/work/vEcoli/job/generated_runs/launcher/20260831T191459Z/slurm/gene_knockout_EG10492_acetate.sh
EG10492,no_ox,gene_knockout_EG10492_no_ox,6,14,job/write_for_new_job.py,/user/home/il22158/work/vEcoli/job/generated_runs/launcher/20260831T191459Z/configs/gene_knockout_EG10492_no_ox.json,/user/home/il22158/work/vEcoli/job/generated_runs/launcher/20260831T191459Z/slurm/gene_knockout_EG10492_no_ox.sh
EG10492,succinate,gene_knockout_EG10492_succinate,13,20,job/write_for_new_job.py,/user/home/il22158/work/vEcoli/job/generated_runs/launcher/20260831T191459Z/configs/gene_knockout_EG10492_succinate.json,/user/home/il22158/work/vEcoli/job/generated_runs/launcher/20260831T191459Z/slurm/gene_knockout_EG10492_succinate.sh
EG10495,with_aa,gene_knockout_EG10495_with_aa,5,13,job/write_for_new_job.py,/user/home/il22158/work/vEcoli/job/generated_runs/launcher/20260831T191459Z/configs/gene_knockout_EG10495_with_aa.json,/user/home/il22158/work/vEcoli/job/generated_runs/launcher/20260831T191459Z/slurm/gene_knockout_EG10495_with_aa.sh
EG10495,acetate,gene_knockout_EG10495_acetate,6,14,job/write_for_new_job.py,/user/home/il22158/work/vEcoli/job/generated_runs/launcher/20260831T191459Z/configs/gene_knockout_EG10495_acetate.json,/user/home/il22158/work/vEcoli/job/generated_runs/launcher/20260831T191459Z/slurm/gene_knockout_EG10495_acetate.sh
EG10495,no_ox,gene_knockout_EG10495_no_ox,6,14,job/write_for_new_job.py,/user/home/il22158/work/vEcoli/job/generated_runs/launcher/20260831T191459Z/configs/gene_knockout_EG10495_no_ox.json,/user/home/il22158/work/vEcoli/job/generated_runs/launcher/20260831T191459Z/slurm/gene_knockout_EG10495_no_ox.sh
EG10495,succinate,gene_knockout_EG10495_succinate,13,20,job/write_for_new_job.py,/user/home/il22158/work/vEcoli/job/generated_runs/launcher/20260831T191459Z/configs/gene_knockout_EG10495_succinate.json,/user/home/il22158/work/vEcoli/job/generated_runs/launcher/20260831T191459Z/slurm/gene_knockout_EG10495_succinate.sh
EG10496,with_aa,gene_knockout_EG10496_with_aa,5,13,job/write_for_new_job.py,/user/home/il22158/work/vEcoli/job/generated_runs/launcher/20260831T191459Z/configs/gene_knockout_EG10496_with_aa.json,/user/home/il22158/work/vEcoli/job/generated_runs/launcher/20260831T191459Z/slurm/gene_knockout_EG10496_with_aa.sh
EG10496,acetate,gene_knockout_EG10496_acetate,6,14,job/write_for_new_job.py,/user/home/il22158/work/vEcoli/job/generated_runs/launcher/20260831T191459Z/configs/gene_knockout_EG10496_acetate.json,/user/home/il22158/work/vEcoli/job/generated_runs/launcher/20260831T191459Z/slurm/gene_knockout_EG10496_acetate.sh
EG10496,no_ox,gene_knockout_EG10496_no_ox,6,14,job/write_for_new_job.py,/user/home/il22158/work/vEcoli/job/generated_runs/launcher/20260831T191459Z/configs/gene_knockout_EG10496_no_ox.json,/user/home/il22158/work/vEcoli/job/generated_runs/launcher/20260831T191459Z/slurm/gene_knockout_EG10496_no_ox.sh
EG10496,succinate,gene_knockout_EG10496_succinate,13,20,job/write_for_new_job.py,/user/home/il22158/work/vEcoli/job/generated_runs/launcher/20260831T191459Z/configs/gene_knockout_EG10496_succinate.json,/user/home/il22158/work/vEcoli/job/generated_runs/launcher/20260831T191459Z/slurm/gene_knockout_EG10496_succinate.sh
EG10497,with_aa,gene_knockout_EG10497_with_aa,5,13,job/write_for_new_job.py,/user/home/il22158/work/vEcoli/job/generated_runs/launcher/20260831T191459Z/configs/gene_knockout_EG10497_with_aa.json,/user/home/il22158/work/vEcoli/job/generated_runs/launcher/20260831T191459Z/slurm/gene_knockout_EG10497_with_aa.sh
EG10497,acetate,gene_knockout_EG10497_acetate,6,14,job/write_for_new_job.py,/user/home/il22158/work/vEcoli/job/generated_runs/launcher/20260831T191459Z/configs/gene_knockout_EG10497_acetate.json,/user/home/il22158/work/vEcoli/job/generated_runs/launcher/20260831T191459Z/slurm/gene_knockout_EG10497_acetate.sh
EG10497,no_ox,gene_knockout_EG10497_no_ox,6,14,job/write_for_new_job.py,/user/home/il22158/work/vEcoli/job/generated_runs/launcher/20260831T191459Z/configs/gene_knockout_EG10497_no_ox.json,/user/home/il22158/work/vEcoli/job/generated_runs/launcher/20260831T191459Z/slurm/gene_knockout_EG10497_no_ox.sh
EG10497,succinate,gene_knockout_EG10497_succinate,13,20,job/write_for_new_job.py,/user/home/il22158/work/vEcoli/job/generated_runs/launcher/20260831T191459Z/configs/gene_knockout_EG10497_succinate.json,/user/home/il22158/work/vEcoli/job/generated_runs/launcher/20260831T191459Z/slurm/gene_knockout_EG10497_succinate.sh
EG10520,with_aa,gene_knockout_EG10520_with_aa,5,13,job/write_for_new_job.py,/user/home/il22158/work/vEcoli/job/generated_runs/launcher/20260831T191459Z/configs/gene_knockout_EG10520_with_aa.json,/user/home/il22158/work/vEcoli/job/generated_runs/launcher/20260831T191459Z/slurm/gene_knockout_EG10520_with_aa.sh
EG10520,acetate,gene_knockout_EG10520_acetate,6,14,job/write_for_new_job.py,/user/home/il22158/work/vEcoli/job/generated_runs/launcher/20260831T191459Z/configs/gene_knockout_EG10520_acetate.json,/user/home/il22158/work/vEcoli/job/generated_runs/launcher/20260831T191459Z/slurm/gene_knockout_EG10520_acetate.sh
EG10520,no_ox,gene_knockout_EG10520_no_ox,6,14,job/write_for_new_job.py,/user/home/il22158/work/vEcoli/job/generated_runs/launcher/20260831T191459Z/configs/gene_knockout_EG10520_no_ox.json,/user/home/il22158/work/vEcoli/job/generated_runs/launcher/20260831T191459Z/slurm/gene_knockout_EG10520_no_ox.sh
EG10520,succinate,gene_knockout_EG10520_succinate,13,20,job/write_for_new_job.py,/user/home/il22158/work/vEcoli/job/generated_runs/launcher/20260831T191459Z/configs/gene_knockout_EG10520_succinate.json,/user/home/il22158/work/vEcoli/job/generated_runs/launcher/20260831T191459Z/slurm/gene_knockout_EG10520_succinate.sh
EG10526,with_aa,gene_knockout_EG10526_with_aa,5,13,job/write_for_new_job.py,/user/home/il22158/work/vEcoli/job/generated_runs/launcher/20260831T191459Z/configs/gene_knockout_EG10526_with_aa.json,/user/home/il22158/work/vEcoli/job/generated_runs/launcher/20260831T191459Z/slurm/gene_knockout_EG10526_with_aa.sh
EG10526,acetate,gene_knockout_EG10526_acetate,6,14,job/write_for_new_job.py,/user/home/il22158/work/vEcoli/job/generated_runs/launcher/20260831T191459Z/configs/gene_knockout_EG10526_acetate.json,/user/home/il22158/work/vEcoli/job/generated_runs/launcher/20260831T191459Z/slurm/gene_knockout_EG10526_acetate.sh
EG10526,no_ox,gene_knockout_EG10526_no_ox,6,14,job/write_for_new_job.py,/user/home/il22158/work/vEcoli/job/generated_runs/launcher/20260831T191459Z/configs/gene_knockout_EG10526_no_ox.json,/user/home/il22158/work/vEcoli/job/generated_runs/launcher/20260831T191459Z/slurm/gene_knockout_EG10526_no_ox.sh
EG10526,succinate,gene_knockout_EG10526_succinate,13,20,job/write_for_new_job.py,/user/home/il22158/work/vEcoli/job/generated_runs/launcher/20260831T191459Z/configs/gene_knockout_EG10526_succinate.json,/user/home/il22158/work/vEcoli/job/generated_runs/launcher/20260831T191459Z/slurm/gene_knockout_EG10526_succinate.sh
EG10532,with_aa,gene_knockout_EG10532_with_aa,5,13,job/write_for_new_job.py,/user/home/il22158/work/vEcoli/job/generated_runs/launcher/20260831T191459Z/configs/gene_knockout_EG10532_with_aa.json,/user/home/il22158/work/vEcoli/job/generated_runs/launcher/20260831T191459Z/slurm/gene_knockout_EG10532_with_aa.sh
EG10532,acetate,gene_knockout_EG10532_acetate,6,14,job/write_for_new_job.py,/user/home/il22158/work/vEcoli/job/generated_runs/launcher/20260831T191459Z/configs/gene_knockout_EG10532_acetate.json,/user/home/il22158/work/vEcoli/job/generated_runs/launcher/20260831T191459Z/slurm/gene_knockout_EG10532_acetate.sh
EG10532,no_ox,gene_knockout_EG10532_no_ox,6,14,job/write_for_new_job.py,/user/home/il22158/work/vEcoli/job/generated_runs/launcher/20260831T191459Z/configs/gene_knockout_EG10532_no_ox.json,/user/home/il22158/work/vEcoli/job/generated_runs/launcher/20260831T191459Z/slurm/gene_knockout_EG10532_no_ox.sh
EG10532,succinate,gene_knockout_EG10532_succinate,13,20,job/write_for_new_job.py,/user/home/il22158/work/vEcoli/job/generated_runs/launcher/20260831T191459Z/configs/gene_knockout_EG10532_succinate.json,/user/home/il22158/work/vEcoli/job/generated_runs/launcher/20260831T191459Z/slurm/gene_knockout_EG10532_succinate.sh
EG10537,with_aa,gene_knockout_EG10537_with_aa,5,13,job/write_for_new_job.py,/user/home/il22158/work/vEcoli/job/generated_runs/launcher/20260831T191459Z/configs/gene_knockout_EG10537_with_aa.json,/user/home/il22158/work/vEcoli/job/generated_runs/launcher/20260831T191459Z/slurm/gene_knockout_EG10537_with_aa.sh
EG10537,acetate,gene_knockout_EG10537_acetate,6,14,job/write_for_new_job.py,/user/home/il22158/work/vEcoli/job/generated_runs/launcher/20260831T191459Z/configs/gene_knockout_EG10537_acetate.json,/user/home/il22158/work/vEcoli/job/generated_runs/launcher/20260831T191459Z/slurm/gene_knockout_EG10537_acetate.sh
EG10537,no_ox,gene_knockout_EG10537_no_ox,6,14,job/write_for_new_job.py,/user/home/il22158/work/vEcoli/job/generated_runs/launcher/20260831T191459Z/configs/gene_knockout_EG10537_no_ox.json,/user/home/il22158/work/vEcoli/job/generated_runs/launcher/20260831T191459Z/slurm/gene_knockout_EG10537_no_ox.sh
EG10537,succinate,gene_knockout_EG10537_succinate,13,20,job/write_for_new_job.py,/user/home/il22158/work/vEcoli/job/generated_runs/launcher/20260831T191459Z/configs/gene_knockout_EG10537_succinate.json,/user/home/il22158/work/vEcoli/job/generated_runs/launcher/20260831T191459Z/slurm/gene_knockout_EG10537_succinate.sh
EG10539,with_aa,gene_knockout_EG10539_with_aa,5,13,job/write_for_new_job.py,/user/home/il22158/work/vEcoli/job/generated_runs/launcher/20260831T191459Z/configs/gene_knockout_EG10539_with_aa.json,/user/home/il22158/work/vEcoli/job/generated_runs/launcher/20260831T191459Z/slurm/gene_knockout_EG10539_with_aa.sh
EG10539,acetate,gene_knockout_EG10539_acetate,6,14,job/write_for_new_job.py,/user/home/il22158/work/vEcoli/job/generated_runs/launcher/20260831T191459Z/configs/gene_knockout_EG10539_acetate.json,/user/home/il22158/work/vEcoli/job/generated_runs/launcher/20260831T191459Z/slurm/gene_knockout_EG10539_acetate.sh
EG10539,no_ox,gene_knockout_EG10539_no_ox,6,14,job/write_for_new_job.py,/user/home/il22158/work/vEcoli/job/generated_runs/launcher/20260831T191459Z/configs/gene_knockout_EG10539_no_ox.json,/user/home/il22158/work/vEcoli/job/generated_runs/launcher/20260831T191459Z/slurm/gene_knockout_EG10539_no_ox.sh
EG10539,succinate,gene_knockout_EG10539_succinate,13,20,job/write_for_new_job.py,/user/home/il22158/work/vEcoli/job/generated_runs/launcher/20260831T191459Z/configs/gene_knockout_EG10539_succinate.json,/user/home/il22158/work/vEcoli/job/generated_runs/launcher/20260831T191459Z/slurm/gene_knockout_EG10539_succinate.sh
EG10549,with_aa,gene_knockout_EG10549_with_aa,5,13,job/write_for_new_job.py,/user/home/il22158/work/vEcoli/job/generated_runs/launcher/20260831T191459Z/configs/gene_knockout_EG10549_with_aa.json,/user/home/il22158/work/vEcoli/job/generated_runs/launcher/20260831T191459Z/slurm/gene_knockout_EG10549_with_aa.sh
EG10549,acetate,gene_knockout_EG10549_acetate,6,14,job/write_for_new_job.py,/user/home/il22158/work/vEcoli/job/generated_runs/launcher/20260831T191459Z/configs/gene_knockout_EG10549_acetate.json,/user/home/il22158/work/vEcoli/job/generated_runs/launcher/20260831T191459Z/slurm/gene_knockout_EG10549_acetate.sh
EG10549,no_ox,gene_knockout_EG10549_no_ox,6,14,job/write_for_new_job.py,/user/home/il22158/work/vEcoli/job/generated_runs/launcher/20260831T191459Z/configs/gene_knockout_EG10549_no_ox.json,/user/home/il22158/work/vEcoli/job/generated_runs/launcher/20260831T191459Z/slurm/gene_knockout_EG10549_no_ox.sh
EG10549,succinate,gene_knockout_EG10549_succinate,13,20,job/write_for_new_job.py,/user/home/il22158/work/vEcoli/job/generated_runs/launcher/20260831T191459Z/configs/gene_knockout_EG10549_succinate.json,/user/home/il22158/work/vEcoli/job/generated_runs/launcher/20260831T191459Z/slurm/gene_knockout_EG10549_succinate.sh
EG10560,with_aa,gene_knockout_EG10560_with_aa,5,13,job/write_for_new_job.py,/user/home/il22158/work/vEcoli/job/generated_runs/launcher/20260831T191459Z/configs/gene_knockout_EG10560_with_aa.json,/user/home/il22158/work/vEcoli/job/generated_runs/launcher/20260831T191459Z/slurm/gene_knockout_EG10560_with_aa.sh
EG10560,acetate,gene_knockout_EG10560_acetate,6,14,job/write_for_new_job.py,/user/home/il22158/work/vEcoli/job/generated_runs/launcher/20260831T191459Z/configs/gene_knockout_EG10560_acetate.json,/user/home/il22158/work/vEcoli/job/generated_runs/launcher/20260831T191459Z/slurm/gene_knockout_EG10560_acetate.sh
EG10560,no_ox,gene_knockout_EG10560_no_ox,6,14,job/write_for_new_job.py,/user/home/il22158/work/vEcoli/job/generated_runs/launcher/20260831T191459Z/configs/gene_knockout_EG10560_no_ox.json,/user/home/il22158/work/vEcoli/job/generated_runs/launcher/20260831T191459Z/slurm/gene_knockout_EG10560_no_ox.sh
EG10560,succinate,gene_knockout_EG10560_succinate,13,20,job/write_for_new_job.py,/user/home/il22158/work/vEcoli/job/generated_runs/launcher/20260831T191459Z/configs/gene_knockout_EG10560_succinate.json,/user/home/il22158/work/vEcoli/job/generated_runs/launcher/20260831T191459Z/slurm/gene_knockout_EG10560_succinate.sh
EG10565,with_aa,gene_knockout_EG10565_with_aa,5,13,job/write_for_new_job.py,/user/home/il22158/work/vEcoli/job/generated_runs/launcher/20260831T191459Z/configs/gene_knockout_EG10565_with_aa.json,/user/home/il22158/work/vEcoli/job/generated_runs/launcher/20260831T191459Z/slurm/gene_knockout_EG10565_with_aa.sh
EG10565,acetate,gene_knockout_EG10565_acetate,6,14,job/write_for_new_job.py,/user/home/il22158/work/vEcoli/job/generated_runs/launcher/20260831T191459Z/configs/gene_knockout_EG10565_acetate.json,/user/home/il22158/work/vEcoli/job/generated_runs/launcher/20260831T191459Z/slurm/gene_knockout_EG10565_acetate.sh
EG10565,no_ox,gene_knockout_EG10565_no_ox,6,14,job/write_for_new_job.py,/user/home/il22158/work/vEcoli/job/generated_runs/launcher/20260831T191459Z/configs/gene_knockout_EG10565_no_ox.json,/user/home/il22158/work/vEcoli/job/generated_runs/launcher/20260831T191459Z/slurm/gene_knockout_EG10565_no_ox.sh
EG10565,succinate,gene_knockout_EG10565_succinate,13,20,job/write_for_new_job.py,/user/home/il22158/work/vEcoli/job/generated_runs/launcher/20260831T191459Z/configs/gene_knockout_EG10565_succinate.json,/user/home/il22158/work/vEcoli/job/generated_runs/launcher/20260831T191459Z/slurm/gene_knockout_EG10565_succinate.sh
EG10566,with_aa,gene_knockout_EG10566_with_aa,5,13,job/write_for_new_job.py,/user/home/il22158/work/vEcoli/job/generated_runs/launcher/20260831T191459Z/configs/gene_knockout_EG10566_with_aa.json,/user/home/il22158/work/vEcoli/job/generated_runs/launcher/20260831T191459Z/slurm/gene_knockout_EG10566_with_aa.sh
EG10566,acetate,gene_knockout_EG10566_acetate,6,14,job/write_for_new_job.py,/user/home/il22158/work/vEcoli/job/generated_runs/launcher/20260831T191459Z/configs/gene_knockout_EG10566_acetate.json,/user/home/il22158/work/vEcoli/job/generated_runs/launcher/20260831T191459Z/slurm/gene_knockout_EG10566_acetate.sh
EG10566,no_ox,gene_knockout_EG10566_no_ox,6,14,job/write_for_new_job.py,/user/home/il22158/work/vEcoli/job/generated_runs/launcher/20260831T191459Z/configs/gene_knockout_EG10566_no_ox.json,/user/home/il22158/work/vEcoli/job/generated_runs/launcher/20260831T191459Z/slurm/gene_knockout_EG10566_no_ox.sh
EG10566,succinate,gene_knockout_EG10566_succinate,13,20,job/write_for_new_job.py,/user/home/il22158/work/vEcoli/job/generated_runs/launcher/20260831T191459Z/configs/gene_knockout_EG10566_succinate.json,/user/home/il22158/work/vEcoli/job/generated_runs/launcher/20260831T191459Z/slurm/gene_knockout_EG10566_succinate.sh
EG10581,with_aa,gene_knockout_EG10581_with_aa,5,13,job/write_for_new_job.py,/user/home/il22158/work/vEcoli/job/generated_runs/launcher/20260831T191459Z/configs/gene_knockout_EG10581_with_aa.json,/user/home/il22158/work/vEcoli/job/generated_runs/launcher/20260831T191459Z/slurm/gene_knockout_EG10581_with_aa.sh
EG10581,acetate,gene_knockout_EG10581_acetate,6,14,job/write_for_new_job.py,/user/home/il22158/work/vEcoli/job/generated_runs/launcher/20260831T191459Z/configs/gene_knockout_EG10581_acetate.json,/user/home/il22158/work/vEcoli/job/generated_runs/launcher/20260831T191459Z/slurm/gene_knockout_EG10581_acetate.sh
EG10581,no_ox,gene_knockout_EG10581_no_ox,6,14,job/write_for_new_job.py,/user/home/il22158/work/vEcoli/job/generated_runs/launcher/20260831T191459Z/configs/gene_knockout_EG10581_no_ox.json,/user/home/il22158/work/vEcoli/job/generated_runs/launcher/20260831T191459Z/slurm/gene_knockout_EG10581_no_ox.sh
EG10581,succinate,gene_knockout_EG10581_succinate,13,20,job/write_for_new_job.py,/user/home/il22158/work/vEcoli/job/generated_runs/launcher/20260831T191459Z/configs/gene_knockout_EG10581_succinate.json,/user/home/il22158/work/vEcoli/job/generated_runs/launcher/20260831T191459Z/slurm/gene_knockout_EG10581_succinate.sh
EG10582,with_aa,gene_knockout_EG10582_with_aa,5,13,job/write_for_new_job.py,/user/home/il22158/work/vEcoli/job/generated_runs/launcher/20260831T191459Z/configs/gene_knockout_EG10582_with_aa.json,/user/home/il22158/work/vEcoli/job/generated_runs/launcher/20260831T191459Z/slurm/gene_knockout_EG10582_with_aa.sh
EG10582,acetate,gene_knockout_EG10582_acetate,6,14,job/write_for_new_job.py,/user/home/il22158/work/vEcoli/job/generated_runs/launcher/20260831T191459Z/configs/gene_knockout_EG10582_acetate.json,/user/home/il22158/work/vEcoli/job/generated_runs/launcher/20260831T191459Z/slurm/gene_knockout_EG10582_acetate.sh
EG10582,no_ox,gene_knockout_EG10582_no_ox,6,14,job/write_for_new_job.py,/user/home/il22158/work/vEcoli/job/generated_runs/launcher/20260831T191459Z/configs/gene_knockout_EG10582_no_ox.json,/user/home/il22158/work/vEcoli/job/generated_runs/launcher/20260831T191459Z/slurm/gene_knockout_EG10582_no_ox.sh
EG10582,succinate,gene_knockout_EG10582_succinate,13,20,job/write_for_new_job.py,/user/home/il22158/work/vEcoli/job/generated_runs/launcher/20260831T191459Z/configs/gene_knockout_EG10582_succinate.json,/user/home/il22158/work/vEcoli/job/generated_runs/launcher/20260831T191459Z/slurm/gene_knockout_EG10582_succinate.sh
EG10585,with_aa,gene_knockout_EG10585_with_aa,5,13,job/write_for_new_job.py,/user/home/il22158/work/vEcoli/job/generated_runs/launcher/20260831T191459Z/configs/gene_knockout_EG10585_with_aa.json,/user/home/il22158/work/vEcoli/job/generated_runs/launcher/20260831T191459Z/slurm/gene_knockout_EG10585_with_aa.sh
EG10585,acetate,gene_knockout_EG10585_acetate,6,14,job/write_for_new_job.py,/user/home/il22158/work/vEcoli/job/generated_runs/launcher/20260831T191459Z/configs/gene_knockout_EG10585_acetate.json,/user/home/il22158/work/vEcoli/job/generated_runs/launcher/20260831T191459Z/slurm/gene_knockout_EG10585_acetate.sh
EG10585,no_ox,gene_knockout_EG10585_no_ox,6,14,job/write_for_new_job.py,/user/home/il22158/work/vEcoli/job/generated_runs/launcher/20260831T191459Z/configs/gene_knockout_EG10585_no_ox.json,/user/home/il22158/work/vEcoli/job/generated_runs/launcher/20260831T191459Z/slurm/gene_knockout_EG10585_no_ox.sh
EG10585,succinate,gene_knockout_EG10585_succinate,13,20,job/write_for_new_job.py,/user/home/il22158/work/vEcoli/job/generated_runs/launcher/20260831T191459Z/configs/gene_knockout_EG10585_succinate.json,/user/home/il22158/work/vEcoli/job/generated_runs/launcher/20260831T191459Z/slurm/gene_knockout_EG10585_succinate.sh
EG10586,with_aa,gene_knockout_EG10586_with_aa,5,13,job/write_for_new_job.py,/user/home/il22158/work/vEcoli/job/generated_runs/launcher/20260831T191459Z/configs/gene_knockout_EG10586_with_aa.json,/user/home/il22158/work/vEcoli/job/generated_runs/launcher/20260831T191459Z/slurm/gene_knockout_EG10586_with_aa.sh
EG10586,acetate,gene_knockout_EG10586_acetate,6,14,job/write_for_new_job.py,/user/home/il22158/work/vEcoli/job/generated_runs/launcher/20260831T191459Z/configs/gene_knockout_EG10586_acetate.json,/user/home/il22158/work/vEcoli/job/generated_runs/launcher/20260831T191459Z/slurm/gene_knockout_EG10586_acetate.sh
EG10586,no_ox,gene_knockout_EG10586_no_ox,6,14,job/write_for_new_job.py,/user/home/il22158/work/vEcoli/job/generated_runs/launcher/20260831T191459Z/configs/gene_knockout_EG10586_no_ox.json,/user/home/il22158/work/vEcoli/job/generated_runs/launcher/20260831T191459Z/slurm/gene_knockout_EG10586_no_ox.sh
EG10586,succinate,gene_knockout_EG10586_succinate,13,20,job/write_for_new_job.py,/user/home/il22158/work/vEcoli/job/generated_runs/launcher/20260831T191459Z/configs/gene_knockout_EG10586_succinate.json,/user/home/il22158/work/vEcoli/job/generated_runs/launcher/20260831T191459Z/slurm/gene_knockout_EG10586_succinate.sh
EG10613,with_aa,gene_knockout_EG10613_with_aa,5,13,job/write_for_new_job.py,/user/home/il22158/work/vEcoli/job/generated_runs/launcher/20260831T191459Z/configs/gene_knockout_EG10613_with_aa.json,/user/home/il22158/work/vEcoli/job/generated_runs/launcher/20260831T191459Z/slurm/gene_knockout_EG10613_with_aa.sh
EG10613,acetate,gene_knockout_EG10613_acetate,6,14,job/write_for_new_job.py,/user/home/il22158/work/vEcoli/job/generated_runs/launcher/20260831T191459Z/configs/gene_knockout_EG10613_acetate.json,/user/home/il22158/work/vEcoli/job/generated_runs/launcher/20260831T191459Z/slurm/gene_knockout_EG10613_acetate.sh
EG10613,no_ox,gene_knockout_EG10613_no_ox,6,14,job/write_for_new_job.py,/user/home/il22158/work/vEcoli/job/generated_runs/launcher/20260831T191459Z/configs/gene_knockout_EG10613_no_ox.json,/user/home/il22158/work/vEcoli/job/generated_runs/launcher/20260831T191459Z/slurm/gene_knockout_EG10613_no_ox.sh
EG10613,succinate,gene_knockout_EG10613_succinate,13,20,job/write_for_new_job.py,/user/home/il22158/work/vEcoli/job/generated_runs/launcher/20260831T191459Z/configs/gene_knockout_EG10613_succinate.json,/user/home/il22158/work/vEcoli/job/generated_runs/launcher/20260831T191459Z/slurm/gene_knockout_EG10613_succinate.sh
EG10629,with_aa,gene_knockout_EG10629_with_aa,5,13,job/write_for_new_job.py,/user/home/il22158/work/vEcoli/job/generated_runs/launcher/20260831T191459Z/configs/gene_knockout_EG10629_with_aa.json,/user/home/il22158/work/vEcoli/job/generated_runs/launcher/20260831T191459Z/slurm/gene_knockout_EG10629_with_aa.sh
EG10629,acetate,gene_knockout_EG10629_acetate,6,14,job/write_for_new_job.py,/user/home/il22158/work/vEcoli/job/generated_runs/launcher/20260831T191459Z/configs/gene_knockout_EG10629_acetate.json,/user/home/il22158/work/vEcoli/job/generated_runs/launcher/20260831T191459Z/slurm/gene_knockout_EG10629_acetate.sh
EG10629,no_ox,gene_knockout_EG10629_no_ox,6,14,job/write_for_new_job.py,/user/home/il22158/work/vEcoli/job/generated_runs/launcher/20260831T191459Z/configs/gene_knockout_EG10629_no_ox.json,/user/home/il22158/work/vEcoli/job/generated_runs/launcher/20260831T191459Z/slurm/gene_knockout_EG10629_no_ox.sh
EG10629,succinate,gene_knockout_EG10629_succinate,13,20,job/write_for_new_job.py,/user/home/il22158/work/vEcoli/job/generated_runs/launcher/20260831T191459Z/configs/gene_knockout_EG10629_succinate.json,/user/home/il22158/work/vEcoli/job/generated_runs/launcher/20260831T191459Z/slurm/gene_knockout_EG10629_succinate.sh
EG10634,with_aa,gene_knockout_EG10634_with_aa,5,13,job/write_for_new_job.py,/user/home/il22158/work/vEcoli/job/generated_runs/launcher/20260831T191459Z/configs/gene_knockout_EG10634_with_aa.json,/user/home/il22158/work/vEcoli/job/generated_runs/launcher/20260831T191459Z/slurm/gene_knockout_EG10634_with_aa.sh
EG10634,acetate,gene_knockout_EG10634_acetate,6,14,job/write_for_new_job.py,/user/home/il22158/work/vEcoli/job/generated_runs/launcher/20260831T191459Z/configs/gene_knockout_EG10634_acetate.json,/user/home/il22158/work/vEcoli/job/generated_runs/launcher/20260831T191459Z/slurm/gene_knockout_EG10634_acetate.sh
EG10634,no_ox,gene_knockout_EG10634_no_ox,6,14,job/write_for_new_job.py,/user/home/il22158/work/vEcoli/job/generated_runs/launcher/20260831T191459Z/configs/gene_knockout_EG10634_no_ox.json,/user/home/il22158/work/vEcoli/job/generated_runs/launcher/20260831T191459Z/slurm/gene_knockout_EG10634_no_ox.sh
EG10634,succinate,gene_knockout_EG10634_succinate,13,20,job/write_for_new_job.py,/user/home/il22158/work/vEcoli/job/generated_runs/launcher/20260831T191459Z/configs/gene_knockout_EG10634_succinate.json,/user/home/il22158/work/vEcoli/job/generated_runs/launcher/20260831T191459Z/slurm/gene_knockout_EG10634_succinate.sh
EG10637,with_aa,gene_knockout_EG10637_with_aa,5,13,job/write_for_new_job.py,/user/home/il22158/work/vEcoli/job/generated_runs/launcher/20260831T191459Z/configs/gene_knockout_EG10637_with_aa.json,/user/home/il22158/work/vEcoli/job/generated_runs/launcher/20260831T191459Z/slurm/gene_knockout_EG10637_with_aa.sh
EG10637,acetate,gene_knockout_EG10637_acetate,6,14,job/write_for_new_job.py,/user/home/il22158/work/vEcoli/job/generated_runs/launcher/20260831T191459Z/configs/gene_knockout_EG10637_acetate.json,/user/home/il22158/work/vEcoli/job/generated_runs/launcher/20260831T191459Z/slurm/gene_knockout_EG10637_acetate.sh
EG10637,no_ox,gene_knockout_EG10637_no_ox,6,14,job/write_for_new_job.py,/user/home/il22158/work/vEcoli/job/generated_runs/launcher/20260831T191459Z/configs/gene_knockout_EG10637_no_ox.json,/user/home/il22158/work/vEcoli/job/generated_runs/launcher/20260831T191459Z/slurm/gene_knockout_EG10637_no_ox.sh
EG10637,succinate,gene_knockout_EG10637_succinate,13,20,job/write_for_new_job.py,/user/home/il22158/work/vEcoli/job/generated_runs/launcher/20260831T191459Z/configs/gene_knockout_EG10637_succinate.json,/user/home/il22158/work/vEcoli/job/generated_runs/launcher/20260831T191459Z/slurm/gene_knockout_EG10637_succinate.sh
EG10650,with_aa,gene_knockout_EG10650_with_aa,5,13,job/write_for_new_job.py,/user/home/il22158/work/vEcoli/job/generated_runs/launcher/20260831T191459Z/configs/gene_knockout_EG10650_with_aa.json,/user/home/il22158/work/vEcoli/job/generated_runs/launcher/20260831T191459Z/slurm/gene_knockout_EG10650_with_aa.sh
EG10650,acetate,gene_knockout_EG10650_acetate,6,14,job/write_for_new_job.py,/user/home/il22158/work/vEcoli/job/generated_runs/launcher/20260831T191459Z/configs/gene_knockout_EG10650_acetate.json,/user/home/il22158/work/vEcoli/job/generated_runs/launcher/20260831T191459Z/slurm/gene_knockout_EG10650_acetate.sh
EG10650,no_ox,gene_knockout_EG10650_no_ox,6,14,job/write_for_new_job.py,/user/home/il22158/work/vEcoli/job/generated_runs/launcher/20260831T191459Z/configs/gene_knockout_EG10650_no_ox.json,/user/home/il22158/work/vEcoli/job/generated_runs/launcher/20260831T191459Z/slurm/gene_knockout_EG10650_no_ox.sh
EG10650,succinate,gene_knockout_EG10650_succinate,13,20,job/write_for_new_job.py,/user/home/il22158/work/vEcoli/job/generated_runs/launcher/20260831T191459Z/configs/gene_knockout_EG10650_succinate.json,/user/home/il22158/work/vEcoli/job/generated_runs/launcher/20260831T191459Z/slurm/gene_knockout_EG10650_succinate.sh
EG10652,with_aa,gene_knockout_EG10652_with_aa,5,13,job/write_for_new_job.py,/user/home/il22158/work/vEcoli/job/generated_runs/launcher/20260831T191459Z/configs/gene_knockout_EG10652_with_aa.json,/user/home/il22158/work/vEcoli/job/generated_runs/launcher/20260831T191459Z/slurm/gene_knockout_EG10652_with_aa.sh
EG10652,acetate,gene_knockout_EG10652_acetate,6,14,job/write_for_new_job.py,/user/home/il22158/work/vEcoli/job/generated_runs/launcher/20260831T191459Z/configs/gene_knockout_EG10652_acetate.json,/user/home/il22158/work/vEcoli/job/generated_runs/launcher/20260831T191459Z/slurm/gene_knockout_EG10652_acetate.sh
EG10652,no_ox,gene_knockout_EG10652_no_ox,6,14,job/write_for_new_job.py,/user/home/il22158/work/vEcoli/job/generated_runs/launcher/20260831T191459Z/configs/gene_knockout_EG10652_no_ox.json,/user/home/il22158/work/vEcoli/job/generated_runs/launcher/20260831T191459Z/slurm/gene_knockout_EG10652_no_ox.sh
EG10652,succinate,gene_knockout_EG10652_succinate,13,20,job/write_for_new_job.py,/user/home/il22158/work/vEcoli/job/generated_runs/launcher/20260831T191459Z/configs/gene_knockout_EG10652_succinate.json,/user/home/il22158/work/vEcoli/job/generated_runs/launcher/20260831T191459Z/slurm/gene_knockout_EG10652_succinate.sh
EG10654,with_aa,gene_knockout_EG10654_with_aa,5,13,job/write_for_new_job.py,/user/home/il22158/work/vEcoli/job/generated_runs/launcher/20260831T191459Z/configs/gene_knockout_EG10654_with_aa.json,/user/home/il22158/work/vEcoli/job/generated_runs/launcher/20260831T191459Z/slurm/gene_knockout_EG10654_with_aa.sh
EG10654,acetate,gene_knockout_EG10654_acetate,6,14,job/write_for_new_job.py,/user/home/il22158/work/vEcoli/job/generated_runs/launcher/20260831T191459Z/configs/gene_knockout_EG10654_acetate.json,/user/home/il22158/work/vEcoli/job/generated_runs/launcher/20260831T191459Z/slurm/gene_knockout_EG10654_acetate.sh
EG10654,no_ox,gene_knockout_EG10654_no_ox,6,14,job/write_for_new_job.py,/user/home/il22158/work/vEcoli/job/generated_runs/launcher/20260831T191459Z/configs/gene_knockout_EG10654_no_ox.json,/user/home/il22158/work/vEcoli/job/generated_runs/launcher/20260831T191459Z/slurm/gene_knockout_EG10654_no_ox.sh
EG10654,succinate,gene_knockout_EG10654_succinate,13,20,job/write_for_new_job.py,/user/home/il22158/work/vEcoli/job/generated_runs/launcher/20260831T191459Z/configs/gene_knockout_EG10654_succinate.json,/user/home/il22158/work/vEcoli/job/generated_runs/launcher/20260831T191459Z/slurm/gene_knockout_EG10654_succinate.sh
EG10661,with_aa,gene_knockout_EG10661_with_aa,5,13,job/write_for_new_job.py,/user/home/il22158/work/vEcoli/job/generated_runs/launcher/20260831T191459Z/configs/gene_knockout_EG10661_with_aa.json,/user/home/il22158/work/vEcoli/job/generated_runs/launcher/20260831T191459Z/slurm/gene_knockout_EG10661_with_aa.sh
EG10661,acetate,gene_knockout_EG10661_acetate,6,14,job/write_for_new_job.py,/user/home/il22158/work/vEcoli/job/generated_runs/launcher/20260831T191459Z/configs/gene_knockout_EG10661_acetate.json,/user/home/il22158/work/vEcoli/job/generated_runs/launcher/20260831T191459Z/slurm/gene_knockout_EG10661_acetate.sh
EG10661,no_ox,gene_knockout_EG10661_no_ox,6,14,job/write_for_new_job.py,/user/home/il22158/work/vEcoli/job/generated_runs/launcher/20260831T191459Z/configs/gene_knockout_EG10661_no_ox.json,/user/home/il22158/work/vEcoli/job/generated_runs/launcher/20260831T191459Z/slurm/gene_knockout_EG10661_no_ox.sh
EG10661,succinate,gene_knockout_EG10661_succinate,13,20,job/write_for_new_job.py,/user/home/il22158/work/vEcoli/job/generated_runs/launcher/20260831T191459Z/configs/gene_knockout_EG10661_succinate.json,/user/home/il22158/work/vEcoli/job/generated_runs/launcher/20260831T191459Z/slurm/gene_knockout_EG10661_succinate.sh
EG10671,with_aa,gene_knockout_EG10671_with_aa,5,13,job/write_for_new_job.py,/user/home/il22158/work/vEcoli/job/generated_runs/launcher/20260831T191459Z/configs/gene_knockout_EG10671_with_aa.json,/user/home/il22158/work/vEcoli/job/generated_runs/launcher/20260831T191459Z/slurm/gene_knockout_EG10671_with_aa.sh
EG10671,acetate,gene_knockout_EG10671_acetate,6,14,job/write_for_new_job.py,/user/home/il22158/work/vEcoli/job/generated_runs/launcher/20260831T191459Z/configs/gene_knockout_EG10671_acetate.json,/user/home/il22158/work/vEcoli/job/generated_runs/launcher/20260831T191459Z/slurm/gene_knockout_EG10671_acetate.sh
EG10671,no_ox,gene_knockout_EG10671_no_ox,6,14,job/write_for_new_job.py,/user/home/il22158/work/vEcoli/job/generated_runs/launcher/20260831T191459Z/configs/gene_knockout_EG10671_no_ox.json,/user/home/il22158/work/vEcoli/job/generated_runs/launcher/20260831T191459Z/slurm/gene_knockout_EG10671_no_ox.sh
EG10671,succinate,gene_knockout_EG10671_succinate,13,20,job/write_for_new_job.py,/user/home/il22158/work/vEcoli/job/generated_runs/launcher/20260831T191459Z/configs/gene_knockout_EG10671_succinate.json,/user/home/il22158/work/vEcoli/job/generated_runs/launcher/20260831T191459Z/slurm/gene_knockout_EG10671_succinate.sh
EG10675,with_aa,gene_knockout_EG10675_with_aa,5,13,job/write_for_new_job.py,/user/home/il22158/work/vEcoli/job/generated_runs/launcher/20260831T191459Z/configs/gene_knockout_EG10675_with_aa.json,/user/home/il22158/work/vEcoli/job/generated_runs/launcher/20260831T191459Z/slurm/gene_knockout_EG10675_with_aa.sh
EG10675,acetate,gene_knockout_EG10675_acetate,6,14,job/write_for_new_job.py,/user/home/il22158/work/vEcoli/job/generated_runs/launcher/20260831T191459Z/configs/gene_knockout_EG10675_acetate.json,/user/home/il22158/work/vEcoli/job/generated_runs/launcher/20260831T191459Z/slurm/gene_knockout_EG10675_acetate.sh
EG10675,no_ox,gene_knockout_EG10675_no_ox,6,14,job/write_for_new_job.py,/user/home/il22158/work/vEcoli/job/generated_runs/launcher/20260831T191459Z/configs/gene_knockout_EG10675_no_ox.json,/user/home/il22158/work/vEcoli/job/generated_runs/launcher/20260831T191459Z/slurm/gene_knockout_EG10675_no_ox.sh
EG10675,succinate,gene_knockout_EG10675_succinate,13,20,job/write_for_new_job.py,/user/home/il22158/work/vEcoli/job/generated_runs/launcher/20260831T191459Z/configs/gene_knockout_EG10675_succinate.json,/user/home/il22158/work/vEcoli/job/generated_runs/launcher/20260831T191459Z/slurm/gene_knockout_EG10675_succinate.sh
EG10700,with_aa,gene_knockout_EG10700_with_aa,5,13,job/write_for_new_job.py,/user/home/il22158/work/vEcoli/job/generated_runs/launcher/20260831T191459Z/configs/gene_knockout_EG10700_with_aa.json,/user/home/il22158/work/vEcoli/job/generated_runs/launcher/20260831T191459Z/slurm/gene_knockout_EG10700_with_aa.sh
EG10700,acetate,gene_knockout_EG10700_acetate,6,14,job/write_for_new_job.py,/user/home/il22158/work/vEcoli/job/generated_runs/launcher/20260831T191459Z/configs/gene_knockout_EG10700_acetate.json,/user/home/il22158/work/vEcoli/job/generated_runs/launcher/20260831T191459Z/slurm/gene_knockout_EG10700_acetate.sh
EG10700,no_ox,gene_knockout_EG10700_no_ox,6,14,job/write_for_new_job.py,/user/home/il22158/work/vEcoli/job/generated_runs/launcher/20260831T191459Z/configs/gene_knockout_EG10700_no_ox.json,/user/home/il22158/work/vEcoli/job/generated_runs/launcher/20260831T191459Z/slurm/gene_knockout_EG10700_no_ox.sh
EG10700,succinate,gene_knockout_EG10700_succinate,13,20,job/write_for_new_job.py,/user/home/il22158/work/vEcoli/job/generated_runs/launcher/20260831T191459Z/configs/gene_knockout_EG10700_succinate.json,/user/home/il22158/work/vEcoli/job/generated_runs/launcher/20260831T191459Z/slurm/gene_knockout_EG10700_succinate.sh
EG10707,with_aa,gene_knockout_EG10707_with_aa,5,13,job/write_for_new_job.py,/user/home/il22158/work/vEcoli/job/generated_runs/launcher/20260831T191459Z/configs/gene_knockout_EG10707_with_aa.json,/user/home/il22158/work/vEcoli/job/generated_runs/launcher/20260831T191459Z/slurm/gene_knockout_EG10707_with_aa.sh
EG10707,acetate,gene_knockout_EG10707_acetate,6,14,job/write_for_new_job.py,/user/home/il22158/work/vEcoli/job/generated_runs/launcher/20260831T191459Z/configs/gene_knockout_EG10707_acetate.json,/user/home/il22158/work/vEcoli/job/generated_runs/launcher/20260831T191459Z/slurm/gene_knockout_EG10707_acetate.sh
EG10707,no_ox,gene_knockout_EG10707_no_ox,6,14,job/write_for_new_job.py,/user/home/il22158/work/vEcoli/job/generated_runs/launcher/20260831T191459Z/configs/gene_knockout_EG10707_no_ox.json,/user/home/il22158/work/vEcoli/job/generated_runs/launcher/20260831T191459Z/slurm/gene_knockout_EG10707_no_ox.sh
EG10707,succinate,gene_knockout_EG10707_succinate,13,20,job/write_for_new_job.py,/user/home/il22158/work/vEcoli/job/generated_runs/launcher/20260831T191459Z/configs/gene_knockout_EG10707_succinate.json,/user/home/il22158/work/vEcoli/job/generated_runs/launcher/20260831T191459Z/slurm/gene_knockout_EG10707_succinate.sh
EG10709,with_aa,gene_knockout_EG10709_with_aa,5,13,job/write_for_new_job.py,/user/home/il22158/work/vEcoli/job/generated_runs/launcher/20260831T191459Z/configs/gene_knockout_EG10709_with_aa.json,/user/home/il22158/work/vEcoli/job/generated_runs/launcher/20260831T191459Z/slurm/gene_knockout_EG10709_with_aa.sh
EG10709,acetate,gene_knockout_EG10709_acetate,6,14,job/write_for_new_job.py,/user/home/il22158/work/vEcoli/job/generated_runs/launcher/20260831T191459Z/configs/gene_knockout_EG10709_acetate.json,/user/home/il22158/work/vEcoli/job/generated_runs/launcher/20260831T191459Z/slurm/gene_knockout_EG10709_acetate.sh
EG10709,no_ox,gene_knockout_EG10709_no_ox,6,14,job/write_for_new_job.py,/user/home/il22158/work/vEcoli/job/generated_runs/launcher/20260831T191459Z/configs/gene_knockout_EG10709_no_ox.json,/user/home/il22158/work/vEcoli/job/generated_runs/launcher/20260831T191459Z/slurm/gene_knockout_EG10709_no_ox.sh
EG10709,succinate,gene_knockout_EG10709_succinate,13,20,job/write_for_new_job.py,/user/home/il22158/work/vEcoli/job/generated_runs/launcher/20260831T191459Z/configs/gene_knockout_EG10709_succinate.json,/user/home/il22158/work/vEcoli/job/generated_runs/launcher/20260831T191459Z/slurm/gene_knockout_EG10709_succinate.sh
EG10710,with_aa,gene_knockout_EG10710_with_aa,5,13,job/write_for_new_job.py,/user/home/il22158/work/vEcoli/job/generated_runs/launcher/20260831T191459Z/configs/gene_knockout_EG10710_with_aa.json,/user/home/il22158/work/vEcoli/job/generated_runs/launcher/20260831T191459Z/slurm/gene_knockout_EG10710_with_aa.sh
EG10710,acetate,gene_knockout_EG10710_acetate,6,14,job/write_for_new_job.py,/user/home/il22158/work/vEcoli/job/generated_runs/launcher/20260831T191459Z/configs/gene_knockout_EG10710_acetate.json,/user/home/il22158/work/vEcoli/job/generated_runs/launcher/20260831T191459Z/slurm/gene_knockout_EG10710_acetate.sh
EG10710,no_ox,gene_knockout_EG10710_no_ox,6,14,job/write_for_new_job.py,/user/home/il22158/work/vEcoli/job/generated_runs/launcher/20260831T191459Z/configs/gene_knockout_EG10710_no_ox.json,/user/home/il22158/work/vEcoli/job/generated_runs/launcher/20260831T191459Z/slurm/gene_knockout_EG10710_no_ox.sh
EG10710,succinate,gene_knockout_EG10710_succinate,13,20,job/write_for_new_job.py,/user/home/il22158/work/vEcoli/job/generated_runs/launcher/20260831T191459Z/configs/gene_knockout_EG10710_succinate.json,/user/home/il22158/work/vEcoli/job/generated_runs/launcher/20260831T191459Z/slurm/gene_knockout_EG10710_succinate.sh
EG10744,with_aa,gene_knockout_EG10744_with_aa,5,13,job/write_for_new_job.py,/user/home/il22158/work/vEcoli/job/generated_runs/launcher/20260831T191459Z/configs/gene_knockout_EG10744_with_aa.json,/user/home/il22158/work/vEcoli/job/generated_runs/launcher/20260831T191459Z/slurm/gene_knockout_EG10744_with_aa.sh
EG10744,acetate,gene_knockout_EG10744_acetate,6,14,job/write_for_new_job.py,/user/home/il22158/work/vEcoli/job/generated_runs/launcher/20260831T191459Z/configs/gene_knockout_EG10744_acetate.json,/user/home/il22158/work/vEcoli/job/generated_runs/launcher/20260831T191459Z/slurm/gene_knockout_EG10744_acetate.sh
EG10744,no_ox,gene_knockout_EG10744_no_ox,6,14,job/write_for_new_job.py,/user/home/il22158/work/vEcoli/job/generated_runs/launcher/20260831T191459Z/configs/gene_knockout_EG10744_no_ox.json,/user/home/il22158/work/vEcoli/job/generated_runs/launcher/20260831T191459Z/slurm/gene_knockout_EG10744_no_ox.sh
EG10744,succinate,gene_knockout_EG10744_succinate,13,20,job/write_for_new_job.py,/user/home/il22158/work/vEcoli/job/generated_runs/launcher/20260831T191459Z/configs/gene_knockout_EG10744_succinate.json,/user/home/il22158/work/vEcoli/job/generated_runs/launcher/20260831T191459Z/slurm/gene_knockout_EG10744_succinate.sh
EG10750,with_aa,gene_knockout_EG10750_with_aa,5,13,job/write_for_new_job.py,/user/home/il22158/work/vEcoli/job/generated_runs/launcher/20260831T191459Z/configs/gene_knockout_EG10750_with_aa.json,/user/home/il22158/work/vEcoli/job/generated_runs/launcher/20260831T191459Z/slurm/gene_knockout_EG10750_with_aa.sh
EG10750,acetate,gene_knockout_EG10750_acetate,6,14,job/write_for_new_job.py,/user/home/il22158/work/vEcoli/job/generated_runs/launcher/20260831T191459Z/configs/gene_knockout_EG10750_acetate.json,/user/home/il22158/work/vEcoli/job/generated_runs/launcher/20260831T191459Z/slurm/gene_knockout_EG10750_acetate.sh
EG10750,no_ox,gene_knockout_EG10750_no_ox,6,14,job/write_for_new_job.py,/user/home/il22158/work/vEcoli/job/generated_runs/launcher/20260831T191459Z/configs/gene_knockout_EG10750_no_ox.json,/user/home/il22158/work/vEcoli/job/generated_runs/launcher/20260831T191459Z/slurm/gene_knockout_EG10750_no_ox.sh
EG10750,succinate,gene_knockout_EG10750_succinate,13,20,job/write_for_new_job.py,/user/home/il22158/work/vEcoli/job/generated_runs/launcher/20260831T191459Z/configs/gene_knockout_EG10750_succinate.json,/user/home/il22158/work/vEcoli/job/generated_runs/launcher/20260831T191459Z/slurm/gene_knockout_EG10750_succinate.sh
EG10755,with_aa,gene_knockout_EG10755_with_aa,5,13,job/write_for_new_job.py,/user/home/il22158/work/vEcoli/job/generated_runs/launcher/20260831T191459Z/configs/gene_knockout_EG10755_with_aa.json,/user/home/il22158/work/vEcoli/job/generated_runs/launcher/20260831T191459Z/slurm/gene_knockout_EG10755_with_aa.sh
EG10755,acetate,gene_knockout_EG10755_acetate,6,14,job/write_for_new_job.py,/user/home/il22158/work/vEcoli/job/generated_runs/launcher/20260831T191459Z/configs/gene_knockout_EG10755_acetate.json,/user/home/il22158/work/vEcoli/job/generated_runs/launcher/20260831T191459Z/slurm/gene_knockout_EG10755_acetate.sh
EG10755,no_ox,gene_knockout_EG10755_no_ox,6,14,job/write_for_new_job.py,/user/home/il22158/work/vEcoli/job/generated_runs/launcher/20260831T191459Z/configs/gene_knockout_EG10755_no_ox.json,/user/home/il22158/work/vEcoli/job/generated_runs/launcher/20260831T191459Z/slurm/gene_knockout_EG10755_no_ox.sh
EG10755,succinate,gene_knockout_EG10755_succinate,13,20,job/write_for_new_job.py,/user/home/il22158/work/vEcoli/job/generated_runs/launcher/20260831T191459Z/configs/gene_knockout_EG10755_succinate.json,/user/home/il22158/work/vEcoli/job/generated_runs/launcher/20260831T191459Z/slurm/gene_knockout_EG10755_succinate.sh
EG10759,with_aa,gene_knockout_EG10759_with_aa,5,13,job/write_for_new_job.py,/user/home/il22158/work/vEcoli/job/generated_runs/launcher/20260831T191459Z/configs/gene_knockout_EG10759_with_aa.json,/user/home/il22158/work/vEcoli/job/generated_runs/launcher/20260831T191459Z/slurm/gene_knockout_EG10759_with_aa.sh
EG10759,acetate,gene_knockout_EG10759_acetate,6,14,job/write_for_new_job.py,/user/home/il22158/work/vEcoli/job/generated_runs/launcher/20260831T191459Z/configs/gene_knockout_EG10759_acetate.json,/user/home/il22158/work/vEcoli/job/generated_runs/launcher/20260831T191459Z/slurm/gene_knockout_EG10759_acetate.sh
EG10759,no_ox,gene_knockout_EG10759_no_ox,6,14,job/write_for_new_job.py,/user/home/il22158/work/vEcoli/job/generated_runs/launcher/20260831T191459Z/configs/gene_knockout_EG10759_no_ox.json,/user/home/il22158/work/vEcoli/job/generated_runs/launcher/20260831T191459Z/slurm/gene_knockout_EG10759_no_ox.sh
EG10759,succinate,gene_knockout_EG10759_succinate,13,20,job/write_for_new_job.py,/user/home/il22158/work/vEcoli/job/generated_runs/launcher/20260831T191459Z/configs/gene_knockout_EG10759_succinate.json,/user/home/il22158/work/vEcoli/job/generated_runs/launcher/20260831T191459Z/slurm/gene_knockout_EG10759_succinate.sh
EG10769,with_aa,gene_knockout_EG10769_with_aa,5,13,job/write_for_new_job.py,/user/home/il22158/work/vEcoli/job/generated_runs/launcher/20260831T191459Z/configs/gene_knockout_EG10769_with_aa.json,/user/home/il22158/work/vEcoli/job/generated_runs/launcher/20260831T191459Z/slurm/gene_knockout_EG10769_with_aa.sh
EG10769,acetate,gene_knockout_EG10769_acetate,6,14,job/write_for_new_job.py,/user/home/il22158/work/vEcoli/job/generated_runs/launcher/20260831T191459Z/configs/gene_knockout_EG10769_acetate.json,/user/home/il22158/work/vEcoli/job/generated_runs/launcher/20260831T191459Z/slurm/gene_knockout_EG10769_acetate.sh
EG10769,no_ox,gene_knockout_EG10769_no_ox,6,14,job/write_for_new_job.py,/user/home/il22158/work/vEcoli/job/generated_runs/launcher/20260831T191459Z/configs/gene_knockout_EG10769_no_ox.json,/user/home/il22158/work/vEcoli/job/generated_runs/launcher/20260831T191459Z/slurm/gene_knockout_EG10769_no_ox.sh
EG10769,succinate,gene_knockout_EG10769_succinate,13,20,job/write_for_new_job.py,/user/home/il22158/work/vEcoli/job/generated_runs/launcher/20260831T191459Z/configs/gene_knockout_EG10769_succinate.json,/user/home/il22158/work/vEcoli/job/generated_runs/launcher/20260831T191459Z/slurm/gene_knockout_EG10769_succinate.sh
EG10770,with_aa,gene_knockout_EG10770_with_aa,5,13,job/write_for_new_job.py,/user/home/il22158/work/vEcoli/job/generated_runs/launcher/20260831T191459Z/configs/gene_knockout_EG10770_with_aa.json,/user/home/il22158/work/vEcoli/job/generated_runs/launcher/20260831T191459Z/slurm/gene_knockout_EG10770_with_aa.sh
EG10770,acetate,gene_knockout_EG10770_acetate,6,14,job/write_for_new_job.py,/user/home/il22158/work/vEcoli/job/generated_runs/launcher/20260831T191459Z/configs/gene_knockout_EG10770_acetate.json,/user/home/il22158/work/vEcoli/job/generated_runs/launcher/20260831T191459Z/slurm/gene_knockout_EG10770_acetate.sh
EG10770,no_ox,gene_knockout_EG10770_no_ox,6,14,job/write_for_new_job.py,/user/home/il22158/work/vEcoli/job/generated_runs/launcher/20260831T191459Z/configs/gene_knockout_EG10770_no_ox.json,/user/home/il22158/work/vEcoli/job/generated_runs/launcher/20260831T191459Z/slurm/gene_knockout_EG10770_no_ox.sh
EG10770,succinate,gene_knockout_EG10770_succinate,13,20,job/write_for_new_job.py,/user/home/il22158/work/vEcoli/job/generated_runs/launcher/20260831T191459Z/configs/gene_knockout_EG10770_succinate.json,/user/home/il22158/work/vEcoli/job/generated_runs/launcher/20260831T191459Z/slurm/gene_knockout_EG10770_succinate.sh
EG10772,with_aa,gene_knockout_EG10772_with_aa,5,13,job/write_for_new_job.py,/user/home/il22158/work/vEcoli/job/generated_runs/launcher/20260831T191459Z/configs/gene_knockout_EG10772_with_aa.json,/user/home/il22158/work/vEcoli/job/generated_runs/launcher/20260831T191459Z/slurm/gene_knockout_EG10772_with_aa.sh
EG10772,acetate,gene_knockout_EG10772_acetate,6,14,job/write_for_new_job.py,/user/home/il22158/work/vEcoli/job/generated_runs/launcher/20260831T191459Z/configs/gene_knockout_EG10772_acetate.json,/user/home/il22158/work/vEcoli/job/generated_runs/launcher/20260831T191459Z/slurm/gene_knockout_EG10772_acetate.sh
EG10772,no_ox,gene_knockout_EG10772_no_ox,6,14,job/write_for_new_job.py,/user/home/il22158/work/vEcoli/job/generated_runs/launcher/20260831T191459Z/configs/gene_knockout_EG10772_no_ox.json,/user/home/il22158/work/vEcoli/job/generated_runs/launcher/20260831T191459Z/slurm/gene_knockout_EG10772_no_ox.sh
EG10772,succinate,gene_knockout_EG10772_succinate,13,20,job/write_for_new_job.py,/user/home/il22158/work/vEcoli/job/generated_runs/launcher/20260831T191459Z/configs/gene_knockout_EG10772_succinate.json,/user/home/il22158/work/vEcoli/job/generated_runs/launcher/20260831T191459Z/slurm/gene_knockout_EG10772_succinate.sh
EG10774,with_aa,gene_knockout_EG10774_with_aa,5,13,job/write_for_new_job.py,/user/home/il22158/work/vEcoli/job/generated_runs/launcher/20260831T191459Z/configs/gene_knockout_EG10774_with_aa.json,/user/home/il22158/work/vEcoli/job/generated_runs/launcher/20260831T191459Z/slurm/gene_knockout_EG10774_with_aa.sh
EG10774,acetate,gene_knockout_EG10774_acetate,6,14,job/write_for_new_job.py,/user/home/il22158/work/vEcoli/job/generated_runs/launcher/20260831T191459Z/configs/gene_knockout_EG10774_acetate.json,/user/home/il22158/work/vEcoli/job/generated_runs/launcher/20260831T191459Z/slurm/gene_knockout_EG10774_acetate.sh
EG10774,no_ox,gene_knockout_EG10774_no_ox,6,14,job/write_for_new_job.py,/user/home/il22158/work/vEcoli/job/generated_runs/launcher/20260831T191459Z/configs/gene_knockout_EG10774_no_ox.json,/user/home/il22158/work/vEcoli/job/generated_runs/launcher/20260831T191459Z/slurm/gene_knockout_EG10774_no_ox.sh
EG10774,succinate,gene_knockout_EG10774_succinate,13,20,job/write_for_new_job.py,/user/home/il22158/work/vEcoli/job/generated_runs/launcher/20260831T191459Z/configs/gene_knockout_EG10774_succinate.json,/user/home/il22158/work/vEcoli/job/generated_runs/launcher/20260831T191459Z/slurm/gene_knockout_EG10774_succinate.sh
EG10782,with_aa,gene_knockout_EG10782_with_aa,5,13,job/write_for_new_job.py,/user/home/il22158/work/vEcoli/job/generated_runs/launcher/20260831T191459Z/configs/gene_knockout_EG10782_with_aa.json,/user/home/il22158/work/vEcoli/job/generated_runs/launcher/20260831T191459Z/slurm/gene_knockout_EG10782_with_aa.sh
EG10782,acetate,gene_knockout_EG10782_acetate,6,14,job/write_for_new_job.py,/user/home/il22158/work/vEcoli/job/generated_runs/launcher/20260831T191459Z/configs/gene_knockout_EG10782_acetate.json,/user/home/il22158/work/vEcoli/job/generated_runs/launcher/20260831T191459Z/slurm/gene_knockout_EG10782_acetate.sh
EG10782,no_ox,gene_knockout_EG10782_no_ox,6,14,job/write_for_new_job.py,/user/home/il22158/work/vEcoli/job/generated_runs/launcher/20260831T191459Z/configs/gene_knockout_EG10782_no_ox.json,/user/home/il22158/work/vEcoli/job/generated_runs/launcher/20260831T191459Z/slurm/gene_knockout_EG10782_no_ox.sh
EG10782,succinate,gene_knockout_EG10782_succinate,13,20,job/write_for_new_job.py,/user/home/il22158/work/vEcoli/job/generated_runs/launcher/20260831T191459Z/configs/gene_knockout_EG10782_succinate.json,/user/home/il22158/work/vEcoli/job/generated_runs/launcher/20260831T191459Z/slurm/gene_knockout_EG10782_succinate.sh
EG10790,with_aa,gene_knockout_EG10790_with_aa,5,13,job/write_for_new_job.py,/user/home/il22158/work/vEcoli/job/generated_runs/launcher/20260831T191459Z/configs/gene_knockout_EG10790_with_aa.json,/user/home/il22158/work/vEcoli/job/generated_runs/launcher/20260831T191459Z/slurm/gene_knockout_EG10790_with_aa.sh
EG10790,acetate,gene_knockout_EG10790_acetate,6,14,job/write_for_new_job.py,/user/home/il22158/work/vEcoli/job/generated_runs/launcher/20260831T191459Z/configs/gene_knockout_EG10790_acetate.json,/user/home/il22158/work/vEcoli/job/generated_runs/launcher/20260831T191459Z/slurm/gene_knockout_EG10790_acetate.sh
EG10790,no_ox,gene_knockout_EG10790_no_ox,6,14,job/write_for_new_job.py,/user/home/il22158/work/vEcoli/job/generated_runs/launcher/20260831T191459Z/configs/gene_knockout_EG10790_no_ox.json,/user/home/il22158/work/vEcoli/job/generated_runs/launcher/20260831T191459Z/slurm/gene_knockout_EG10790_no_ox.sh
EG10790,succinate,gene_knockout_EG10790_succinate,13,20,job/write_for_new_job.py,/user/home/il22158/work/vEcoli/job/generated_runs/launcher/20260831T191459Z/configs/gene_knockout_EG10790_succinate.json,/user/home/il22158/work/vEcoli/job/generated_runs/launcher/20260831T191459Z/slurm/gene_knockout_EG10790_succinate.sh
EG10791,with_aa,gene_knockout_EG10791_with_aa,5,13,job/write_for_new_job.py,/user/home/il22158/work/vEcoli/job/generated_runs/launcher/20260831T191459Z/configs/gene_knockout_EG10791_with_aa.json,/user/home/il22158/work/vEcoli/job/generated_runs/launcher/20260831T191459Z/slurm/gene_knockout_EG10791_with_aa.sh
EG10791,acetate,gene_knockout_EG10791_acetate,6,14,job/write_for_new_job.py,/user/home/il22158/work/vEcoli/job/generated_runs/launcher/20260831T191459Z/configs/gene_knockout_EG10791_acetate.json,/user/home/il22158/work/vEcoli/job/generated_runs/launcher/20260831T191459Z/slurm/gene_knockout_EG10791_acetate.sh
EG10791,no_ox,gene_knockout_EG10791_no_ox,6,14,job/write_for_new_job.py,/user/home/il22158/work/vEcoli/job/generated_runs/launcher/20260831T191459Z/configs/gene_knockout_EG10791_no_ox.json,/user/home/il22158/work/vEcoli/job/generated_runs/launcher/20260831T191459Z/slurm/gene_knockout_EG10791_no_ox.sh
EG10791,succinate,gene_knockout_EG10791_succinate,13,20,job/write_for_new_job.py,/user/home/il22158/work/vEcoli/job/generated_runs/launcher/20260831T191459Z/configs/gene_knockout_EG10791_succinate.json,/user/home/il22158/work/vEcoli/job/generated_runs/launcher/20260831T191459Z/slurm/gene_knockout_EG10791_succinate.sh
EG10792,with_aa,gene_knockout_EG10792_with_aa,5,13,job/write_for_new_job.py,/user/home/il22158/work/vEcoli/job/generated_runs/launcher/20260831T191459Z/configs/gene_knockout_EG10792_with_aa.json,/user/home/il22158/work/vEcoli/job/generated_runs/launcher/20260831T191459Z/slurm/gene_knockout_EG10792_with_aa.sh
EG10792,acetate,gene_knockout_EG10792_acetate,6,14,job/write_for_new_job.py,/user/home/il22158/work/vEcoli/job/generated_runs/launcher/20260831T191459Z/configs/gene_knockout_EG10792_acetate.json,/user/home/il22158/work/vEcoli/job/generated_runs/launcher/20260831T191459Z/slurm/gene_knockout_EG10792_acetate.sh
EG10792,no_ox,gene_knockout_EG10792_no_ox,6,14,job/write_for_new_job.py,/user/home/il22158/work/vEcoli/job/generated_runs/launcher/20260831T191459Z/configs/gene_knockout_EG10792_no_ox.json,/user/home/il22158/work/vEcoli/job/generated_runs/launcher/20260831T191459Z/slurm/gene_knockout_EG10792_no_ox.sh
EG10792,succinate,gene_knockout_EG10792_succinate,13,20,job/write_for_new_job.py,/user/home/il22158/work/vEcoli/job/generated_runs/launcher/20260831T191459Z/configs/gene_knockout_EG10792_succinate.json,/user/home/il22158/work/vEcoli/job/generated_runs/launcher/20260831T191459Z/slurm/gene_knockout_EG10792_succinate.sh
EG10793,with_aa,gene_knockout_EG10793_with_aa,5,13,job/write_for_new_job.py,/user/home/il22158/work/vEcoli/job/generated_runs/launcher/20260831T191459Z/configs/gene_knockout_EG10793_with_aa.json,/user/home/il22158/work/vEcoli/job/generated_runs/launcher/20260831T191459Z/slurm/gene_knockout_EG10793_with_aa.sh
EG10793,acetate,gene_knockout_EG10793_acetate,6,14,job/write_for_new_job.py,/user/home/il22158/work/vEcoli/job/generated_runs/launcher/20260831T191459Z/configs/gene_knockout_EG10793_acetate.json,/user/home/il22158/work/vEcoli/job/generated_runs/launcher/20260831T191459Z/slurm/gene_knockout_EG10793_acetate.sh
EG10793,no_ox,gene_knockout_EG10793_no_ox,6,14,job/write_for_new_job.py,/user/home/il22158/work/vEcoli/job/generated_runs/launcher/20260831T191459Z/configs/gene_knockout_EG10793_no_ox.json,/user/home/il22158/work/vEcoli/job/generated_runs/launcher/20260831T191459Z/slurm/gene_knockout_EG10793_no_ox.sh
EG10793,succinate,gene_knockout_EG10793_succinate,13,20,job/write_for_new_job.py,/user/home/il22158/work/vEcoli/job/generated_runs/launcher/20260831T191459Z/configs/gene_knockout_EG10793_succinate.json,/user/home/il22158/work/vEcoli/job/generated_runs/launcher/20260831T191459Z/slurm/gene_knockout_EG10793_succinate.sh
EG10794,with_aa,gene_knockout_EG10794_with_aa,5,13,job/write_for_new_job.py,/user/home/il22158/work/vEcoli/job/generated_runs/launcher/20260831T191459Z/configs/gene_knockout_EG10794_with_aa.json,/user/home/il22158/work/vEcoli/job/generated_runs/launcher/20260831T191459Z/slurm/gene_knockout_EG10794_with_aa.sh
EG10794,acetate,gene_knockout_EG10794_acetate,6,14,job/write_for_new_job.py,/user/home/il22158/work/vEcoli/job/generated_runs/launcher/20260831T191459Z/configs/gene_knockout_EG10794_acetate.json,/user/home/il22158/work/vEcoli/job/generated_runs/launcher/20260831T191459Z/slurm/gene_knockout_EG10794_acetate.sh
EG10794,no_ox,gene_knockout_EG10794_no_ox,6,14,job/write_for_new_job.py,/user/home/il22158/work/vEcoli/job/generated_runs/launcher/20260831T191459Z/configs/gene_knockout_EG10794_no_ox.json,/user/home/il22158/work/vEcoli/job/generated_runs/launcher/20260831T191459Z/slurm/gene_knockout_EG10794_no_ox.sh
EG10794,succinate,gene_knockout_EG10794_succinate,13,20,job/write_for_new_job.py,/user/home/il22158/work/vEcoli/job/generated_runs/launcher/20260831T191459Z/configs/gene_knockout_EG10794_succinate.json,/user/home/il22158/work/vEcoli/job/generated_runs/launcher/20260831T191459Z/slurm/gene_knockout_EG10794_succinate.sh
EG10795,with_aa,gene_knockout_EG10795_with_aa,5,13,job/write_for_new_job.py,/user/home/il22158/work/vEcoli/job/generated_runs/launcher/20260831T191459Z/configs/gene_knockout_EG10795_with_aa.json,/user/home/il22158/work/vEcoli/job/generated_runs/launcher/20260831T191459Z/slurm/gene_knockout_EG10795_with_aa.sh
EG10795,acetate,gene_knockout_EG10795_acetate,6,14,job/write_for_new_job.py,/user/home/il22158/work/vEcoli/job/generated_runs/launcher/20260831T191459Z/configs/gene_knockout_EG10795_acetate.json,/user/home/il22158/work/vEcoli/job/generated_runs/launcher/20260831T191459Z/slurm/gene_knockout_EG10795_acetate.sh
EG10795,no_ox,gene_knockout_EG10795_no_ox,6,14,job/write_for_new_job.py,/user/home/il22158/work/vEcoli/job/generated_runs/launcher/20260831T191459Z/configs/gene_knockout_EG10795_no_ox.json,/user/home/il22158/work/vEcoli/job/generated_runs/launcher/20260831T191459Z/slurm/gene_knockout_EG10795_no_ox.sh
EG10795,succinate,gene_knockout_EG10795_succinate,13,20,job/write_for_new_job.py,/user/home/il22158/work/vEcoli/job/generated_runs/launcher/20260831T191459Z/configs/gene_knockout_EG10795_succinate.json,/user/home/il22158/work/vEcoli/job/generated_runs/launcher/20260831T191459Z/slurm/gene_knockout_EG10795_succinate.sh
EG10796,with_aa,gene_knockout_EG10796_with_aa,5,13,job/write_for_new_job.py,/user/home/il22158/work/vEcoli/job/generated_runs/launcher/20260831T191459Z/configs/gene_knockout_EG10796_with_aa.json,/user/home/il22158/work/vEcoli/job/generated_runs/launcher/20260831T191459Z/slurm/gene_knockout_EG10796_with_aa.sh
EG10796,acetate,gene_knockout_EG10796_acetate,6,14,job/write_for_new_job.py,/user/home/il22158/work/vEcoli/job/generated_runs/launcher/20260831T191459Z/configs/gene_knockout_EG10796_acetate.json,/user/home/il22158/work/vEcoli/job/generated_runs/launcher/20260831T191459Z/slurm/gene_knockout_EG10796_acetate.sh
EG10796,no_ox,gene_knockout_EG10796_no_ox,6,14,job/write_for_new_job.py,/user/home/il22158/work/vEcoli/job/generated_runs/launcher/20260831T191459Z/configs/gene_knockout_EG10796_no_ox.json,/user/home/il22158/work/vEcoli/job/generated_runs/launcher/20260831T191459Z/slurm/gene_knockout_EG10796_no_ox.sh
EG10796,succinate,gene_knockout_EG10796_succinate,13,20,job/write_for_new_job.py,/user/home/il22158/work/vEcoli/job/generated_runs/launcher/20260831T191459Z/configs/gene_knockout_EG10796_succinate.json,/user/home/il22158/work/vEcoli/job/generated_runs/launcher/20260831T191459Z/slurm/gene_knockout_EG10796_succinate.sh
EG10797,with_aa,gene_knockout_EG10797_with_aa,5,13,job/write_for_new_job.py,/user/home/il22158/work/vEcoli/job/generated_runs/launcher/20260831T191459Z/configs/gene_knockout_EG10797_with_aa.json,/user/home/il22158/work/vEcoli/job/generated_runs/launcher/20260831T191459Z/slurm/gene_knockout_EG10797_with_aa.sh
EG10797,acetate,gene_knockout_EG10797_acetate,6,14,job/write_for_new_job.py,/user/home/il22158/work/vEcoli/job/generated_runs/launcher/20260831T191459Z/configs/gene_knockout_EG10797_acetate.json,/user/home/il22158/work/vEcoli/job/generated_runs/launcher/20260831T191459Z/slurm/gene_knockout_EG10797_acetate.sh
EG10797,no_ox,gene_knockout_EG10797_no_ox,6,14,job/write_for_new_job.py,/user/home/il22158/work/vEcoli/job/generated_runs/launcher/20260831T191459Z/configs/gene_knockout_EG10797_no_ox.json,/user/home/il22158/work/vEcoli/job/generated_runs/launcher/20260831T191459Z/slurm/gene_knockout_EG10797_no_ox.sh
EG10797,succinate,gene_knockout_EG10797_succinate,13,20,job/write_for_new_job.py,/user/home/il22158/work/vEcoli/job/generated_runs/launcher/20260831T191459Z/configs/gene_knockout_EG10797_succinate.json,/user/home/il22158/work/vEcoli/job/generated_runs/launcher/20260831T191459Z/slurm/gene_knockout_EG10797_succinate.sh
EG10798,with_aa,gene_knockout_EG10798_with_aa,5,13,job/write_for_new_job.py,/user/home/il22158/work/vEcoli/job/generated_runs/launcher/20260831T191459Z/configs/gene_knockout_EG10798_with_aa.json,/user/home/il22158/work/vEcoli/job/generated_runs/launcher/20260831T191459Z/slurm/gene_knockout_EG10798_with_aa.sh
EG10798,acetate,gene_knockout_EG10798_acetate,6,14,job/write_for_new_job.py,/user/home/il22158/work/vEcoli/job/generated_runs/launcher/20260831T191459Z/configs/gene_knockout_EG10798_acetate.json,/user/home/il22158/work/vEcoli/job/generated_runs/launcher/20260831T191459Z/slurm/gene_knockout_EG10798_acetate.sh
EG10798,no_ox,gene_knockout_EG10798_no_ox,6,14,job/write_for_new_job.py,/user/home/il22158/work/vEcoli/job/generated_runs/launcher/20260831T191459Z/configs/gene_knockout_EG10798_no_ox.json,/user/home/il22158/work/vEcoli/job/generated_runs/launcher/20260831T191459Z/slurm/gene_knockout_EG10798_no_ox.sh
EG10798,succinate,gene_knockout_EG10798_succinate,13,20,job/write_for_new_job.py,/user/home/il22158/work/vEcoli/job/generated_runs/launcher/20260831T191459Z/configs/gene_knockout_EG10798_succinate.json,/user/home/il22158/work/vEcoli/job/generated_runs/launcher/20260831T191459Z/slurm/gene_knockout_EG10798_succinate.sh
EG10803,with_aa,gene_knockout_EG10803_with_aa,5,13,job/write_for_new_job.py,/user/home/il22158/work/vEcoli/job/generated_runs/launcher/20260831T191459Z/configs/gene_knockout_EG10803_with_aa.json,/user/home/il22158/work/vEcoli/job/generated_runs/launcher/20260831T191459Z/slurm/gene_knockout_EG10803_with_aa.sh
EG10803,acetate,gene_knockout_EG10803_acetate,6,14,job/write_for_new_job.py,/user/home/il22158/work/vEcoli/job/generated_runs/launcher/20260831T191459Z/configs/gene_knockout_EG10803_acetate.json,/user/home/il22158/work/vEcoli/job/generated_runs/launcher/20260831T191459Z/slurm/gene_knockout_EG10803_acetate.sh
EG10803,no_ox,gene_knockout_EG10803_no_ox,6,14,job/write_for_new_job.py,/user/home/il22158/work/vEcoli/job/generated_runs/launcher/20260831T191459Z/configs/gene_knockout_EG10803_no_ox.json,/user/home/il22158/work/vEcoli/job/generated_runs/launcher/20260831T191459Z/slurm/gene_knockout_EG10803_no_ox.sh
EG10803,succinate,gene_knockout_EG10803_succinate,13,20,job/write_for_new_job.py,/user/home/il22158/work/vEcoli/job/generated_runs/launcher/20260831T191459Z/configs/gene_knockout_EG10803_succinate.json,/user/home/il22158/work/vEcoli/job/generated_runs/launcher/20260831T191459Z/slurm/gene_knockout_EG10803_succinate.sh
EG10805,with_aa,gene_knockout_EG10805_with_aa,5,13,job/write_for_new_job.py,/user/home/il22158/work/vEcoli/job/generated_runs/launcher/20260831T191459Z/configs/gene_knockout_EG10805_with_aa.json,/user/home/il22158/work/vEcoli/job/generated_runs/launcher/20260831T191459Z/slurm/gene_knockout_EG10805_with_aa.sh
EG10805,acetate,gene_knockout_EG10805_acetate,6,14,job/write_for_new_job.py,/user/home/il22158/work/vEcoli/job/generated_runs/launcher/20260831T191459Z/configs/gene_knockout_EG10805_acetate.json,/user/home/il22158/work/vEcoli/job/generated_runs/launcher/20260831T191459Z/slurm/gene_knockout_EG10805_acetate.sh
EG10805,no_ox,gene_knockout_EG10805_no_ox,6,14,job/write_for_new_job.py,/user/home/il22158/work/vEcoli/job/generated_runs/launcher/20260831T191459Z/configs/gene_knockout_EG10805_no_ox.json,/user/home/il22158/work/vEcoli/job/generated_runs/launcher/20260831T191459Z/slurm/gene_knockout_EG10805_no_ox.sh
EG10805,succinate,gene_knockout_EG10805_succinate,13,20,job/write_for_new_job.py,/user/home/il22158/work/vEcoli/job/generated_runs/launcher/20260831T191459Z/configs/gene_knockout_EG10805_succinate.json,/user/home/il22158/work/vEcoli/job/generated_runs/launcher/20260831T191459Z/slurm/gene_knockout_EG10805_succinate.sh
EG10806,with_aa,gene_knockout_EG10806_with_aa,5,13,job/write_for_new_job.py,/user/home/il22158/work/vEcoli/job/generated_runs/launcher/20260831T191459Z/configs/gene_knockout_EG10806_with_aa.json,/user/home/il22158/work/vEcoli/job/generated_runs/launcher/20260831T191459Z/slurm/gene_knockout_EG10806_with_aa.sh
EG10806,acetate,gene_knockout_EG10806_acetate,6,14,job/write_for_new_job.py,/user/home/il22158/work/vEcoli/job/generated_runs/launcher/20260831T191459Z/configs/gene_knockout_EG10806_acetate.json,/user/home/il22158/work/vEcoli/job/generated_runs/launcher/20260831T191459Z/slurm/gene_knockout_EG10806_acetate.sh
EG10806,no_ox,gene_knockout_EG10806_no_ox,6,14,job/write_for_new_job.py,/user/home/il22158/work/vEcoli/job/generated_runs/launcher/20260831T191459Z/configs/gene_knockout_EG10806_no_ox.json,/user/home/il22158/work/vEcoli/job/generated_runs/launcher/20260831T191459Z/slurm/gene_knockout_EG10806_no_ox.sh
EG10806,succinate,gene_knockout_EG10806_succinate,13,20,job/write_for_new_job.py,/user/home/il22158/work/vEcoli/job/generated_runs/launcher/20260831T191459Z/configs/gene_knockout_EG10806_succinate.json,/user/home/il22158/work/vEcoli/job/generated_runs/launcher/20260831T191459Z/slurm/gene_knockout_EG10806_succinate.sh
EG10807,with_aa,gene_knockout_EG10807_with_aa,5,13,job/write_for_new_job.py,/user/home/il22158/work/vEcoli/job/generated_runs/launcher/20260831T191459Z/configs/gene_knockout_EG10807_with_aa.json,/user/home/il22158/work/vEcoli/job/generated_runs/launcher/20260831T191459Z/slurm/gene_knockout_EG10807_with_aa.sh
EG10807,acetate,gene_knockout_EG10807_acetate,6,14,job/write_for_new_job.py,/user/home/il22158/work/vEcoli/job/generated_runs/launcher/20260831T191459Z/configs/gene_knockout_EG10807_acetate.json,/user/home/il22158/work/vEcoli/job/generated_runs/launcher/20260831T191459Z/slurm/gene_knockout_EG10807_acetate.sh
EG10807,no_ox,gene_knockout_EG10807_no_ox,6,14,job/write_for_new_job.py,/user/home/il22158/work/vEcoli/job/generated_runs/launcher/20260831T191459Z/configs/gene_knockout_EG10807_no_ox.json,/user/home/il22158/work/vEcoli/job/generated_runs/launcher/20260831T191459Z/slurm/gene_knockout_EG10807_no_ox.sh
EG10807,succinate,gene_knockout_EG10807_succinate,13,20,job/write_for_new_job.py,/user/home/il22158/work/vEcoli/job/generated_runs/launcher/20260831T191459Z/configs/gene_knockout_EG10807_succinate.json,/user/home/il22158/work/vEcoli/job/generated_runs/launcher/20260831T191459Z/slurm/gene_knockout_EG10807_succinate.sh
EG10808,with_aa,gene_knockout_EG10808_with_aa,5,13,job/write_for_new_job.py,/user/home/il22158/work/vEcoli/job/generated_runs/launcher/20260831T191459Z/configs/gene_knockout_EG10808_with_aa.json,/user/home/il22158/work/vEcoli/job/generated_runs/launcher/20260831T191459Z/slurm/gene_knockout_EG10808_with_aa.sh
EG10808,acetate,gene_knockout_EG10808_acetate,6,14,job/write_for_new_job.py,/user/home/il22158/work/vEcoli/job/generated_runs/launcher/20260831T191459Z/configs/gene_knockout_EG10808_acetate.json,/user/home/il22158/work/vEcoli/job/generated_runs/launcher/20260831T191459Z/slurm/gene_knockout_EG10808_acetate.sh
EG10808,no_ox,gene_knockout_EG10808_no_ox,6,14,job/write_for_new_job.py,/user/home/il22158/work/vEcoli/job/generated_runs/launcher/20260831T191459Z/configs/gene_knockout_EG10808_no_ox.json,/user/home/il22158/work/vEcoli/job/generated_runs/launcher/20260831T191459Z/slurm/gene_knockout_EG10808_no_ox.sh
EG10808,succinate,gene_knockout_EG10808_succinate,13,20,job/write_for_new_job.py,/user/home/il22158/work/vEcoli/job/generated_runs/launcher/20260831T191459Z/configs/gene_knockout_EG10808_succinate.json,/user/home/il22158/work/vEcoli/job/generated_runs/launcher/20260831T191459Z/slurm/gene_knockout_EG10808_succinate.sh
EG10809,with_aa,gene_knockout_EG10809_with_aa,5,13,job/write_for_new_job.py,/user/home/il22158/work/vEcoli/job/generated_runs/launcher/20260831T191459Z/configs/gene_knockout_EG10809_with_aa.json,/user/home/il22158/work/vEcoli/job/generated_runs/launcher/20260831T191459Z/slurm/gene_knockout_EG10809_with_aa.sh
EG10809,acetate,gene_knockout_EG10809_acetate,6,14,job/write_for_new_job.py,/user/home/il22158/work/vEcoli/job/generated_runs/launcher/20260831T191459Z/configs/gene_knockout_EG10809_acetate.json,/user/home/il22158/work/vEcoli/job/generated_runs/launcher/20260831T191459Z/slurm/gene_knockout_EG10809_acetate.sh
EG10809,no_ox,gene_knockout_EG10809_no_ox,6,14,job/write_for_new_job.py,/user/home/il22158/work/vEcoli/job/generated_runs/launcher/20260831T191459Z/configs/gene_knockout_EG10809_no_ox.json,/user/home/il22158/work/vEcoli/job/generated_runs/launcher/20260831T191459Z/slurm/gene_knockout_EG10809_no_ox.sh
EG10809,succinate,gene_knockout_EG10809_succinate,13,20,job/write_for_new_job.py,/user/home/il22158/work/vEcoli/job/generated_runs/launcher/20260831T191459Z/configs/gene_knockout_EG10809_succinate.json,/user/home/il22158/work/vEcoli/job/generated_runs/launcher/20260831T191459Z/slurm/gene_knockout_EG10809_succinate.sh
EG10810,with_aa,gene_knockout_EG10810_with_aa,5,13,job/write_for_new_job.py,/user/home/il22158/work/vEcoli/job/generated_runs/launcher/20260831T191459Z/configs/gene_knockout_EG10810_with_aa.json,/user/home/il22158/work/vEcoli/job/generated_runs/launcher/20260831T191459Z/slurm/gene_knockout_EG10810_with_aa.sh
EG10810,acetate,gene_knockout_EG10810_acetate,6,14,job/write_for_new_job.py,/user/home/il22158/work/vEcoli/job/generated_runs/launcher/20260831T191459Z/configs/gene_knockout_EG10810_acetate.json,/user/home/il22158/work/vEcoli/job/generated_runs/launcher/20260831T191459Z/slurm/gene_knockout_EG10810_acetate.sh
EG10810,no_ox,gene_knockout_EG10810_no_ox,6,14,job/write_for_new_job.py,/user/home/il22158/work/vEcoli/job/generated_runs/launcher/20260831T191459Z/configs/gene_knockout_EG10810_no_ox.json,/user/home/il22158/work/vEcoli/job/generated_runs/launcher/20260831T191459Z/slurm/gene_knockout_EG10810_no_ox.sh
EG10810,succinate,gene_knockout_EG10810_succinate,13,20,job/write_for_new_job.py,/user/home/il22158/work/vEcoli/job/generated_runs/launcher/20260831T191459Z/configs/gene_knockout_EG10810_succinate.json,/user/home/il22158/work/vEcoli/job/generated_runs/launcher/20260831T191459Z/slurm/gene_knockout_EG10810_succinate.sh
EG10811,with_aa,gene_knockout_EG10811_with_aa,5,13,job/write_for_new_job.py,/user/home/il22158/work/vEcoli/job/generated_runs/launcher/20260831T191459Z/configs/gene_knockout_EG10811_with_aa.json,/user/home/il22158/work/vEcoli/job/generated_runs/launcher/20260831T191459Z/slurm/gene_knockout_EG10811_with_aa.sh
EG10811,acetate,gene_knockout_EG10811_acetate,6,14,job/write_for_new_job.py,/user/home/il22158/work/vEcoli/job/generated_runs/launcher/20260831T191459Z/configs/gene_knockout_EG10811_acetate.json,/user/home/il22158/work/vEcoli/job/generated_runs/launcher/20260831T191459Z/slurm/gene_knockout_EG10811_acetate.sh
EG10811,no_ox,gene_knockout_EG10811_no_ox,6,14,job/write_for_new_job.py,/user/home/il22158/work/vEcoli/job/generated_runs/launcher/20260831T191459Z/configs/gene_knockout_EG10811_no_ox.json,/user/home/il22158/work/vEcoli/job/generated_runs/launcher/20260831T191459Z/slurm/gene_knockout_EG10811_no_ox.sh
EG10811,succinate,gene_knockout_EG10811_succinate,13,20,job/write_for_new_job.py,/user/home/il22158/work/vEcoli/job/generated_runs/launcher/20260831T191459Z/configs/gene_knockout_EG10811_succinate.json,/user/home/il22158/work/vEcoli/job/generated_runs/launcher/20260831T191459Z/slurm/gene_knockout_EG10811_succinate.sh
EG10838,with_aa,gene_knockout_EG10838_with_aa,5,13,job/write_for_new_job.py,/user/home/il22158/work/vEcoli/job/generated_runs/launcher/20260831T191459Z/configs/gene_knockout_EG10838_with_aa.json,/user/home/il22158/work/vEcoli/job/generated_runs/launcher/20260831T191459Z/slurm/gene_knockout_EG10838_with_aa.sh
EG10838,acetate,gene_knockout_EG10838_acetate,6,14,job/write_for_new_job.py,/user/home/il22158/work/vEcoli/job/generated_runs/launcher/20260831T191459Z/configs/gene_knockout_EG10838_acetate.json,/user/home/il22158/work/vEcoli/job/generated_runs/launcher/20260831T191459Z/slurm/gene_knockout_EG10838_acetate.sh
EG10838,no_ox,gene_knockout_EG10838_no_ox,6,14,job/write_for_new_job.py,/user/home/il22158/work/vEcoli/job/generated_runs/launcher/20260831T191459Z/configs/gene_knockout_EG10838_no_ox.json,/user/home/il22158/work/vEcoli/job/generated_runs/launcher/20260831T191459Z/slurm/gene_knockout_EG10838_no_ox.sh
EG10838,succinate,gene_knockout_EG10838_succinate,13,20,job/write_for_new_job.py,/user/home/il22158/work/vEcoli/job/generated_runs/launcher/20260831T191459Z/configs/gene_knockout_EG10838_succinate.json,/user/home/il22158/work/vEcoli/job/generated_runs/launcher/20260831T191459Z/slurm/gene_knockout_EG10838_succinate.sh
EG10864,with_aa,gene_knockout_EG10864_with_aa,5,13,job/write_for_new_job.py,/user/home/il22158/work/vEcoli/job/generated_runs/launcher/20260831T191459Z/configs/gene_knockout_EG10864_with_aa.json,/user/home/il22158/work/vEcoli/job/generated_runs/launcher/20260831T191459Z/slurm/gene_knockout_EG10864_with_aa.sh
EG10864,acetate,gene_knockout_EG10864_acetate,6,14,job/write_for_new_job.py,/user/home/il22158/work/vEcoli/job/generated_runs/launcher/20260831T191459Z/configs/gene_knockout_EG10864_acetate.json,/user/home/il22158/work/vEcoli/job/generated_runs/launcher/20260831T191459Z/slurm/gene_knockout_EG10864_acetate.sh
EG10864,no_ox,gene_knockout_EG10864_no_ox,6,14,job/write_for_new_job.py,/user/home/il22158/work/vEcoli/job/generated_runs/launcher/20260831T191459Z/configs/gene_knockout_EG10864_no_ox.json,/user/home/il22158/work/vEcoli/job/generated_runs/launcher/20260831T191459Z/slurm/gene_knockout_EG10864_no_ox.sh
EG10864,succinate,gene_knockout_EG10864_succinate,13,20,job/write_for_new_job.py,/user/home/il22158/work/vEcoli/job/generated_runs/launcher/20260831T191459Z/configs/gene_knockout_EG10864_succinate.json,/user/home/il22158/work/vEcoli/job/generated_runs/launcher/20260831T191459Z/slurm/gene_knockout_EG10864_succinate.sh
EG10865,with_aa,gene_knockout_EG10865_with_aa,5,13,job/write_for_new_job.py,/user/home/il22158/work/vEcoli/job/generated_runs/launcher/20260831T191459Z/configs/gene_knockout_EG10865_with_aa.json,/user/home/il22158/work/vEcoli/job/generated_runs/launcher/20260831T191459Z/slurm/gene_knockout_EG10865_with_aa.sh
EG10865,acetate,gene_knockout_EG10865_acetate,6,14,job/write_for_new_job.py,/user/home/il22158/work/vEcoli/job/generated_runs/launcher/20260831T191459Z/configs/gene_knockout_EG10865_acetate.json,/user/home/il22158/work/vEcoli/job/generated_runs/launcher/20260831T191459Z/slurm/gene_knockout_EG10865_acetate.sh
EG10865,no_ox,gene_knockout_EG10865_no_ox,6,14,job/write_for_new_job.py,/user/home/il22158/work/vEcoli/job/generated_runs/launcher/20260831T191459Z/configs/gene_knockout_EG10865_no_ox.json,/user/home/il22158/work/vEcoli/job/generated_runs/launcher/20260831T191459Z/slurm/gene_knockout_EG10865_no_ox.sh
EG10865,succinate,gene_knockout_EG10865_succinate,13,20,job/write_for_new_job.py,/user/home/il22158/work/vEcoli/job/generated_runs/launcher/20260831T191459Z/configs/gene_knockout_EG10865_succinate.json,/user/home/il22158/work/vEcoli/job/generated_runs/launcher/20260831T191459Z/slurm/gene_knockout_EG10865_succinate.sh
EG10866,with_aa,gene_knockout_EG10866_with_aa,5,13,job/write_for_new_job.py,/user/home/il22158/work/vEcoli/job/generated_runs/launcher/20260831T191459Z/configs/gene_knockout_EG10866_with_aa.json,/user/home/il22158/work/vEcoli/job/generated_runs/launcher/20260831T191459Z/slurm/gene_knockout_EG10866_with_aa.sh
EG10866,acetate,gene_knockout_EG10866_acetate,6,14,job/write_for_new_job.py,/user/home/il22158/work/vEcoli/job/generated_runs/launcher/20260831T191459Z/configs/gene_knockout_EG10866_acetate.json,/user/home/il22158/work/vEcoli/job/generated_runs/launcher/20260831T191459Z/slurm/gene_knockout_EG10866_acetate.sh
EG10866,no_ox,gene_knockout_EG10866_no_ox,6,14,job/write_for_new_job.py,/user/home/il22158/work/vEcoli/job/generated_runs/launcher/20260831T191459Z/configs/gene_knockout_EG10866_no_ox.json,/user/home/il22158/work/vEcoli/job/generated_runs/launcher/20260831T191459Z/slurm/gene_knockout_EG10866_no_ox.sh
EG10866,succinate,gene_knockout_EG10866_succinate,13,20,job/write_for_new_job.py,/user/home/il22158/work/vEcoli/job/generated_runs/launcher/20260831T191459Z/configs/gene_knockout_EG10866_succinate.json,/user/home/il22158/work/vEcoli/job/generated_runs/launcher/20260831T191459Z/slurm/gene_knockout_EG10866_succinate.sh
EG10867,with_aa,gene_knockout_EG10867_with_aa,5,13,job/write_for_new_job.py,/user/home/il22158/work/vEcoli/job/generated_runs/launcher/20260831T191459Z/configs/gene_knockout_EG10867_with_aa.json,/user/home/il22158/work/vEcoli/job/generated_runs/launcher/20260831T191459Z/slurm/gene_knockout_EG10867_with_aa.sh
EG10867,acetate,gene_knockout_EG10867_acetate,6,14,job/write_for_new_job.py,/user/home/il22158/work/vEcoli/job/generated_runs/launcher/20260831T191459Z/configs/gene_knockout_EG10867_acetate.json,/user/home/il22158/work/vEcoli/job/generated_runs/launcher/20260831T191459Z/slurm/gene_knockout_EG10867_acetate.sh
EG10867,no_ox,gene_knockout_EG10867_no_ox,6,14,job/write_for_new_job.py,/user/home/il22158/work/vEcoli/job/generated_runs/launcher/20260831T191459Z/configs/gene_knockout_EG10867_no_ox.json,/user/home/il22158/work/vEcoli/job/generated_runs/launcher/20260831T191459Z/slurm/gene_knockout_EG10867_no_ox.sh
EG10867,succinate,gene_knockout_EG10867_succinate,13,20,job/write_for_new_job.py,/user/home/il22158/work/vEcoli/job/generated_runs/launcher/20260831T191459Z/configs/gene_knockout_EG10867_succinate.json,/user/home/il22158/work/vEcoli/job/generated_runs/launcher/20260831T191459Z/slurm/gene_knockout_EG10867_succinate.sh
EG10868,with_aa,gene_knockout_EG10868_with_aa,5,13,job/write_for_new_job.py,/user/home/il22158/work/vEcoli/job/generated_runs/launcher/20260831T191459Z/configs/gene_knockout_EG10868_with_aa.json,/user/home/il22158/work/vEcoli/job/generated_runs/launcher/20260831T191459Z/slurm/gene_knockout_EG10868_with_aa.sh
EG10868,acetate,gene_knockout_EG10868_acetate,6,14,job/write_for_new_job.py,/user/home/il22158/work/vEcoli/job/generated_runs/launcher/20260831T191459Z/configs/gene_knockout_EG10868_acetate.json,/user/home/il22158/work/vEcoli/job/generated_runs/launcher/20260831T191459Z/slurm/gene_knockout_EG10868_acetate.sh
EG10868,no_ox,gene_knockout_EG10868_no_ox,6,14,job/write_for_new_job.py,/user/home/il22158/work/vEcoli/job/generated_runs/launcher/20260831T191459Z/configs/gene_knockout_EG10868_no_ox.json,/user/home/il22158/work/vEcoli/job/generated_runs/launcher/20260831T191459Z/slurm/gene_knockout_EG10868_no_ox.sh
EG10868,succinate,gene_knockout_EG10868_succinate,13,20,job/write_for_new_job.py,/user/home/il22158/work/vEcoli/job/generated_runs/launcher/20260831T191459Z/configs/gene_knockout_EG10868_succinate.json,/user/home/il22158/work/vEcoli/job/generated_runs/launcher/20260831T191459Z/slurm/gene_knockout_EG10868_succinate.sh
EG10869,with_aa,gene_knockout_EG10869_with_aa,5,13,job/write_for_new_job.py,/user/home/il22158/work/vEcoli/job/generated_runs/launcher/20260831T191459Z/configs/gene_knockout_EG10869_with_aa.json,/user/home/il22158/work/vEcoli/job/generated_runs/launcher/20260831T191459Z/slurm/gene_knockout_EG10869_with_aa.sh
EG10869,acetate,gene_knockout_EG10869_acetate,6,14,job/write_for_new_job.py,/user/home/il22158/work/vEcoli/job/generated_runs/launcher/20260831T191459Z/configs/gene_knockout_EG10869_acetate.json,/user/home/il22158/work/vEcoli/job/generated_runs/launcher/20260831T191459Z/slurm/gene_knockout_EG10869_acetate.sh
EG10869,no_ox,gene_knockout_EG10869_no_ox,6,14,job/write_for_new_job.py,/user/home/il22158/work/vEcoli/job/generated_runs/launcher/20260831T191459Z/configs/gene_knockout_EG10869_no_ox.json,/user/home/il22158/work/vEcoli/job/generated_runs/launcher/20260831T191459Z/slurm/gene_knockout_EG10869_no_ox.sh
EG10869,succinate,gene_knockout_EG10869_succinate,13,20,job/write_for_new_job.py,/user/home/il22158/work/vEcoli/job/generated_runs/launcher/20260831T191459Z/configs/gene_knockout_EG10869_succinate.json,/user/home/il22158/work/vEcoli/job/generated_runs/launcher/20260831T191459Z/slurm/gene_knockout_EG10869_succinate.sh
EG10870,with_aa,gene_knockout_EG10870_with_aa,5,13,job/write_for_new_job.py,/user/home/il22158/work/vEcoli/job/generated_runs/launcher/20260831T191459Z/configs/gene_knockout_EG10870_with_aa.json,/user/home/il22158/work/vEcoli/job/generated_runs/launcher/20260831T191459Z/slurm/gene_knockout_EG10870_with_aa.sh
EG10870,acetate,gene_knockout_EG10870_acetate,6,14,job/write_for_new_job.py,/user/home/il22158/work/vEcoli/job/generated_runs/launcher/20260831T191459Z/configs/gene_knockout_EG10870_acetate.json,/user/home/il22158/work/vEcoli/job/generated_runs/launcher/20260831T191459Z/slurm/gene_knockout_EG10870_acetate.sh
EG10870,no_ox,gene_knockout_EG10870_no_ox,6,14,job/write_for_new_job.py,/user/home/il22158/work/vEcoli/job/generated_runs/launcher/20260831T191459Z/configs/gene_knockout_EG10870_no_ox.json,/user/home/il22158/work/vEcoli/job/generated_runs/launcher/20260831T191459Z/slurm/gene_knockout_EG10870_no_ox.sh
EG10870,succinate,gene_knockout_EG10870_succinate,13,20,job/write_for_new_job.py,/user/home/il22158/work/vEcoli/job/generated_runs/launcher/20260831T191459Z/configs/gene_knockout_EG10870_succinate.json,/user/home/il22158/work/vEcoli/job/generated_runs/launcher/20260831T191459Z/slurm/gene_knockout_EG10870_succinate.sh
EG10871,with_aa,gene_knockout_EG10871_with_aa,5,13,job/write_for_new_job.py,/user/home/il22158/work/vEcoli/job/generated_runs/launcher/20260831T191459Z/configs/gene_knockout_EG10871_with_aa.json,/user/home/il22158/work/vEcoli/job/generated_runs/launcher/20260831T191459Z/slurm/gene_knockout_EG10871_with_aa.sh
EG10871,acetate,gene_knockout_EG10871_acetate,6,14,job/write_for_new_job.py,/user/home/il22158/work/vEcoli/job/generated_runs/launcher/20260831T191459Z/configs/gene_knockout_EG10871_acetate.json,/user/home/il22158/work/vEcoli/job/generated_runs/launcher/20260831T191459Z/slurm/gene_knockout_EG10871_acetate.sh
EG10871,no_ox,gene_knockout_EG10871_no_ox,6,14,job/write_for_new_job.py,/user/home/il22158/work/vEcoli/job/generated_runs/launcher/20260831T191459Z/configs/gene_knockout_EG10871_no_ox.json,/user/home/il22158/work/vEcoli/job/generated_runs/launcher/20260831T191459Z/slurm/gene_knockout_EG10871_no_ox.sh
EG10871,succinate,gene_knockout_EG10871_succinate,13,20,job/write_for_new_job.py,/user/home/il22158/work/vEcoli/job/generated_runs/launcher/20260831T191459Z/configs/gene_knockout_EG10871_succinate.json,/user/home/il22158/work/vEcoli/job/generated_runs/launcher/20260831T191459Z/slurm/gene_knockout_EG10871_succinate.sh
EG10872,with_aa,gene_knockout_EG10872_with_aa,5,13,job/write_for_new_job.py,/user/home/il22158/work/vEcoli/job/generated_runs/launcher/20260831T191459Z/configs/gene_knockout_EG10872_with_aa.json,/user/home/il22158/work/vEcoli/job/generated_runs/launcher/20260831T191459Z/slurm/gene_knockout_EG10872_with_aa.sh
EG10872,acetate,gene_knockout_EG10872_acetate,6,14,job/write_for_new_job.py,/user/home/il22158/work/vEcoli/job/generated_runs/launcher/20260831T191459Z/configs/gene_knockout_EG10872_acetate.json,/user/home/il22158/work/vEcoli/job/generated_runs/launcher/20260831T191459Z/slurm/gene_knockout_EG10872_acetate.sh
EG10872,no_ox,gene_knockout_EG10872_no_ox,6,14,job/write_for_new_job.py,/user/home/il22158/work/vEcoli/job/generated_runs/launcher/20260831T191459Z/configs/gene_knockout_EG10872_no_ox.json,/user/home/il22158/work/vEcoli/job/generated_runs/launcher/20260831T191459Z/slurm/gene_knockout_EG10872_no_ox.sh
EG10872,succinate,gene_knockout_EG10872_succinate,13,20,job/write_for_new_job.py,/user/home/il22158/work/vEcoli/job/generated_runs/launcher/20260831T191459Z/configs/gene_knockout_EG10872_succinate.json,/user/home/il22158/work/vEcoli/job/generated_runs/launcher/20260831T191459Z/slurm/gene_knockout_EG10872_succinate.sh
EG10873,with_aa,gene_knockout_EG10873_with_aa,5,13,job/write_for_new_job.py,/user/home/il22158/work/vEcoli/job/generated_runs/launcher/20260831T191459Z/configs/gene_knockout_EG10873_with_aa.json,/user/home/il22158/work/vEcoli/job/generated_runs/launcher/20260831T191459Z/slurm/gene_knockout_EG10873_with_aa.sh
EG10873,acetate,gene_knockout_EG10873_acetate,6,14,job/write_for_new_job.py,/user/home/il22158/work/vEcoli/job/generated_runs/launcher/20260831T191459Z/configs/gene_knockout_EG10873_acetate.json,/user/home/il22158/work/vEcoli/job/generated_runs/launcher/20260831T191459Z/slurm/gene_knockout_EG10873_acetate.sh
EG10873,no_ox,gene_knockout_EG10873_no_ox,6,14,job/write_for_new_job.py,/user/home/il22158/work/vEcoli/job/generated_runs/launcher/20260831T191459Z/configs/gene_knockout_EG10873_no_ox.json,/user/home/il22158/work/vEcoli/job/generated_runs/launcher/20260831T191459Z/slurm/gene_knockout_EG10873_no_ox.sh
EG10873,succinate,gene_knockout_EG10873_succinate,13,20,job/write_for_new_job.py,/user/home/il22158/work/vEcoli/job/generated_runs/launcher/20260831T191459Z/configs/gene_knockout_EG10873_succinate.json,/user/home/il22158/work/vEcoli/job/generated_runs/launcher/20260831T191459Z/slurm/gene_knockout_EG10873_succinate.sh
EG10874,with_aa,gene_knockout_EG10874_with_aa,5,13,job/write_for_new_job.py,/user/home/il22158/work/vEcoli/job/generated_runs/launcher/20260831T191459Z/configs/gene_knockout_EG10874_with_aa.json,/user/home/il22158/work/vEcoli/job/generated_runs/launcher/20260831T191459Z/slurm/gene_knockout_EG10874_with_aa.sh
EG10874,acetate,gene_knockout_EG10874_acetate,6,14,job/write_for_new_job.py,/user/home/il22158/work/vEcoli/job/generated_runs/launcher/20260831T191459Z/configs/gene_knockout_EG10874_acetate.json,/user/home/il22158/work/vEcoli/job/generated_runs/launcher/20260831T191459Z/slurm/gene_knockout_EG10874_acetate.sh
EG10874,no_ox,gene_knockout_EG10874_no_ox,6,14,job/write_for_new_job.py,/user/home/il22158/work/vEcoli/job/generated_runs/launcher/20260831T191459Z/configs/gene_knockout_EG10874_no_ox.json,/user/home/il22158/work/vEcoli/job/generated_runs/launcher/20260831T191459Z/slurm/gene_knockout_EG10874_no_ox.sh
EG10874,succinate,gene_knockout_EG10874_succinate,13,20,job/write_for_new_job.py,/user/home/il22158/work/vEcoli/job/generated_runs/launcher/20260831T191459Z/configs/gene_knockout_EG10874_succinate.json,/user/home/il22158/work/vEcoli/job/generated_runs/launcher/20260831T191459Z/slurm/gene_knockout_EG10874_succinate.sh
EG10875,with_aa,gene_knockout_EG10875_with_aa,5,13,job/write_for_new_job.py,/user/home/il22158/work/vEcoli/job/generated_runs/launcher/20260831T191459Z/configs/gene_knockout_EG10875_with_aa.json,/user/home/il22158/work/vEcoli/job/generated_runs/launcher/20260831T191459Z/slurm/gene_knockout_EG10875_with_aa.sh
EG10875,acetate,gene_knockout_EG10875_acetate,6,14,job/write_for_new_job.py,/user/home/il22158/work/vEcoli/job/generated_runs/launcher/20260831T191459Z/configs/gene_knockout_EG10875_acetate.json,/user/home/il22158/work/vEcoli/job/generated_runs/launcher/20260831T191459Z/slurm/gene_knockout_EG10875_acetate.sh
EG10875,no_ox,gene_knockout_EG10875_no_ox,6,14,job/write_for_new_job.py,/user/home/il22158/work/vEcoli/job/generated_runs/launcher/20260831T191459Z/configs/gene_knockout_EG10875_no_ox.json,/user/home/il22158/work/vEcoli/job/generated_runs/launcher/20260831T191459Z/slurm/gene_knockout_EG10875_no_ox.sh
EG10875,succinate,gene_knockout_EG10875_succinate,13,20,job/write_for_new_job.py,/user/home/il22158/work/vEcoli/job/generated_runs/launcher/20260831T191459Z/configs/gene_knockout_EG10875_succinate.json,/user/home/il22158/work/vEcoli/job/generated_runs/launcher/20260831T191459Z/slurm/gene_knockout_EG10875_succinate.sh
EG10876,with_aa,gene_knockout_EG10876_with_aa,5,13,job/write_for_new_job.py,/user/home/il22158/work/vEcoli/job/generated_runs/launcher/20260831T191459Z/configs/gene_knockout_EG10876_with_aa.json,/user/home/il22158/work/vEcoli/job/generated_runs/launcher/20260831T191459Z/slurm/gene_knockout_EG10876_with_aa.sh
EG10876,acetate,gene_knockout_EG10876_acetate,6,14,job/write_for_new_job.py,/user/home/il22158/work/vEcoli/job/generated_runs/launcher/20260831T191459Z/configs/gene_knockout_EG10876_acetate.json,/user/home/il22158/work/vEcoli/job/generated_runs/launcher/20260831T191459Z/slurm/gene_knockout_EG10876_acetate.sh
EG10876,no_ox,gene_knockout_EG10876_no_ox,6,14,job/write_for_new_job.py,/user/home/il22158/work/vEcoli/job/generated_runs/launcher/20260831T191459Z/configs/gene_knockout_EG10876_no_ox.json,/user/home/il22158/work/vEcoli/job/generated_runs/launcher/20260831T191459Z/slurm/gene_knockout_EG10876_no_ox.sh
EG10876,succinate,gene_knockout_EG10876_succinate,13,20,job/write_for_new_job.py,/user/home/il22158/work/vEcoli/job/generated_runs/launcher/20260831T191459Z/configs/gene_knockout_EG10876_succinate.json,/user/home/il22158/work/vEcoli/job/generated_runs/launcher/20260831T191459Z/slurm/gene_knockout_EG10876_succinate.sh
EG10877,with_aa,gene_knockout_EG10877_with_aa,5,13,job/write_for_new_job.py,/user/home/il22158/work/vEcoli/job/generated_runs/launcher/20260831T191459Z/configs/gene_knockout_EG10877_with_aa.json,/user/home/il22158/work/vEcoli/job/generated_runs/launcher/20260831T191459Z/slurm/gene_knockout_EG10877_with_aa.sh
EG10877,acetate,gene_knockout_EG10877_acetate,6,14,job/write_for_new_job.py,/user/home/il22158/work/vEcoli/job/generated_runs/launcher/20260831T191459Z/configs/gene_knockout_EG10877_acetate.json,/user/home/il22158/work/vEcoli/job/generated_runs/launcher/20260831T191459Z/slurm/gene_knockout_EG10877_acetate.sh
EG10877,no_ox,gene_knockout_EG10877_no_ox,6,14,job/write_for_new_job.py,/user/home/il22158/work/vEcoli/job/generated_runs/launcher/20260831T191459Z/configs/gene_knockout_EG10877_no_ox.json,/user/home/il22158/work/vEcoli/job/generated_runs/launcher/20260831T191459Z/slurm/gene_knockout_EG10877_no_ox.sh
EG10877,succinate,gene_knockout_EG10877_succinate,13,20,job/write_for_new_job.py,/user/home/il22158/work/vEcoli/job/generated_runs/launcher/20260831T191459Z/configs/gene_knockout_EG10877_succinate.json,/user/home/il22158/work/vEcoli/job/generated_runs/launcher/20260831T191459Z/slurm/gene_knockout_EG10877_succinate.sh
EG10878,with_aa,gene_knockout_EG10878_with_aa,5,13,job/write_for_new_job.py,/user/home/il22158/work/vEcoli/job/generated_runs/launcher/20260831T191459Z/configs/gene_knockout_EG10878_with_aa.json,/user/home/il22158/work/vEcoli/job/generated_runs/launcher/20260831T191459Z/slurm/gene_knockout_EG10878_with_aa.sh
EG10878,acetate,gene_knockout_EG10878_acetate,6,14,job/write_for_new_job.py,/user/home/il22158/work/vEcoli/job/generated_runs/launcher/20260831T191459Z/configs/gene_knockout_EG10878_acetate.json,/user/home/il22158/work/vEcoli/job/generated_runs/launcher/20260831T191459Z/slurm/gene_knockout_EG10878_acetate.sh
EG10878,no_ox,gene_knockout_EG10878_no_ox,6,14,job/write_for_new_job.py,/user/home/il22158/work/vEcoli/job/generated_runs/launcher/20260831T191459Z/configs/gene_knockout_EG10878_no_ox.json,/user/home/il22158/work/vEcoli/job/generated_runs/launcher/20260831T191459Z/slurm/gene_knockout_EG10878_no_ox.sh
EG10878,succinate,gene_knockout_EG10878_succinate,13,20,job/write_for_new_job.py,/user/home/il22158/work/vEcoli/job/generated_runs/launcher/20260831T191459Z/configs/gene_knockout_EG10878_succinate.json,/user/home/il22158/work/vEcoli/job/generated_runs/launcher/20260831T191459Z/slurm/gene_knockout_EG10878_succinate.sh
EG10879,with_aa,gene_knockout_EG10879_with_aa,5,13,job/write_for_new_job.py,/user/home/il22158/work/vEcoli/job/generated_runs/launcher/20260831T191459Z/configs/gene_knockout_EG10879_with_aa.json,/user/home/il22158/work/vEcoli/job/generated_runs/launcher/20260831T191459Z/slurm/gene_knockout_EG10879_with_aa.sh
EG10879,acetate,gene_knockout_EG10879_acetate,6,14,job/write_for_new_job.py,/user/home/il22158/work/vEcoli/job/generated_runs/launcher/20260831T191459Z/configs/gene_knockout_EG10879_acetate.json,/user/home/il22158/work/vEcoli/job/generated_runs/launcher/20260831T191459Z/slurm/gene_knockout_EG10879_acetate.sh
EG10879,no_ox,gene_knockout_EG10879_no_ox,6,14,job/write_for_new_job.py,/user/home/il22158/work/vEcoli/job/generated_runs/launcher/20260831T191459Z/configs/gene_knockout_EG10879_no_ox.json,/user/home/il22158/work/vEcoli/job/generated_runs/launcher/20260831T191459Z/slurm/gene_knockout_EG10879_no_ox.sh
EG10879,succinate,gene_knockout_EG10879_succinate,13,20,job/write_for_new_job.py,/user/home/il22158/work/vEcoli/job/generated_runs/launcher/20260831T191459Z/configs/gene_knockout_EG10879_succinate.json,/user/home/il22158/work/vEcoli/job/generated_runs/launcher/20260831T191459Z/slurm/gene_knockout_EG10879_succinate.sh
EG10880,with_aa,gene_knockout_EG10880_with_aa,5,13,job/write_for_new_job.py,/user/home/il22158/work/vEcoli/job/generated_runs/launcher/20260831T191459Z/configs/gene_knockout_EG10880_with_aa.json,/user/home/il22158/work/vEcoli/job/generated_runs/launcher/20260831T191459Z/slurm/gene_knockout_EG10880_with_aa.sh
EG10880,acetate,gene_knockout_EG10880_acetate,6,14,job/write_for_new_job.py,/user/home/il22158/work/vEcoli/job/generated_runs/launcher/20260831T191459Z/configs/gene_knockout_EG10880_acetate.json,/user/home/il22158/work/vEcoli/job/generated_runs/launcher/20260831T191459Z/slurm/gene_knockout_EG10880_acetate.sh
EG10880,no_ox,gene_knockout_EG10880_no_ox,6,14,job/write_for_new_job.py,/user/home/il22158/work/vEcoli/job/generated_runs/launcher/20260831T191459Z/configs/gene_knockout_EG10880_no_ox.json,/user/home/il22158/work/vEcoli/job/generated_runs/launcher/20260831T191459Z/slurm/gene_knockout_EG10880_no_ox.sh
EG10880,succinate,gene_knockout_EG10880_succinate,13,20,job/write_for_new_job.py,/user/home/il22158/work/vEcoli/job/generated_runs/launcher/20260831T191459Z/configs/gene_knockout_EG10880_succinate.json,/user/home/il22158/work/vEcoli/job/generated_runs/launcher/20260831T191459Z/slurm/gene_knockout_EG10880_succinate.sh
EG10881,with_aa,gene_knockout_EG10881_with_aa,5,13,job/write_for_new_job.py,/user/home/il22158/work/vEcoli/job/generated_runs/launcher/20260831T191459Z/configs/gene_knockout_EG10881_with_aa.json,/user/home/il22158/work/vEcoli/job/generated_runs/launcher/20260831T191459Z/slurm/gene_knockout_EG10881_with_aa.sh
EG10881,acetate,gene_knockout_EG10881_acetate,6,14,job/write_for_new_job.py,/user/home/il22158/work/vEcoli/job/generated_runs/launcher/20260831T191459Z/configs/gene_knockout_EG10881_acetate.json,/user/home/il22158/work/vEcoli/job/generated_runs/launcher/20260831T191459Z/slurm/gene_knockout_EG10881_acetate.sh
EG10881,no_ox,gene_knockout_EG10881_no_ox,6,14,job/write_for_new_job.py,/user/home/il22158/work/vEcoli/job/generated_runs/launcher/20260831T191459Z/configs/gene_knockout_EG10881_no_ox.json,/user/home/il22158/work/vEcoli/job/generated_runs/launcher/20260831T191459Z/slurm/gene_knockout_EG10881_no_ox.sh
EG10881,succinate,gene_knockout_EG10881_succinate,13,20,job/write_for_new_job.py,/user/home/il22158/work/vEcoli/job/generated_runs/launcher/20260831T191459Z/configs/gene_knockout_EG10881_succinate.json,/user/home/il22158/work/vEcoli/job/generated_runs/launcher/20260831T191459Z/slurm/gene_knockout_EG10881_succinate.sh
EG10882,with_aa,gene_knockout_EG10882_with_aa,5,13,job/write_for_new_job.py,/user/home/il22158/work/vEcoli/job/generated_runs/launcher/20260831T191459Z/configs/gene_knockout_EG10882_with_aa.json,/user/home/il22158/work/vEcoli/job/generated_runs/launcher/20260831T191459Z/slurm/gene_knockout_EG10882_with_aa.sh
EG10882,acetate,gene_knockout_EG10882_acetate,6,14,job/write_for_new_job.py,/user/home/il22158/work/vEcoli/job/generated_runs/launcher/20260831T191459Z/configs/gene_knockout_EG10882_acetate.json,/user/home/il22158/work/vEcoli/job/generated_runs/launcher/20260831T191459Z/slurm/gene_knockout_EG10882_acetate.sh
EG10882,no_ox,gene_knockout_EG10882_no_ox,6,14,job/write_for_new_job.py,/user/home/il22158/work/vEcoli/job/generated_runs/launcher/20260831T191459Z/configs/gene_knockout_EG10882_no_ox.json,/user/home/il22158/work/vEcoli/job/generated_runs/launcher/20260831T191459Z/slurm/gene_knockout_EG10882_no_ox.sh
EG10882,succinate,gene_knockout_EG10882_succinate,13,20,job/write_for_new_job.py,/user/home/il22158/work/vEcoli/job/generated_runs/launcher/20260831T191459Z/configs/gene_knockout_EG10882_succinate.json,/user/home/il22158/work/vEcoli/job/generated_runs/launcher/20260831T191459Z/slurm/gene_knockout_EG10882_succinate.sh
EG10883,with_aa,gene_knockout_EG10883_with_aa,5,13,job/write_for_new_job.py,/user/home/il22158/work/vEcoli/job/generated_runs/launcher/20260831T191459Z/configs/gene_knockout_EG10883_with_aa.json,/user/home/il22158/work/vEcoli/job/generated_runs/launcher/20260831T191459Z/slurm/gene_knockout_EG10883_with_aa.sh
EG10883,acetate,gene_knockout_EG10883_acetate,6,14,job/write_for_new_job.py,/user/home/il22158/work/vEcoli/job/generated_runs/launcher/20260831T191459Z/configs/gene_knockout_EG10883_acetate.json,/user/home/il22158/work/vEcoli/job/generated_runs/launcher/20260831T191459Z/slurm/gene_knockout_EG10883_acetate.sh
EG10883,no_ox,gene_knockout_EG10883_no_ox,6,14,job/write_for_new_job.py,/user/home/il22158/work/vEcoli/job/generated_runs/launcher/20260831T191459Z/configs/gene_knockout_EG10883_no_ox.json,/user/home/il22158/work/vEcoli/job/generated_runs/launcher/20260831T191459Z/slurm/gene_knockout_EG10883_no_ox.sh
EG10883,succinate,gene_knockout_EG10883_succinate,13,20,job/write_for_new_job.py,/user/home/il22158/work/vEcoli/job/generated_runs/launcher/20260831T191459Z/configs/gene_knockout_EG10883_succinate.json,/user/home/il22158/work/vEcoli/job/generated_runs/launcher/20260831T191459Z/slurm/gene_knockout_EG10883_succinate.sh
EG10884,with_aa,gene_knockout_EG10884_with_aa,5,13,job/write_for_new_job.py,/user/home/il22158/work/vEcoli/job/generated_runs/launcher/20260831T191459Z/configs/gene_knockout_EG10884_with_aa.json,/user/home/il22158/work/vEcoli/job/generated_runs/launcher/20260831T191459Z/slurm/gene_knockout_EG10884_with_aa.sh
EG10884,acetate,gene_knockout_EG10884_acetate,6,14,job/write_for_new_job.py,/user/home/il22158/work/vEcoli/job/generated_runs/launcher/20260831T191459Z/configs/gene_knockout_EG10884_acetate.json,/user/home/il22158/work/vEcoli/job/generated_runs/launcher/20260831T191459Z/slurm/gene_knockout_EG10884_acetate.sh
EG10884,no_ox,gene_knockout_EG10884_no_ox,6,14,job/write_for_new_job.py,/user/home/il22158/work/vEcoli/job/generated_runs/launcher/20260831T191459Z/configs/gene_knockout_EG10884_no_ox.json,/user/home/il22158/work/vEcoli/job/generated_runs/launcher/20260831T191459Z/slurm/gene_knockout_EG10884_no_ox.sh
EG10884,succinate,gene_knockout_EG10884_succinate,13,20,job/write_for_new_job.py,/user/home/il22158/work/vEcoli/job/generated_runs/launcher/20260831T191459Z/configs/gene_knockout_EG10884_succinate.json,/user/home/il22158/work/vEcoli/job/generated_runs/launcher/20260831T191459Z/slurm/gene_knockout_EG10884_succinate.sh
EG10885,with_aa,gene_knockout_EG10885_with_aa,5,13,job/write_for_new_job.py,/user/home/il22158/work/vEcoli/job/generated_runs/launcher/20260831T191459Z/configs/gene_knockout_EG10885_with_aa.json,/user/home/il22158/work/vEcoli/job/generated_runs/launcher/20260831T191459Z/slurm/gene_knockout_EG10885_with_aa.sh
EG10885,acetate,gene_knockout_EG10885_acetate,6,14,job/write_for_new_job.py,/user/home/il22158/work/vEcoli/job/generated_runs/launcher/20260831T191459Z/configs/gene_knockout_EG10885_acetate.json,/user/home/il22158/work/vEcoli/job/generated_runs/launcher/20260831T191459Z/slurm/gene_knockout_EG10885_acetate.sh
EG10885,no_ox,gene_knockout_EG10885_no_ox,6,14,job/write_for_new_job.py,/user/home/il22158/work/vEcoli/job/generated_runs/launcher/20260831T191459Z/configs/gene_knockout_EG10885_no_ox.json,/user/home/il22158/work/vEcoli/job/generated_runs/launcher/20260831T191459Z/slurm/gene_knockout_EG10885_no_ox.sh
EG10885,succinate,gene_knockout_EG10885_succinate,13,20,job/write_for_new_job.py,/user/home/il22158/work/vEcoli/job/generated_runs/launcher/20260831T191459Z/configs/gene_knockout_EG10885_succinate.json,/user/home/il22158/work/vEcoli/job/generated_runs/launcher/20260831T191459Z/slurm/gene_knockout_EG10885_succinate.sh
EG10886,with_aa,gene_knockout_EG10886_with_aa,5,13,job/write_for_new_job.py,/user/home/il22158/work/vEcoli/job/generated_runs/launcher/20260831T191459Z/configs/gene_knockout_EG10886_with_aa.json,/user/home/il22158/work/vEcoli/job/generated_runs/launcher/20260831T191459Z/slurm/gene_knockout_EG10886_with_aa.sh
EG10886,acetate,gene_knockout_EG10886_acetate,6,14,job/write_for_new_job.py,/user/home/il22158/work/vEcoli/job/generated_runs/launcher/20260831T191459Z/configs/gene_knockout_EG10886_acetate.json,/user/home/il22158/work/vEcoli/job/generated_runs/launcher/20260831T191459Z/slurm/gene_knockout_EG10886_acetate.sh
EG10886,no_ox,gene_knockout_EG10886_no_ox,6,14,job/write_for_new_job.py,/user/home/il22158/work/vEcoli/job/generated_runs/launcher/20260831T191459Z/configs/gene_knockout_EG10886_no_ox.json,/user/home/il22158/work/vEcoli/job/generated_runs/launcher/20260831T191459Z/slurm/gene_knockout_EG10886_no_ox.sh
EG10886,succinate,gene_knockout_EG10886_succinate,13,20,job/write_for_new_job.py,/user/home/il22158/work/vEcoli/job/generated_runs/launcher/20260831T191459Z/configs/gene_knockout_EG10886_succinate.json,/user/home/il22158/work/vEcoli/job/generated_runs/launcher/20260831T191459Z/slurm/gene_knockout_EG10886_succinate.sh
EG10887,with_aa,gene_knockout_EG10887_with_aa,5,13,job/write_for_new_job.py,/user/home/il22158/work/vEcoli/job/generated_runs/launcher/20260831T191459Z/configs/gene_knockout_EG10887_with_aa.json,/user/home/il22158/work/vEcoli/job/generated_runs/launcher/20260831T191459Z/slurm/gene_knockout_EG10887_with_aa.sh
EG10887,acetate,gene_knockout_EG10887_acetate,6,14,job/write_for_new_job.py,/user/home/il22158/work/vEcoli/job/generated_runs/launcher/20260831T191459Z/configs/gene_knockout_EG10887_acetate.json,/user/home/il22158/work/vEcoli/job/generated_runs/launcher/20260831T191459Z/slurm/gene_knockout_EG10887_acetate.sh
EG10887,no_ox,gene_knockout_EG10887_no_ox,6,14,job/write_for_new_job.py,/user/home/il22158/work/vEcoli/job/generated_runs/launcher/20260831T191459Z/configs/gene_knockout_EG10887_no_ox.json,/user/home/il22158/work/vEcoli/job/generated_runs/launcher/20260831T191459Z/slurm/gene_knockout_EG10887_no_ox.sh
EG10887,succinate,gene_knockout_EG10887_succinate,13,20,job/write_for_new_job.py,/user/home/il22158/work/vEcoli/job/generated_runs/launcher/20260831T191459Z/configs/gene_knockout_EG10887_succinate.json,/user/home/il22158/work/vEcoli/job/generated_runs/launcher/20260831T191459Z/slurm/gene_knockout_EG10887_succinate.sh
EG10888,with_aa,gene_knockout_EG10888_with_aa,5,13,job/write_for_new_job.py,/user/home/il22158/work/vEcoli/job/generated_runs/launcher/20260831T191459Z/configs/gene_knockout_EG10888_with_aa.json,/user/home/il22158/work/vEcoli/job/generated_runs/launcher/20260831T191459Z/slurm/gene_knockout_EG10888_with_aa.sh
EG10888,acetate,gene_knockout_EG10888_acetate,6,14,job/write_for_new_job.py,/user/home/il22158/work/vEcoli/job/generated_runs/launcher/20260831T191459Z/configs/gene_knockout_EG10888_acetate.json,/user/home/il22158/work/vEcoli/job/generated_runs/launcher/20260831T191459Z/slurm/gene_knockout_EG10888_acetate.sh
EG10888,no_ox,gene_knockout_EG10888_no_ox,6,14,job/write_for_new_job.py,/user/home/il22158/work/vEcoli/job/generated_runs/launcher/20260831T191459Z/configs/gene_knockout_EG10888_no_ox.json,/user/home/il22158/work/vEcoli/job/generated_runs/launcher/20260831T191459Z/slurm/gene_knockout_EG10888_no_ox.sh
EG10888,succinate,gene_knockout_EG10888_succinate,13,20,job/write_for_new_job.py,/user/home/il22158/work/vEcoli/job/generated_runs/launcher/20260831T191459Z/configs/gene_knockout_EG10888_succinate.json,/user/home/il22158/work/vEcoli/job/generated_runs/launcher/20260831T191459Z/slurm/gene_knockout_EG10888_succinate.sh
EG10889,with_aa,gene_knockout_EG10889_with_aa,5,13,job/write_for_new_job.py,/user/home/il22158/work/vEcoli/job/generated_runs/launcher/20260831T191459Z/configs/gene_knockout_EG10889_with_aa.json,/user/home/il22158/work/vEcoli/job/generated_runs/launcher/20260831T191459Z/slurm/gene_knockout_EG10889_with_aa.sh
EG10889,acetate,gene_knockout_EG10889_acetate,6,14,job/write_for_new_job.py,/user/home/il22158/work/vEcoli/job/generated_runs/launcher/20260831T191459Z/configs/gene_knockout_EG10889_acetate.json,/user/home/il22158/work/vEcoli/job/generated_runs/launcher/20260831T191459Z/slurm/gene_knockout_EG10889_acetate.sh
EG10889,no_ox,gene_knockout_EG10889_no_ox,6,14,job/write_for_new_job.py,/user/home/il22158/work/vEcoli/job/generated_runs/launcher/20260831T191459Z/configs/gene_knockout_EG10889_no_ox.json,/user/home/il22158/work/vEcoli/job/generated_runs/launcher/20260831T191459Z/slurm/gene_knockout_EG10889_no_ox.sh
EG10889,succinate,gene_knockout_EG10889_succinate,13,20,job/write_for_new_job.py,/user/home/il22158/work/vEcoli/job/generated_runs/launcher/20260831T191459Z/configs/gene_knockout_EG10889_succinate.json,/user/home/il22158/work/vEcoli/job/generated_runs/launcher/20260831T191459Z/slurm/gene_knockout_EG10889_succinate.sh
EG10890,with_aa,gene_knockout_EG10890_with_aa,5,13,job/write_for_new_job.py,/user/home/il22158/work/vEcoli/job/generated_runs/launcher/20260831T191459Z/configs/gene_knockout_EG10890_with_aa.json,/user/home/il22158/work/vEcoli/job/generated_runs/launcher/20260831T191459Z/slurm/gene_knockout_EG10890_with_aa.sh
EG10890,acetate,gene_knockout_EG10890_acetate,6,14,job/write_for_new_job.py,/user/home/il22158/work/vEcoli/job/generated_runs/launcher/20260831T191459Z/configs/gene_knockout_EG10890_acetate.json,/user/home/il22158/work/vEcoli/job/generated_runs/launcher/20260831T191459Z/slurm/gene_knockout_EG10890_acetate.sh
EG10890,no_ox,gene_knockout_EG10890_no_ox,6,14,job/write_for_new_job.py,/user/home/il22158/work/vEcoli/job/generated_runs/launcher/20260831T191459Z/configs/gene_knockout_EG10890_no_ox.json,/user/home/il22158/work/vEcoli/job/generated_runs/launcher/20260831T191459Z/slurm/gene_knockout_EG10890_no_ox.sh
EG10890,succinate,gene_knockout_EG10890_succinate,13,20,job/write_for_new_job.py,/user/home/il22158/work/vEcoli/job/generated_runs/launcher/20260831T191459Z/configs/gene_knockout_EG10890_succinate.json,/user/home/il22158/work/vEcoli/job/generated_runs/launcher/20260831T191459Z/slurm/gene_knockout_EG10890_succinate.sh
EG10891,with_aa,gene_knockout_EG10891_with_aa,5,13,job/write_for_new_job.py,/user/home/il22158/work/vEcoli/job/generated_runs/launcher/20260831T191459Z/configs/gene_knockout_EG10891_with_aa.json,/user/home/il22158/work/vEcoli/job/generated_runs/launcher/20260831T191459Z/slurm/gene_knockout_EG10891_with_aa.sh
EG10891,acetate,gene_knockout_EG10891_acetate,6,14,job/write_for_new_job.py,/user/home/il22158/work/vEcoli/job/generated_runs/launcher/20260831T191459Z/configs/gene_knockout_EG10891_acetate.json,/user/home/il22158/work/vEcoli/job/generated_runs/launcher/20260831T191459Z/slurm/gene_knockout_EG10891_acetate.sh
EG10891,no_ox,gene_knockout_EG10891_no_ox,6,14,job/write_for_new_job.py,/user/home/il22158/work/vEcoli/job/generated_runs/launcher/20260831T191459Z/configs/gene_knockout_EG10891_no_ox.json,/user/home/il22158/work/vEcoli/job/generated_runs/launcher/20260831T191459Z/slurm/gene_knockout_EG10891_no_ox.sh
EG10891,succinate,gene_knockout_EG10891_succinate,13,20,job/write_for_new_job.py,/user/home/il22158/work/vEcoli/job/generated_runs/launcher/20260831T191459Z/configs/gene_knockout_EG10891_succinate.json,/user/home/il22158/work/vEcoli/job/generated_runs/launcher/20260831T191459Z/slurm/gene_knockout_EG10891_succinate.sh
EG10892,with_aa,gene_knockout_EG10892_with_aa,5,13,job/write_for_new_job.py,/user/home/il22158/work/vEcoli/job/generated_runs/launcher/20260831T191459Z/configs/gene_knockout_EG10892_with_aa.json,/user/home/il22158/work/vEcoli/job/generated_runs/launcher/20260831T191459Z/slurm/gene_knockout_EG10892_with_aa.sh
EG10892,acetate,gene_knockout_EG10892_acetate,6,14,job/write_for_new_job.py,/user/home/il22158/work/vEcoli/job/generated_runs/launcher/20260831T191459Z/configs/gene_knockout_EG10892_acetate.json,/user/home/il22158/work/vEcoli/job/generated_runs/launcher/20260831T191459Z/slurm/gene_knockout_EG10892_acetate.sh
EG10892,no_ox,gene_knockout_EG10892_no_ox,6,14,job/write_for_new_job.py,/user/home/il22158/work/vEcoli/job/generated_runs/launcher/20260831T191459Z/configs/gene_knockout_EG10892_no_ox.json,/user/home/il22158/work/vEcoli/job/generated_runs/launcher/20260831T191459Z/slurm/gene_knockout_EG10892_no_ox.sh
EG10892,succinate,gene_knockout_EG10892_succinate,13,20,job/write_for_new_job.py,/user/home/il22158/work/vEcoli/job/generated_runs/launcher/20260831T191459Z/configs/gene_knockout_EG10892_succinate.json,/user/home/il22158/work/vEcoli/job/generated_runs/launcher/20260831T191459Z/slurm/gene_knockout_EG10892_succinate.sh
EG10893,with_aa,gene_knockout_EG10893_with_aa,5,13,job/write_for_new_job.py,/user/home/il22158/work/vEcoli/job/generated_runs/launcher/20260831T191459Z/configs/gene_knockout_EG10893_with_aa.json,/user/home/il22158/work/vEcoli/job/generated_runs/launcher/20260831T191459Z/slurm/gene_knockout_EG10893_with_aa.sh
EG10893,acetate,gene_knockout_EG10893_acetate,6,14,job/write_for_new_job.py,/user/home/il22158/work/vEcoli/job/generated_runs/launcher/20260831T191459Z/configs/gene_knockout_EG10893_acetate.json,/user/home/il22158/work/vEcoli/job/generated_runs/launcher/20260831T191459Z/slurm/gene_knockout_EG10893_acetate.sh
EG10893,no_ox,gene_knockout_EG10893_no_ox,6,14,job/write_for_new_job.py,/user/home/il22158/work/vEcoli/job/generated_runs/launcher/20260831T191459Z/configs/gene_knockout_EG10893_no_ox.json,/user/home/il22158/work/vEcoli/job/generated_runs/launcher/20260831T191459Z/slurm/gene_knockout_EG10893_no_ox.sh
EG10893,succinate,gene_knockout_EG10893_succinate,13,20,job/write_for_new_job.py,/user/home/il22158/work/vEcoli/job/generated_runs/launcher/20260831T191459Z/configs/gene_knockout_EG10893_succinate.json,/user/home/il22158/work/vEcoli/job/generated_runs/launcher/20260831T191459Z/slurm/gene_knockout_EG10893_succinate.sh
EG10894,with_aa,gene_knockout_EG10894_with_aa,5,13,job/write_for_new_job.py,/user/home/il22158/work/vEcoli/job/generated_runs/launcher/20260831T191459Z/configs/gene_knockout_EG10894_with_aa.json,/user/home/il22158/work/vEcoli/job/generated_runs/launcher/20260831T191459Z/slurm/gene_knockout_EG10894_with_aa.sh
EG10894,acetate,gene_knockout_EG10894_acetate,6,14,job/write_for_new_job.py,/user/home/il22158/work/vEcoli/job/generated_runs/launcher/20260831T191459Z/configs/gene_knockout_EG10894_acetate.json,/user/home/il22158/work/vEcoli/job/generated_runs/launcher/20260831T191459Z/slurm/gene_knockout_EG10894_acetate.sh
EG10894,no_ox,gene_knockout_EG10894_no_ox,6,14,job/write_for_new_job.py,/user/home/il22158/work/vEcoli/job/generated_runs/launcher/20260831T191459Z/configs/gene_knockout_EG10894_no_ox.json,/user/home/il22158/work/vEcoli/job/generated_runs/launcher/20260831T191459Z/slurm/gene_knockout_EG10894_no_ox.sh
EG10894,succinate,gene_knockout_EG10894_succinate,13,20,job/write_for_new_job.py,/user/home/il22158/work/vEcoli/job/generated_runs/launcher/20260831T191459Z/configs/gene_knockout_EG10894_succinate.json,/user/home/il22158/work/vEcoli/job/generated_runs/launcher/20260831T191459Z/slurm/gene_knockout_EG10894_succinate.sh
EG10895,with_aa,gene_knockout_EG10895_with_aa,5,13,job/write_for_new_job.py,/user/home/il22158/work/vEcoli/job/generated_runs/launcher/20260831T191459Z/configs/gene_knockout_EG10895_with_aa.json,/user/home/il22158/work/vEcoli/job/generated_runs/launcher/20260831T191459Z/slurm/gene_knockout_EG10895_with_aa.sh
EG10895,acetate,gene_knockout_EG10895_acetate,6,14,job/write_for_new_job.py,/user/home/il22158/work/vEcoli/job/generated_runs/launcher/20260831T191459Z/configs/gene_knockout_EG10895_acetate.json,/user/home/il22158/work/vEcoli/job/generated_runs/launcher/20260831T191459Z/slurm/gene_knockout_EG10895_acetate.sh
EG10895,no_ox,gene_knockout_EG10895_no_ox,6,14,job/write_for_new_job.py,/user/home/il22158/work/vEcoli/job/generated_runs/launcher/20260831T191459Z/configs/gene_knockout_EG10895_no_ox.json,/user/home/il22158/work/vEcoli/job/generated_runs/launcher/20260831T191459Z/slurm/gene_knockout_EG10895_no_ox.sh
EG10895,succinate,gene_knockout_EG10895_succinate,13,20,job/write_for_new_job.py,/user/home/il22158/work/vEcoli/job/generated_runs/launcher/20260831T191459Z/configs/gene_knockout_EG10895_succinate.json,/user/home/il22158/work/vEcoli/job/generated_runs/launcher/20260831T191459Z/slurm/gene_knockout_EG10895_succinate.sh
EG10900,with_aa,gene_knockout_EG10900_with_aa,5,13,job/write_for_new_job.py,/user/home/il22158/work/vEcoli/job/generated_runs/launcher/20260831T191459Z/configs/gene_knockout_EG10900_with_aa.json,/user/home/il22158/work/vEcoli/job/generated_runs/launcher/20260831T191459Z/slurm/gene_knockout_EG10900_with_aa.sh
EG10900,acetate,gene_knockout_EG10900_acetate,6,14,job/write_for_new_job.py,/user/home/il22158/work/vEcoli/job/generated_runs/launcher/20260831T191459Z/configs/gene_knockout_EG10900_acetate.json,/user/home/il22158/work/vEcoli/job/generated_runs/launcher/20260831T191459Z/slurm/gene_knockout_EG10900_acetate.sh
EG10900,no_ox,gene_knockout_EG10900_no_ox,6,14,job/write_for_new_job.py,/user/home/il22158/work/vEcoli/job/generated_runs/launcher/20260831T191459Z/configs/gene_knockout_EG10900_no_ox.json,/user/home/il22158/work/vEcoli/job/generated_runs/launcher/20260831T191459Z/slurm/gene_knockout_EG10900_no_ox.sh
EG10900,succinate,gene_knockout_EG10900_succinate,13,20,job/write_for_new_job.py,/user/home/il22158/work/vEcoli/job/generated_runs/launcher/20260831T191459Z/configs/gene_knockout_EG10900_succinate.json,/user/home/il22158/work/vEcoli/job/generated_runs/launcher/20260831T191459Z/slurm/gene_knockout_EG10900_succinate.sh
EG10901,with_aa,gene_knockout_EG10901_with_aa,5,13,job/write_for_new_job.py,/user/home/il22158/work/vEcoli/job/generated_runs/launcher/20260831T191459Z/configs/gene_knockout_EG10901_with_aa.json,/user/home/il22158/work/vEcoli/job/generated_runs/launcher/20260831T191459Z/slurm/gene_knockout_EG10901_with_aa.sh
EG10901,acetate,gene_knockout_EG10901_acetate,6,14,job/write_for_new_job.py,/user/home/il22158/work/vEcoli/job/generated_runs/launcher/20260831T191459Z/configs/gene_knockout_EG10901_acetate.json,/user/home/il22158/work/vEcoli/job/generated_runs/launcher/20260831T191459Z/slurm/gene_knockout_EG10901_acetate.sh
EG10901,no_ox,gene_knockout_EG10901_no_ox,6,14,job/write_for_new_job.py,/user/home/il22158/work/vEcoli/job/generated_runs/launcher/20260831T191459Z/configs/gene_knockout_EG10901_no_ox.json,/user/home/il22158/work/vEcoli/job/generated_runs/launcher/20260831T191459Z/slurm/gene_knockout_EG10901_no_ox.sh
EG10901,succinate,gene_knockout_EG10901_succinate,13,20,job/write_for_new_job.py,/user/home/il22158/work/vEcoli/job/generated_runs/launcher/20260831T191459Z/configs/gene_knockout_EG10901_succinate.json,/user/home/il22158/work/vEcoli/job/generated_runs/launcher/20260831T191459Z/slurm/gene_knockout_EG10901_succinate.sh
EG10902,with_aa,gene_knockout_EG10902_with_aa,5,13,job/write_for_new_job.py,/user/home/il22158/work/vEcoli/job/generated_runs/launcher/20260831T191459Z/configs/gene_knockout_EG10902_with_aa.json,/user/home/il22158/work/vEcoli/job/generated_runs/launcher/20260831T191459Z/slurm/gene_knockout_EG10902_with_aa.sh
EG10902,acetate,gene_knockout_EG10902_acetate,6,14,job/write_for_new_job.py,/user/home/il22158/work/vEcoli/job/generated_runs/launcher/20260831T191459Z/configs/gene_knockout_EG10902_acetate.json,/user/home/il22158/work/vEcoli/job/generated_runs/launcher/20260831T191459Z/slurm/gene_knockout_EG10902_acetate.sh
EG10902,no_ox,gene_knockout_EG10902_no_ox,6,14,job/write_for_new_job.py,/user/home/il22158/work/vEcoli/job/generated_runs/launcher/20260831T191459Z/configs/gene_knockout_EG10902_no_ox.json,/user/home/il22158/work/vEcoli/job/generated_runs/launcher/20260831T191459Z/slurm/gene_knockout_EG10902_no_ox.sh
EG10902,succinate,gene_knockout_EG10902_succinate,13,20,job/write_for_new_job.py,/user/home/il22158/work/vEcoli/job/generated_runs/launcher/20260831T191459Z/configs/gene_knockout_EG10902_succinate.json,/user/home/il22158/work/vEcoli/job/generated_runs/launcher/20260831T191459Z/slurm/gene_knockout_EG10902_succinate.sh
EG10903,with_aa,gene_knockout_EG10903_with_aa,5,13,job/write_for_new_job.py,/user/home/il22158/work/vEcoli/job/generated_runs/launcher/20260831T191459Z/configs/gene_knockout_EG10903_with_aa.json,/user/home/il22158/work/vEcoli/job/generated_runs/launcher/20260831T191459Z/slurm/gene_knockout_EG10903_with_aa.sh
EG10903,acetate,gene_knockout_EG10903_acetate,6,14,job/write_for_new_job.py,/user/home/il22158/work/vEcoli/job/generated_runs/launcher/20260831T191459Z/configs/gene_knockout_EG10903_acetate.json,/user/home/il22158/work/vEcoli/job/generated_runs/launcher/20260831T191459Z/slurm/gene_knockout_EG10903_acetate.sh
EG10903,no_ox,gene_knockout_EG10903_no_ox,6,14,job/write_for_new_job.py,/user/home/il22158/work/vEcoli/job/generated_runs/launcher/20260831T191459Z/configs/gene_knockout_EG10903_no_ox.json,/user/home/il22158/work/vEcoli/job/generated_runs/launcher/20260831T191459Z/slurm/gene_knockout_EG10903_no_ox.sh
EG10903,succinate,gene_knockout_EG10903_succinate,13,20,job/write_for_new_job.py,/user/home/il22158/work/vEcoli/job/generated_runs/launcher/20260831T191459Z/configs/gene_knockout_EG10903_succinate.json,/user/home/il22158/work/vEcoli/job/generated_runs/launcher/20260831T191459Z/slurm/gene_knockout_EG10903_succinate.sh
EG10904,with_aa,gene_knockout_EG10904_with_aa,5,13,job/write_for_new_job.py,/user/home/il22158/work/vEcoli/job/generated_runs/launcher/20260831T191459Z/configs/gene_knockout_EG10904_with_aa.json,/user/home/il22158/work/vEcoli/job/generated_runs/launcher/20260831T191459Z/slurm/gene_knockout_EG10904_with_aa.sh
EG10904,acetate,gene_knockout_EG10904_acetate,6,14,job/write_for_new_job.py,/user/home/il22158/work/vEcoli/job/generated_runs/launcher/20260831T191459Z/configs/gene_knockout_EG10904_acetate.json,/user/home/il22158/work/vEcoli/job/generated_runs/launcher/20260831T191459Z/slurm/gene_knockout_EG10904_acetate.sh
EG10904,no_ox,gene_knockout_EG10904_no_ox,6,14,job/write_for_new_job.py,/user/home/il22158/work/vEcoli/job/generated_runs/launcher/20260831T191459Z/configs/gene_knockout_EG10904_no_ox.json,/user/home/il22158/work/vEcoli/job/generated_runs/launcher/20260831T191459Z/slurm/gene_knockout_EG10904_no_ox.sh
EG10904,succinate,gene_knockout_EG10904_succinate,13,20,job/write_for_new_job.py,/user/home/il22158/work/vEcoli/job/generated_runs/launcher/20260831T191459Z/configs/gene_knockout_EG10904_succinate.json,/user/home/il22158/work/vEcoli/job/generated_runs/launcher/20260831T191459Z/slurm/gene_knockout_EG10904_succinate.sh
EG10905,with_aa,gene_knockout_EG10905_with_aa,5,13,job/write_for_new_job.py,/user/home/il22158/work/vEcoli/job/generated_runs/launcher/20260831T191459Z/configs/gene_knockout_EG10905_with_aa.json,/user/home/il22158/work/vEcoli/job/generated_runs/launcher/20260831T191459Z/slurm/gene_knockout_EG10905_with_aa.sh
EG10905,acetate,gene_knockout_EG10905_acetate,6,14,job/write_for_new_job.py,/user/home/il22158/work/vEcoli/job/generated_runs/launcher/20260831T191459Z/configs/gene_knockout_EG10905_acetate.json,/user/home/il22158/work/vEcoli/job/generated_runs/launcher/20260831T191459Z/slurm/gene_knockout_EG10905_acetate.sh
EG10905,no_ox,gene_knockout_EG10905_no_ox,6,14,job/write_for_new_job.py,/user/home/il22158/work/vEcoli/job/generated_runs/launcher/20260831T191459Z/configs/gene_knockout_EG10905_no_ox.json,/user/home/il22158/work/vEcoli/job/generated_runs/launcher/20260831T191459Z/slurm/gene_knockout_EG10905_no_ox.sh
EG10905,succinate,gene_knockout_EG10905_succinate,13,20,job/write_for_new_job.py,/user/home/il22158/work/vEcoli/job/generated_runs/launcher/20260831T191459Z/configs/gene_knockout_EG10905_succinate.json,/user/home/il22158/work/vEcoli/job/generated_runs/launcher/20260831T191459Z/slurm/gene_knockout_EG10905_succinate.sh
EG10906,with_aa,gene_knockout_EG10906_with_aa,5,13,job/write_for_new_job.py,/user/home/il22158/work/vEcoli/job/generated_runs/launcher/20260831T191459Z/configs/gene_knockout_EG10906_with_aa.json,/user/home/il22158/work/vEcoli/job/generated_runs/launcher/20260831T191459Z/slurm/gene_knockout_EG10906_with_aa.sh
EG10906,acetate,gene_knockout_EG10906_acetate,6,14,job/write_for_new_job.py,/user/home/il22158/work/vEcoli/job/generated_runs/launcher/20260831T191459Z/configs/gene_knockout_EG10906_acetate.json,/user/home/il22158/work/vEcoli/job/generated_runs/launcher/20260831T191459Z/slurm/gene_knockout_EG10906_acetate.sh
EG10906,no_ox,gene_knockout_EG10906_no_ox,6,14,job/write_for_new_job.py,/user/home/il22158/work/vEcoli/job/generated_runs/launcher/20260831T191459Z/configs/gene_knockout_EG10906_no_ox.json,/user/home/il22158/work/vEcoli/job/generated_runs/launcher/20260831T191459Z/slurm/gene_knockout_EG10906_no_ox.sh
EG10906,succinate,gene_knockout_EG10906_succinate,13,20,job/write_for_new_job.py,/user/home/il22158/work/vEcoli/job/generated_runs/launcher/20260831T191459Z/configs/gene_knockout_EG10906_succinate.json,/user/home/il22158/work/vEcoli/job/generated_runs/launcher/20260831T191459Z/slurm/gene_knockout_EG10906_succinate.sh
EG10907,with_aa,gene_knockout_EG10907_with_aa,5,13,job/write_for_new_job.py,/user/home/il22158/work/vEcoli/job/generated_runs/launcher/20260831T191459Z/configs/gene_knockout_EG10907_with_aa.json,/user/home/il22158/work/vEcoli/job/generated_runs/launcher/20260831T191459Z/slurm/gene_knockout_EG10907_with_aa.sh
EG10907,acetate,gene_knockout_EG10907_acetate,6,14,job/write_for_new_job.py,/user/home/il22158/work/vEcoli/job/generated_runs/launcher/20260831T191459Z/configs/gene_knockout_EG10907_acetate.json,/user/home/il22158/work/vEcoli/job/generated_runs/launcher/20260831T191459Z/slurm/gene_knockout_EG10907_acetate.sh
EG10907,no_ox,gene_knockout_EG10907_no_ox,6,14,job/write_for_new_job.py,/user/home/il22158/work/vEcoli/job/generated_runs/launcher/20260831T191459Z/configs/gene_knockout_EG10907_no_ox.json,/user/home/il22158/work/vEcoli/job/generated_runs/launcher/20260831T191459Z/slurm/gene_knockout_EG10907_no_ox.sh
EG10907,succinate,gene_knockout_EG10907_succinate,13,20,job/write_for_new_job.py,/user/home/il22158/work/vEcoli/job/generated_runs/launcher/20260831T191459Z/configs/gene_knockout_EG10907_succinate.json,/user/home/il22158/work/vEcoli/job/generated_runs/launcher/20260831T191459Z/slurm/gene_knockout_EG10907_succinate.sh
EG10908,with_aa,gene_knockout_EG10908_with_aa,5,13,job/write_for_new_job.py,/user/home/il22158/work/vEcoli/job/generated_runs/launcher/20260831T191459Z/configs/gene_knockout_EG10908_with_aa.json,/user/home/il22158/work/vEcoli/job/generated_runs/launcher/20260831T191459Z/slurm/gene_knockout_EG10908_with_aa.sh
EG10908,acetate,gene_knockout_EG10908_acetate,6,14,job/write_for_new_job.py,/user/home/il22158/work/vEcoli/job/generated_runs/launcher/20260831T191459Z/configs/gene_knockout_EG10908_acetate.json,/user/home/il22158/work/vEcoli/job/generated_runs/launcher/20260831T191459Z/slurm/gene_knockout_EG10908_acetate.sh
EG10908,no_ox,gene_knockout_EG10908_no_ox,6,14,job/write_for_new_job.py,/user/home/il22158/work/vEcoli/job/generated_runs/launcher/20260831T191459Z/configs/gene_knockout_EG10908_no_ox.json,/user/home/il22158/work/vEcoli/job/generated_runs/launcher/20260831T191459Z/slurm/gene_knockout_EG10908_no_ox.sh
EG10908,succinate,gene_knockout_EG10908_succinate,13,20,job/write_for_new_job.py,/user/home/il22158/work/vEcoli/job/generated_runs/launcher/20260831T191459Z/configs/gene_knockout_EG10908_succinate.json,/user/home/il22158/work/vEcoli/job/generated_runs/launcher/20260831T191459Z/slurm/gene_knockout_EG10908_succinate.sh
EG10909,with_aa,gene_knockout_EG10909_with_aa,5,13,job/write_for_new_job.py,/user/home/il22158/work/vEcoli/job/generated_runs/launcher/20260831T191459Z/configs/gene_knockout_EG10909_with_aa.json,/user/home/il22158/work/vEcoli/job/generated_runs/launcher/20260831T191459Z/slurm/gene_knockout_EG10909_with_aa.sh
EG10909,acetate,gene_knockout_EG10909_acetate,6,14,job/write_for_new_job.py,/user/home/il22158/work/vEcoli/job/generated_runs/launcher/20260831T191459Z/configs/gene_knockout_EG10909_acetate.json,/user/home/il22158/work/vEcoli/job/generated_runs/launcher/20260831T191459Z/slurm/gene_knockout_EG10909_acetate.sh
EG10909,no_ox,gene_knockout_EG10909_no_ox,6,14,job/write_for_new_job.py,/user/home/il22158/work/vEcoli/job/generated_runs/launcher/20260831T191459Z/configs/gene_knockout_EG10909_no_ox.json,/user/home/il22158/work/vEcoli/job/generated_runs/launcher/20260831T191459Z/slurm/gene_knockout_EG10909_no_ox.sh
EG10909,succinate,gene_knockout_EG10909_succinate,13,20,job/write_for_new_job.py,/user/home/il22158/work/vEcoli/job/generated_runs/launcher/20260831T191459Z/configs/gene_knockout_EG10909_succinate.json,/user/home/il22158/work/vEcoli/job/generated_runs/launcher/20260831T191459Z/slurm/gene_knockout_EG10909_succinate.sh
EG10910,with_aa,gene_knockout_EG10910_with_aa,5,13,job/write_for_new_job.py,/user/home/il22158/work/vEcoli/job/generated_runs/launcher/20260831T191459Z/configs/gene_knockout_EG10910_with_aa.json,/user/home/il22158/work/vEcoli/job/generated_runs/launcher/20260831T191459Z/slurm/gene_knockout_EG10910_with_aa.sh
EG10910,acetate,gene_knockout_EG10910_acetate,6,14,job/write_for_new_job.py,/user/home/il22158/work/vEcoli/job/generated_runs/launcher/20260831T191459Z/configs/gene_knockout_EG10910_acetate.json,/user/home/il22158/work/vEcoli/job/generated_runs/launcher/20260831T191459Z/slurm/gene_knockout_EG10910_acetate.sh
EG10910,no_ox,gene_knockout_EG10910_no_ox,6,14,job/write_for_new_job.py,/user/home/il22158/work/vEcoli/job/generated_runs/launcher/20260831T191459Z/configs/gene_knockout_EG10910_no_ox.json,/user/home/il22158/work/vEcoli/job/generated_runs/launcher/20260831T191459Z/slurm/gene_knockout_EG10910_no_ox.sh
EG10910,succinate,gene_knockout_EG10910_succinate,13,20,job/write_for_new_job.py,/user/home/il22158/work/vEcoli/job/generated_runs/launcher/20260831T191459Z/configs/gene_knockout_EG10910_succinate.json,/user/home/il22158/work/vEcoli/job/generated_runs/launcher/20260831T191459Z/slurm/gene_knockout_EG10910_succinate.sh
EG10911,with_aa,gene_knockout_EG10911_with_aa,5,13,job/write_for_new_job.py,/user/home/il22158/work/vEcoli/job/generated_runs/launcher/20260831T191459Z/configs/gene_knockout_EG10911_with_aa.json,/user/home/il22158/work/vEcoli/job/generated_runs/launcher/20260831T191459Z/slurm/gene_knockout_EG10911_with_aa.sh
EG10911,acetate,gene_knockout_EG10911_acetate,6,14,job/write_for_new_job.py,/user/home/il22158/work/vEcoli/job/generated_runs/launcher/20260831T191459Z/configs/gene_knockout_EG10911_acetate.json,/user/home/il22158/work/vEcoli/job/generated_runs/launcher/20260831T191459Z/slurm/gene_knockout_EG10911_acetate.sh
EG10911,no_ox,gene_knockout_EG10911_no_ox,6,14,job/write_for_new_job.py,/user/home/il22158/work/vEcoli/job/generated_runs/launcher/20260831T191459Z/configs/gene_knockout_EG10911_no_ox.json,/user/home/il22158/work/vEcoli/job/generated_runs/launcher/20260831T191459Z/slurm/gene_knockout_EG10911_no_ox.sh
EG10911,succinate,gene_knockout_EG10911_succinate,13,20,job/write_for_new_job.py,/user/home/il22158/work/vEcoli/job/generated_runs/launcher/20260831T191459Z/configs/gene_knockout_EG10911_succinate.json,/user/home/il22158/work/vEcoli/job/generated_runs/launcher/20260831T191459Z/slurm/gene_knockout_EG10911_succinate.sh
EG10912,with_aa,gene_knockout_EG10912_with_aa,5,13,job/write_for_new_job.py,/user/home/il22158/work/vEcoli/job/generated_runs/launcher/20260831T191459Z/configs/gene_knockout_EG10912_with_aa.json,/user/home/il22158/work/vEcoli/job/generated_runs/launcher/20260831T191459Z/slurm/gene_knockout_EG10912_with_aa.sh
EG10912,acetate,gene_knockout_EG10912_acetate,6,14,job/write_for_new_job.py,/user/home/il22158/work/vEcoli/job/generated_runs/launcher/20260831T191459Z/configs/gene_knockout_EG10912_acetate.json,/user/home/il22158/work/vEcoli/job/generated_runs/launcher/20260831T191459Z/slurm/gene_knockout_EG10912_acetate.sh
EG10912,no_ox,gene_knockout_EG10912_no_ox,6,14,job/write_for_new_job.py,/user/home/il22158/work/vEcoli/job/generated_runs/launcher/20260831T191459Z/configs/gene_knockout_EG10912_no_ox.json,/user/home/il22158/work/vEcoli/job/generated_runs/launcher/20260831T191459Z/slurm/gene_knockout_EG10912_no_ox.sh
EG10912,succinate,gene_knockout_EG10912_succinate,13,20,job/write_for_new_job.py,/user/home/il22158/work/vEcoli/job/generated_runs/launcher/20260831T191459Z/configs/gene_knockout_EG10912_succinate.json,/user/home/il22158/work/vEcoli/job/generated_runs/launcher/20260831T191459Z/slurm/gene_knockout_EG10912_succinate.sh
EG10913,with_aa,gene_knockout_EG10913_with_aa,5,13,job/write_for_new_job.py,/user/home/il22158/work/vEcoli/job/generated_runs/launcher/20260831T191459Z/configs/gene_knockout_EG10913_with_aa.json,/user/home/il22158/work/vEcoli/job/generated_runs/launcher/20260831T191459Z/slurm/gene_knockout_EG10913_with_aa.sh
EG10913,acetate,gene_knockout_EG10913_acetate,6,14,job/write_for_new_job.py,/user/home/il22158/work/vEcoli/job/generated_runs/launcher/20260831T191459Z/configs/gene_knockout_EG10913_acetate.json,/user/home/il22158/work/vEcoli/job/generated_runs/launcher/20260831T191459Z/slurm/gene_knockout_EG10913_acetate.sh
EG10913,no_ox,gene_knockout_EG10913_no_ox,6,14,job/write_for_new_job.py,/user/home/il22158/work/vEcoli/job/generated_runs/launcher/20260831T191459Z/configs/gene_knockout_EG10913_no_ox.json,/user/home/il22158/work/vEcoli/job/generated_runs/launcher/20260831T191459Z/slurm/gene_knockout_EG10913_no_ox.sh
EG10913,succinate,gene_knockout_EG10913_succinate,13,20,job/write_for_new_job.py,/user/home/il22158/work/vEcoli/job/generated_runs/launcher/20260831T191459Z/configs/gene_knockout_EG10913_succinate.json,/user/home/il22158/work/vEcoli/job/generated_runs/launcher/20260831T191459Z/slurm/gene_knockout_EG10913_succinate.sh
EG10914,with_aa,gene_knockout_EG10914_with_aa,5,13,job/write_for_new_job.py,/user/home/il22158/work/vEcoli/job/generated_runs/launcher/20260831T191459Z/configs/gene_knockout_EG10914_with_aa.json,/user/home/il22158/work/vEcoli/job/generated_runs/launcher/20260831T191459Z/slurm/gene_knockout_EG10914_with_aa.sh
EG10914,acetate,gene_knockout_EG10914_acetate,6,14,job/write_for_new_job.py,/user/home/il22158/work/vEcoli/job/generated_runs/launcher/20260831T191459Z/configs/gene_knockout_EG10914_acetate.json,/user/home/il22158/work/vEcoli/job/generated_runs/launcher/20260831T191459Z/slurm/gene_knockout_EG10914_acetate.sh
EG10914,no_ox,gene_knockout_EG10914_no_ox,6,14,job/write_for_new_job.py,/user/home/il22158/work/vEcoli/job/generated_runs/launcher/20260831T191459Z/configs/gene_knockout_EG10914_no_ox.json,/user/home/il22158/work/vEcoli/job/generated_runs/launcher/20260831T191459Z/slurm/gene_knockout_EG10914_no_ox.sh
EG10914,succinate,gene_knockout_EG10914_succinate,13,20,job/write_for_new_job.py,/user/home/il22158/work/vEcoli/job/generated_runs/launcher/20260831T191459Z/configs/gene_knockout_EG10914_succinate.json,/user/home/il22158/work/vEcoli/job/generated_runs/launcher/20260831T191459Z/slurm/gene_knockout_EG10914_succinate.sh
EG10915,with_aa,gene_knockout_EG10915_with_aa,5,13,job/write_for_new_job.py,/user/home/il22158/work/vEcoli/job/generated_runs/launcher/20260831T191459Z/configs/gene_knockout_EG10915_with_aa.json,/user/home/il22158/work/vEcoli/job/generated_runs/launcher/20260831T191459Z/slurm/gene_knockout_EG10915_with_aa.sh
EG10915,acetate,gene_knockout_EG10915_acetate,6,14,job/write_for_new_job.py,/user/home/il22158/work/vEcoli/job/generated_runs/launcher/20260831T191459Z/configs/gene_knockout_EG10915_acetate.json,/user/home/il22158/work/vEcoli/job/generated_runs/launcher/20260831T191459Z/slurm/gene_knockout_EG10915_acetate.sh
EG10915,no_ox,gene_knockout_EG10915_no_ox,6,14,job/write_for_new_job.py,/user/home/il22158/work/vEcoli/job/generated_runs/launcher/20260831T191459Z/configs/gene_knockout_EG10915_no_ox.json,/user/home/il22158/work/vEcoli/job/generated_runs/launcher/20260831T191459Z/slurm/gene_knockout_EG10915_no_ox.sh
EG10915,succinate,gene_knockout_EG10915_succinate,13,20,job/write_for_new_job.py,/user/home/il22158/work/vEcoli/job/generated_runs/launcher/20260831T191459Z/configs/gene_knockout_EG10915_succinate.json,/user/home/il22158/work/vEcoli/job/generated_runs/launcher/20260831T191459Z/slurm/gene_knockout_EG10915_succinate.sh
EG10916,with_aa,gene_knockout_EG10916_with_aa,5,13,job/write_for_new_job.py,/user/home/il22158/work/vEcoli/job/generated_runs/launcher/20260831T191459Z/configs/gene_knockout_EG10916_with_aa.json,/user/home/il22158/work/vEcoli/job/generated_runs/launcher/20260831T191459Z/slurm/gene_knockout_EG10916_with_aa.sh
EG10916,acetate,gene_knockout_EG10916_acetate,6,14,job/write_for_new_job.py,/user/home/il22158/work/vEcoli/job/generated_runs/launcher/20260831T191459Z/configs/gene_knockout_EG10916_acetate.json,/user/home/il22158/work/vEcoli/job/generated_runs/launcher/20260831T191459Z/slurm/gene_knockout_EG10916_acetate.sh
EG10916,no_ox,gene_knockout_EG10916_no_ox,6,14,job/write_for_new_job.py,/user/home/il22158/work/vEcoli/job/generated_runs/launcher/20260831T191459Z/configs/gene_knockout_EG10916_no_ox.json,/user/home/il22158/work/vEcoli/job/generated_runs/launcher/20260831T191459Z/slurm/gene_knockout_EG10916_no_ox.sh
EG10916,succinate,gene_knockout_EG10916_succinate,13,20,job/write_for_new_job.py,/user/home/il22158/work/vEcoli/job/generated_runs/launcher/20260831T191459Z/configs/gene_knockout_EG10916_succinate.json,/user/home/il22158/work/vEcoli/job/generated_runs/launcher/20260831T191459Z/slurm/gene_knockout_EG10916_succinate.sh
EG10917,with_aa,gene_knockout_EG10917_with_aa,5,13,job/write_for_new_job.py,/user/home/il22158/work/vEcoli/job/generated_runs/launcher/20260831T191459Z/configs/gene_knockout_EG10917_with_aa.json,/user/home/il22158/work/vEcoli/job/generated_runs/launcher/20260831T191459Z/slurm/gene_knockout_EG10917_with_aa.sh
EG10917,acetate,gene_knockout_EG10917_acetate,6,14,job/write_for_new_job.py,/user/home/il22158/work/vEcoli/job/generated_runs/launcher/20260831T191459Z/configs/gene_knockout_EG10917_acetate.json,/user/home/il22158/work/vEcoli/job/generated_runs/launcher/20260831T191459Z/slurm/gene_knockout_EG10917_acetate.sh
EG10917,no_ox,gene_knockout_EG10917_no_ox,6,14,job/write_for_new_job.py,/user/home/il22158/work/vEcoli/job/generated_runs/launcher/20260831T191459Z/configs/gene_knockout_EG10917_no_ox.json,/user/home/il22158/work/vEcoli/job/generated_runs/launcher/20260831T191459Z/slurm/gene_knockout_EG10917_no_ox.sh
EG10917,succinate,gene_knockout_EG10917_succinate,13,20,job/write_for_new_job.py,/user/home/il22158/work/vEcoli/job/generated_runs/launcher/20260831T191459Z/configs/gene_knockout_EG10917_succinate.json,/user/home/il22158/work/vEcoli/job/generated_runs/launcher/20260831T191459Z/slurm/gene_knockout_EG10917_succinate.sh
EG10918,with_aa,gene_knockout_EG10918_with_aa,5,13,job/write_for_new_job.py,/user/home/il22158/work/vEcoli/job/generated_runs/launcher/20260831T191459Z/configs/gene_knockout_EG10918_with_aa.json,/user/home/il22158/work/vEcoli/job/generated_runs/launcher/20260831T191459Z/slurm/gene_knockout_EG10918_with_aa.sh
EG10918,acetate,gene_knockout_EG10918_acetate,6,14,job/write_for_new_job.py,/user/home/il22158/work/vEcoli/job/generated_runs/launcher/20260831T191459Z/configs/gene_knockout_EG10918_acetate.json,/user/home/il22158/work/vEcoli/job/generated_runs/launcher/20260831T191459Z/slurm/gene_knockout_EG10918_acetate.sh
EG10918,no_ox,gene_knockout_EG10918_no_ox,6,14,job/write_for_new_job.py,/user/home/il22158/work/vEcoli/job/generated_runs/launcher/20260831T191459Z/configs/gene_knockout_EG10918_no_ox.json,/user/home/il22158/work/vEcoli/job/generated_runs/launcher/20260831T191459Z/slurm/gene_knockout_EG10918_no_ox.sh
EG10918,succinate,gene_knockout_EG10918_succinate,13,20,job/write_for_new_job.py,/user/home/il22158/work/vEcoli/job/generated_runs/launcher/20260831T191459Z/configs/gene_knockout_EG10918_succinate.json,/user/home/il22158/work/vEcoli/job/generated_runs/launcher/20260831T191459Z/slurm/gene_knockout_EG10918_succinate.sh
EG10919,with_aa,gene_knockout_EG10919_with_aa,5,13,job/write_for_new_job.py,/user/home/il22158/work/vEcoli/job/generated_runs/launcher/20260831T191459Z/configs/gene_knockout_EG10919_with_aa.json,/user/home/il22158/work/vEcoli/job/generated_runs/launcher/20260831T191459Z/slurm/gene_knockout_EG10919_with_aa.sh
EG10919,acetate,gene_knockout_EG10919_acetate,6,14,job/write_for_new_job.py,/user/home/il22158/work/vEcoli/job/generated_runs/launcher/20260831T191459Z/configs/gene_knockout_EG10919_acetate.json,/user/home/il22158/work/vEcoli/job/generated_runs/launcher/20260831T191459Z/slurm/gene_knockout_EG10919_acetate.sh
EG10919,no_ox,gene_knockout_EG10919_no_ox,6,14,job/write_for_new_job.py,/user/home/il22158/work/vEcoli/job/generated_runs/launcher/20260831T191459Z/configs/gene_knockout_EG10919_no_ox.json,/user/home/il22158/work/vEcoli/job/generated_runs/launcher/20260831T191459Z/slurm/gene_knockout_EG10919_no_ox.sh
EG10919,succinate,gene_knockout_EG10919_succinate,13,20,job/write_for_new_job.py,/user/home/il22158/work/vEcoli/job/generated_runs/launcher/20260831T191459Z/configs/gene_knockout_EG10919_succinate.json,/user/home/il22158/work/vEcoli/job/generated_runs/launcher/20260831T191459Z/slurm/gene_knockout_EG10919_succinate.sh
EG10920,with_aa,gene_knockout_EG10920_with_aa,5,13,job/write_for_new_job.py,/user/home/il22158/work/vEcoli/job/generated_runs/launcher/20260831T191459Z/configs/gene_knockout_EG10920_with_aa.json,/user/home/il22158/work/vEcoli/job/generated_runs/launcher/20260831T191459Z/slurm/gene_knockout_EG10920_with_aa.sh
EG10920,acetate,gene_knockout_EG10920_acetate,6,14,job/write_for_new_job.py,/user/home/il22158/work/vEcoli/job/generated_runs/launcher/20260831T191459Z/configs/gene_knockout_EG10920_acetate.json,/user/home/il22158/work/vEcoli/job/generated_runs/launcher/20260831T191459Z/slurm/gene_knockout_EG10920_acetate.sh
EG10920,no_ox,gene_knockout_EG10920_no_ox,6,14,job/write_for_new_job.py,/user/home/il22158/work/vEcoli/job/generated_runs/launcher/20260831T191459Z/configs/gene_knockout_EG10920_no_ox.json,/user/home/il22158/work/vEcoli/job/generated_runs/launcher/20260831T191459Z/slurm/gene_knockout_EG10920_no_ox.sh
EG10920,succinate,gene_knockout_EG10920_succinate,13,20,job/write_for_new_job.py,/user/home/il22158/work/vEcoli/job/generated_runs/launcher/20260831T191459Z/configs/gene_knockout_EG10920_succinate.json,/user/home/il22158/work/vEcoli/job/generated_runs/launcher/20260831T191459Z/slurm/gene_knockout_EG10920_succinate.sh
EG10928,with_aa,gene_knockout_EG10928_with_aa,5,13,job/write_for_new_job.py,/user/home/il22158/work/vEcoli/job/generated_runs/launcher/20260831T191459Z/configs/gene_knockout_EG10928_with_aa.json,/user/home/il22158/work/vEcoli/job/generated_runs/launcher/20260831T191459Z/slurm/gene_knockout_EG10928_with_aa.sh
EG10928,acetate,gene_knockout_EG10928_acetate,6,14,job/write_for_new_job.py,/user/home/il22158/work/vEcoli/job/generated_runs/launcher/20260831T191459Z/configs/gene_knockout_EG10928_acetate.json,/user/home/il22158/work/vEcoli/job/generated_runs/launcher/20260831T191459Z/slurm/gene_knockout_EG10928_acetate.sh
EG10928,no_ox,gene_knockout_EG10928_no_ox,6,14,job/write_for_new_job.py,/user/home/il22158/work/vEcoli/job/generated_runs/launcher/20260831T191459Z/configs/gene_knockout_EG10928_no_ox.json,/user/home/il22158/work/vEcoli/job/generated_runs/launcher/20260831T191459Z/slurm/gene_knockout_EG10928_no_ox.sh
EG10928,succinate,gene_knockout_EG10928_succinate,13,20,job/write_for_new_job.py,/user/home/il22158/work/vEcoli/job/generated_runs/launcher/20260831T191459Z/configs/gene_knockout_EG10928_succinate.json,/user/home/il22158/work/vEcoli/job/generated_runs/launcher/20260831T191459Z/slurm/gene_knockout_EG10928_succinate.sh
EG10946,with_aa,gene_knockout_EG10946_with_aa,5,13,job/write_for_new_job.py,/user/home/il22158/work/vEcoli/job/generated_runs/launcher/20260831T191459Z/configs/gene_knockout_EG10946_with_aa.json,/user/home/il22158/work/vEcoli/job/generated_runs/launcher/20260831T191459Z/slurm/gene_knockout_EG10946_with_aa.sh
EG10946,acetate,gene_knockout_EG10946_acetate,6,14,job/write_for_new_job.py,/user/home/il22158/work/vEcoli/job/generated_runs/launcher/20260831T191459Z/configs/gene_knockout_EG10946_acetate.json,/user/home/il22158/work/vEcoli/job/generated_runs/launcher/20260831T191459Z/slurm/gene_knockout_EG10946_acetate.sh
EG10946,no_ox,gene_knockout_EG10946_no_ox,6,14,job/write_for_new_job.py,/user/home/il22158/work/vEcoli/job/generated_runs/launcher/20260831T191459Z/configs/gene_knockout_EG10946_no_ox.json,/user/home/il22158/work/vEcoli/job/generated_runs/launcher/20260831T191459Z/slurm/gene_knockout_EG10946_no_ox.sh
EG10946,succinate,gene_knockout_EG10946_succinate,13,20,job/write_for_new_job.py,/user/home/il22158/work/vEcoli/job/generated_runs/launcher/20260831T191459Z/configs/gene_knockout_EG10946_succinate.json,/user/home/il22158/work/vEcoli/job/generated_runs/launcher/20260831T191459Z/slurm/gene_knockout_EG10946_succinate.sh
EG10947,with_aa,gene_knockout_EG10947_with_aa,5,13,job/write_for_new_job.py,/user/home/il22158/work/vEcoli/job/generated_runs/launcher/20260831T191459Z/configs/gene_knockout_EG10947_with_aa.json,/user/home/il22158/work/vEcoli/job/generated_runs/launcher/20260831T191459Z/slurm/gene_knockout_EG10947_with_aa.sh
EG10947,acetate,gene_knockout_EG10947_acetate,6,14,job/write_for_new_job.py,/user/home/il22158/work/vEcoli/job/generated_runs/launcher/20260831T191459Z/configs/gene_knockout_EG10947_acetate.json,/user/home/il22158/work/vEcoli/job/generated_runs/launcher/20260831T191459Z/slurm/gene_knockout_EG10947_acetate.sh
EG10947,no_ox,gene_knockout_EG10947_no_ox,6,14,job/write_for_new_job.py,/user/home/il22158/work/vEcoli/job/generated_runs/launcher/20260831T191459Z/configs/gene_knockout_EG10947_no_ox.json,/user/home/il22158/work/vEcoli/job/generated_runs/launcher/20260831T191459Z/slurm/gene_knockout_EG10947_no_ox.sh
EG10947,succinate,gene_knockout_EG10947_succinate,13,20,job/write_for_new_job.py,/user/home/il22158/work/vEcoli/job/generated_runs/launcher/20260831T191459Z/configs/gene_knockout_EG10947_succinate.json,/user/home/il22158/work/vEcoli/job/generated_runs/launcher/20260831T191459Z/slurm/gene_knockout_EG10947_succinate.sh
EG10965,with_aa,gene_knockout_EG10965_with_aa,5,13,job/write_for_new_job.py,/user/home/il22158/work/vEcoli/job/generated_runs/launcher/20260831T191459Z/configs/gene_knockout_EG10965_with_aa.json,/user/home/il22158/work/vEcoli/job/generated_runs/launcher/20260831T191459Z/slurm/gene_knockout_EG10965_with_aa.sh
EG10965,acetate,gene_knockout_EG10965_acetate,6,14,job/write_for_new_job.py,/user/home/il22158/work/vEcoli/job/generated_runs/launcher/20260831T191459Z/configs/gene_knockout_EG10965_acetate.json,/user/home/il22158/work/vEcoli/job/generated_runs/launcher/20260831T191459Z/slurm/gene_knockout_EG10965_acetate.sh
EG10965,no_ox,gene_knockout_EG10965_no_ox,6,14,job/write_for_new_job.py,/user/home/il22158/work/vEcoli/job/generated_runs/launcher/20260831T191459Z/configs/gene_knockout_EG10965_no_ox.json,/user/home/il22158/work/vEcoli/job/generated_runs/launcher/20260831T191459Z/slurm/gene_knockout_EG10965_no_ox.sh
EG10965,succinate,gene_knockout_EG10965_succinate,13,20,job/write_for_new_job.py,/user/home/il22158/work/vEcoli/job/generated_runs/launcher/20260831T191459Z/configs/gene_knockout_EG10965_succinate.json,/user/home/il22158/work/vEcoli/job/generated_runs/launcher/20260831T191459Z/slurm/gene_knockout_EG10965_succinate.sh
EG10980,with_aa,gene_knockout_EG10980_with_aa,5,13,job/write_for_new_job.py,/user/home/il22158/work/vEcoli/job/generated_runs/launcher/20260831T191459Z/configs/gene_knockout_EG10980_with_aa.json,/user/home/il22158/work/vEcoli/job/generated_runs/launcher/20260831T191459Z/slurm/gene_knockout_EG10980_with_aa.sh
EG10980,acetate,gene_knockout_EG10980_acetate,6,14,job/write_for_new_job.py,/user/home/il22158/work/vEcoli/job/generated_runs/launcher/20260831T191459Z/configs/gene_knockout_EG10980_acetate.json,/user/home/il22158/work/vEcoli/job/generated_runs/launcher/20260831T191459Z/slurm/gene_knockout_EG10980_acetate.sh
EG10980,no_ox,gene_knockout_EG10980_no_ox,6,14,job/write_for_new_job.py,/user/home/il22158/work/vEcoli/job/generated_runs/launcher/20260831T191459Z/configs/gene_knockout_EG10980_no_ox.json,/user/home/il22158/work/vEcoli/job/generated_runs/launcher/20260831T191459Z/slurm/gene_knockout_EG10980_no_ox.sh
EG10980,succinate,gene_knockout_EG10980_succinate,13,20,job/write_for_new_job.py,/user/home/il22158/work/vEcoli/job/generated_runs/launcher/20260831T191459Z/configs/gene_knockout_EG10980_succinate.json,/user/home/il22158/work/vEcoli/job/generated_runs/launcher/20260831T191459Z/slurm/gene_knockout_EG10980_succinate.sh
EG10982,with_aa,gene_knockout_EG10982_with_aa,5,13,job/write_for_new_job.py,/user/home/il22158/work/vEcoli/job/generated_runs/launcher/20260831T191459Z/configs/gene_knockout_EG10982_with_aa.json,/user/home/il22158/work/vEcoli/job/generated_runs/launcher/20260831T191459Z/slurm/gene_knockout_EG10982_with_aa.sh
EG10982,acetate,gene_knockout_EG10982_acetate,6,14,job/write_for_new_job.py,/user/home/il22158/work/vEcoli/job/generated_runs/launcher/20260831T191459Z/configs/gene_knockout_EG10982_acetate.json,/user/home/il22158/work/vEcoli/job/generated_runs/launcher/20260831T191459Z/slurm/gene_knockout_EG10982_acetate.sh
EG10982,no_ox,gene_knockout_EG10982_no_ox,6,14,job/write_for_new_job.py,/user/home/il22158/work/vEcoli/job/generated_runs/launcher/20260831T191459Z/configs/gene_knockout_EG10982_no_ox.json,/user/home/il22158/work/vEcoli/job/generated_runs/launcher/20260831T191459Z/slurm/gene_knockout_EG10982_no_ox.sh
EG10982,succinate,gene_knockout_EG10982_succinate,13,20,job/write_for_new_job.py,/user/home/il22158/work/vEcoli/job/generated_runs/launcher/20260831T191459Z/configs/gene_knockout_EG10982_succinate.json,/user/home/il22158/work/vEcoli/job/generated_runs/launcher/20260831T191459Z/slurm/gene_knockout_EG10982_succinate.sh
EG10999,with_aa,gene_knockout_EG10999_with_aa,5,13,job/write_for_new_job.py,/user/home/il22158/work/vEcoli/job/generated_runs/launcher/20260831T191459Z/configs/gene_knockout_EG10999_with_aa.json,/user/home/il22158/work/vEcoli/job/generated_runs/launcher/20260831T191459Z/slurm/gene_knockout_EG10999_with_aa.sh
EG10999,acetate,gene_knockout_EG10999_acetate,6,14,job/write_for_new_job.py,/user/home/il22158/work/vEcoli/job/generated_runs/launcher/20260831T191459Z/configs/gene_knockout_EG10999_acetate.json,/user/home/il22158/work/vEcoli/job/generated_runs/launcher/20260831T191459Z/slurm/gene_knockout_EG10999_acetate.sh
EG10999,no_ox,gene_knockout_EG10999_no_ox,6,14,job/write_for_new_job.py,/user/home/il22158/work/vEcoli/job/generated_runs/launcher/20260831T191459Z/configs/gene_knockout_EG10999_no_ox.json,/user/home/il22158/work/vEcoli/job/generated_runs/launcher/20260831T191459Z/slurm/gene_knockout_EG10999_no_ox.sh
EG10999,succinate,gene_knockout_EG10999_succinate,13,20,job/write_for_new_job.py,/user/home/il22158/work/vEcoli/job/generated_runs/launcher/20260831T191459Z/configs/gene_knockout_EG10999_succinate.json,/user/home/il22158/work/vEcoli/job/generated_runs/launcher/20260831T191459Z/slurm/gene_knockout_EG10999_succinate.sh
EG11000,with_aa,gene_knockout_EG11000_with_aa,5,13,job/write_for_new_job.py,/user/home/il22158/work/vEcoli/job/generated_runs/launcher/20260831T191459Z/configs/gene_knockout_EG11000_with_aa.json,/user/home/il22158/work/vEcoli/job/generated_runs/launcher/20260831T191459Z/slurm/gene_knockout_EG11000_with_aa.sh
EG11000,acetate,gene_knockout_EG11000_acetate,6,14,job/write_for_new_job.py,/user/home/il22158/work/vEcoli/job/generated_runs/launcher/20260831T191459Z/configs/gene_knockout_EG11000_acetate.json,/user/home/il22158/work/vEcoli/job/generated_runs/launcher/20260831T191459Z/slurm/gene_knockout_EG11000_acetate.sh
EG11000,no_ox,gene_knockout_EG11000_no_ox,6,14,job/write_for_new_job.py,/user/home/il22158/work/vEcoli/job/generated_runs/launcher/20260831T191459Z/configs/gene_knockout_EG11000_no_ox.json,/user/home/il22158/work/vEcoli/job/generated_runs/launcher/20260831T191459Z/slurm/gene_knockout_EG11000_no_ox.sh
EG11000,succinate,gene_knockout_EG11000_succinate,13,20,job/write_for_new_job.py,/user/home/il22158/work/vEcoli/job/generated_runs/launcher/20260831T191459Z/configs/gene_knockout_EG11000_succinate.json,/user/home/il22158/work/vEcoli/job/generated_runs/launcher/20260831T191459Z/slurm/gene_knockout_EG11000_succinate.sh
EG11001,with_aa,gene_knockout_EG11001_with_aa,5,13,job/write_for_new_job.py,/user/home/il22158/work/vEcoli/job/generated_runs/launcher/20260831T191459Z/configs/gene_knockout_EG11001_with_aa.json,/user/home/il22158/work/vEcoli/job/generated_runs/launcher/20260831T191459Z/slurm/gene_knockout_EG11001_with_aa.sh
EG11001,acetate,gene_knockout_EG11001_acetate,6,14,job/write_for_new_job.py,/user/home/il22158/work/vEcoli/job/generated_runs/launcher/20260831T191459Z/configs/gene_knockout_EG11001_acetate.json,/user/home/il22158/work/vEcoli/job/generated_runs/launcher/20260831T191459Z/slurm/gene_knockout_EG11001_acetate.sh
EG11001,no_ox,gene_knockout_EG11001_no_ox,6,14,job/write_for_new_job.py,/user/home/il22158/work/vEcoli/job/generated_runs/launcher/20260831T191459Z/configs/gene_knockout_EG11001_no_ox.json,/user/home/il22158/work/vEcoli/job/generated_runs/launcher/20260831T191459Z/slurm/gene_knockout_EG11001_no_ox.sh
EG11001,succinate,gene_knockout_EG11001_succinate,13,20,job/write_for_new_job.py,/user/home/il22158/work/vEcoli/job/generated_runs/launcher/20260831T191459Z/configs/gene_knockout_EG11001_succinate.json,/user/home/il22158/work/vEcoli/job/generated_runs/launcher/20260831T191459Z/slurm/gene_knockout_EG11001_succinate.sh
EG11002,with_aa,gene_knockout_EG11002_with_aa,5,13,job/write_for_new_job.py,/user/home/il22158/work/vEcoli/job/generated_runs/launcher/20260831T191459Z/configs/gene_knockout_EG11002_with_aa.json,/user/home/il22158/work/vEcoli/job/generated_runs/launcher/20260831T191459Z/slurm/gene_knockout_EG11002_with_aa.sh
EG11002,acetate,gene_knockout_EG11002_acetate,6,14,job/write_for_new_job.py,/user/home/il22158/work/vEcoli/job/generated_runs/launcher/20260831T191459Z/configs/gene_knockout_EG11002_acetate.json,/user/home/il22158/work/vEcoli/job/generated_runs/launcher/20260831T191459Z/slurm/gene_knockout_EG11002_acetate.sh
EG11002,no_ox,gene_knockout_EG11002_no_ox,6,14,job/write_for_new_job.py,/user/home/il22158/work/vEcoli/job/generated_runs/launcher/20260831T191459Z/configs/gene_knockout_EG11002_no_ox.json,/user/home/il22158/work/vEcoli/job/generated_runs/launcher/20260831T191459Z/slurm/gene_knockout_EG11002_no_ox.sh
EG11002,succinate,gene_knockout_EG11002_succinate,13,20,job/write_for_new_job.py,/user/home/il22158/work/vEcoli/job/generated_runs/launcher/20260831T191459Z/configs/gene_knockout_EG11002_succinate.json,/user/home/il22158/work/vEcoli/job/generated_runs/launcher/20260831T191459Z/slurm/gene_knockout_EG11002_succinate.sh
EG11005,with_aa,gene_knockout_EG11005_with_aa,5,13,job/write_for_new_job.py,/user/home/il22158/work/vEcoli/job/generated_runs/launcher/20260831T191459Z/configs/gene_knockout_EG11005_with_aa.json,/user/home/il22158/work/vEcoli/job/generated_runs/launcher/20260831T191459Z/slurm/gene_knockout_EG11005_with_aa.sh
EG11005,acetate,gene_knockout_EG11005_acetate,6,14,job/write_for_new_job.py,/user/home/il22158/work/vEcoli/job/generated_runs/launcher/20260831T191459Z/configs/gene_knockout_EG11005_acetate.json,/user/home/il22158/work/vEcoli/job/generated_runs/launcher/20260831T191459Z/slurm/gene_knockout_EG11005_acetate.sh
EG11005,no_ox,gene_knockout_EG11005_no_ox,6,14,job/write_for_new_job.py,/user/home/il22158/work/vEcoli/job/generated_runs/launcher/20260831T191459Z/configs/gene_knockout_EG11005_no_ox.json,/user/home/il22158/work/vEcoli/job/generated_runs/launcher/20260831T191459Z/slurm/gene_knockout_EG11005_no_ox.sh
EG11005,succinate,gene_knockout_EG11005_succinate,13,20,job/write_for_new_job.py,/user/home/il22158/work/vEcoli/job/generated_runs/launcher/20260831T191459Z/configs/gene_knockout_EG11005_succinate.json,/user/home/il22158/work/vEcoli/job/generated_runs/launcher/20260831T191459Z/slurm/gene_knockout_EG11005_succinate.sh
EG11008,with_aa,gene_knockout_EG11008_with_aa,5,13,job/write_for_new_job.py,/user/home/il22158/work/vEcoli/job/generated_runs/launcher/20260831T191459Z/configs/gene_knockout_EG11008_with_aa.json,/user/home/il22158/work/vEcoli/job/generated_runs/launcher/20260831T191459Z/slurm/gene_knockout_EG11008_with_aa.sh
EG11008,acetate,gene_knockout_EG11008_acetate,6,14,job/write_for_new_job.py,/user/home/il22158/work/vEcoli/job/generated_runs/launcher/20260831T191459Z/configs/gene_knockout_EG11008_acetate.json,/user/home/il22158/work/vEcoli/job/generated_runs/launcher/20260831T191459Z/slurm/gene_knockout_EG11008_acetate.sh
EG11008,no_ox,gene_knockout_EG11008_no_ox,6,14,job/write_for_new_job.py,/user/home/il22158/work/vEcoli/job/generated_runs/launcher/20260831T191459Z/configs/gene_knockout_EG11008_no_ox.json,/user/home/il22158/work/vEcoli/job/generated_runs/launcher/20260831T191459Z/slurm/gene_knockout_EG11008_no_ox.sh
EG11008,succinate,gene_knockout_EG11008_succinate,13,20,job/write_for_new_job.py,/user/home/il22158/work/vEcoli/job/generated_runs/launcher/20260831T191459Z/configs/gene_knockout_EG11008_succinate.json,/user/home/il22158/work/vEcoli/job/generated_runs/launcher/20260831T191459Z/slurm/gene_knockout_EG11008_succinate.sh
EG11024,with_aa,gene_knockout_EG11024_with_aa,5,13,job/write_for_new_job.py,/user/home/il22158/work/vEcoli/job/generated_runs/launcher/20260831T191459Z/configs/gene_knockout_EG11024_with_aa.json,/user/home/il22158/work/vEcoli/job/generated_runs/launcher/20260831T191459Z/slurm/gene_knockout_EG11024_with_aa.sh
EG11024,acetate,gene_knockout_EG11024_acetate,6,14,job/write_for_new_job.py,/user/home/il22158/work/vEcoli/job/generated_runs/launcher/20260831T191459Z/configs/gene_knockout_EG11024_acetate.json,/user/home/il22158/work/vEcoli/job/generated_runs/launcher/20260831T191459Z/slurm/gene_knockout_EG11024_acetate.sh
EG11024,no_ox,gene_knockout_EG11024_no_ox,6,14,job/write_for_new_job.py,/user/home/il22158/work/vEcoli/job/generated_runs/launcher/20260831T191459Z/configs/gene_knockout_EG11024_no_ox.json,/user/home/il22158/work/vEcoli/job/generated_runs/launcher/20260831T191459Z/slurm/gene_knockout_EG11024_no_ox.sh
EG11024,succinate,gene_knockout_EG11024_succinate,13,20,job/write_for_new_job.py,/user/home/il22158/work/vEcoli/job/generated_runs/launcher/20260831T191459Z/configs/gene_knockout_EG11024_succinate.json,/user/home/il22158/work/vEcoli/job/generated_runs/launcher/20260831T191459Z/slurm/gene_knockout_EG11024_succinate.sh
EG11026,with_aa,gene_knockout_EG11026_with_aa,5,13,job/write_for_new_job.py,/user/home/il22158/work/vEcoli/job/generated_runs/launcher/20260831T191459Z/configs/gene_knockout_EG11026_with_aa.json,/user/home/il22158/work/vEcoli/job/generated_runs/launcher/20260831T191459Z/slurm/gene_knockout_EG11026_with_aa.sh
EG11026,acetate,gene_knockout_EG11026_acetate,6,14,job/write_for_new_job.py,/user/home/il22158/work/vEcoli/job/generated_runs/launcher/20260831T191459Z/configs/gene_knockout_EG11026_acetate.json,/user/home/il22158/work/vEcoli/job/generated_runs/launcher/20260831T191459Z/slurm/gene_knockout_EG11026_acetate.sh
EG11026,no_ox,gene_knockout_EG11026_no_ox,6,14,job/write_for_new_job.py,/user/home/il22158/work/vEcoli/job/generated_runs/launcher/20260831T191459Z/configs/gene_knockout_EG11026_no_ox.json,/user/home/il22158/work/vEcoli/job/generated_runs/launcher/20260831T191459Z/slurm/gene_knockout_EG11026_no_ox.sh
EG11026,succinate,gene_knockout_EG11026_succinate,13,20,job/write_for_new_job.py,/user/home/il22158/work/vEcoli/job/generated_runs/launcher/20260831T191459Z/configs/gene_knockout_EG11026_succinate.json,/user/home/il22158/work/vEcoli/job/generated_runs/launcher/20260831T191459Z/slurm/gene_knockout_EG11026_succinate.sh
EG11027,with_aa,gene_knockout_EG11027_with_aa,5,13,job/write_for_new_job.py,/user/home/il22158/work/vEcoli/job/generated_runs/launcher/20260831T191459Z/configs/gene_knockout_EG11027_with_aa.json,/user/home/il22158/work/vEcoli/job/generated_runs/launcher/20260831T191459Z/slurm/gene_knockout_EG11027_with_aa.sh
EG11027,acetate,gene_knockout_EG11027_acetate,6,14,job/write_for_new_job.py,/user/home/il22158/work/vEcoli/job/generated_runs/launcher/20260831T191459Z/configs/gene_knockout_EG11027_acetate.json,/user/home/il22158/work/vEcoli/job/generated_runs/launcher/20260831T191459Z/slurm/gene_knockout_EG11027_acetate.sh
EG11027,no_ox,gene_knockout_EG11027_no_ox,6,14,job/write_for_new_job.py,/user/home/il22158/work/vEcoli/job/generated_runs/launcher/20260831T191459Z/configs/gene_knockout_EG11027_no_ox.json,/user/home/il22158/work/vEcoli/job/generated_runs/launcher/20260831T191459Z/slurm/gene_knockout_EG11027_no_ox.sh
EG11027,succinate,gene_knockout_EG11027_succinate,13,20,job/write_for_new_job.py,/user/home/il22158/work/vEcoli/job/generated_runs/launcher/20260831T191459Z/configs/gene_knockout_EG11027_succinate.json,/user/home/il22158/work/vEcoli/job/generated_runs/launcher/20260831T191459Z/slurm/gene_knockout_EG11027_succinate.sh
EG11028,with_aa,gene_knockout_EG11028_with_aa,5,13,job/write_for_new_job.py,/user/home/il22158/work/vEcoli/job/generated_runs/launcher/20260831T191459Z/configs/gene_knockout_EG11028_with_aa.json,/user/home/il22158/work/vEcoli/job/generated_runs/launcher/20260831T191459Z/slurm/gene_knockout_EG11028_with_aa.sh
EG11028,acetate,gene_knockout_EG11028_acetate,6,14,job/write_for_new_job.py,/user/home/il22158/work/vEcoli/job/generated_runs/launcher/20260831T191459Z/configs/gene_knockout_EG11028_acetate.json,/user/home/il22158/work/vEcoli/job/generated_runs/launcher/20260831T191459Z/slurm/gene_knockout_EG11028_acetate.sh
EG11028,no_ox,gene_knockout_EG11028_no_ox,6,14,job/write_for_new_job.py,/user/home/il22158/work/vEcoli/job/generated_runs/launcher/20260831T191459Z/configs/gene_knockout_EG11028_no_ox.json,/user/home/il22158/work/vEcoli/job/generated_runs/launcher/20260831T191459Z/slurm/gene_knockout_EG11028_no_ox.sh
EG11028,succinate,gene_knockout_EG11028_succinate,13,20,job/write_for_new_job.py,/user/home/il22158/work/vEcoli/job/generated_runs/launcher/20260831T191459Z/configs/gene_knockout_EG11028_succinate.json,/user/home/il22158/work/vEcoli/job/generated_runs/launcher/20260831T191459Z/slurm/gene_knockout_EG11028_succinate.sh
EG11029,with_aa,gene_knockout_EG11029_with_aa,5,13,job/write_for_new_job.py,/user/home/il22158/work/vEcoli/job/generated_runs/launcher/20260831T191459Z/configs/gene_knockout_EG11029_with_aa.json,/user/home/il22158/work/vEcoli/job/generated_runs/launcher/20260831T191459Z/slurm/gene_knockout_EG11029_with_aa.sh
EG11029,acetate,gene_knockout_EG11029_acetate,6,14,job/write_for_new_job.py,/user/home/il22158/work/vEcoli/job/generated_runs/launcher/20260831T191459Z/configs/gene_knockout_EG11029_acetate.json,/user/home/il22158/work/vEcoli/job/generated_runs/launcher/20260831T191459Z/slurm/gene_knockout_EG11029_acetate.sh
EG11029,no_ox,gene_knockout_EG11029_no_ox,6,14,job/write_for_new_job.py,/user/home/il22158/work/vEcoli/job/generated_runs/launcher/20260831T191459Z/configs/gene_knockout_EG11029_no_ox.json,/user/home/il22158/work/vEcoli/job/generated_runs/launcher/20260831T191459Z/slurm/gene_knockout_EG11029_no_ox.sh
EG11029,succinate,gene_knockout_EG11029_succinate,13,20,job/write_for_new_job.py,/user/home/il22158/work/vEcoli/job/generated_runs/launcher/20260831T191459Z/configs/gene_knockout_EG11029_succinate.json,/user/home/il22158/work/vEcoli/job/generated_runs/launcher/20260831T191459Z/slurm/gene_knockout_EG11029_succinate.sh
EG11030,with_aa,gene_knockout_EG11030_with_aa,5,13,job/write_for_new_job.py,/user/home/il22158/work/vEcoli/job/generated_runs/launcher/20260831T191459Z/configs/gene_knockout_EG11030_with_aa.json,/user/home/il22158/work/vEcoli/job/generated_runs/launcher/20260831T191459Z/slurm/gene_knockout_EG11030_with_aa.sh
EG11030,acetate,gene_knockout_EG11030_acetate,6,14,job/write_for_new_job.py,/user/home/il22158/work/vEcoli/job/generated_runs/launcher/20260831T191459Z/configs/gene_knockout_EG11030_acetate.json,/user/home/il22158/work/vEcoli/job/generated_runs/launcher/20260831T191459Z/slurm/gene_knockout_EG11030_acetate.sh
EG11030,no_ox,gene_knockout_EG11030_no_ox,6,14,job/write_for_new_job.py,/user/home/il22158/work/vEcoli/job/generated_runs/launcher/20260831T191459Z/configs/gene_knockout_EG11030_no_ox.json,/user/home/il22158/work/vEcoli/job/generated_runs/launcher/20260831T191459Z/slurm/gene_knockout_EG11030_no_ox.sh
EG11030,succinate,gene_knockout_EG11030_succinate,13,20,job/write_for_new_job.py,/user/home/il22158/work/vEcoli/job/generated_runs/launcher/20260831T191459Z/configs/gene_knockout_EG11030_succinate.json,/user/home/il22158/work/vEcoli/job/generated_runs/launcher/20260831T191459Z/slurm/gene_knockout_EG11030_succinate.sh
EG11032,with_aa,gene_knockout_EG11032_with_aa,5,13,job/write_for_new_job.py,/user/home/il22158/work/vEcoli/job/generated_runs/launcher/20260831T191459Z/configs/gene_knockout_EG11032_with_aa.json,/user/home/il22158/work/vEcoli/job/generated_runs/launcher/20260831T191459Z/slurm/gene_knockout_EG11032_with_aa.sh
EG11032,acetate,gene_knockout_EG11032_acetate,6,14,job/write_for_new_job.py,/user/home/il22158/work/vEcoli/job/generated_runs/launcher/20260831T191459Z/configs/gene_knockout_EG11032_acetate.json,/user/home/il22158/work/vEcoli/job/generated_runs/launcher/20260831T191459Z/slurm/gene_knockout_EG11032_acetate.sh
EG11032,no_ox,gene_knockout_EG11032_no_ox,6,14,job/write_for_new_job.py,/user/home/il22158/work/vEcoli/job/generated_runs/launcher/20260831T191459Z/configs/gene_knockout_EG11032_no_ox.json,/user/home/il22158/work/vEcoli/job/generated_runs/launcher/20260831T191459Z/slurm/gene_knockout_EG11032_no_ox.sh
EG11032,succinate,gene_knockout_EG11032_succinate,13,20,job/write_for_new_job.py,/user/home/il22158/work/vEcoli/job/generated_runs/launcher/20260831T191459Z/configs/gene_knockout_EG11032_succinate.json,/user/home/il22158/work/vEcoli/job/generated_runs/launcher/20260831T191459Z/slurm/gene_knockout_EG11032_succinate.sh
EG11039,with_aa,gene_knockout_EG11039_with_aa,5,13,job/write_for_new_job.py,/user/home/il22158/work/vEcoli/job/generated_runs/launcher/20260831T191459Z/configs/gene_knockout_EG11039_with_aa.json,/user/home/il22158/work/vEcoli/job/generated_runs/launcher/20260831T191459Z/slurm/gene_knockout_EG11039_with_aa.sh
EG11039,acetate,gene_knockout_EG11039_acetate,6,14,job/write_for_new_job.py,/user/home/il22158/work/vEcoli/job/generated_runs/launcher/20260831T191459Z/configs/gene_knockout_EG11039_acetate.json,/user/home/il22158/work/vEcoli/job/generated_runs/launcher/20260831T191459Z/slurm/gene_knockout_EG11039_acetate.sh
EG11039,no_ox,gene_knockout_EG11039_no_ox,6,14,job/write_for_new_job.py,/user/home/il22158/work/vEcoli/job/generated_runs/launcher/20260831T191459Z/configs/gene_knockout_EG11039_no_ox.json,/user/home/il22158/work/vEcoli/job/generated_runs/launcher/20260831T191459Z/slurm/gene_knockout_EG11039_no_ox.sh
EG11039,succinate,gene_knockout_EG11039_succinate,13,20,job/write_for_new_job.py,/user/home/il22158/work/vEcoli/job/generated_runs/launcher/20260831T191459Z/configs/gene_knockout_EG11039_succinate.json,/user/home/il22158/work/vEcoli/job/generated_runs/launcher/20260831T191459Z/slurm/gene_knockout_EG11039_succinate.sh
EG11040,with_aa,gene_knockout_EG11040_with_aa,5,13,job/write_for_new_job.py,/user/home/il22158/work/vEcoli/job/generated_runs/launcher/20260831T191459Z/configs/gene_knockout_EG11040_with_aa.json,/user/home/il22158/work/vEcoli/job/generated_runs/launcher/20260831T191459Z/slurm/gene_knockout_EG11040_with_aa.sh
EG11040,acetate,gene_knockout_EG11040_acetate,6,14,job/write_for_new_job.py,/user/home/il22158/work/vEcoli/job/generated_runs/launcher/20260831T191459Z/configs/gene_knockout_EG11040_acetate.json,/user/home/il22158/work/vEcoli/job/generated_runs/launcher/20260831T191459Z/slurm/gene_knockout_EG11040_acetate.sh
EG11040,no_ox,gene_knockout_EG11040_no_ox,6,14,job/write_for_new_job.py,/user/home/il22158/work/vEcoli/job/generated_runs/launcher/20260831T191459Z/configs/gene_knockout_EG11040_no_ox.json,/user/home/il22158/work/vEcoli/job/generated_runs/launcher/20260831T191459Z/slurm/gene_knockout_EG11040_no_ox.sh
EG11040,succinate,gene_knockout_EG11040_succinate,13,20,job/write_for_new_job.py,/user/home/il22158/work/vEcoli/job/generated_runs/launcher/20260831T191459Z/configs/gene_knockout_EG11040_succinate.json,/user/home/il22158/work/vEcoli/job/generated_runs/launcher/20260831T191459Z/slurm/gene_knockout_EG11040_succinate.sh
EG11041,with_aa,gene_knockout_EG11041_with_aa,5,13,job/write_for_new_job.py,/user/home/il22158/work/vEcoli/job/generated_runs/launcher/20260831T191459Z/configs/gene_knockout_EG11041_with_aa.json,/user/home/il22158/work/vEcoli/job/generated_runs/launcher/20260831T191459Z/slurm/gene_knockout_EG11041_with_aa.sh
EG11041,acetate,gene_knockout_EG11041_acetate,6,14,job/write_for_new_job.py,/user/home/il22158/work/vEcoli/job/generated_runs/launcher/20260831T191459Z/configs/gene_knockout_EG11041_acetate.json,/user/home/il22158/work/vEcoli/job/generated_runs/launcher/20260831T191459Z/slurm/gene_knockout_EG11041_acetate.sh
EG11041,no_ox,gene_knockout_EG11041_no_ox,6,14,job/write_for_new_job.py,/user/home/il22158/work/vEcoli/job/generated_runs/launcher/20260831T191459Z/configs/gene_knockout_EG11041_no_ox.json,/user/home/il22158/work/vEcoli/job/generated_runs/launcher/20260831T191459Z/slurm/gene_knockout_EG11041_no_ox.sh
EG11041,succinate,gene_knockout_EG11041_succinate,13,20,job/write_for_new_job.py,/user/home/il22158/work/vEcoli/job/generated_runs/launcher/20260831T191459Z/configs/gene_knockout_EG11041_succinate.json,/user/home/il22158/work/vEcoli/job/generated_runs/launcher/20260831T191459Z/slurm/gene_knockout_EG11041_succinate.sh
EG11043,with_aa,gene_knockout_EG11043_with_aa,5,13,job/write_for_new_job.py,/user/home/il22158/work/vEcoli/job/generated_runs/launcher/20260831T191459Z/configs/gene_knockout_EG11043_with_aa.json,/user/home/il22158/work/vEcoli/job/generated_runs/launcher/20260831T191459Z/slurm/gene_knockout_EG11043_with_aa.sh
EG11043,acetate,gene_knockout_EG11043_acetate,6,14,job/write_for_new_job.py,/user/home/il22158/work/vEcoli/job/generated_runs/launcher/20260831T191459Z/configs/gene_knockout_EG11043_acetate.json,/user/home/il22158/work/vEcoli/job/generated_runs/launcher/20260831T191459Z/slurm/gene_knockout_EG11043_acetate.sh
EG11043,no_ox,gene_knockout_EG11043_no_ox,6,14,job/write_for_new_job.py,/user/home/il22158/work/vEcoli/job/generated_runs/launcher/20260831T191459Z/configs/gene_knockout_EG11043_no_ox.json,/user/home/il22158/work/vEcoli/job/generated_runs/launcher/20260831T191459Z/slurm/gene_knockout_EG11043_no_ox.sh
EG11043,succinate,gene_knockout_EG11043_succinate,13,20,job/write_for_new_job.py,/user/home/il22158/work/vEcoli/job/generated_runs/launcher/20260831T191459Z/configs/gene_knockout_EG11043_succinate.json,/user/home/il22158/work/vEcoli/job/generated_runs/launcher/20260831T191459Z/slurm/gene_knockout_EG11043_succinate.sh
EG11050,with_aa,gene_knockout_EG11050_with_aa,5,13,job/write_for_new_job.py,/user/home/il22158/work/vEcoli/job/generated_runs/launcher/20260831T191459Z/configs/gene_knockout_EG11050_with_aa.json,/user/home/il22158/work/vEcoli/job/generated_runs/launcher/20260831T191459Z/slurm/gene_knockout_EG11050_with_aa.sh
EG11050,acetate,gene_knockout_EG11050_acetate,6,14,job/write_for_new_job.py,/user/home/il22158/work/vEcoli/job/generated_runs/launcher/20260831T191459Z/configs/gene_knockout_EG11050_acetate.json,/user/home/il22158/work/vEcoli/job/generated_runs/launcher/20260831T191459Z/slurm/gene_knockout_EG11050_acetate.sh
EG11050,no_ox,gene_knockout_EG11050_no_ox,6,14,job/write_for_new_job.py,/user/home/il22158/work/vEcoli/job/generated_runs/launcher/20260831T191459Z/configs/gene_knockout_EG11050_no_ox.json,/user/home/il22158/work/vEcoli/job/generated_runs/launcher/20260831T191459Z/slurm/gene_knockout_EG11050_no_ox.sh
EG11050,succinate,gene_knockout_EG11050_succinate,13,20,job/write_for_new_job.py,/user/home/il22158/work/vEcoli/job/generated_runs/launcher/20260831T191459Z/configs/gene_knockout_EG11050_succinate.json,/user/home/il22158/work/vEcoli/job/generated_runs/launcher/20260831T191459Z/slurm/gene_knockout_EG11050_succinate.sh
EG11067,with_aa,gene_knockout_EG11067_with_aa,5,13,job/write_for_new_job.py,/user/home/il22158/work/vEcoli/job/generated_runs/launcher/20260831T191459Z/configs/gene_knockout_EG11067_with_aa.json,/user/home/il22158/work/vEcoli/job/generated_runs/launcher/20260831T191459Z/slurm/gene_knockout_EG11067_with_aa.sh
EG11067,acetate,gene_knockout_EG11067_acetate,6,14,job/write_for_new_job.py,/user/home/il22158/work/vEcoli/job/generated_runs/launcher/20260831T191459Z/configs/gene_knockout_EG11067_acetate.json,/user/home/il22158/work/vEcoli/job/generated_runs/launcher/20260831T191459Z/slurm/gene_knockout_EG11067_acetate.sh
EG11067,no_ox,gene_knockout_EG11067_no_ox,6,14,job/write_for_new_job.py,/user/home/il22158/work/vEcoli/job/generated_runs/launcher/20260831T191459Z/configs/gene_knockout_EG11067_no_ox.json,/user/home/il22158/work/vEcoli/job/generated_runs/launcher/20260831T191459Z/slurm/gene_knockout_EG11067_no_ox.sh
EG11067,succinate,gene_knockout_EG11067_succinate,13,20,job/write_for_new_job.py,/user/home/il22158/work/vEcoli/job/generated_runs/launcher/20260831T191459Z/configs/gene_knockout_EG11067_succinate.json,/user/home/il22158/work/vEcoli/job/generated_runs/launcher/20260831T191459Z/slurm/gene_knockout_EG11067_succinate.sh
EG11074,with_aa,gene_knockout_EG11074_with_aa,5,13,job/write_for_new_job.py,/user/home/il22158/work/vEcoli/job/generated_runs/launcher/20260831T191459Z/configs/gene_knockout_EG11074_with_aa.json,/user/home/il22158/work/vEcoli/job/generated_runs/launcher/20260831T191459Z/slurm/gene_knockout_EG11074_with_aa.sh
EG11074,acetate,gene_knockout_EG11074_acetate,6,14,job/write_for_new_job.py,/user/home/il22158/work/vEcoli/job/generated_runs/launcher/20260831T191459Z/configs/gene_knockout_EG11074_acetate.json,/user/home/il22158/work/vEcoli/job/generated_runs/launcher/20260831T191459Z/slurm/gene_knockout_EG11074_acetate.sh
EG11074,no_ox,gene_knockout_EG11074_no_ox,6,14,job/write_for_new_job.py,/user/home/il22158/work/vEcoli/job/generated_runs/launcher/20260831T191459Z/configs/gene_knockout_EG11074_no_ox.json,/user/home/il22158/work/vEcoli/job/generated_runs/launcher/20260831T191459Z/slurm/gene_knockout_EG11074_no_ox.sh
EG11074,succinate,gene_knockout_EG11074_succinate,13,20,job/write_for_new_job.py,/user/home/il22158/work/vEcoli/job/generated_runs/launcher/20260831T191459Z/configs/gene_knockout_EG11074_succinate.json,/user/home/il22158/work/vEcoli/job/generated_runs/launcher/20260831T191459Z/slurm/gene_knockout_EG11074_succinate.sh
EG11075,with_aa,gene_knockout_EG11075_with_aa,5,13,job/write_for_new_job.py,/user/home/il22158/work/vEcoli/job/generated_runs/launcher/20260831T191459Z/configs/gene_knockout_EG11075_with_aa.json,/user/home/il22158/work/vEcoli/job/generated_runs/launcher/20260831T191459Z/slurm/gene_knockout_EG11075_with_aa.sh
EG11075,acetate,gene_knockout_EG11075_acetate,6,14,job/write_for_new_job.py,/user/home/il22158/work/vEcoli/job/generated_runs/launcher/20260831T191459Z/configs/gene_knockout_EG11075_acetate.json,/user/home/il22158/work/vEcoli/job/generated_runs/launcher/20260831T191459Z/slurm/gene_knockout_EG11075_acetate.sh
EG11075,no_ox,gene_knockout_EG11075_no_ox,6,14,job/write_for_new_job.py,/user/home/il22158/work/vEcoli/job/generated_runs/launcher/20260831T191459Z/configs/gene_knockout_EG11075_no_ox.json,/user/home/il22158/work/vEcoli/job/generated_runs/launcher/20260831T191459Z/slurm/gene_knockout_EG11075_no_ox.sh
EG11075,succinate,gene_knockout_EG11075_succinate,13,20,job/write_for_new_job.py,/user/home/il22158/work/vEcoli/job/generated_runs/launcher/20260831T191459Z/configs/gene_knockout_EG11075_succinate.json,/user/home/il22158/work/vEcoli/job/generated_runs/launcher/20260831T191459Z/slurm/gene_knockout_EG11075_succinate.sh
EG11082,with_aa,gene_knockout_EG11082_with_aa,5,13,job/write_for_new_job.py,/user/home/il22158/work/vEcoli/job/generated_runs/launcher/20260831T191459Z/configs/gene_knockout_EG11082_with_aa.json,/user/home/il22158/work/vEcoli/job/generated_runs/launcher/20260831T191459Z/slurm/gene_knockout_EG11082_with_aa.sh
EG11082,acetate,gene_knockout_EG11082_acetate,6,14,job/write_for_new_job.py,/user/home/il22158/work/vEcoli/job/generated_runs/launcher/20260831T191459Z/configs/gene_knockout_EG11082_acetate.json,/user/home/il22158/work/vEcoli/job/generated_runs/launcher/20260831T191459Z/slurm/gene_knockout_EG11082_acetate.sh
EG11082,no_ox,gene_knockout_EG11082_no_ox,6,14,job/write_for_new_job.py,/user/home/il22158/work/vEcoli/job/generated_runs/launcher/20260831T191459Z/configs/gene_knockout_EG11082_no_ox.json,/user/home/il22158/work/vEcoli/job/generated_runs/launcher/20260831T191459Z/slurm/gene_knockout_EG11082_no_ox.sh
EG11082,succinate,gene_knockout_EG11082_succinate,13,20,job/write_for_new_job.py,/user/home/il22158/work/vEcoli/job/generated_runs/launcher/20260831T191459Z/configs/gene_knockout_EG11082_succinate.json,/user/home/il22158/work/vEcoli/job/generated_runs/launcher/20260831T191459Z/slurm/gene_knockout_EG11082_succinate.sh
EG11102,with_aa,gene_knockout_EG11102_with_aa,5,13,job/write_for_new_job.py,/user/home/il22158/work/vEcoli/job/generated_runs/launcher/20260831T191459Z/configs/gene_knockout_EG11102_with_aa.json,/user/home/il22158/work/vEcoli/job/generated_runs/launcher/20260831T191459Z/slurm/gene_knockout_EG11102_with_aa.sh
EG11102,acetate,gene_knockout_EG11102_acetate,6,14,job/write_for_new_job.py,/user/home/il22158/work/vEcoli/job/generated_runs/launcher/20260831T191459Z/configs/gene_knockout_EG11102_acetate.json,/user/home/il22158/work/vEcoli/job/generated_runs/launcher/20260831T191459Z/slurm/gene_knockout_EG11102_acetate.sh
EG11102,no_ox,gene_knockout_EG11102_no_ox,6,14,job/write_for_new_job.py,/user/home/il22158/work/vEcoli/job/generated_runs/launcher/20260831T191459Z/configs/gene_knockout_EG11102_no_ox.json,/user/home/il22158/work/vEcoli/job/generated_runs/launcher/20260831T191459Z/slurm/gene_knockout_EG11102_no_ox.sh
EG11102,succinate,gene_knockout_EG11102_succinate,13,20,job/write_for_new_job.py,/user/home/il22158/work/vEcoli/job/generated_runs/launcher/20260831T191459Z/configs/gene_knockout_EG11102_succinate.json,/user/home/il22158/work/vEcoli/job/generated_runs/launcher/20260831T191459Z/slurm/gene_knockout_EG11102_succinate.sh
EG11112,with_aa,gene_knockout_EG11112_with_aa,5,13,job/write_for_new_job.py,/user/home/il22158/work/vEcoli/job/generated_runs/launcher/20260831T191459Z/configs/gene_knockout_EG11112_with_aa.json,/user/home/il22158/work/vEcoli/job/generated_runs/launcher/20260831T191459Z/slurm/gene_knockout_EG11112_with_aa.sh
EG11112,acetate,gene_knockout_EG11112_acetate,6,14,job/write_for_new_job.py,/user/home/il22158/work/vEcoli/job/generated_runs/launcher/20260831T191459Z/configs/gene_knockout_EG11112_acetate.json,/user/home/il22158/work/vEcoli/job/generated_runs/launcher/20260831T191459Z/slurm/gene_knockout_EG11112_acetate.sh
EG11112,no_ox,gene_knockout_EG11112_no_ox,6,14,job/write_for_new_job.py,/user/home/il22158/work/vEcoli/job/generated_runs/launcher/20260831T191459Z/configs/gene_knockout_EG11112_no_ox.json,/user/home/il22158/work/vEcoli/job/generated_runs/launcher/20260831T191459Z/slurm/gene_knockout_EG11112_no_ox.sh
EG11112,succinate,gene_knockout_EG11112_succinate,13,20,job/write_for_new_job.py,/user/home/il22158/work/vEcoli/job/generated_runs/launcher/20260831T191459Z/configs/gene_knockout_EG11112_succinate.json,/user/home/il22158/work/vEcoli/job/generated_runs/launcher/20260831T191459Z/slurm/gene_knockout_EG11112_succinate.sh
EG11121,with_aa,gene_knockout_EG11121_with_aa,5,13,job/write_for_new_job.py,/user/home/il22158/work/vEcoli/job/generated_runs/launcher/20260831T191459Z/configs/gene_knockout_EG11121_with_aa.json,/user/home/il22158/work/vEcoli/job/generated_runs/launcher/20260831T191459Z/slurm/gene_knockout_EG11121_with_aa.sh
EG11121,acetate,gene_knockout_EG11121_acetate,6,14,job/write_for_new_job.py,/user/home/il22158/work/vEcoli/job/generated_runs/launcher/20260831T191459Z/configs/gene_knockout_EG11121_acetate.json,/user/home/il22158/work/vEcoli/job/generated_runs/launcher/20260831T191459Z/slurm/gene_knockout_EG11121_acetate.sh
EG11121,no_ox,gene_knockout_EG11121_no_ox,6,14,job/write_for_new_job.py,/user/home/il22158/work/vEcoli/job/generated_runs/launcher/20260831T191459Z/configs/gene_knockout_EG11121_no_ox.json,/user/home/il22158/work/vEcoli/job/generated_runs/launcher/20260831T191459Z/slurm/gene_knockout_EG11121_no_ox.sh
EG11121,succinate,gene_knockout_EG11121_succinate,13,20,job/write_for_new_job.py,/user/home/il22158/work/vEcoli/job/generated_runs/launcher/20260831T191459Z/configs/gene_knockout_EG11121_succinate.json,/user/home/il22158/work/vEcoli/job/generated_runs/launcher/20260831T191459Z/slurm/gene_knockout_EG11121_succinate.sh
EG11169,with_aa,gene_knockout_EG11169_with_aa,5,13,job/write_for_new_job.py,/user/home/il22158/work/vEcoli/job/generated_runs/launcher/20260831T191459Z/configs/gene_knockout_EG11169_with_aa.json,/user/home/il22158/work/vEcoli/job/generated_runs/launcher/20260831T191459Z/slurm/gene_knockout_EG11169_with_aa.sh
EG11169,acetate,gene_knockout_EG11169_acetate,6,14,job/write_for_new_job.py,/user/home/il22158/work/vEcoli/job/generated_runs/launcher/20260831T191459Z/configs/gene_knockout_EG11169_acetate.json,/user/home/il22158/work/vEcoli/job/generated_runs/launcher/20260831T191459Z/slurm/gene_knockout_EG11169_acetate.sh
EG11169,no_ox,gene_knockout_EG11169_no_ox,6,14,job/write_for_new_job.py,/user/home/il22158/work/vEcoli/job/generated_runs/launcher/20260831T191459Z/configs/gene_knockout_EG11169_no_ox.json,/user/home/il22158/work/vEcoli/job/generated_runs/launcher/20260831T191459Z/slurm/gene_knockout_EG11169_no_ox.sh
EG11169,succinate,gene_knockout_EG11169_succinate,13,20,job/write_for_new_job.py,/user/home/il22158/work/vEcoli/job/generated_runs/launcher/20260831T191459Z/configs/gene_knockout_EG11169_succinate.json,/user/home/il22158/work/vEcoli/job/generated_runs/launcher/20260831T191459Z/slurm/gene_knockout_EG11169_succinate.sh
EG11198,with_aa,gene_knockout_EG11198_with_aa,5,13,job/write_for_new_job.py,/user/home/il22158/work/vEcoli/job/generated_runs/launcher/20260831T191459Z/configs/gene_knockout_EG11198_with_aa.json,/user/home/il22158/work/vEcoli/job/generated_runs/launcher/20260831T191459Z/slurm/gene_knockout_EG11198_with_aa.sh
EG11198,acetate,gene_knockout_EG11198_acetate,6,14,job/write_for_new_job.py,/user/home/il22158/work/vEcoli/job/generated_runs/launcher/20260831T191459Z/configs/gene_knockout_EG11198_acetate.json,/user/home/il22158/work/vEcoli/job/generated_runs/launcher/20260831T191459Z/slurm/gene_knockout_EG11198_acetate.sh
EG11198,no_ox,gene_knockout_EG11198_no_ox,6,14,job/write_for_new_job.py,/user/home/il22158/work/vEcoli/job/generated_runs/launcher/20260831T191459Z/configs/gene_knockout_EG11198_no_ox.json,/user/home/il22158/work/vEcoli/job/generated_runs/launcher/20260831T191459Z/slurm/gene_knockout_EG11198_no_ox.sh
EG11198,succinate,gene_knockout_EG11198_succinate,13,20,job/write_for_new_job.py,/user/home/il22158/work/vEcoli/job/generated_runs/launcher/20260831T191459Z/configs/gene_knockout_EG11198_succinate.json,/user/home/il22158/work/vEcoli/job/generated_runs/launcher/20260831T191459Z/slurm/gene_knockout_EG11198_succinate.sh
EG11221,with_aa,gene_knockout_EG11221_with_aa,5,13,job/write_for_new_job.py,/user/home/il22158/work/vEcoli/job/generated_runs/launcher/20260831T191459Z/configs/gene_knockout_EG11221_with_aa.json,/user/home/il22158/work/vEcoli/job/generated_runs/launcher/20260831T191459Z/slurm/gene_knockout_EG11221_with_aa.sh
EG11221,acetate,gene_knockout_EG11221_acetate,6,14,job/write_for_new_job.py,/user/home/il22158/work/vEcoli/job/generated_runs/launcher/20260831T191459Z/configs/gene_knockout_EG11221_acetate.json,/user/home/il22158/work/vEcoli/job/generated_runs/launcher/20260831T191459Z/slurm/gene_knockout_EG11221_acetate.sh
EG11221,no_ox,gene_knockout_EG11221_no_ox,6,14,job/write_for_new_job.py,/user/home/il22158/work/vEcoli/job/generated_runs/launcher/20260831T191459Z/configs/gene_knockout_EG11221_no_ox.json,/user/home/il22158/work/vEcoli/job/generated_runs/launcher/20260831T191459Z/slurm/gene_knockout_EG11221_no_ox.sh
EG11221,succinate,gene_knockout_EG11221_succinate,13,20,job/write_for_new_job.py,/user/home/il22158/work/vEcoli/job/generated_runs/launcher/20260831T191459Z/configs/gene_knockout_EG11221_succinate.json,/user/home/il22158/work/vEcoli/job/generated_runs/launcher/20260831T191459Z/slurm/gene_knockout_EG11221_succinate.sh
EG11223,with_aa,gene_knockout_EG11223_with_aa,5,13,job/write_for_new_job.py,/user/home/il22158/work/vEcoli/job/generated_runs/launcher/20260831T191459Z/configs/gene_knockout_EG11223_with_aa.json,/user/home/il22158/work/vEcoli/job/generated_runs/launcher/20260831T191459Z/slurm/gene_knockout_EG11223_with_aa.sh
EG11223,acetate,gene_knockout_EG11223_acetate,6,14,job/write_for_new_job.py,/user/home/il22158/work/vEcoli/job/generated_runs/launcher/20260831T191459Z/configs/gene_knockout_EG11223_acetate.json,/user/home/il22158/work/vEcoli/job/generated_runs/launcher/20260831T191459Z/slurm/gene_knockout_EG11223_acetate.sh
EG11223,no_ox,gene_knockout_EG11223_no_ox,6,14,job/write_for_new_job.py,/user/home/il22158/work/vEcoli/job/generated_runs/launcher/20260831T191459Z/configs/gene_knockout_EG11223_no_ox.json,/user/home/il22158/work/vEcoli/job/generated_runs/launcher/20260831T191459Z/slurm/gene_knockout_EG11223_no_ox.sh
EG11223,succinate,gene_knockout_EG11223_succinate,13,20,job/write_for_new_job.py,/user/home/il22158/work/vEcoli/job/generated_runs/launcher/20260831T191459Z/configs/gene_knockout_EG11223_succinate.json,/user/home/il22158/work/vEcoli/job/generated_runs/launcher/20260831T191459Z/slurm/gene_knockout_EG11223_succinate.sh
EG11226,with_aa,gene_knockout_EG11226_with_aa,5,13,job/write_for_new_job.py,/user/home/il22158/work/vEcoli/job/generated_runs/launcher/20260831T191459Z/configs/gene_knockout_EG11226_with_aa.json,/user/home/il22158/work/vEcoli/job/generated_runs/launcher/20260831T191459Z/slurm/gene_knockout_EG11226_with_aa.sh
EG11226,acetate,gene_knockout_EG11226_acetate,6,14,job/write_for_new_job.py,/user/home/il22158/work/vEcoli/job/generated_runs/launcher/20260831T191459Z/configs/gene_knockout_EG11226_acetate.json,/user/home/il22158/work/vEcoli/job/generated_runs/launcher/20260831T191459Z/slurm/gene_knockout_EG11226_acetate.sh
EG11226,no_ox,gene_knockout_EG11226_no_ox,6,14,job/write_for_new_job.py,/user/home/il22158/work/vEcoli/job/generated_runs/launcher/20260831T191459Z/configs/gene_knockout_EG11226_no_ox.json,/user/home/il22158/work/vEcoli/job/generated_runs/launcher/20260831T191459Z/slurm/gene_knockout_EG11226_no_ox.sh
EG11226,succinate,gene_knockout_EG11226_succinate,13,20,job/write_for_new_job.py,/user/home/il22158/work/vEcoli/job/generated_runs/launcher/20260831T191459Z/configs/gene_knockout_EG11226_succinate.json,/user/home/il22158/work/vEcoli/job/generated_runs/launcher/20260831T191459Z/slurm/gene_knockout_EG11226_succinate.sh
EG11227,with_aa,gene_knockout_EG11227_with_aa,5,13,job/write_for_new_job.py,/user/home/il22158/work/vEcoli/job/generated_runs/launcher/20260831T191459Z/configs/gene_knockout_EG11227_with_aa.json,/user/home/il22158/work/vEcoli/job/generated_runs/launcher/20260831T191459Z/slurm/gene_knockout_EG11227_with_aa.sh
EG11227,acetate,gene_knockout_EG11227_acetate,6,14,job/write_for_new_job.py,/user/home/il22158/work/vEcoli/job/generated_runs/launcher/20260831T191459Z/configs/gene_knockout_EG11227_acetate.json,/user/home/il22158/work/vEcoli/job/generated_runs/launcher/20260831T191459Z/slurm/gene_knockout_EG11227_acetate.sh
EG11227,no_ox,gene_knockout_EG11227_no_ox,6,14,job/write_for_new_job.py,/user/home/il22158/work/vEcoli/job/generated_runs/launcher/20260831T191459Z/configs/gene_knockout_EG11227_no_ox.json,/user/home/il22158/work/vEcoli/job/generated_runs/launcher/20260831T191459Z/slurm/gene_knockout_EG11227_no_ox.sh
EG11227,succinate,gene_knockout_EG11227_succinate,13,20,job/write_for_new_job.py,/user/home/il22158/work/vEcoli/job/generated_runs/launcher/20260831T191459Z/configs/gene_knockout_EG11227_succinate.json,/user/home/il22158/work/vEcoli/job/generated_runs/launcher/20260831T191459Z/slurm/gene_knockout_EG11227_succinate.sh
EG11231,with_aa,gene_knockout_EG11231_with_aa,5,13,job/write_for_new_job.py,/user/home/il22158/work/vEcoli/job/generated_runs/launcher/20260831T191459Z/configs/gene_knockout_EG11231_with_aa.json,/user/home/il22158/work/vEcoli/job/generated_runs/launcher/20260831T191459Z/slurm/gene_knockout_EG11231_with_aa.sh
EG11231,acetate,gene_knockout_EG11231_acetate,6,14,job/write_for_new_job.py,/user/home/il22158/work/vEcoli/job/generated_runs/launcher/20260831T191459Z/configs/gene_knockout_EG11231_acetate.json,/user/home/il22158/work/vEcoli/job/generated_runs/launcher/20260831T191459Z/slurm/gene_knockout_EG11231_acetate.sh
EG11231,no_ox,gene_knockout_EG11231_no_ox,6,14,job/write_for_new_job.py,/user/home/il22158/work/vEcoli/job/generated_runs/launcher/20260831T191459Z/configs/gene_knockout_EG11231_no_ox.json,/user/home/il22158/work/vEcoli/job/generated_runs/launcher/20260831T191459Z/slurm/gene_knockout_EG11231_no_ox.sh
EG11231,succinate,gene_knockout_EG11231_succinate,13,20,job/write_for_new_job.py,/user/home/il22158/work/vEcoli/job/generated_runs/launcher/20260831T191459Z/configs/gene_knockout_EG11231_succinate.json,/user/home/il22158/work/vEcoli/job/generated_runs/launcher/20260831T191459Z/slurm/gene_knockout_EG11231_succinate.sh
EG11232,with_aa,gene_knockout_EG11232_with_aa,5,13,job/write_for_new_job.py,/user/home/il22158/work/vEcoli/job/generated_runs/launcher/20260831T191459Z/configs/gene_knockout_EG11232_with_aa.json,/user/home/il22158/work/vEcoli/job/generated_runs/launcher/20260831T191459Z/slurm/gene_knockout_EG11232_with_aa.sh
EG11232,acetate,gene_knockout_EG11232_acetate,6,14,job/write_for_new_job.py,/user/home/il22158/work/vEcoli/job/generated_runs/launcher/20260831T191459Z/configs/gene_knockout_EG11232_acetate.json,/user/home/il22158/work/vEcoli/job/generated_runs/launcher/20260831T191459Z/slurm/gene_knockout_EG11232_acetate.sh
EG11232,no_ox,gene_knockout_EG11232_no_ox,6,14,job/write_for_new_job.py,/user/home/il22158/work/vEcoli/job/generated_runs/launcher/20260831T191459Z/configs/gene_knockout_EG11232_no_ox.json,/user/home/il22158/work/vEcoli/job/generated_runs/launcher/20260831T191459Z/slurm/gene_knockout_EG11232_no_ox.sh
EG11232,succinate,gene_knockout_EG11232_succinate,13,20,job/write_for_new_job.py,/user/home/il22158/work/vEcoli/job/generated_runs/launcher/20260831T191459Z/configs/gene_knockout_EG11232_succinate.json,/user/home/il22158/work/vEcoli/job/generated_runs/launcher/20260831T191459Z/slurm/gene_knockout_EG11232_succinate.sh
EG11268,with_aa,gene_knockout_EG11268_with_aa,5,13,job/write_for_new_job.py,/user/home/il22158/work/vEcoli/job/generated_runs/launcher/20260831T191459Z/configs/gene_knockout_EG11268_with_aa.json,/user/home/il22158/work/vEcoli/job/generated_runs/launcher/20260831T191459Z/slurm/gene_knockout_EG11268_with_aa.sh
EG11268,acetate,gene_knockout_EG11268_acetate,6,14,job/write_for_new_job.py,/user/home/il22158/work/vEcoli/job/generated_runs/launcher/20260831T191459Z/configs/gene_knockout_EG11268_acetate.json,/user/home/il22158/work/vEcoli/job/generated_runs/launcher/20260831T191459Z/slurm/gene_knockout_EG11268_acetate.sh
EG11268,no_ox,gene_knockout_EG11268_no_ox,6,14,job/write_for_new_job.py,/user/home/il22158/work/vEcoli/job/generated_runs/launcher/20260831T191459Z/configs/gene_knockout_EG11268_no_ox.json,/user/home/il22158/work/vEcoli/job/generated_runs/launcher/20260831T191459Z/slurm/gene_knockout_EG11268_no_ox.sh
EG11268,succinate,gene_knockout_EG11268_succinate,13,20,job/write_for_new_job.py,/user/home/il22158/work/vEcoli/job/generated_runs/launcher/20260831T191459Z/configs/gene_knockout_EG11268_succinate.json,/user/home/il22158/work/vEcoli/job/generated_runs/launcher/20260831T191459Z/slurm/gene_knockout_EG11268_succinate.sh
EG11286,with_aa,gene_knockout_EG11286_with_aa,5,13,job/write_for_new_job.py,/user/home/il22158/work/vEcoli/job/generated_runs/launcher/20260831T191459Z/configs/gene_knockout_EG11286_with_aa.json,/user/home/il22158/work/vEcoli/job/generated_runs/launcher/20260831T191459Z/slurm/gene_knockout_EG11286_with_aa.sh
EG11286,acetate,gene_knockout_EG11286_acetate,6,14,job/write_for_new_job.py,/user/home/il22158/work/vEcoli/job/generated_runs/launcher/20260831T191459Z/configs/gene_knockout_EG11286_acetate.json,/user/home/il22158/work/vEcoli/job/generated_runs/launcher/20260831T191459Z/slurm/gene_knockout_EG11286_acetate.sh
EG11286,no_ox,gene_knockout_EG11286_no_ox,6,14,job/write_for_new_job.py,/user/home/il22158/work/vEcoli/job/generated_runs/launcher/20260831T191459Z/configs/gene_knockout_EG11286_no_ox.json,/user/home/il22158/work/vEcoli/job/generated_runs/launcher/20260831T191459Z/slurm/gene_knockout_EG11286_no_ox.sh
EG11286,succinate,gene_knockout_EG11286_succinate,13,20,job/write_for_new_job.py,/user/home/il22158/work/vEcoli/job/generated_runs/launcher/20260831T191459Z/configs/gene_knockout_EG11286_succinate.json,/user/home/il22158/work/vEcoli/job/generated_runs/launcher/20260831T191459Z/slurm/gene_knockout_EG11286_succinate.sh
EG11288,with_aa,gene_knockout_EG11288_with_aa,5,13,job/write_for_new_job.py,/user/home/il22158/work/vEcoli/job/generated_runs/launcher/20260831T191459Z/configs/gene_knockout_EG11288_with_aa.json,/user/home/il22158/work/vEcoli/job/generated_runs/launcher/20260831T191459Z/slurm/gene_knockout_EG11288_with_aa.sh
EG11288,acetate,gene_knockout_EG11288_acetate,6,14,job/write_for_new_job.py,/user/home/il22158/work/vEcoli/job/generated_runs/launcher/20260831T191459Z/configs/gene_knockout_EG11288_acetate.json,/user/home/il22158/work/vEcoli/job/generated_runs/launcher/20260831T191459Z/slurm/gene_knockout_EG11288_acetate.sh
EG11288,no_ox,gene_knockout_EG11288_no_ox,6,14,job/write_for_new_job.py,/user/home/il22158/work/vEcoli/job/generated_runs/launcher/20260831T191459Z/configs/gene_knockout_EG11288_no_ox.json,/user/home/il22158/work/vEcoli/job/generated_runs/launcher/20260831T191459Z/slurm/gene_knockout_EG11288_no_ox.sh
EG11288,succinate,gene_knockout_EG11288_succinate,13,20,job/write_for_new_job.py,/user/home/il22158/work/vEcoli/job/generated_runs/launcher/20260831T191459Z/configs/gene_knockout_EG11288_succinate.json,/user/home/il22158/work/vEcoli/job/generated_runs/launcher/20260831T191459Z/slurm/gene_knockout_EG11288_succinate.sh
EG11314,with_aa,gene_knockout_EG11314_with_aa,5,13,job/write_for_new_job.py,/user/home/il22158/work/vEcoli/job/generated_runs/launcher/20260831T191459Z/configs/gene_knockout_EG11314_with_aa.json,/user/home/il22158/work/vEcoli/job/generated_runs/launcher/20260831T191459Z/slurm/gene_knockout_EG11314_with_aa.sh
EG11314,acetate,gene_knockout_EG11314_acetate,6,14,job/write_for_new_job.py,/user/home/il22158/work/vEcoli/job/generated_runs/launcher/20260831T191459Z/configs/gene_knockout_EG11314_acetate.json,/user/home/il22158/work/vEcoli/job/generated_runs/launcher/20260831T191459Z/slurm/gene_knockout_EG11314_acetate.sh
EG11314,no_ox,gene_knockout_EG11314_no_ox,6,14,job/write_for_new_job.py,/user/home/il22158/work/vEcoli/job/generated_runs/launcher/20260831T191459Z/configs/gene_knockout_EG11314_no_ox.json,/user/home/il22158/work/vEcoli/job/generated_runs/launcher/20260831T191459Z/slurm/gene_knockout_EG11314_no_ox.sh
EG11314,succinate,gene_knockout_EG11314_succinate,13,20,job/write_for_new_job.py,/user/home/il22158/work/vEcoli/job/generated_runs/launcher/20260831T191459Z/configs/gene_knockout_EG11314_succinate.json,/user/home/il22158/work/vEcoli/job/generated_runs/launcher/20260831T191459Z/slurm/gene_knockout_EG11314_succinate.sh
EG11318,with_aa,gene_knockout_EG11318_with_aa,5,13,job/write_for_new_job.py,/user/home/il22158/work/vEcoli/job/generated_runs/launcher/20260831T191459Z/configs/gene_knockout_EG11318_with_aa.json,/user/home/il22158/work/vEcoli/job/generated_runs/launcher/20260831T191459Z/slurm/gene_knockout_EG11318_with_aa.sh
EG11318,acetate,gene_knockout_EG11318_acetate,6,14,job/write_for_new_job.py,/user/home/il22158/work/vEcoli/job/generated_runs/launcher/20260831T191459Z/configs/gene_knockout_EG11318_acetate.json,/user/home/il22158/work/vEcoli/job/generated_runs/launcher/20260831T191459Z/slurm/gene_knockout_EG11318_acetate.sh
EG11318,no_ox,gene_knockout_EG11318_no_ox,6,14,job/write_for_new_job.py,/user/home/il22158/work/vEcoli/job/generated_runs/launcher/20260831T191459Z/configs/gene_knockout_EG11318_no_ox.json,/user/home/il22158/work/vEcoli/job/generated_runs/launcher/20260831T191459Z/slurm/gene_knockout_EG11318_no_ox.sh
EG11318,succinate,gene_knockout_EG11318_succinate,13,20,job/write_for_new_job.py,/user/home/il22158/work/vEcoli/job/generated_runs/launcher/20260831T191459Z/configs/gene_knockout_EG11318_succinate.json,/user/home/il22158/work/vEcoli/job/generated_runs/launcher/20260831T191459Z/slurm/gene_knockout_EG11318_succinate.sh
EG11333,with_aa,gene_knockout_EG11333_with_aa,5,13,job/write_for_new_job.py,/user/home/il22158/work/vEcoli/job/generated_runs/launcher/20260831T191459Z/configs/gene_knockout_EG11333_with_aa.json,/user/home/il22158/work/vEcoli/job/generated_runs/launcher/20260831T191459Z/slurm/gene_knockout_EG11333_with_aa.sh
EG11333,acetate,gene_knockout_EG11333_acetate,6,14,job/write_for_new_job.py,/user/home/il22158/work/vEcoli/job/generated_runs/launcher/20260831T191459Z/configs/gene_knockout_EG11333_acetate.json,/user/home/il22158/work/vEcoli/job/generated_runs/launcher/20260831T191459Z/slurm/gene_knockout_EG11333_acetate.sh
EG11333,no_ox,gene_knockout_EG11333_no_ox,6,14,job/write_for_new_job.py,/user/home/il22158/work/vEcoli/job/generated_runs/launcher/20260831T191459Z/configs/gene_knockout_EG11333_no_ox.json,/user/home/il22158/work/vEcoli/job/generated_runs/launcher/20260831T191459Z/slurm/gene_knockout_EG11333_no_ox.sh
EG11333,succinate,gene_knockout_EG11333_succinate,13,20,job/write_for_new_job.py,/user/home/il22158/work/vEcoli/job/generated_runs/launcher/20260831T191459Z/configs/gene_knockout_EG11333_succinate.json,/user/home/il22158/work/vEcoli/job/generated_runs/launcher/20260831T191459Z/slurm/gene_knockout_EG11333_succinate.sh
EG11335,with_aa,gene_knockout_EG11335_with_aa,5,13,job/write_for_new_job.py,/user/home/il22158/work/vEcoli/job/generated_runs/launcher/20260831T191459Z/configs/gene_knockout_EG11335_with_aa.json,/user/home/il22158/work/vEcoli/job/generated_runs/launcher/20260831T191459Z/slurm/gene_knockout_EG11335_with_aa.sh
EG11335,acetate,gene_knockout_EG11335_acetate,6,14,job/write_for_new_job.py,/user/home/il22158/work/vEcoli/job/generated_runs/launcher/20260831T191459Z/configs/gene_knockout_EG11335_acetate.json,/user/home/il22158/work/vEcoli/job/generated_runs/launcher/20260831T191459Z/slurm/gene_knockout_EG11335_acetate.sh
EG11335,no_ox,gene_knockout_EG11335_no_ox,6,14,job/write_for_new_job.py,/user/home/il22158/work/vEcoli/job/generated_runs/launcher/20260831T191459Z/configs/gene_knockout_EG11335_no_ox.json,/user/home/il22158/work/vEcoli/job/generated_runs/launcher/20260831T191459Z/slurm/gene_knockout_EG11335_no_ox.sh
EG11335,succinate,gene_knockout_EG11335_succinate,13,20,job/write_for_new_job.py,/user/home/il22158/work/vEcoli/job/generated_runs/launcher/20260831T191459Z/configs/gene_knockout_EG11335_succinate.json,/user/home/il22158/work/vEcoli/job/generated_runs/launcher/20260831T191459Z/slurm/gene_knockout_EG11335_succinate.sh
EG11351,with_aa,gene_knockout_EG11351_with_aa,5,13,job/write_for_new_job.py,/user/home/il22158/work/vEcoli/job/generated_runs/launcher/20260831T191459Z/configs/gene_knockout_EG11351_with_aa.json,/user/home/il22158/work/vEcoli/job/generated_runs/launcher/20260831T191459Z/slurm/gene_knockout_EG11351_with_aa.sh
EG11351,acetate,gene_knockout_EG11351_acetate,6,14,job/write_for_new_job.py,/user/home/il22158/work/vEcoli/job/generated_runs/launcher/20260831T191459Z/configs/gene_knockout_EG11351_acetate.json,/user/home/il22158/work/vEcoli/job/generated_runs/launcher/20260831T191459Z/slurm/gene_knockout_EG11351_acetate.sh
EG11351,no_ox,gene_knockout_EG11351_no_ox,6,14,job/write_for_new_job.py,/user/home/il22158/work/vEcoli/job/generated_runs/launcher/20260831T191459Z/configs/gene_knockout_EG11351_no_ox.json,/user/home/il22158/work/vEcoli/job/generated_runs/launcher/20260831T191459Z/slurm/gene_knockout_EG11351_no_ox.sh
EG11351,succinate,gene_knockout_EG11351_succinate,13,20,job/write_for_new_job.py,/user/home/il22158/work/vEcoli/job/generated_runs/launcher/20260831T191459Z/configs/gene_knockout_EG11351_succinate.json,/user/home/il22158/work/vEcoli/job/generated_runs/launcher/20260831T191459Z/slurm/gene_knockout_EG11351_succinate.sh
EG11375,with_aa,gene_knockout_EG11375_with_aa,5,13,job/write_for_new_job.py,/user/home/il22158/work/vEcoli/job/generated_runs/launcher/20260831T191459Z/configs/gene_knockout_EG11375_with_aa.json,/user/home/il22158/work/vEcoli/job/generated_runs/launcher/20260831T191459Z/slurm/gene_knockout_EG11375_with_aa.sh
EG11375,acetate,gene_knockout_EG11375_acetate,6,14,job/write_for_new_job.py,/user/home/il22158/work/vEcoli/job/generated_runs/launcher/20260831T191459Z/configs/gene_knockout_EG11375_acetate.json,/user/home/il22158/work/vEcoli/job/generated_runs/launcher/20260831T191459Z/slurm/gene_knockout_EG11375_acetate.sh
EG11375,no_ox,gene_knockout_EG11375_no_ox,6,14,job/write_for_new_job.py,/user/home/il22158/work/vEcoli/job/generated_runs/launcher/20260831T191459Z/configs/gene_knockout_EG11375_no_ox.json,/user/home/il22158/work/vEcoli/job/generated_runs/launcher/20260831T191459Z/slurm/gene_knockout_EG11375_no_ox.sh
EG11375,succinate,gene_knockout_EG11375_succinate,13,20,job/write_for_new_job.py,/user/home/il22158/work/vEcoli/job/generated_runs/launcher/20260831T191459Z/configs/gene_knockout_EG11375_succinate.json,/user/home/il22158/work/vEcoli/job/generated_runs/launcher/20260831T191459Z/slurm/gene_knockout_EG11375_succinate.sh
EG11379,with_aa,gene_knockout_EG11379_with_aa,5,13,job/write_for_new_job.py,/user/home/il22158/work/vEcoli/job/generated_runs/launcher/20260831T191459Z/configs/gene_knockout_EG11379_with_aa.json,/user/home/il22158/work/vEcoli/job/generated_runs/launcher/20260831T191459Z/slurm/gene_knockout_EG11379_with_aa.sh
EG11379,acetate,gene_knockout_EG11379_acetate,6,14,job/write_for_new_job.py,/user/home/il22158/work/vEcoli/job/generated_runs/launcher/20260831T191459Z/configs/gene_knockout_EG11379_acetate.json,/user/home/il22158/work/vEcoli/job/generated_runs/launcher/20260831T191459Z/slurm/gene_knockout_EG11379_acetate.sh
EG11379,no_ox,gene_knockout_EG11379_no_ox,6,14,job/write_for_new_job.py,/user/home/il22158/work/vEcoli/job/generated_runs/launcher/20260831T191459Z/configs/gene_knockout_EG11379_no_ox.json,/user/home/il22158/work/vEcoli/job/generated_runs/launcher/20260831T191459Z/slurm/gene_knockout_EG11379_no_ox.sh
EG11379,succinate,gene_knockout_EG11379_succinate,13,20,job/write_for_new_job.py,/user/home/il22158/work/vEcoli/job/generated_runs/launcher/20260831T191459Z/configs/gene_knockout_EG11379_succinate.json,/user/home/il22158/work/vEcoli/job/generated_runs/launcher/20260831T191459Z/slurm/gene_knockout_EG11379_succinate.sh
EG11428,with_aa,gene_knockout_EG11428_with_aa,5,13,job/write_for_new_job.py,/user/home/il22158/work/vEcoli/job/generated_runs/launcher/20260831T191459Z/configs/gene_knockout_EG11428_with_aa.json,/user/home/il22158/work/vEcoli/job/generated_runs/launcher/20260831T191459Z/slurm/gene_knockout_EG11428_with_aa.sh
EG11428,acetate,gene_knockout_EG11428_acetate,6,14,job/write_for_new_job.py,/user/home/il22158/work/vEcoli/job/generated_runs/launcher/20260831T191459Z/configs/gene_knockout_EG11428_acetate.json,/user/home/il22158/work/vEcoli/job/generated_runs/launcher/20260831T191459Z/slurm/gene_knockout_EG11428_acetate.sh
EG11428,no_ox,gene_knockout_EG11428_no_ox,6,14,job/write_for_new_job.py,/user/home/il22158/work/vEcoli/job/generated_runs/launcher/20260831T191459Z/configs/gene_knockout_EG11428_no_ox.json,/user/home/il22158/work/vEcoli/job/generated_runs/launcher/20260831T191459Z/slurm/gene_knockout_EG11428_no_ox.sh
EG11428,succinate,gene_knockout_EG11428_succinate,13,20,job/write_for_new_job.py,/user/home/il22158/work/vEcoli/job/generated_runs/launcher/20260831T191459Z/configs/gene_knockout_EG11428_succinate.json,/user/home/il22158/work/vEcoli/job/generated_runs/launcher/20260831T191459Z/slurm/gene_knockout_EG11428_succinate.sh
EG11443,with_aa,gene_knockout_EG11443_with_aa,5,13,job/write_for_new_job.py,/user/home/il22158/work/vEcoli/job/generated_runs/launcher/20260831T191459Z/configs/gene_knockout_EG11443_with_aa.json,/user/home/il22158/work/vEcoli/job/generated_runs/launcher/20260831T191459Z/slurm/gene_knockout_EG11443_with_aa.sh
EG11443,acetate,gene_knockout_EG11443_acetate,6,14,job/write_for_new_job.py,/user/home/il22158/work/vEcoli/job/generated_runs/launcher/20260831T191459Z/configs/gene_knockout_EG11443_acetate.json,/user/home/il22158/work/vEcoli/job/generated_runs/launcher/20260831T191459Z/slurm/gene_knockout_EG11443_acetate.sh
EG11443,no_ox,gene_knockout_EG11443_no_ox,6,14,job/write_for_new_job.py,/user/home/il22158/work/vEcoli/job/generated_runs/launcher/20260831T191459Z/configs/gene_knockout_EG11443_no_ox.json,/user/home/il22158/work/vEcoli/job/generated_runs/launcher/20260831T191459Z/slurm/gene_knockout_EG11443_no_ox.sh
EG11443,succinate,gene_knockout_EG11443_succinate,13,20,job/write_for_new_job.py,/user/home/il22158/work/vEcoli/job/generated_runs/launcher/20260831T191459Z/configs/gene_knockout_EG11443_succinate.json,/user/home/il22158/work/vEcoli/job/generated_runs/launcher/20260831T191459Z/slurm/gene_knockout_EG11443_succinate.sh
EG11463,with_aa,gene_knockout_EG11463_with_aa,5,13,job/write_for_new_job.py,/user/home/il22158/work/vEcoli/job/generated_runs/launcher/20260831T191459Z/configs/gene_knockout_EG11463_with_aa.json,/user/home/il22158/work/vEcoli/job/generated_runs/launcher/20260831T191459Z/slurm/gene_knockout_EG11463_with_aa.sh
EG11463,acetate,gene_knockout_EG11463_acetate,6,14,job/write_for_new_job.py,/user/home/il22158/work/vEcoli/job/generated_runs/launcher/20260831T191459Z/configs/gene_knockout_EG11463_acetate.json,/user/home/il22158/work/vEcoli/job/generated_runs/launcher/20260831T191459Z/slurm/gene_knockout_EG11463_acetate.sh
EG11463,no_ox,gene_knockout_EG11463_no_ox,6,14,job/write_for_new_job.py,/user/home/il22158/work/vEcoli/job/generated_runs/launcher/20260831T191459Z/configs/gene_knockout_EG11463_no_ox.json,/user/home/il22158/work/vEcoli/job/generated_runs/launcher/20260831T191459Z/slurm/gene_knockout_EG11463_no_ox.sh
EG11463,succinate,gene_knockout_EG11463_succinate,13,20,job/write_for_new_job.py,/user/home/il22158/work/vEcoli/job/generated_runs/launcher/20260831T191459Z/configs/gene_knockout_EG11463_succinate.json,/user/home/il22158/work/vEcoli/job/generated_runs/launcher/20260831T191459Z/slurm/gene_knockout_EG11463_succinate.sh
EG11470,with_aa,gene_knockout_EG11470_with_aa,5,13,job/write_for_new_job.py,/user/home/il22158/work/vEcoli/job/generated_runs/launcher/20260831T191459Z/configs/gene_knockout_EG11470_with_aa.json,/user/home/il22158/work/vEcoli/job/generated_runs/launcher/20260831T191459Z/slurm/gene_knockout_EG11470_with_aa.sh
EG11470,acetate,gene_knockout_EG11470_acetate,6,14,job/write_for_new_job.py,/user/home/il22158/work/vEcoli/job/generated_runs/launcher/20260831T191459Z/configs/gene_knockout_EG11470_acetate.json,/user/home/il22158/work/vEcoli/job/generated_runs/launcher/20260831T191459Z/slurm/gene_knockout_EG11470_acetate.sh
EG11470,no_ox,gene_knockout_EG11470_no_ox,6,14,job/write_for_new_job.py,/user/home/il22158/work/vEcoli/job/generated_runs/launcher/20260831T191459Z/configs/gene_knockout_EG11470_no_ox.json,/user/home/il22158/work/vEcoli/job/generated_runs/launcher/20260831T191459Z/slurm/gene_knockout_EG11470_no_ox.sh
EG11470,succinate,gene_knockout_EG11470_succinate,13,20,job/write_for_new_job.py,/user/home/il22158/work/vEcoli/job/generated_runs/launcher/20260831T191459Z/configs/gene_knockout_EG11470_succinate.json,/user/home/il22158/work/vEcoli/job/generated_runs/launcher/20260831T191459Z/slurm/gene_knockout_EG11470_succinate.sh
EG11490,with_aa,gene_knockout_EG11490_with_aa,5,13,job/write_for_new_job.py,/user/home/il22158/work/vEcoli/job/generated_runs/launcher/20260831T191459Z/configs/gene_knockout_EG11490_with_aa.json,/user/home/il22158/work/vEcoli/job/generated_runs/launcher/20260831T191459Z/slurm/gene_knockout_EG11490_with_aa.sh
EG11490,acetate,gene_knockout_EG11490_acetate,6,14,job/write_for_new_job.py,/user/home/il22158/work/vEcoli/job/generated_runs/launcher/20260831T191459Z/configs/gene_knockout_EG11490_acetate.json,/user/home/il22158/work/vEcoli/job/generated_runs/launcher/20260831T191459Z/slurm/gene_knockout_EG11490_acetate.sh
EG11490,no_ox,gene_knockout_EG11490_no_ox,6,14,job/write_for_new_job.py,/user/home/il22158/work/vEcoli/job/generated_runs/launcher/20260831T191459Z/configs/gene_knockout_EG11490_no_ox.json,/user/home/il22158/work/vEcoli/job/generated_runs/launcher/20260831T191459Z/slurm/gene_knockout_EG11490_no_ox.sh
EG11490,succinate,gene_knockout_EG11490_succinate,13,20,job/write_for_new_job.py,/user/home/il22158/work/vEcoli/job/generated_runs/launcher/20260831T191459Z/configs/gene_knockout_EG11490_succinate.json,/user/home/il22158/work/vEcoli/job/generated_runs/launcher/20260831T191459Z/slurm/gene_knockout_EG11490_succinate.sh
EG11508,with_aa,gene_knockout_EG11508_with_aa,5,13,job/write_for_new_job.py,/user/home/il22158/work/vEcoli/job/generated_runs/launcher/20260831T191459Z/configs/gene_knockout_EG11508_with_aa.json,/user/home/il22158/work/vEcoli/job/generated_runs/launcher/20260831T191459Z/slurm/gene_knockout_EG11508_with_aa.sh
EG11508,acetate,gene_knockout_EG11508_acetate,6,14,job/write_for_new_job.py,/user/home/il22158/work/vEcoli/job/generated_runs/launcher/20260831T191459Z/configs/gene_knockout_EG11508_acetate.json,/user/home/il22158/work/vEcoli/job/generated_runs/launcher/20260831T191459Z/slurm/gene_knockout_EG11508_acetate.sh
EG11508,no_ox,gene_knockout_EG11508_no_ox,6,14,job/write_for_new_job.py,/user/home/il22158/work/vEcoli/job/generated_runs/launcher/20260831T191459Z/configs/gene_knockout_EG11508_no_ox.json,/user/home/il22158/work/vEcoli/job/generated_runs/launcher/20260831T191459Z/slurm/gene_knockout_EG11508_no_ox.sh
EG11508,succinate,gene_knockout_EG11508_succinate,13,20,job/write_for_new_job.py,/user/home/il22158/work/vEcoli/job/generated_runs/launcher/20260831T191459Z/configs/gene_knockout_EG11508_succinate.json,/user/home/il22158/work/vEcoli/job/generated_runs/launcher/20260831T191459Z/slurm/gene_knockout_EG11508_succinate.sh
EG11539,with_aa,gene_knockout_EG11539_with_aa,5,13,job/write_for_new_job.py,/user/home/il22158/work/vEcoli/job/generated_runs/launcher/20260831T191459Z/configs/gene_knockout_EG11539_with_aa.json,/user/home/il22158/work/vEcoli/job/generated_runs/launcher/20260831T191459Z/slurm/gene_knockout_EG11539_with_aa.sh
EG11539,acetate,gene_knockout_EG11539_acetate,6,14,job/write_for_new_job.py,/user/home/il22158/work/vEcoli/job/generated_runs/launcher/20260831T191459Z/configs/gene_knockout_EG11539_acetate.json,/user/home/il22158/work/vEcoli/job/generated_runs/launcher/20260831T191459Z/slurm/gene_knockout_EG11539_acetate.sh
EG11539,no_ox,gene_knockout_EG11539_no_ox,6,14,job/write_for_new_job.py,/user/home/il22158/work/vEcoli/job/generated_runs/launcher/20260831T191459Z/configs/gene_knockout_EG11539_no_ox.json,/user/home/il22158/work/vEcoli/job/generated_runs/launcher/20260831T191459Z/slurm/gene_knockout_EG11539_no_ox.sh
EG11539,succinate,gene_knockout_EG11539_succinate,13,20,job/write_for_new_job.py,/user/home/il22158/work/vEcoli/job/generated_runs/launcher/20260831T191459Z/configs/gene_knockout_EG11539_succinate.json,/user/home/il22158/work/vEcoli/job/generated_runs/launcher/20260831T191459Z/slurm/gene_knockout_EG11539_succinate.sh
EG11546,with_aa,gene_knockout_EG11546_with_aa,5,13,job/write_for_new_job.py,/user/home/il22158/work/vEcoli/job/generated_runs/launcher/20260831T191459Z/configs/gene_knockout_EG11546_with_aa.json,/user/home/il22158/work/vEcoli/job/generated_runs/launcher/20260831T191459Z/slurm/gene_knockout_EG11546_with_aa.sh
EG11546,acetate,gene_knockout_EG11546_acetate,6,14,job/write_for_new_job.py,/user/home/il22158/work/vEcoli/job/generated_runs/launcher/20260831T191459Z/configs/gene_knockout_EG11546_acetate.json,/user/home/il22158/work/vEcoli/job/generated_runs/launcher/20260831T191459Z/slurm/gene_knockout_EG11546_acetate.sh
EG11546,no_ox,gene_knockout_EG11546_no_ox,6,14,job/write_for_new_job.py,/user/home/il22158/work/vEcoli/job/generated_runs/launcher/20260831T191459Z/configs/gene_knockout_EG11546_no_ox.json,/user/home/il22158/work/vEcoli/job/generated_runs/launcher/20260831T191459Z/slurm/gene_knockout_EG11546_no_ox.sh
EG11546,succinate,gene_knockout_EG11546_succinate,13,20,job/write_for_new_job.py,/user/home/il22158/work/vEcoli/job/generated_runs/launcher/20260831T191459Z/configs/gene_knockout_EG11546_succinate.json,/user/home/il22158/work/vEcoli/job/generated_runs/launcher/20260831T191459Z/slurm/gene_knockout_EG11546_succinate.sh
EG11556,with_aa,gene_knockout_EG11556_with_aa,5,13,job/write_for_new_job.py,/user/home/il22158/work/vEcoli/job/generated_runs/launcher/20260831T191459Z/configs/gene_knockout_EG11556_with_aa.json,/user/home/il22158/work/vEcoli/job/generated_runs/launcher/20260831T191459Z/slurm/gene_knockout_EG11556_with_aa.sh
EG11556,acetate,gene_knockout_EG11556_acetate,6,14,job/write_for_new_job.py,/user/home/il22158/work/vEcoli/job/generated_runs/launcher/20260831T191459Z/configs/gene_knockout_EG11556_acetate.json,/user/home/il22158/work/vEcoli/job/generated_runs/launcher/20260831T191459Z/slurm/gene_knockout_EG11556_acetate.sh
EG11556,no_ox,gene_knockout_EG11556_no_ox,6,14,job/write_for_new_job.py,/user/home/il22158/work/vEcoli/job/generated_runs/launcher/20260831T191459Z/configs/gene_knockout_EG11556_no_ox.json,/user/home/il22158/work/vEcoli/job/generated_runs/launcher/20260831T191459Z/slurm/gene_knockout_EG11556_no_ox.sh
EG11556,succinate,gene_knockout_EG11556_succinate,13,20,job/write_for_new_job.py,/user/home/il22158/work/vEcoli/job/generated_runs/launcher/20260831T191459Z/configs/gene_knockout_EG11556_succinate.json,/user/home/il22158/work/vEcoli/job/generated_runs/launcher/20260831T191459Z/slurm/gene_knockout_EG11556_succinate.sh
EG11575,with_aa,gene_knockout_EG11575_with_aa,5,13,job/write_for_new_job.py,/user/home/il22158/work/vEcoli/job/generated_runs/launcher/20260831T191459Z/configs/gene_knockout_EG11575_with_aa.json,/user/home/il22158/work/vEcoli/job/generated_runs/launcher/20260831T191459Z/slurm/gene_knockout_EG11575_with_aa.sh
EG11575,acetate,gene_knockout_EG11575_acetate,6,14,job/write_for_new_job.py,/user/home/il22158/work/vEcoli/job/generated_runs/launcher/20260831T191459Z/configs/gene_knockout_EG11575_acetate.json,/user/home/il22158/work/vEcoli/job/generated_runs/launcher/20260831T191459Z/slurm/gene_knockout_EG11575_acetate.sh
EG11575,no_ox,gene_knockout_EG11575_no_ox,6,14,job/write_for_new_job.py,/user/home/il22158/work/vEcoli/job/generated_runs/launcher/20260831T191459Z/configs/gene_knockout_EG11575_no_ox.json,/user/home/il22158/work/vEcoli/job/generated_runs/launcher/20260831T191459Z/slurm/gene_knockout_EG11575_no_ox.sh
EG11575,succinate,gene_knockout_EG11575_succinate,13,20,job/write_for_new_job.py,/user/home/il22158/work/vEcoli/job/generated_runs/launcher/20260831T191459Z/configs/gene_knockout_EG11575_succinate.json,/user/home/il22158/work/vEcoli/job/generated_runs/launcher/20260831T191459Z/slurm/gene_knockout_EG11575_succinate.sh
EG11576,with_aa,gene_knockout_EG11576_with_aa,5,13,job/write_for_new_job.py,/user/home/il22158/work/vEcoli/job/generated_runs/launcher/20260831T191459Z/configs/gene_knockout_EG11576_with_aa.json,/user/home/il22158/work/vEcoli/job/generated_runs/launcher/20260831T191459Z/slurm/gene_knockout_EG11576_with_aa.sh
EG11576,acetate,gene_knockout_EG11576_acetate,6,14,job/write_for_new_job.py,/user/home/il22158/work/vEcoli/job/generated_runs/launcher/20260831T191459Z/configs/gene_knockout_EG11576_acetate.json,/user/home/il22158/work/vEcoli/job/generated_runs/launcher/20260831T191459Z/slurm/gene_knockout_EG11576_acetate.sh
EG11576,no_ox,gene_knockout_EG11576_no_ox,6,14,job/write_for_new_job.py,/user/home/il22158/work/vEcoli/job/generated_runs/launcher/20260831T191459Z/configs/gene_knockout_EG11576_no_ox.json,/user/home/il22158/work/vEcoli/job/generated_runs/launcher/20260831T191459Z/slurm/gene_knockout_EG11576_no_ox.sh
EG11576,succinate,gene_knockout_EG11576_succinate,13,20,job/write_for_new_job.py,/user/home/il22158/work/vEcoli/job/generated_runs/launcher/20260831T191459Z/configs/gene_knockout_EG11576_succinate.json,/user/home/il22158/work/vEcoli/job/generated_runs/launcher/20260831T191459Z/slurm/gene_knockout_EG11576_succinate.sh
EG11577,with_aa,gene_knockout_EG11577_with_aa,5,13,job/write_for_new_job.py,/user/home/il22158/work/vEcoli/job/generated_runs/launcher/20260831T191459Z/configs/gene_knockout_EG11577_with_aa.json,/user/home/il22158/work/vEcoli/job/generated_runs/launcher/20260831T191459Z/slurm/gene_knockout_EG11577_with_aa.sh
EG11577,acetate,gene_knockout_EG11577_acetate,6,14,job/write_for_new_job.py,/user/home/il22158/work/vEcoli/job/generated_runs/launcher/20260831T191459Z/configs/gene_knockout_EG11577_acetate.json,/user/home/il22158/work/vEcoli/job/generated_runs/launcher/20260831T191459Z/slurm/gene_knockout_EG11577_acetate.sh
EG11577,no_ox,gene_knockout_EG11577_no_ox,6,14,job/write_for_new_job.py,/user/home/il22158/work/vEcoli/job/generated_runs/launcher/20260831T191459Z/configs/gene_knockout_EG11577_no_ox.json,/user/home/il22158/work/vEcoli/job/generated_runs/launcher/20260831T191459Z/slurm/gene_knockout_EG11577_no_ox.sh
EG11577,succinate,gene_knockout_EG11577_succinate,13,20,job/write_for_new_job.py,/user/home/il22158/work/vEcoli/job/generated_runs/launcher/20260831T191459Z/configs/gene_knockout_EG11577_succinate.json,/user/home/il22158/work/vEcoli/job/generated_runs/launcher/20260831T191459Z/slurm/gene_knockout_EG11577_succinate.sh
EG11620,with_aa,gene_knockout_EG11620_with_aa,5,13,job/write_for_new_job.py,/user/home/il22158/work/vEcoli/job/generated_runs/launcher/20260831T191459Z/configs/gene_knockout_EG11620_with_aa.json,/user/home/il22158/work/vEcoli/job/generated_runs/launcher/20260831T191459Z/slurm/gene_knockout_EG11620_with_aa.sh
EG11620,acetate,gene_knockout_EG11620_acetate,6,14,job/write_for_new_job.py,/user/home/il22158/work/vEcoli/job/generated_runs/launcher/20260831T191459Z/configs/gene_knockout_EG11620_acetate.json,/user/home/il22158/work/vEcoli/job/generated_runs/launcher/20260831T191459Z/slurm/gene_knockout_EG11620_acetate.sh
EG11620,no_ox,gene_knockout_EG11620_no_ox,6,14,job/write_for_new_job.py,/user/home/il22158/work/vEcoli/job/generated_runs/launcher/20260831T191459Z/configs/gene_knockout_EG11620_no_ox.json,/user/home/il22158/work/vEcoli/job/generated_runs/launcher/20260831T191459Z/slurm/gene_knockout_EG11620_no_ox.sh
EG11620,succinate,gene_knockout_EG11620_succinate,13,20,job/write_for_new_job.py,/user/home/il22158/work/vEcoli/job/generated_runs/launcher/20260831T191459Z/configs/gene_knockout_EG11620_succinate.json,/user/home/il22158/work/vEcoli/job/generated_runs/launcher/20260831T191459Z/slurm/gene_knockout_EG11620_succinate.sh
EG11621,with_aa,gene_knockout_EG11621_with_aa,5,13,job/write_for_new_job.py,/user/home/il22158/work/vEcoli/job/generated_runs/launcher/20260831T191459Z/configs/gene_knockout_EG11621_with_aa.json,/user/home/il22158/work/vEcoli/job/generated_runs/launcher/20260831T191459Z/slurm/gene_knockout_EG11621_with_aa.sh
EG11621,acetate,gene_knockout_EG11621_acetate,6,14,job/write_for_new_job.py,/user/home/il22158/work/vEcoli/job/generated_runs/launcher/20260831T191459Z/configs/gene_knockout_EG11621_acetate.json,/user/home/il22158/work/vEcoli/job/generated_runs/launcher/20260831T191459Z/slurm/gene_knockout_EG11621_acetate.sh
EG11621,no_ox,gene_knockout_EG11621_no_ox,6,14,job/write_for_new_job.py,/user/home/il22158/work/vEcoli/job/generated_runs/launcher/20260831T191459Z/configs/gene_knockout_EG11621_no_ox.json,/user/home/il22158/work/vEcoli/job/generated_runs/launcher/20260831T191459Z/slurm/gene_knockout_EG11621_no_ox.sh
EG11621,succinate,gene_knockout_EG11621_succinate,13,20,job/write_for_new_job.py,/user/home/il22158/work/vEcoli/job/generated_runs/launcher/20260831T191459Z/configs/gene_knockout_EG11621_succinate.json,/user/home/il22158/work/vEcoli/job/generated_runs/launcher/20260831T191459Z/slurm/gene_knockout_EG11621_succinate.sh
EG11630,with_aa,gene_knockout_EG11630_with_aa,5,13,job/write_for_new_job.py,/user/home/il22158/work/vEcoli/job/generated_runs/launcher/20260831T191459Z/configs/gene_knockout_EG11630_with_aa.json,/user/home/il22158/work/vEcoli/job/generated_runs/launcher/20260831T191459Z/slurm/gene_knockout_EG11630_with_aa.sh
EG11630,acetate,gene_knockout_EG11630_acetate,6,14,job/write_for_new_job.py,/user/home/il22158/work/vEcoli/job/generated_runs/launcher/20260831T191459Z/configs/gene_knockout_EG11630_acetate.json,/user/home/il22158/work/vEcoli/job/generated_runs/launcher/20260831T191459Z/slurm/gene_knockout_EG11630_acetate.sh
EG11630,no_ox,gene_knockout_EG11630_no_ox,6,14,job/write_for_new_job.py,/user/home/il22158/work/vEcoli/job/generated_runs/launcher/20260831T191459Z/configs/gene_knockout_EG11630_no_ox.json,/user/home/il22158/work/vEcoli/job/generated_runs/launcher/20260831T191459Z/slurm/gene_knockout_EG11630_no_ox.sh
EG11630,succinate,gene_knockout_EG11630_succinate,13,20,job/write_for_new_job.py,/user/home/il22158/work/vEcoli/job/generated_runs/launcher/20260831T191459Z/configs/gene_knockout_EG11630_succinate.json,/user/home/il22158/work/vEcoli/job/generated_runs/launcher/20260831T191459Z/slurm/gene_knockout_EG11630_succinate.sh
EG11631,with_aa,gene_knockout_EG11631_with_aa,5,13,job/write_for_new_job.py,/user/home/il22158/work/vEcoli/job/generated_runs/launcher/20260831T191459Z/configs/gene_knockout_EG11631_with_aa.json,/user/home/il22158/work/vEcoli/job/generated_runs/launcher/20260831T191459Z/slurm/gene_knockout_EG11631_with_aa.sh
EG11631,acetate,gene_knockout_EG11631_acetate,6,14,job/write_for_new_job.py,/user/home/il22158/work/vEcoli/job/generated_runs/launcher/20260831T191459Z/configs/gene_knockout_EG11631_acetate.json,/user/home/il22158/work/vEcoli/job/generated_runs/launcher/20260831T191459Z/slurm/gene_knockout_EG11631_acetate.sh
EG11631,no_ox,gene_knockout_EG11631_no_ox,6,14,job/write_for_new_job.py,/user/home/il22158/work/vEcoli/job/generated_runs/launcher/20260831T191459Z/configs/gene_knockout_EG11631_no_ox.json,/user/home/il22158/work/vEcoli/job/generated_runs/launcher/20260831T191459Z/slurm/gene_knockout_EG11631_no_ox.sh
EG11631,succinate,gene_knockout_EG11631_succinate,13,20,job/write_for_new_job.py,/user/home/il22158/work/vEcoli/job/generated_runs/launcher/20260831T191459Z/configs/gene_knockout_EG11631_succinate.json,/user/home/il22158/work/vEcoli/job/generated_runs/launcher/20260831T191459Z/slurm/gene_knockout_EG11631_succinate.sh
EG11632,with_aa,gene_knockout_EG11632_with_aa,5,13,job/write_for_new_job.py,/user/home/il22158/work/vEcoli/job/generated_runs/launcher/20260831T191459Z/configs/gene_knockout_EG11632_with_aa.json,/user/home/il22158/work/vEcoli/job/generated_runs/launcher/20260831T191459Z/slurm/gene_knockout_EG11632_with_aa.sh
EG11632,acetate,gene_knockout_EG11632_acetate,6,14,job/write_for_new_job.py,/user/home/il22158/work/vEcoli/job/generated_runs/launcher/20260831T191459Z/configs/gene_knockout_EG11632_acetate.json,/user/home/il22158/work/vEcoli/job/generated_runs/launcher/20260831T191459Z/slurm/gene_knockout_EG11632_acetate.sh
EG11632,no_ox,gene_knockout_EG11632_no_ox,6,14,job/write_for_new_job.py,/user/home/il22158/work/vEcoli/job/generated_runs/launcher/20260831T191459Z/configs/gene_knockout_EG11632_no_ox.json,/user/home/il22158/work/vEcoli/job/generated_runs/launcher/20260831T191459Z/slurm/gene_knockout_EG11632_no_ox.sh
EG11632,succinate,gene_knockout_EG11632_succinate,13,20,job/write_for_new_job.py,/user/home/il22158/work/vEcoli/job/generated_runs/launcher/20260831T191459Z/configs/gene_knockout_EG11632_succinate.json,/user/home/il22158/work/vEcoli/job/generated_runs/launcher/20260831T191459Z/slurm/gene_knockout_EG11632_succinate.sh
EG11647,with_aa,gene_knockout_EG11647_with_aa,5,13,job/write_for_new_job.py,/user/home/il22158/work/vEcoli/job/generated_runs/launcher/20260831T191459Z/configs/gene_knockout_EG11647_with_aa.json,/user/home/il22158/work/vEcoli/job/generated_runs/launcher/20260831T191459Z/slurm/gene_knockout_EG11647_with_aa.sh
EG11647,acetate,gene_knockout_EG11647_acetate,6,14,job/write_for_new_job.py,/user/home/il22158/work/vEcoli/job/generated_runs/launcher/20260831T191459Z/configs/gene_knockout_EG11647_acetate.json,/user/home/il22158/work/vEcoli/job/generated_runs/launcher/20260831T191459Z/slurm/gene_knockout_EG11647_acetate.sh
EG11647,no_ox,gene_knockout_EG11647_no_ox,6,14,job/write_for_new_job.py,/user/home/il22158/work/vEcoli/job/generated_runs/launcher/20260831T191459Z/configs/gene_knockout_EG11647_no_ox.json,/user/home/il22158/work/vEcoli/job/generated_runs/launcher/20260831T191459Z/slurm/gene_knockout_EG11647_no_ox.sh
EG11647,succinate,gene_knockout_EG11647_succinate,13,20,job/write_for_new_job.py,/user/home/il22158/work/vEcoli/job/generated_runs/launcher/20260831T191459Z/configs/gene_knockout_EG11647_succinate.json,/user/home/il22158/work/vEcoli/job/generated_runs/launcher/20260831T191459Z/slurm/gene_knockout_EG11647_succinate.sh
EG11663,with_aa,gene_knockout_EG11663_with_aa,5,13,job/write_for_new_job.py,/user/home/il22158/work/vEcoli/job/generated_runs/launcher/20260831T191459Z/configs/gene_knockout_EG11663_with_aa.json,/user/home/il22158/work/vEcoli/job/generated_runs/launcher/20260831T191459Z/slurm/gene_knockout_EG11663_with_aa.sh
EG11663,acetate,gene_knockout_EG11663_acetate,6,14,job/write_for_new_job.py,/user/home/il22158/work/vEcoli/job/generated_runs/launcher/20260831T191459Z/configs/gene_knockout_EG11663_acetate.json,/user/home/il22158/work/vEcoli/job/generated_runs/launcher/20260831T191459Z/slurm/gene_knockout_EG11663_acetate.sh
EG11663,no_ox,gene_knockout_EG11663_no_ox,6,14,job/write_for_new_job.py,/user/home/il22158/work/vEcoli/job/generated_runs/launcher/20260831T191459Z/configs/gene_knockout_EG11663_no_ox.json,/user/home/il22158/work/vEcoli/job/generated_runs/launcher/20260831T191459Z/slurm/gene_knockout_EG11663_no_ox.sh
EG11663,succinate,gene_knockout_EG11663_succinate,13,20,job/write_for_new_job.py,/user/home/il22158/work/vEcoli/job/generated_runs/launcher/20260831T191459Z/configs/gene_knockout_EG11663_succinate.json,/user/home/il22158/work/vEcoli/job/generated_runs/launcher/20260831T191459Z/slurm/gene_knockout_EG11663_succinate.sh
EG11673,with_aa,gene_knockout_EG11673_with_aa,5,13,job/write_for_new_job.py,/user/home/il22158/work/vEcoli/job/generated_runs/launcher/20260831T191459Z/configs/gene_knockout_EG11673_with_aa.json,/user/home/il22158/work/vEcoli/job/generated_runs/launcher/20260831T191459Z/slurm/gene_knockout_EG11673_with_aa.sh
EG11673,acetate,gene_knockout_EG11673_acetate,6,14,job/write_for_new_job.py,/user/home/il22158/work/vEcoli/job/generated_runs/launcher/20260831T191459Z/configs/gene_knockout_EG11673_acetate.json,/user/home/il22158/work/vEcoli/job/generated_runs/launcher/20260831T191459Z/slurm/gene_knockout_EG11673_acetate.sh
EG11673,no_ox,gene_knockout_EG11673_no_ox,6,14,job/write_for_new_job.py,/user/home/il22158/work/vEcoli/job/generated_runs/launcher/20260831T191459Z/configs/gene_knockout_EG11673_no_ox.json,/user/home/il22158/work/vEcoli/job/generated_runs/launcher/20260831T191459Z/slurm/gene_knockout_EG11673_no_ox.sh
EG11673,succinate,gene_knockout_EG11673_succinate,13,20,job/write_for_new_job.py,/user/home/il22158/work/vEcoli/job/generated_runs/launcher/20260831T191459Z/configs/gene_knockout_EG11673_succinate.json,/user/home/il22158/work/vEcoli/job/generated_runs/launcher/20260831T191459Z/slurm/gene_knockout_EG11673_succinate.sh
EG11692,with_aa,gene_knockout_EG11692_with_aa,5,13,job/write_for_new_job.py,/user/home/il22158/work/vEcoli/job/generated_runs/launcher/20260831T191459Z/configs/gene_knockout_EG11692_with_aa.json,/user/home/il22158/work/vEcoli/job/generated_runs/launcher/20260831T191459Z/slurm/gene_knockout_EG11692_with_aa.sh
EG11692,acetate,gene_knockout_EG11692_acetate,6,14,job/write_for_new_job.py,/user/home/il22158/work/vEcoli/job/generated_runs/launcher/20260831T191459Z/configs/gene_knockout_EG11692_acetate.json,/user/home/il22158/work/vEcoli/job/generated_runs/launcher/20260831T191459Z/slurm/gene_knockout_EG11692_acetate.sh
EG11692,no_ox,gene_knockout_EG11692_no_ox,6,14,job/write_for_new_job.py,/user/home/il22158/work/vEcoli/job/generated_runs/launcher/20260831T191459Z/configs/gene_knockout_EG11692_no_ox.json,/user/home/il22158/work/vEcoli/job/generated_runs/launcher/20260831T191459Z/slurm/gene_knockout_EG11692_no_ox.sh
EG11692,succinate,gene_knockout_EG11692_succinate,13,20,job/write_for_new_job.py,/user/home/il22158/work/vEcoli/job/generated_runs/launcher/20260831T191459Z/configs/gene_knockout_EG11692_succinate.json,/user/home/il22158/work/vEcoli/job/generated_runs/launcher/20260831T191459Z/slurm/gene_knockout_EG11692_succinate.sh
EG11699,with_aa,gene_knockout_EG11699_with_aa,5,13,job/write_for_new_job.py,/user/home/il22158/work/vEcoli/job/generated_runs/launcher/20260831T191459Z/configs/gene_knockout_EG11699_with_aa.json,/user/home/il22158/work/vEcoli/job/generated_runs/launcher/20260831T191459Z/slurm/gene_knockout_EG11699_with_aa.sh
EG11699,acetate,gene_knockout_EG11699_acetate,6,14,job/write_for_new_job.py,/user/home/il22158/work/vEcoli/job/generated_runs/launcher/20260831T191459Z/configs/gene_knockout_EG11699_acetate.json,/user/home/il22158/work/vEcoli/job/generated_runs/launcher/20260831T191459Z/slurm/gene_knockout_EG11699_acetate.sh
EG11699,no_ox,gene_knockout_EG11699_no_ox,6,14,job/write_for_new_job.py,/user/home/il22158/work/vEcoli/job/generated_runs/launcher/20260831T191459Z/configs/gene_knockout_EG11699_no_ox.json,/user/home/il22158/work/vEcoli/job/generated_runs/launcher/20260831T191459Z/slurm/gene_knockout_EG11699_no_ox.sh
EG11699,succinate,gene_knockout_EG11699_succinate,13,20,job/write_for_new_job.py,/user/home/il22158/work/vEcoli/job/generated_runs/launcher/20260831T191459Z/configs/gene_knockout_EG11699_succinate.json,/user/home/il22158/work/vEcoli/job/generated_runs/launcher/20260831T191459Z/slurm/gene_knockout_EG11699_succinate.sh
EG11736,with_aa,gene_knockout_EG11736_with_aa,5,13,job/write_for_new_job.py,/user/home/il22158/work/vEcoli/job/generated_runs/launcher/20260831T191459Z/configs/gene_knockout_EG11736_with_aa.json,/user/home/il22158/work/vEcoli/job/generated_runs/launcher/20260831T191459Z/slurm/gene_knockout_EG11736_with_aa.sh
EG11736,acetate,gene_knockout_EG11736_acetate,6,14,job/write_for_new_job.py,/user/home/il22158/work/vEcoli/job/generated_runs/launcher/20260831T191459Z/configs/gene_knockout_EG11736_acetate.json,/user/home/il22158/work/vEcoli/job/generated_runs/launcher/20260831T191459Z/slurm/gene_knockout_EG11736_acetate.sh
EG11736,no_ox,gene_knockout_EG11736_no_ox,6,14,job/write_for_new_job.py,/user/home/il22158/work/vEcoli/job/generated_runs/launcher/20260831T191459Z/configs/gene_knockout_EG11736_no_ox.json,/user/home/il22158/work/vEcoli/job/generated_runs/launcher/20260831T191459Z/slurm/gene_knockout_EG11736_no_ox.sh
EG11736,succinate,gene_knockout_EG11736_succinate,13,20,job/write_for_new_job.py,/user/home/il22158/work/vEcoli/job/generated_runs/launcher/20260831T191459Z/configs/gene_knockout_EG11736_succinate.json,/user/home/il22158/work/vEcoli/job/generated_runs/launcher/20260831T191459Z/slurm/gene_knockout_EG11736_succinate.sh
EG11746,with_aa,gene_knockout_EG11746_with_aa,5,13,job/write_for_new_job.py,/user/home/il22158/work/vEcoli/job/generated_runs/launcher/20260831T191459Z/configs/gene_knockout_EG11746_with_aa.json,/user/home/il22158/work/vEcoli/job/generated_runs/launcher/20260831T191459Z/slurm/gene_knockout_EG11746_with_aa.sh
EG11746,acetate,gene_knockout_EG11746_acetate,6,14,job/write_for_new_job.py,/user/home/il22158/work/vEcoli/job/generated_runs/launcher/20260831T191459Z/configs/gene_knockout_EG11746_acetate.json,/user/home/il22158/work/vEcoli/job/generated_runs/launcher/20260831T191459Z/slurm/gene_knockout_EG11746_acetate.sh
EG11746,no_ox,gene_knockout_EG11746_no_ox,6,14,job/write_for_new_job.py,/user/home/il22158/work/vEcoli/job/generated_runs/launcher/20260831T191459Z/configs/gene_knockout_EG11746_no_ox.json,/user/home/il22158/work/vEcoli/job/generated_runs/launcher/20260831T191459Z/slurm/gene_knockout_EG11746_no_ox.sh
EG11746,succinate,gene_knockout_EG11746_succinate,13,20,job/write_for_new_job.py,/user/home/il22158/work/vEcoli/job/generated_runs/launcher/20260831T191459Z/configs/gene_knockout_EG11746_succinate.json,/user/home/il22158/work/vEcoli/job/generated_runs/launcher/20260831T191459Z/slurm/gene_knockout_EG11746_succinate.sh
EG11796,with_aa,gene_knockout_EG11796_with_aa,5,13,job/write_for_new_job.py,/user/home/il22158/work/vEcoli/job/generated_runs/launcher/20260831T191459Z/configs/gene_knockout_EG11796_with_aa.json,/user/home/il22158/work/vEcoli/job/generated_runs/launcher/20260831T191459Z/slurm/gene_knockout_EG11796_with_aa.sh
EG11796,acetate,gene_knockout_EG11796_acetate,6,14,job/write_for_new_job.py,/user/home/il22158/work/vEcoli/job/generated_runs/launcher/20260831T191459Z/configs/gene_knockout_EG11796_acetate.json,/user/home/il22158/work/vEcoli/job/generated_runs/launcher/20260831T191459Z/slurm/gene_knockout_EG11796_acetate.sh
EG11796,no_ox,gene_knockout_EG11796_no_ox,6,14,job/write_for_new_job.py,/user/home/il22158/work/vEcoli/job/generated_runs/launcher/20260831T191459Z/configs/gene_knockout_EG11796_no_ox.json,/user/home/il22158/work/vEcoli/job/generated_runs/launcher/20260831T191459Z/slurm/gene_knockout_EG11796_no_ox.sh
EG11796,succinate,gene_knockout_EG11796_succinate,13,20,job/write_for_new_job.py,/user/home/il22158/work/vEcoli/job/generated_runs/launcher/20260831T191459Z/configs/gene_knockout_EG11796_succinate.json,/user/home/il22158/work/vEcoli/job/generated_runs/launcher/20260831T191459Z/slurm/gene_knockout_EG11796_succinate.sh
EG11810,with_aa,gene_knockout_EG11810_with_aa,5,13,job/write_for_new_job.py,/user/home/il22158/work/vEcoli/job/generated_runs/launcher/20260831T191459Z/configs/gene_knockout_EG11810_with_aa.json,/user/home/il22158/work/vEcoli/job/generated_runs/launcher/20260831T191459Z/slurm/gene_knockout_EG11810_with_aa.sh
EG11810,acetate,gene_knockout_EG11810_acetate,6,14,job/write_for_new_job.py,/user/home/il22158/work/vEcoli/job/generated_runs/launcher/20260831T191459Z/configs/gene_knockout_EG11810_acetate.json,/user/home/il22158/work/vEcoli/job/generated_runs/launcher/20260831T191459Z/slurm/gene_knockout_EG11810_acetate.sh
EG11810,no_ox,gene_knockout_EG11810_no_ox,6,14,job/write_for_new_job.py,/user/home/il22158/work/vEcoli/job/generated_runs/launcher/20260831T191459Z/configs/gene_knockout_EG11810_no_ox.json,/user/home/il22158/work/vEcoli/job/generated_runs/launcher/20260831T191459Z/slurm/gene_knockout_EG11810_no_ox.sh
EG11810,succinate,gene_knockout_EG11810_succinate,13,20,job/write_for_new_job.py,/user/home/il22158/work/vEcoli/job/generated_runs/launcher/20260831T191459Z/configs/gene_knockout_EG11810_succinate.json,/user/home/il22158/work/vEcoli/job/generated_runs/launcher/20260831T191459Z/slurm/gene_knockout_EG11810_succinate.sh
EG11819,with_aa,gene_knockout_EG11819_with_aa,5,13,job/write_for_new_job.py,/user/home/il22158/work/vEcoli/job/generated_runs/launcher/20260831T191459Z/configs/gene_knockout_EG11819_with_aa.json,/user/home/il22158/work/vEcoli/job/generated_runs/launcher/20260831T191459Z/slurm/gene_knockout_EG11819_with_aa.sh
EG11819,acetate,gene_knockout_EG11819_acetate,6,14,job/write_for_new_job.py,/user/home/il22158/work/vEcoli/job/generated_runs/launcher/20260831T191459Z/configs/gene_knockout_EG11819_acetate.json,/user/home/il22158/work/vEcoli/job/generated_runs/launcher/20260831T191459Z/slurm/gene_knockout_EG11819_acetate.sh
EG11819,no_ox,gene_knockout_EG11819_no_ox,6,14,job/write_for_new_job.py,/user/home/il22158/work/vEcoli/job/generated_runs/launcher/20260831T191459Z/configs/gene_knockout_EG11819_no_ox.json,/user/home/il22158/work/vEcoli/job/generated_runs/launcher/20260831T191459Z/slurm/gene_knockout_EG11819_no_ox.sh
EG11819,succinate,gene_knockout_EG11819_succinate,13,20,job/write_for_new_job.py,/user/home/il22158/work/vEcoli/job/generated_runs/launcher/20260831T191459Z/configs/gene_knockout_EG11819_succinate.json,/user/home/il22158/work/vEcoli/job/generated_runs/launcher/20260831T191459Z/slurm/gene_knockout_EG11819_succinate.sh
EG11850,with_aa,gene_knockout_EG11850_with_aa,5,13,job/write_for_new_job.py,/user/home/il22158/work/vEcoli/job/generated_runs/launcher/20260831T191459Z/configs/gene_knockout_EG11850_with_aa.json,/user/home/il22158/work/vEcoli/job/generated_runs/launcher/20260831T191459Z/slurm/gene_knockout_EG11850_with_aa.sh
EG11850,acetate,gene_knockout_EG11850_acetate,6,14,job/write_for_new_job.py,/user/home/il22158/work/vEcoli/job/generated_runs/launcher/20260831T191459Z/configs/gene_knockout_EG11850_acetate.json,/user/home/il22158/work/vEcoli/job/generated_runs/launcher/20260831T191459Z/slurm/gene_knockout_EG11850_acetate.sh
EG11850,no_ox,gene_knockout_EG11850_no_ox,6,14,job/write_for_new_job.py,/user/home/il22158/work/vEcoli/job/generated_runs/launcher/20260831T191459Z/configs/gene_knockout_EG11850_no_ox.json,/user/home/il22158/work/vEcoli/job/generated_runs/launcher/20260831T191459Z/slurm/gene_knockout_EG11850_no_ox.sh
EG11850,succinate,gene_knockout_EG11850_succinate,13,20,job/write_for_new_job.py,/user/home/il22158/work/vEcoli/job/generated_runs/launcher/20260831T191459Z/configs/gene_knockout_EG11850_succinate.json,/user/home/il22158/work/vEcoli/job/generated_runs/launcher/20260831T191459Z/slurm/gene_knockout_EG11850_succinate.sh
EG11866,with_aa,gene_knockout_EG11866_with_aa,5,13,job/write_for_new_job.py,/user/home/il22158/work/vEcoli/job/generated_runs/launcher/20260831T191459Z/configs/gene_knockout_EG11866_with_aa.json,/user/home/il22158/work/vEcoli/job/generated_runs/launcher/20260831T191459Z/slurm/gene_knockout_EG11866_with_aa.sh
EG11866,acetate,gene_knockout_EG11866_acetate,6,14,job/write_for_new_job.py,/user/home/il22158/work/vEcoli/job/generated_runs/launcher/20260831T191459Z/configs/gene_knockout_EG11866_acetate.json,/user/home/il22158/work/vEcoli/job/generated_runs/launcher/20260831T191459Z/slurm/gene_knockout_EG11866_acetate.sh
EG11866,no_ox,gene_knockout_EG11866_no_ox,6,14,job/write_for_new_job.py,/user/home/il22158/work/vEcoli/job/generated_runs/launcher/20260831T191459Z/configs/gene_knockout_EG11866_no_ox.json,/user/home/il22158/work/vEcoli/job/generated_runs/launcher/20260831T191459Z/slurm/gene_knockout_EG11866_no_ox.sh
EG11866,succinate,gene_knockout_EG11866_succinate,13,20,job/write_for_new_job.py,/user/home/il22158/work/vEcoli/job/generated_runs/launcher/20260831T191459Z/configs/gene_knockout_EG11866_succinate.json,/user/home/il22158/work/vEcoli/job/generated_runs/launcher/20260831T191459Z/slurm/gene_knockout_EG11866_succinate.sh
EG11867,with_aa,gene_knockout_EG11867_with_aa,5,13,job/write_for_new_job.py,/user/home/il22158/work/vEcoli/job/generated_runs/launcher/20260831T191459Z/configs/gene_knockout_EG11867_with_aa.json,/user/home/il22158/work/vEcoli/job/generated_runs/launcher/20260831T191459Z/slurm/gene_knockout_EG11867_with_aa.sh
EG11867,acetate,gene_knockout_EG11867_acetate,6,14,job/write_for_new_job.py,/user/home/il22158/work/vEcoli/job/generated_runs/launcher/20260831T191459Z/configs/gene_knockout_EG11867_acetate.json,/user/home/il22158/work/vEcoli/job/generated_runs/launcher/20260831T191459Z/slurm/gene_knockout_EG11867_acetate.sh
EG11867,no_ox,gene_knockout_EG11867_no_ox,6,14,job/write_for_new_job.py,/user/home/il22158/work/vEcoli/job/generated_runs/launcher/20260831T191459Z/configs/gene_knockout_EG11867_no_ox.json,/user/home/il22158/work/vEcoli/job/generated_runs/launcher/20260831T191459Z/slurm/gene_knockout_EG11867_no_ox.sh
EG11867,succinate,gene_knockout_EG11867_succinate,13,20,job/write_for_new_job.py,/user/home/il22158/work/vEcoli/job/generated_runs/launcher/20260831T191459Z/configs/gene_knockout_EG11867_succinate.json,/user/home/il22158/work/vEcoli/job/generated_runs/launcher/20260831T191459Z/slurm/gene_knockout_EG11867_succinate.sh
EG11934,with_aa,gene_knockout_EG11934_with_aa,5,13,job/write_for_new_job.py,/user/home/il22158/work/vEcoli/job/generated_runs/launcher/20260831T191459Z/configs/gene_knockout_EG11934_with_aa.json,/user/home/il22158/work/vEcoli/job/generated_runs/launcher/20260831T191459Z/slurm/gene_knockout_EG11934_with_aa.sh
EG11934,acetate,gene_knockout_EG11934_acetate,6,14,job/write_for_new_job.py,/user/home/il22158/work/vEcoli/job/generated_runs/launcher/20260831T191459Z/configs/gene_knockout_EG11934_acetate.json,/user/home/il22158/work/vEcoli/job/generated_runs/launcher/20260831T191459Z/slurm/gene_knockout_EG11934_acetate.sh
EG11934,no_ox,gene_knockout_EG11934_no_ox,6,14,job/write_for_new_job.py,/user/home/il22158/work/vEcoli/job/generated_runs/launcher/20260831T191459Z/configs/gene_knockout_EG11934_no_ox.json,/user/home/il22158/work/vEcoli/job/generated_runs/launcher/20260831T191459Z/slurm/gene_knockout_EG11934_no_ox.sh
EG11934,succinate,gene_knockout_EG11934_succinate,13,20,job/write_for_new_job.py,/user/home/il22158/work/vEcoli/job/generated_runs/launcher/20260831T191459Z/configs/gene_knockout_EG11934_succinate.json,/user/home/il22158/work/vEcoli/job/generated_runs/launcher/20260831T191459Z/slurm/gene_knockout_EG11934_succinate.sh
EG11957,with_aa,gene_knockout_EG11957_with_aa,5,13,job/write_for_new_job.py,/user/home/il22158/work/vEcoli/job/generated_runs/launcher/20260831T191459Z/configs/gene_knockout_EG11957_with_aa.json,/user/home/il22158/work/vEcoli/job/generated_runs/launcher/20260831T191459Z/slurm/gene_knockout_EG11957_with_aa.sh
EG11957,acetate,gene_knockout_EG11957_acetate,6,14,job/write_for_new_job.py,/user/home/il22158/work/vEcoli/job/generated_runs/launcher/20260831T191459Z/configs/gene_knockout_EG11957_acetate.json,/user/home/il22158/work/vEcoli/job/generated_runs/launcher/20260831T191459Z/slurm/gene_knockout_EG11957_acetate.sh
EG11957,no_ox,gene_knockout_EG11957_no_ox,6,14,job/write_for_new_job.py,/user/home/il22158/work/vEcoli/job/generated_runs/launcher/20260831T191459Z/configs/gene_knockout_EG11957_no_ox.json,/user/home/il22158/work/vEcoli/job/generated_runs/launcher/20260831T191459Z/slurm/gene_knockout_EG11957_no_ox.sh
EG11957,succinate,gene_knockout_EG11957_succinate,13,20,job/write_for_new_job.py,/user/home/il22158/work/vEcoli/job/generated_runs/launcher/20260831T191459Z/configs/gene_knockout_EG11957_succinate.json,/user/home/il22158/work/vEcoli/job/generated_runs/launcher/20260831T191459Z/slurm/gene_knockout_EG11957_succinate.sh
EG11963,with_aa,gene_knockout_EG11963_with_aa,5,13,job/write_for_new_job.py,/user/home/il22158/work/vEcoli/job/generated_runs/launcher/20260831T191459Z/configs/gene_knockout_EG11963_with_aa.json,/user/home/il22158/work/vEcoli/job/generated_runs/launcher/20260831T191459Z/slurm/gene_knockout_EG11963_with_aa.sh
EG11963,acetate,gene_knockout_EG11963_acetate,6,14,job/write_for_new_job.py,/user/home/il22158/work/vEcoli/job/generated_runs/launcher/20260831T191459Z/configs/gene_knockout_EG11963_acetate.json,/user/home/il22158/work/vEcoli/job/generated_runs/launcher/20260831T191459Z/slurm/gene_knockout_EG11963_acetate.sh
EG11963,no_ox,gene_knockout_EG11963_no_ox,6,14,job/write_for_new_job.py,/user/home/il22158/work/vEcoli/job/generated_runs/launcher/20260831T191459Z/configs/gene_knockout_EG11963_no_ox.json,/user/home/il22158/work/vEcoli/job/generated_runs/launcher/20260831T191459Z/slurm/gene_knockout_EG11963_no_ox.sh
EG11963,succinate,gene_knockout_EG11963_succinate,13,20,job/write_for_new_job.py,/user/home/il22158/work/vEcoli/job/generated_runs/launcher/20260831T191459Z/configs/gene_knockout_EG11963_succinate.json,/user/home/il22158/work/vEcoli/job/generated_runs/launcher/20260831T191459Z/slurm/gene_knockout_EG11963_succinate.sh
EG11971,with_aa,gene_knockout_EG11971_with_aa,5,13,job/write_for_new_job.py,/user/home/il22158/work/vEcoli/job/generated_runs/launcher/20260831T191459Z/configs/gene_knockout_EG11971_with_aa.json,/user/home/il22158/work/vEcoli/job/generated_runs/launcher/20260831T191459Z/slurm/gene_knockout_EG11971_with_aa.sh
EG11971,acetate,gene_knockout_EG11971_acetate,6,14,job/write_for_new_job.py,/user/home/il22158/work/vEcoli/job/generated_runs/launcher/20260831T191459Z/configs/gene_knockout_EG11971_acetate.json,/user/home/il22158/work/vEcoli/job/generated_runs/launcher/20260831T191459Z/slurm/gene_knockout_EG11971_acetate.sh
EG11971,no_ox,gene_knockout_EG11971_no_ox,6,14,job/write_for_new_job.py,/user/home/il22158/work/vEcoli/job/generated_runs/launcher/20260831T191459Z/configs/gene_knockout_EG11971_no_ox.json,/user/home/il22158/work/vEcoli/job/generated_runs/launcher/20260831T191459Z/slurm/gene_knockout_EG11971_no_ox.sh
EG11971,succinate,gene_knockout_EG11971_succinate,13,20,job/write_for_new_job.py,/user/home/il22158/work/vEcoli/job/generated_runs/launcher/20260831T191459Z/configs/gene_knockout_EG11971_succinate.json,/user/home/il22158/work/vEcoli/job/generated_runs/launcher/20260831T191459Z/slurm/gene_knockout_EG11971_succinate.sh
EG12026,with_aa,gene_knockout_EG12026_with_aa,5,13,job/write_for_new_job.py,/user/home/il22158/work/vEcoli/job/generated_runs/launcher/20260831T191459Z/configs/gene_knockout_EG12026_with_aa.json,/user/home/il22158/work/vEcoli/job/generated_runs/launcher/20260831T191459Z/slurm/gene_knockout_EG12026_with_aa.sh
EG12026,acetate,gene_knockout_EG12026_acetate,6,14,job/write_for_new_job.py,/user/home/il22158/work/vEcoli/job/generated_runs/launcher/20260831T191459Z/configs/gene_knockout_EG12026_acetate.json,/user/home/il22158/work/vEcoli/job/generated_runs/launcher/20260831T191459Z/slurm/gene_knockout_EG12026_acetate.sh
EG12026,no_ox,gene_knockout_EG12026_no_ox,6,14,job/write_for_new_job.py,/user/home/il22158/work/vEcoli/job/generated_runs/launcher/20260831T191459Z/configs/gene_knockout_EG12026_no_ox.json,/user/home/il22158/work/vEcoli/job/generated_runs/launcher/20260831T191459Z/slurm/gene_knockout_EG12026_no_ox.sh
EG12026,succinate,gene_knockout_EG12026_succinate,13,20,job/write_for_new_job.py,/user/home/il22158/work/vEcoli/job/generated_runs/launcher/20260831T191459Z/configs/gene_knockout_EG12026_succinate.json,/user/home/il22158/work/vEcoli/job/generated_runs/launcher/20260831T191459Z/slurm/gene_knockout_EG12026_succinate.sh
EG12030,with_aa,gene_knockout_EG12030_with_aa,5,13,job/write_for_new_job.py,/user/home/il22158/work/vEcoli/job/generated_runs/launcher/20260831T191459Z/configs/gene_knockout_EG12030_with_aa.json,/user/home/il22158/work/vEcoli/job/generated_runs/launcher/20260831T191459Z/slurm/gene_knockout_EG12030_with_aa.sh
EG12030,acetate,gene_knockout_EG12030_acetate,6,14,job/write_for_new_job.py,/user/home/il22158/work/vEcoli/job/generated_runs/launcher/20260831T191459Z/configs/gene_knockout_EG12030_acetate.json,/user/home/il22158/work/vEcoli/job/generated_runs/launcher/20260831T191459Z/slurm/gene_knockout_EG12030_acetate.sh
EG12030,no_ox,gene_knockout_EG12030_no_ox,6,14,job/write_for_new_job.py,/user/home/il22158/work/vEcoli/job/generated_runs/launcher/20260831T191459Z/configs/gene_knockout_EG12030_no_ox.json,/user/home/il22158/work/vEcoli/job/generated_runs/launcher/20260831T191459Z/slurm/gene_knockout_EG12030_no_ox.sh
EG12030,succinate,gene_knockout_EG12030_succinate,13,20,job/write_for_new_job.py,/user/home/il22158/work/vEcoli/job/generated_runs/launcher/20260831T191459Z/configs/gene_knockout_EG12030_succinate.json,/user/home/il22158/work/vEcoli/job/generated_runs/launcher/20260831T191459Z/slurm/gene_knockout_EG12030_succinate.sh
EG12040,with_aa,gene_knockout_EG12040_with_aa,5,13,job/write_for_new_job.py,/user/home/il22158/work/vEcoli/job/generated_runs/launcher/20260831T191459Z/configs/gene_knockout_EG12040_with_aa.json,/user/home/il22158/work/vEcoli/job/generated_runs/launcher/20260831T191459Z/slurm/gene_knockout_EG12040_with_aa.sh
EG12040,acetate,gene_knockout_EG12040_acetate,6,14,job/write_for_new_job.py,/user/home/il22158/work/vEcoli/job/generated_runs/launcher/20260831T191459Z/configs/gene_knockout_EG12040_acetate.json,/user/home/il22158/work/vEcoli/job/generated_runs/launcher/20260831T191459Z/slurm/gene_knockout_EG12040_acetate.sh
EG12040,no_ox,gene_knockout_EG12040_no_ox,6,14,job/write_for_new_job.py,/user/home/il22158/work/vEcoli/job/generated_runs/launcher/20260831T191459Z/configs/gene_knockout_EG12040_no_ox.json,/user/home/il22158/work/vEcoli/job/generated_runs/launcher/20260831T191459Z/slurm/gene_knockout_EG12040_no_ox.sh
EG12040,succinate,gene_knockout_EG12040_succinate,13,20,job/write_for_new_job.py,/user/home/il22158/work/vEcoli/job/generated_runs/launcher/20260831T191459Z/configs/gene_knockout_EG12040_succinate.json,/user/home/il22158/work/vEcoli/job/generated_runs/launcher/20260831T191459Z/slurm/gene_knockout_EG12040_succinate.sh
EG12075,with_aa,gene_knockout_EG12075_with_aa,5,13,job/write_for_new_job.py,/user/home/il22158/work/vEcoli/job/generated_runs/launcher/20260831T191459Z/configs/gene_knockout_EG12075_with_aa.json,/user/home/il22158/work/vEcoli/job/generated_runs/launcher/20260831T191459Z/slurm/gene_knockout_EG12075_with_aa.sh
EG12075,acetate,gene_knockout_EG12075_acetate,6,14,job/write_for_new_job.py,/user/home/il22158/work/vEcoli/job/generated_runs/launcher/20260831T191459Z/configs/gene_knockout_EG12075_acetate.json,/user/home/il22158/work/vEcoli/job/generated_runs/launcher/20260831T191459Z/slurm/gene_knockout_EG12075_acetate.sh
EG12075,no_ox,gene_knockout_EG12075_no_ox,6,14,job/write_for_new_job.py,/user/home/il22158/work/vEcoli/job/generated_runs/launcher/20260831T191459Z/configs/gene_knockout_EG12075_no_ox.json,/user/home/il22158/work/vEcoli/job/generated_runs/launcher/20260831T191459Z/slurm/gene_knockout_EG12075_no_ox.sh
EG12075,succinate,gene_knockout_EG12075_succinate,13,20,job/write_for_new_job.py,/user/home/il22158/work/vEcoli/job/generated_runs/launcher/20260831T191459Z/configs/gene_knockout_EG12075_succinate.json,/user/home/il22158/work/vEcoli/job/generated_runs/launcher/20260831T191459Z/slurm/gene_knockout_EG12075_succinate.sh
EG12078,with_aa,gene_knockout_EG12078_with_aa,5,13,job/write_for_new_job.py,/user/home/il22158/work/vEcoli/job/generated_runs/launcher/20260831T191459Z/configs/gene_knockout_EG12078_with_aa.json,/user/home/il22158/work/vEcoli/job/generated_runs/launcher/20260831T191459Z/slurm/gene_knockout_EG12078_with_aa.sh
EG12078,acetate,gene_knockout_EG12078_acetate,6,14,job/write_for_new_job.py,/user/home/il22158/work/vEcoli/job/generated_runs/launcher/20260831T191459Z/configs/gene_knockout_EG12078_acetate.json,/user/home/il22158/work/vEcoli/job/generated_runs/launcher/20260831T191459Z/slurm/gene_knockout_EG12078_acetate.sh
EG12078,no_ox,gene_knockout_EG12078_no_ox,6,14,job/write_for_new_job.py,/user/home/il22158/work/vEcoli/job/generated_runs/launcher/20260831T191459Z/configs/gene_knockout_EG12078_no_ox.json,/user/home/il22158/work/vEcoli/job/generated_runs/launcher/20260831T191459Z/slurm/gene_knockout_EG12078_no_ox.sh
EG12078,succinate,gene_knockout_EG12078_succinate,13,20,job/write_for_new_job.py,/user/home/il22158/work/vEcoli/job/generated_runs/launcher/20260831T191459Z/configs/gene_knockout_EG12078_succinate.json,/user/home/il22158/work/vEcoli/job/generated_runs/launcher/20260831T191459Z/slurm/gene_knockout_EG12078_succinate.sh
EG12087,with_aa,gene_knockout_EG12087_with_aa,5,13,job/write_for_new_job.py,/user/home/il22158/work/vEcoli/job/generated_runs/launcher/20260831T191459Z/configs/gene_knockout_EG12087_with_aa.json,/user/home/il22158/work/vEcoli/job/generated_runs/launcher/20260831T191459Z/slurm/gene_knockout_EG12087_with_aa.sh
EG12087,acetate,gene_knockout_EG12087_acetate,6,14,job/write_for_new_job.py,/user/home/il22158/work/vEcoli/job/generated_runs/launcher/20260831T191459Z/configs/gene_knockout_EG12087_acetate.json,/user/home/il22158/work/vEcoli/job/generated_runs/launcher/20260831T191459Z/slurm/gene_knockout_EG12087_acetate.sh
EG12087,no_ox,gene_knockout_EG12087_no_ox,6,14,job/write_for_new_job.py,/user/home/il22158/work/vEcoli/job/generated_runs/launcher/20260831T191459Z/configs/gene_knockout_EG12087_no_ox.json,/user/home/il22158/work/vEcoli/job/generated_runs/launcher/20260831T191459Z/slurm/gene_knockout_EG12087_no_ox.sh
EG12087,succinate,gene_knockout_EG12087_succinate,13,20,job/write_for_new_job.py,/user/home/il22158/work/vEcoli/job/generated_runs/launcher/20260831T191459Z/configs/gene_knockout_EG12087_succinate.json,/user/home/il22158/work/vEcoli/job/generated_runs/launcher/20260831T191459Z/slurm/gene_knockout_EG12087_succinate.sh
EG12088,with_aa,gene_knockout_EG12088_with_aa,5,13,job/write_for_new_job.py,/user/home/il22158/work/vEcoli/job/generated_runs/launcher/20260831T191459Z/configs/gene_knockout_EG12088_with_aa.json,/user/home/il22158/work/vEcoli/job/generated_runs/launcher/20260831T191459Z/slurm/gene_knockout_EG12088_with_aa.sh
EG12088,acetate,gene_knockout_EG12088_acetate,6,14,job/write_for_new_job.py,/user/home/il22158/work/vEcoli/job/generated_runs/launcher/20260831T191459Z/configs/gene_knockout_EG12088_acetate.json,/user/home/il22158/work/vEcoli/job/generated_runs/launcher/20260831T191459Z/slurm/gene_knockout_EG12088_acetate.sh
EG12088,no_ox,gene_knockout_EG12088_no_ox,6,14,job/write_for_new_job.py,/user/home/il22158/work/vEcoli/job/generated_runs/launcher/20260831T191459Z/configs/gene_knockout_EG12088_no_ox.json,/user/home/il22158/work/vEcoli/job/generated_runs/launcher/20260831T191459Z/slurm/gene_knockout_EG12088_no_ox.sh
EG12088,succinate,gene_knockout_EG12088_succinate,13,20,job/write_for_new_job.py,/user/home/il22158/work/vEcoli/job/generated_runs/launcher/20260831T191459Z/configs/gene_knockout_EG12088_succinate.json,/user/home/il22158/work/vEcoli/job/generated_runs/launcher/20260831T191459Z/slurm/gene_knockout_EG12088_succinate.sh
EG12144,with_aa,gene_knockout_EG12144_with_aa,5,13,job/write_for_new_job.py,/user/home/il22158/work/vEcoli/job/generated_runs/launcher/20260831T191459Z/configs/gene_knockout_EG12144_with_aa.json,/user/home/il22158/work/vEcoli/job/generated_runs/launcher/20260831T191459Z/slurm/gene_knockout_EG12144_with_aa.sh
EG12144,acetate,gene_knockout_EG12144_acetate,6,14,job/write_for_new_job.py,/user/home/il22158/work/vEcoli/job/generated_runs/launcher/20260831T191459Z/configs/gene_knockout_EG12144_acetate.json,/user/home/il22158/work/vEcoli/job/generated_runs/launcher/20260831T191459Z/slurm/gene_knockout_EG12144_acetate.sh
EG12144,no_ox,gene_knockout_EG12144_no_ox,6,14,job/write_for_new_job.py,/user/home/il22158/work/vEcoli/job/generated_runs/launcher/20260831T191459Z/configs/gene_knockout_EG12144_no_ox.json,/user/home/il22158/work/vEcoli/job/generated_runs/launcher/20260831T191459Z/slurm/gene_knockout_EG12144_no_ox.sh
EG12144,succinate,gene_knockout_EG12144_succinate,13,20,job/write_for_new_job.py,/user/home/il22158/work/vEcoli/job/generated_runs/launcher/20260831T191459Z/configs/gene_knockout_EG12144_succinate.json,/user/home/il22158/work/vEcoli/job/generated_runs/launcher/20260831T191459Z/slurm/gene_knockout_EG12144_succinate.sh
EG12245,with_aa,gene_knockout_EG12245_with_aa,5,13,job/write_for_new_job.py,/user/home/il22158/work/vEcoli/job/generated_runs/launcher/20260831T191459Z/configs/gene_knockout_EG12245_with_aa.json,/user/home/il22158/work/vEcoli/job/generated_runs/launcher/20260831T191459Z/slurm/gene_knockout_EG12245_with_aa.sh
EG12245,acetate,gene_knockout_EG12245_acetate,6,14,job/write_for_new_job.py,/user/home/il22158/work/vEcoli/job/generated_runs/launcher/20260831T191459Z/configs/gene_knockout_EG12245_acetate.json,/user/home/il22158/work/vEcoli/job/generated_runs/launcher/20260831T191459Z/slurm/gene_knockout_EG12245_acetate.sh
EG12245,no_ox,gene_knockout_EG12245_no_ox,6,14,job/write_for_new_job.py,/user/home/il22158/work/vEcoli/job/generated_runs/launcher/20260831T191459Z/configs/gene_knockout_EG12245_no_ox.json,/user/home/il22158/work/vEcoli/job/generated_runs/launcher/20260831T191459Z/slurm/gene_knockout_EG12245_no_ox.sh
EG12245,succinate,gene_knockout_EG12245_succinate,13,20,job/write_for_new_job.py,/user/home/il22158/work/vEcoli/job/generated_runs/launcher/20260831T191459Z/configs/gene_knockout_EG12245_succinate.json,/user/home/il22158/work/vEcoli/job/generated_runs/launcher/20260831T191459Z/slurm/gene_knockout_EG12245_succinate.sh
EG12286,with_aa,gene_knockout_EG12286_with_aa,5,13,job/write_for_new_job.py,/user/home/il22158/work/vEcoli/job/generated_runs/launcher/20260831T191459Z/configs/gene_knockout_EG12286_with_aa.json,/user/home/il22158/work/vEcoli/job/generated_runs/launcher/20260831T191459Z/slurm/gene_knockout_EG12286_with_aa.sh
EG12286,acetate,gene_knockout_EG12286_acetate,6,14,job/write_for_new_job.py,/user/home/il22158/work/vEcoli/job/generated_runs/launcher/20260831T191459Z/configs/gene_knockout_EG12286_acetate.json,/user/home/il22158/work/vEcoli/job/generated_runs/launcher/20260831T191459Z/slurm/gene_knockout_EG12286_acetate.sh
EG12286,no_ox,gene_knockout_EG12286_no_ox,6,14,job/write_for_new_job.py,/user/home/il22158/work/vEcoli/job/generated_runs/launcher/20260831T191459Z/configs/gene_knockout_EG12286_no_ox.json,/user/home/il22158/work/vEcoli/job/generated_runs/launcher/20260831T191459Z/slurm/gene_knockout_EG12286_no_ox.sh
EG12286,succinate,gene_knockout_EG12286_succinate,13,20,job/write_for_new_job.py,/user/home/il22158/work/vEcoli/job/generated_runs/launcher/20260831T191459Z/configs/gene_knockout_EG12286_succinate.json,/user/home/il22158/work/vEcoli/job/generated_runs/launcher/20260831T191459Z/slurm/gene_knockout_EG12286_succinate.sh
EG12293,with_aa,gene_knockout_EG12293_with_aa,5,13,job/write_for_new_job.py,/user/home/il22158/work/vEcoli/job/generated_runs/launcher/20260831T191459Z/configs/gene_knockout_EG12293_with_aa.json,/user/home/il22158/work/vEcoli/job/generated_runs/launcher/20260831T191459Z/slurm/gene_knockout_EG12293_with_aa.sh
EG12293,acetate,gene_knockout_EG12293_acetate,6,14,job/write_for_new_job.py,/user/home/il22158/work/vEcoli/job/generated_runs/launcher/20260831T191459Z/configs/gene_knockout_EG12293_acetate.json,/user/home/il22158/work/vEcoli/job/generated_runs/launcher/20260831T191459Z/slurm/gene_knockout_EG12293_acetate.sh
EG12293,no_ox,gene_knockout_EG12293_no_ox,6,14,job/write_for_new_job.py,/user/home/il22158/work/vEcoli/job/generated_runs/launcher/20260831T191459Z/configs/gene_knockout_EG12293_no_ox.json,/user/home/il22158/work/vEcoli/job/generated_runs/launcher/20260831T191459Z/slurm/gene_knockout_EG12293_no_ox.sh
EG12293,succinate,gene_knockout_EG12293_succinate,13,20,job/write_for_new_job.py,/user/home/il22158/work/vEcoli/job/generated_runs/launcher/20260831T191459Z/configs/gene_knockout_EG12293_succinate.json,/user/home/il22158/work/vEcoli/job/generated_runs/launcher/20260831T191459Z/slurm/gene_knockout_EG12293_succinate.sh
EG12302,with_aa,gene_knockout_EG12302_with_aa,5,13,job/write_for_new_job.py,/user/home/il22158/work/vEcoli/job/generated_runs/launcher/20260831T191459Z/configs/gene_knockout_EG12302_with_aa.json,/user/home/il22158/work/vEcoli/job/generated_runs/launcher/20260831T191459Z/slurm/gene_knockout_EG12302_with_aa.sh
EG12302,acetate,gene_knockout_EG12302_acetate,6,14,job/write_for_new_job.py,/user/home/il22158/work/vEcoli/job/generated_runs/launcher/20260831T191459Z/configs/gene_knockout_EG12302_acetate.json,/user/home/il22158/work/vEcoli/job/generated_runs/launcher/20260831T191459Z/slurm/gene_knockout_EG12302_acetate.sh
EG12302,no_ox,gene_knockout_EG12302_no_ox,6,14,job/write_for_new_job.py,/user/home/il22158/work/vEcoli/job/generated_runs/launcher/20260831T191459Z/configs/gene_knockout_EG12302_no_ox.json,/user/home/il22158/work/vEcoli/job/generated_runs/launcher/20260831T191459Z/slurm/gene_knockout_EG12302_no_ox.sh
EG12302,succinate,gene_knockout_EG12302_succinate,13,20,job/write_for_new_job.py,/user/home/il22158/work/vEcoli/job/generated_runs/launcher/20260831T191459Z/configs/gene_knockout_EG12302_succinate.json,/user/home/il22158/work/vEcoli/job/generated_runs/launcher/20260831T191459Z/slurm/gene_knockout_EG12302_succinate.sh
EG12312,with_aa,gene_knockout_EG12312_with_aa,5,13,job/write_for_new_job.py,/user/home/il22158/work/vEcoli/job/generated_runs/launcher/20260831T191459Z/configs/gene_knockout_EG12312_with_aa.json,/user/home/il22158/work/vEcoli/job/generated_runs/launcher/20260831T191459Z/slurm/gene_knockout_EG12312_with_aa.sh
EG12312,acetate,gene_knockout_EG12312_acetate,6,14,job/write_for_new_job.py,/user/home/il22158/work/vEcoli/job/generated_runs/launcher/20260831T191459Z/configs/gene_knockout_EG12312_acetate.json,/user/home/il22158/work/vEcoli/job/generated_runs/launcher/20260831T191459Z/slurm/gene_knockout_EG12312_acetate.sh
EG12312,no_ox,gene_knockout_EG12312_no_ox,6,14,job/write_for_new_job.py,/user/home/il22158/work/vEcoli/job/generated_runs/launcher/20260831T191459Z/configs/gene_knockout_EG12312_no_ox.json,/user/home/il22158/work/vEcoli/job/generated_runs/launcher/20260831T191459Z/slurm/gene_knockout_EG12312_no_ox.sh
EG12312,succinate,gene_knockout_EG12312_succinate,13,20,job/write_for_new_job.py,/user/home/il22158/work/vEcoli/job/generated_runs/launcher/20260831T191459Z/configs/gene_knockout_EG12312_succinate.json,/user/home/il22158/work/vEcoli/job/generated_runs/launcher/20260831T191459Z/slurm/gene_knockout_EG12312_succinate.sh
EG12319,with_aa,gene_knockout_EG12319_with_aa,5,13,job/write_for_new_job.py,/user/home/il22158/work/vEcoli/job/generated_runs/launcher/20260831T191459Z/configs/gene_knockout_EG12319_with_aa.json,/user/home/il22158/work/vEcoli/job/generated_runs/launcher/20260831T191459Z/slurm/gene_knockout_EG12319_with_aa.sh
EG12319,acetate,gene_knockout_EG12319_acetate,6,14,job/write_for_new_job.py,/user/home/il22158/work/vEcoli/job/generated_runs/launcher/20260831T191459Z/configs/gene_knockout_EG12319_acetate.json,/user/home/il22158/work/vEcoli/job/generated_runs/launcher/20260831T191459Z/slurm/gene_knockout_EG12319_acetate.sh
EG12319,no_ox,gene_knockout_EG12319_no_ox,6,14,job/write_for_new_job.py,/user/home/il22158/work/vEcoli/job/generated_runs/launcher/20260831T191459Z/configs/gene_knockout_EG12319_no_ox.json,/user/home/il22158/work/vEcoli/job/generated_runs/launcher/20260831T191459Z/slurm/gene_knockout_EG12319_no_ox.sh
EG12319,succinate,gene_knockout_EG12319_succinate,13,20,job/write_for_new_job.py,/user/home/il22158/work/vEcoli/job/generated_runs/launcher/20260831T191459Z/configs/gene_knockout_EG12319_succinate.json,/user/home/il22158/work/vEcoli/job/generated_runs/launcher/20260831T191459Z/slurm/gene_knockout_EG12319_succinate.sh
EG12384,with_aa,gene_knockout_EG12384_with_aa,5,13,job/write_for_new_job.py,/user/home/il22158/work/vEcoli/job/generated_runs/launcher/20260831T191459Z/configs/gene_knockout_EG12384_with_aa.json,/user/home/il22158/work/vEcoli/job/generated_runs/launcher/20260831T191459Z/slurm/gene_knockout_EG12384_with_aa.sh
EG12384,acetate,gene_knockout_EG12384_acetate,6,14,job/write_for_new_job.py,/user/home/il22158/work/vEcoli/job/generated_runs/launcher/20260831T191459Z/configs/gene_knockout_EG12384_acetate.json,/user/home/il22158/work/vEcoli/job/generated_runs/launcher/20260831T191459Z/slurm/gene_knockout_EG12384_acetate.sh
EG12384,no_ox,gene_knockout_EG12384_no_ox,6,14,job/write_for_new_job.py,/user/home/il22158/work/vEcoli/job/generated_runs/launcher/20260831T191459Z/configs/gene_knockout_EG12384_no_ox.json,/user/home/il22158/work/vEcoli/job/generated_runs/launcher/20260831T191459Z/slurm/gene_knockout_EG12384_no_ox.sh
EG12384,succinate,gene_knockout_EG12384_succinate,13,20,job/write_for_new_job.py,/user/home/il22158/work/vEcoli/job/generated_runs/launcher/20260831T191459Z/configs/gene_knockout_EG12384_succinate.json,/user/home/il22158/work/vEcoli/job/generated_runs/launcher/20260831T191459Z/slurm/gene_knockout_EG12384_succinate.sh
EG12419,with_aa,gene_knockout_EG12419_with_aa,5,13,job/write_for_new_job.py,/user/home/il22158/work/vEcoli/job/generated_runs/launcher/20260831T191459Z/configs/gene_knockout_EG12419_with_aa.json,/user/home/il22158/work/vEcoli/job/generated_runs/launcher/20260831T191459Z/slurm/gene_knockout_EG12419_with_aa.sh
EG12419,acetate,gene_knockout_EG12419_acetate,6,14,job/write_for_new_job.py,/user/home/il22158/work/vEcoli/job/generated_runs/launcher/20260831T191459Z/configs/gene_knockout_EG12419_acetate.json,/user/home/il22158/work/vEcoli/job/generated_runs/launcher/20260831T191459Z/slurm/gene_knockout_EG12419_acetate.sh
EG12419,no_ox,gene_knockout_EG12419_no_ox,6,14,job/write_for_new_job.py,/user/home/il22158/work/vEcoli/job/generated_runs/launcher/20260831T191459Z/configs/gene_knockout_EG12419_no_ox.json,/user/home/il22158/work/vEcoli/job/generated_runs/launcher/20260831T191459Z/slurm/gene_knockout_EG12419_no_ox.sh
EG12419,succinate,gene_knockout_EG12419_succinate,13,20,job/write_for_new_job.py,/user/home/il22158/work/vEcoli/job/generated_runs/launcher/20260831T191459Z/configs/gene_knockout_EG12419_succinate.json,/user/home/il22158/work/vEcoli/job/generated_runs/launcher/20260831T191459Z/slurm/gene_knockout_EG12419_succinate.sh
EG12424,with_aa,gene_knockout_EG12424_with_aa,5,13,job/write_for_new_job.py,/user/home/il22158/work/vEcoli/job/generated_runs/launcher/20260831T191459Z/configs/gene_knockout_EG12424_with_aa.json,/user/home/il22158/work/vEcoli/job/generated_runs/launcher/20260831T191459Z/slurm/gene_knockout_EG12424_with_aa.sh
EG12424,acetate,gene_knockout_EG12424_acetate,6,14,job/write_for_new_job.py,/user/home/il22158/work/vEcoli/job/generated_runs/launcher/20260831T191459Z/configs/gene_knockout_EG12424_acetate.json,/user/home/il22158/work/vEcoli/job/generated_runs/launcher/20260831T191459Z/slurm/gene_knockout_EG12424_acetate.sh
EG12424,no_ox,gene_knockout_EG12424_no_ox,6,14,job/write_for_new_job.py,/user/home/il22158/work/vEcoli/job/generated_runs/launcher/20260831T191459Z/configs/gene_knockout_EG12424_no_ox.json,/user/home/il22158/work/vEcoli/job/generated_runs/launcher/20260831T191459Z/slurm/gene_knockout_EG12424_no_ox.sh
EG12424,succinate,gene_knockout_EG12424_succinate,13,20,job/write_for_new_job.py,/user/home/il22158/work/vEcoli/job/generated_runs/launcher/20260831T191459Z/configs/gene_knockout_EG12424_succinate.json,/user/home/il22158/work/vEcoli/job/generated_runs/launcher/20260831T191459Z/slurm/gene_knockout_EG12424_succinate.sh
EG12437,with_aa,gene_knockout_EG12437_with_aa,5,13,job/write_for_new_job.py,/user/home/il22158/work/vEcoli/job/generated_runs/launcher/20260831T191459Z/configs/gene_knockout_EG12437_with_aa.json,/user/home/il22158/work/vEcoli/job/generated_runs/launcher/20260831T191459Z/slurm/gene_knockout_EG12437_with_aa.sh
EG12437,acetate,gene_knockout_EG12437_acetate,6,14,job/write_for_new_job.py,/user/home/il22158/work/vEcoli/job/generated_runs/launcher/20260831T191459Z/configs/gene_knockout_EG12437_acetate.json,/user/home/il22158/work/vEcoli/job/generated_runs/launcher/20260831T191459Z/slurm/gene_knockout_EG12437_acetate.sh
EG12437,no_ox,gene_knockout_EG12437_no_ox,6,14,job/write_for_new_job.py,/user/home/il22158/work/vEcoli/job/generated_runs/launcher/20260831T191459Z/configs/gene_knockout_EG12437_no_ox.json,/user/home/il22158/work/vEcoli/job/generated_runs/launcher/20260831T191459Z/slurm/gene_knockout_EG12437_no_ox.sh
EG12437,succinate,gene_knockout_EG12437_succinate,13,20,job/write_for_new_job.py,/user/home/il22158/work/vEcoli/job/generated_runs/launcher/20260831T191459Z/configs/gene_knockout_EG12437_succinate.json,/user/home/il22158/work/vEcoli/job/generated_runs/launcher/20260831T191459Z/slurm/gene_knockout_EG12437_succinate.sh
EG12504,with_aa,gene_knockout_EG12504_with_aa,5,13,job/write_for_new_job.py,/user/home/il22158/work/vEcoli/job/generated_runs/launcher/20260831T191459Z/configs/gene_knockout_EG12504_with_aa.json,/user/home/il22158/work/vEcoli/job/generated_runs/launcher/20260831T191459Z/slurm/gene_knockout_EG12504_with_aa.sh
EG12504,acetate,gene_knockout_EG12504_acetate,6,14,job/write_for_new_job.py,/user/home/il22158/work/vEcoli/job/generated_runs/launcher/20260831T191459Z/configs/gene_knockout_EG12504_acetate.json,/user/home/il22158/work/vEcoli/job/generated_runs/launcher/20260831T191459Z/slurm/gene_knockout_EG12504_acetate.sh
EG12504,no_ox,gene_knockout_EG12504_no_ox,6,14,job/write_for_new_job.py,/user/home/il22158/work/vEcoli/job/generated_runs/launcher/20260831T191459Z/configs/gene_knockout_EG12504_no_ox.json,/user/home/il22158/work/vEcoli/job/generated_runs/launcher/20260831T191459Z/slurm/gene_knockout_EG12504_no_ox.sh
EG12504,succinate,gene_knockout_EG12504_succinate,13,20,job/write_for_new_job.py,/user/home/il22158/work/vEcoli/job/generated_runs/launcher/20260831T191459Z/configs/gene_knockout_EG12504_succinate.json,/user/home/il22158/work/vEcoli/job/generated_runs/launcher/20260831T191459Z/slurm/gene_knockout_EG12504_succinate.sh
EG12563,with_aa,gene_knockout_EG12563_with_aa,5,13,job/write_for_new_job.py,/user/home/il22158/work/vEcoli/job/generated_runs/launcher/20260831T191459Z/configs/gene_knockout_EG12563_with_aa.json,/user/home/il22158/work/vEcoli/job/generated_runs/launcher/20260831T191459Z/slurm/gene_knockout_EG12563_with_aa.sh
EG12563,acetate,gene_knockout_EG12563_acetate,6,14,job/write_for_new_job.py,/user/home/il22158/work/vEcoli/job/generated_runs/launcher/20260831T191459Z/configs/gene_knockout_EG12563_acetate.json,/user/home/il22158/work/vEcoli/job/generated_runs/launcher/20260831T191459Z/slurm/gene_knockout_EG12563_acetate.sh
EG12563,no_ox,gene_knockout_EG12563_no_ox,6,14,job/write_for_new_job.py,/user/home/il22158/work/vEcoli/job/generated_runs/launcher/20260831T191459Z/configs/gene_knockout_EG12563_no_ox.json,/user/home/il22158/work/vEcoli/job/generated_runs/launcher/20260831T191459Z/slurm/gene_knockout_EG12563_no_ox.sh
EG12563,succinate,gene_knockout_EG12563_succinate,13,20,job/write_for_new_job.py,/user/home/il22158/work/vEcoli/job/generated_runs/launcher/20260831T191459Z/configs/gene_knockout_EG12563_succinate.json,/user/home/il22158/work/vEcoli/job/generated_runs/launcher/20260831T191459Z/slurm/gene_knockout_EG12563_succinate.sh
EG12625,with_aa,gene_knockout_EG12625_with_aa,5,13,job/write_for_new_job.py,/user/home/il22158/work/vEcoli/job/generated_runs/launcher/20260831T191459Z/configs/gene_knockout_EG12625_with_aa.json,/user/home/il22158/work/vEcoli/job/generated_runs/launcher/20260831T191459Z/slurm/gene_knockout_EG12625_with_aa.sh
EG12625,acetate,gene_knockout_EG12625_acetate,6,14,job/write_for_new_job.py,/user/home/il22158/work/vEcoli/job/generated_runs/launcher/20260831T191459Z/configs/gene_knockout_EG12625_acetate.json,/user/home/il22158/work/vEcoli/job/generated_runs/launcher/20260831T191459Z/slurm/gene_knockout_EG12625_acetate.sh
EG12625,no_ox,gene_knockout_EG12625_no_ox,6,14,job/write_for_new_job.py,/user/home/il22158/work/vEcoli/job/generated_runs/launcher/20260831T191459Z/configs/gene_knockout_EG12625_no_ox.json,/user/home/il22158/work/vEcoli/job/generated_runs/launcher/20260831T191459Z/slurm/gene_knockout_EG12625_no_ox.sh
EG12625,succinate,gene_knockout_EG12625_succinate,13,20,job/write_for_new_job.py,/user/home/il22158/work/vEcoli/job/generated_runs/launcher/20260831T191459Z/configs/gene_knockout_EG12625_succinate.json,/user/home/il22158/work/vEcoli/job/generated_runs/launcher/20260831T191459Z/slurm/gene_knockout_EG12625_succinate.sh
EG12627,with_aa,gene_knockout_EG12627_with_aa,5,13,job/write_for_new_job.py,/user/home/il22158/work/vEcoli/job/generated_runs/launcher/20260831T191459Z/configs/gene_knockout_EG12627_with_aa.json,/user/home/il22158/work/vEcoli/job/generated_runs/launcher/20260831T191459Z/slurm/gene_knockout_EG12627_with_aa.sh
EG12627,acetate,gene_knockout_EG12627_acetate,6,14,job/write_for_new_job.py,/user/home/il22158/work/vEcoli/job/generated_runs/launcher/20260831T191459Z/configs/gene_knockout_EG12627_acetate.json,/user/home/il22158/work/vEcoli/job/generated_runs/launcher/20260831T191459Z/slurm/gene_knockout_EG12627_acetate.sh
EG12627,no_ox,gene_knockout_EG12627_no_ox,6,14,job/write_for_new_job.py,/user/home/il22158/work/vEcoli/job/generated_runs/launcher/20260831T191459Z/configs/gene_knockout_EG12627_no_ox.json,/user/home/il22158/work/vEcoli/job/generated_runs/launcher/20260831T191459Z/slurm/gene_knockout_EG12627_no_ox.sh
EG12627,succinate,gene_knockout_EG12627_succinate,13,20,job/write_for_new_job.py,/user/home/il22158/work/vEcoli/job/generated_runs/launcher/20260831T191459Z/configs/gene_knockout_EG12627_succinate.json,/user/home/il22158/work/vEcoli/job/generated_runs/launcher/20260831T191459Z/slurm/gene_knockout_EG12627_succinate.sh
EG12633,with_aa,gene_knockout_EG12633_with_aa,5,13,job/write_for_new_job.py,/user/home/il22158/work/vEcoli/job/generated_runs/launcher/20260831T191459Z/configs/gene_knockout_EG12633_with_aa.json,/user/home/il22158/work/vEcoli/job/generated_runs/launcher/20260831T191459Z/slurm/gene_knockout_EG12633_with_aa.sh
EG12633,acetate,gene_knockout_EG12633_acetate,6,14,job/write_for_new_job.py,/user/home/il22158/work/vEcoli/job/generated_runs/launcher/20260831T191459Z/configs/gene_knockout_EG12633_acetate.json,/user/home/il22158/work/vEcoli/job/generated_runs/launcher/20260831T191459Z/slurm/gene_knockout_EG12633_acetate.sh
EG12633,no_ox,gene_knockout_EG12633_no_ox,6,14,job/write_for_new_job.py,/user/home/il22158/work/vEcoli/job/generated_runs/launcher/20260831T191459Z/configs/gene_knockout_EG12633_no_ox.json,/user/home/il22158/work/vEcoli/job/generated_runs/launcher/20260831T191459Z/slurm/gene_knockout_EG12633_no_ox.sh
EG12633,succinate,gene_knockout_EG12633_succinate,13,20,job/write_for_new_job.py,/user/home/il22158/work/vEcoli/job/generated_runs/launcher/20260831T191459Z/configs/gene_knockout_EG12633_succinate.json,/user/home/il22158/work/vEcoli/job/generated_runs/launcher/20260831T191459Z/slurm/gene_knockout_EG12633_succinate.sh
EG12662,with_aa,gene_knockout_EG12662_with_aa,5,13,job/write_for_new_job.py,/user/home/il22158/work/vEcoli/job/generated_runs/launcher/20260831T191459Z/configs/gene_knockout_EG12662_with_aa.json,/user/home/il22158/work/vEcoli/job/generated_runs/launcher/20260831T191459Z/slurm/gene_knockout_EG12662_with_aa.sh
EG12662,acetate,gene_knockout_EG12662_acetate,6,14,job/write_for_new_job.py,/user/home/il22158/work/vEcoli/job/generated_runs/launcher/20260831T191459Z/configs/gene_knockout_EG12662_acetate.json,/user/home/il22158/work/vEcoli/job/generated_runs/launcher/20260831T191459Z/slurm/gene_knockout_EG12662_acetate.sh
EG12662,no_ox,gene_knockout_EG12662_no_ox,6,14,job/write_for_new_job.py,/user/home/il22158/work/vEcoli/job/generated_runs/launcher/20260831T191459Z/configs/gene_knockout_EG12662_no_ox.json,/user/home/il22158/work/vEcoli/job/generated_runs/launcher/20260831T191459Z/slurm/gene_knockout_EG12662_no_ox.sh
EG12662,succinate,gene_knockout_EG12662_succinate,13,20,job/write_for_new_job.py,/user/home/il22158/work/vEcoli/job/generated_runs/launcher/20260831T191459Z/configs/gene_knockout_EG12662_succinate.json,/user/home/il22158/work/vEcoli/job/generated_runs/launcher/20260831T191459Z/slurm/gene_knockout_EG12662_succinate.sh
EG12663,with_aa,gene_knockout_EG12663_with_aa,5,13,job/write_for_new_job.py,/user/home/il22158/work/vEcoli/job/generated_runs/launcher/20260831T191459Z/configs/gene_knockout_EG12663_with_aa.json,/user/home/il22158/work/vEcoli/job/generated_runs/launcher/20260831T191459Z/slurm/gene_knockout_EG12663_with_aa.sh
EG12663,acetate,gene_knockout_EG12663_acetate,6,14,job/write_for_new_job.py,/user/home/il22158/work/vEcoli/job/generated_runs/launcher/20260831T191459Z/configs/gene_knockout_EG12663_acetate.json,/user/home/il22158/work/vEcoli/job/generated_runs/launcher/20260831T191459Z/slurm/gene_knockout_EG12663_acetate.sh
EG12663,no_ox,gene_knockout_EG12663_no_ox,6,14,job/write_for_new_job.py,/user/home/il22158/work/vEcoli/job/generated_runs/launcher/20260831T191459Z/configs/gene_knockout_EG12663_no_ox.json,/user/home/il22158/work/vEcoli/job/generated_runs/launcher/20260831T191459Z/slurm/gene_knockout_EG12663_no_ox.sh
EG12663,succinate,gene_knockout_EG12663_succinate,13,20,job/write_for_new_job.py,/user/home/il22158/work/vEcoli/job/generated_runs/launcher/20260831T191459Z/configs/gene_knockout_EG12663_succinate.json,/user/home/il22158/work/vEcoli/job/generated_runs/launcher/20260831T191459Z/slurm/gene_knockout_EG12663_succinate.sh
EG12666,with_aa,gene_knockout_EG12666_with_aa,5,13,job/write_for_new_job.py,/user/home/il22158/work/vEcoli/job/generated_runs/launcher/20260831T191459Z/configs/gene_knockout_EG12666_with_aa.json,/user/home/il22158/work/vEcoli/job/generated_runs/launcher/20260831T191459Z/slurm/gene_knockout_EG12666_with_aa.sh
EG12666,acetate,gene_knockout_EG12666_acetate,6,14,job/write_for_new_job.py,/user/home/il22158/work/vEcoli/job/generated_runs/launcher/20260831T191459Z/configs/gene_knockout_EG12666_acetate.json,/user/home/il22158/work/vEcoli/job/generated_runs/launcher/20260831T191459Z/slurm/gene_knockout_EG12666_acetate.sh
EG12666,no_ox,gene_knockout_EG12666_no_ox,6,14,job/write_for_new_job.py,/user/home/il22158/work/vEcoli/job/generated_runs/launcher/20260831T191459Z/configs/gene_knockout_EG12666_no_ox.json,/user/home/il22158/work/vEcoli/job/generated_runs/launcher/20260831T191459Z/slurm/gene_knockout_EG12666_no_ox.sh
EG12666,succinate,gene_knockout_EG12666_succinate,13,20,job/write_for_new_job.py,/user/home/il22158/work/vEcoli/job/generated_runs/launcher/20260831T191459Z/configs/gene_knockout_EG12666_succinate.json,/user/home/il22158/work/vEcoli/job/generated_runs/launcher/20260831T191459Z/slurm/gene_knockout_EG12666_succinate.sh
EG12712,with_aa,gene_knockout_EG12712_with_aa,5,13,job/write_for_new_job.py,/user/home/il22158/work/vEcoli/job/generated_runs/launcher/20260831T191459Z/configs/gene_knockout_EG12712_with_aa.json,/user/home/il22158/work/vEcoli/job/generated_runs/launcher/20260831T191459Z/slurm/gene_knockout_EG12712_with_aa.sh
EG12712,acetate,gene_knockout_EG12712_acetate,6,14,job/write_for_new_job.py,/user/home/il22158/work/vEcoli/job/generated_runs/launcher/20260831T191459Z/configs/gene_knockout_EG12712_acetate.json,/user/home/il22158/work/vEcoli/job/generated_runs/launcher/20260831T191459Z/slurm/gene_knockout_EG12712_acetate.sh
EG12712,no_ox,gene_knockout_EG12712_no_ox,6,14,job/write_for_new_job.py,/user/home/il22158/work/vEcoli/job/generated_runs/launcher/20260831T191459Z/configs/gene_knockout_EG12712_no_ox.json,/user/home/il22158/work/vEcoli/job/generated_runs/launcher/20260831T191459Z/slurm/gene_knockout_EG12712_no_ox.sh
EG12712,succinate,gene_knockout_EG12712_succinate,13,20,job/write_for_new_job.py,/user/home/il22158/work/vEcoli/job/generated_runs/launcher/20260831T191459Z/configs/gene_knockout_EG12712_succinate.json,/user/home/il22158/work/vEcoli/job/generated_runs/launcher/20260831T191459Z/slurm/gene_knockout_EG12712_succinate.sh
EG12713,with_aa,gene_knockout_EG12713_with_aa,5,13,job/write_for_new_job.py,/user/home/il22158/work/vEcoli/job/generated_runs/launcher/20260831T191459Z/configs/gene_knockout_EG12713_with_aa.json,/user/home/il22158/work/vEcoli/job/generated_runs/launcher/20260831T191459Z/slurm/gene_knockout_EG12713_with_aa.sh
EG12713,acetate,gene_knockout_EG12713_acetate,6,14,job/write_for_new_job.py,/user/home/il22158/work/vEcoli/job/generated_runs/launcher/20260831T191459Z/configs/gene_knockout_EG12713_acetate.json,/user/home/il22158/work/vEcoli/job/generated_runs/launcher/20260831T191459Z/slurm/gene_knockout_EG12713_acetate.sh
EG12713,no_ox,gene_knockout_EG12713_no_ox,6,14,job/write_for_new_job.py,/user/home/il22158/work/vEcoli/job/generated_runs/launcher/20260831T191459Z/configs/gene_knockout_EG12713_no_ox.json,/user/home/il22158/work/vEcoli/job/generated_runs/launcher/20260831T191459Z/slurm/gene_knockout_EG12713_no_ox.sh
EG12713,succinate,gene_knockout_EG12713_succinate,13,20,job/write_for_new_job.py,/user/home/il22158/work/vEcoli/job/generated_runs/launcher/20260831T191459Z/configs/gene_knockout_EG12713_succinate.json,/user/home/il22158/work/vEcoli/job/generated_runs/launcher/20260831T191459Z/slurm/gene_knockout_EG12713_succinate.sh
EG12715,with_aa,gene_knockout_EG12715_with_aa,5,13,job/write_for_new_job.py,/user/home/il22158/work/vEcoli/job/generated_runs/launcher/20260831T191459Z/configs/gene_knockout_EG12715_with_aa.json,/user/home/il22158/work/vEcoli/job/generated_runs/launcher/20260831T191459Z/slurm/gene_knockout_EG12715_with_aa.sh
EG12715,acetate,gene_knockout_EG12715_acetate,6,14,job/write_for_new_job.py,/user/home/il22158/work/vEcoli/job/generated_runs/launcher/20260831T191459Z/configs/gene_knockout_EG12715_acetate.json,/user/home/il22158/work/vEcoli/job/generated_runs/launcher/20260831T191459Z/slurm/gene_knockout_EG12715_acetate.sh
EG12715,no_ox,gene_knockout_EG12715_no_ox,6,14,job/write_for_new_job.py,/user/home/il22158/work/vEcoli/job/generated_runs/launcher/20260831T191459Z/configs/gene_knockout_EG12715_no_ox.json,/user/home/il22158/work/vEcoli/job/generated_runs/launcher/20260831T191459Z/slurm/gene_knockout_EG12715_no_ox.sh
EG12715,succinate,gene_knockout_EG12715_succinate,13,20,job/write_for_new_job.py,/user/home/il22158/work/vEcoli/job/generated_runs/launcher/20260831T191459Z/configs/gene_knockout_EG12715_succinate.json,/user/home/il22158/work/vEcoli/job/generated_runs/launcher/20260831T191459Z/slurm/gene_knockout_EG12715_succinate.sh
EG12957,with_aa,gene_knockout_EG12957_with_aa,5,13,job/write_for_new_job.py,/user/home/il22158/work/vEcoli/job/generated_runs/launcher/20260831T191459Z/configs/gene_knockout_EG12957_with_aa.json,/user/home/il22158/work/vEcoli/job/generated_runs/launcher/20260831T191459Z/slurm/gene_knockout_EG12957_with_aa.sh
EG12957,acetate,gene_knockout_EG12957_acetate,6,14,job/write_for_new_job.py,/user/home/il22158/work/vEcoli/job/generated_runs/launcher/20260831T191459Z/configs/gene_knockout_EG12957_acetate.json,/user/home/il22158/work/vEcoli/job/generated_runs/launcher/20260831T191459Z/slurm/gene_knockout_EG12957_acetate.sh
EG12957,no_ox,gene_knockout_EG12957_no_ox,6,14,job/write_for_new_job.py,/user/home/il22158/work/vEcoli/job/generated_runs/launcher/20260831T191459Z/configs/gene_knockout_EG12957_no_ox.json,/user/home/il22158/work/vEcoli/job/generated_runs/launcher/20260831T191459Z/slurm/gene_knockout_EG12957_no_ox.sh
EG12957,succinate,gene_knockout_EG12957_succinate,13,20,job/write_for_new_job.py,/user/home/il22158/work/vEcoli/job/generated_runs/launcher/20260831T191459Z/configs/gene_knockout_EG12957_succinate.json,/user/home/il22158/work/vEcoli/job/generated_runs/launcher/20260831T191459Z/slurm/gene_knockout_EG12957_succinate.sh
EG20049,with_aa,gene_knockout_EG20049_with_aa,5,13,job/write_for_new_job.py,/user/home/il22158/work/vEcoli/job/generated_runs/launcher/20260831T191459Z/configs/gene_knockout_EG20049_with_aa.json,/user/home/il22158/work/vEcoli/job/generated_runs/launcher/20260831T191459Z/slurm/gene_knockout_EG20049_with_aa.sh
EG20049,acetate,gene_knockout_EG20049_acetate,6,14,job/write_for_new_job.py,/user/home/il22158/work/vEcoli/job/generated_runs/launcher/20260831T191459Z/configs/gene_knockout_EG20049_acetate.json,/user/home/il22158/work/vEcoli/job/generated_runs/launcher/20260831T191459Z/slurm/gene_knockout_EG20049_acetate.sh
EG20049,no_ox,gene_knockout_EG20049_no_ox,6,14,job/write_for_new_job.py,/user/home/il22158/work/vEcoli/job/generated_runs/launcher/20260831T191459Z/configs/gene_knockout_EG20049_no_ox.json,/user/home/il22158/work/vEcoli/job/generated_runs/launcher/20260831T191459Z/slurm/gene_knockout_EG20049_no_ox.sh
EG20049,succinate,gene_knockout_EG20049_succinate,13,20,job/write_for_new_job.py,/user/home/il22158/work/vEcoli/job/generated_runs/launcher/20260831T191459Z/configs/gene_knockout_EG20049_succinate.json,/user/home/il22158/work/vEcoli/job/generated_runs/launcher/20260831T191459Z/slurm/gene_knockout_EG20049_succinate.sh
EG20248,with_aa,gene_knockout_EG20248_with_aa,5,13,job/write_for_new_job.py,/user/home/il22158/work/vEcoli/job/generated_runs/launcher/20260831T191459Z/configs/gene_knockout_EG20248_with_aa.json,/user/home/il22158/work/vEcoli/job/generated_runs/launcher/20260831T191459Z/slurm/gene_knockout_EG20248_with_aa.sh
EG20248,acetate,gene_knockout_EG20248_acetate,6,14,job/write_for_new_job.py,/user/home/il22158/work/vEcoli/job/generated_runs/launcher/20260831T191459Z/configs/gene_knockout_EG20248_acetate.json,/user/home/il22158/work/vEcoli/job/generated_runs/launcher/20260831T191459Z/slurm/gene_knockout_EG20248_acetate.sh
EG20248,no_ox,gene_knockout_EG20248_no_ox,6,14,job/write_for_new_job.py,/user/home/il22158/work/vEcoli/job/generated_runs/launcher/20260831T191459Z/configs/gene_knockout_EG20248_no_ox.json,/user/home/il22158/work/vEcoli/job/generated_runs/launcher/20260831T191459Z/slurm/gene_knockout_EG20248_no_ox.sh
EG20248,succinate,gene_knockout_EG20248_succinate,13,20,job/write_for_new_job.py,/user/home/il22158/work/vEcoli/job/generated_runs/launcher/20260831T191459Z/configs/gene_knockout_EG20248_succinate.json,/user/home/il22158/work/vEcoli/job/generated_runs/launcher/20260831T191459Z/slurm/gene_knockout_EG20248_succinate.sh
EG50001,with_aa,gene_knockout_EG50001_with_aa,5,13,job/write_for_new_job.py,/user/home/il22158/work/vEcoli/job/generated_runs/launcher/20260831T191459Z/configs/gene_knockout_EG50001_with_aa.json,/user/home/il22158/work/vEcoli/job/generated_runs/launcher/20260831T191459Z/slurm/gene_knockout_EG50001_with_aa.sh
EG50001,acetate,gene_knockout_EG50001_acetate,6,14,job/write_for_new_job.py,/user/home/il22158/work/vEcoli/job/generated_runs/launcher/20260831T191459Z/configs/gene_knockout_EG50001_acetate.json,/user/home/il22158/work/vEcoli/job/generated_runs/launcher/20260831T191459Z/slurm/gene_knockout_EG50001_acetate.sh
EG50001,no_ox,gene_knockout_EG50001_no_ox,6,14,job/write_for_new_job.py,/user/home/il22158/work/vEcoli/job/generated_runs/launcher/20260831T191459Z/configs/gene_knockout_EG50001_no_ox.json,/user/home/il22158/work/vEcoli/job/generated_runs/launcher/20260831T191459Z/slurm/gene_knockout_EG50001_no_ox.sh
EG50001,succinate,gene_knockout_EG50001_succinate,13,20,job/write_for_new_job.py,/user/home/il22158/work/vEcoli/job/generated_runs/launcher/20260831T191459Z/configs/gene_knockout_EG50001_succinate.json,/user/home/il22158/work/vEcoli/job/generated_runs/launcher/20260831T191459Z/slurm/gene_knockout_EG50001_succinate.sh
EG50002,with_aa,gene_knockout_EG50002_with_aa,5,13,job/write_for_new_job.py,/user/home/il22158/work/vEcoli/job/generated_runs/launcher/20260831T191459Z/configs/gene_knockout_EG50002_with_aa.json,/user/home/il22158/work/vEcoli/job/generated_runs/launcher/20260831T191459Z/slurm/gene_knockout_EG50002_with_aa.sh
EG50002,acetate,gene_knockout_EG50002_acetate,6,14,job/write_for_new_job.py,/user/home/il22158/work/vEcoli/job/generated_runs/launcher/20260831T191459Z/configs/gene_knockout_EG50002_acetate.json,/user/home/il22158/work/vEcoli/job/generated_runs/launcher/20260831T191459Z/slurm/gene_knockout_EG50002_acetate.sh
EG50002,no_ox,gene_knockout_EG50002_no_ox,6,14,job/write_for_new_job.py,/user/home/il22158/work/vEcoli/job/generated_runs/launcher/20260831T191459Z/configs/gene_knockout_EG50002_no_ox.json,/user/home/il22158/work/vEcoli/job/generated_runs/launcher/20260831T191459Z/slurm/gene_knockout_EG50002_no_ox.sh
EG50002,succinate,gene_knockout_EG50002_succinate,13,20,job/write_for_new_job.py,/user/home/il22158/work/vEcoli/job/generated_runs/launcher/20260831T191459Z/configs/gene_knockout_EG50002_succinate.json,/user/home/il22158/work/vEcoli/job/generated_runs/launcher/20260831T191459Z/slurm/gene_knockout_EG50002_succinate.sh
EG50006,with_aa,gene_knockout_EG50006_with_aa,5,13,job/write_for_new_job.py,/user/home/il22158/work/vEcoli/job/generated_runs/launcher/20260831T191459Z/configs/gene_knockout_EG50006_with_aa.json,/user/home/il22158/work/vEcoli/job/generated_runs/launcher/20260831T191459Z/slurm/gene_knockout_EG50006_with_aa.sh
EG50006,acetate,gene_knockout_EG50006_acetate,6,14,job/write_for_new_job.py,/user/home/il22158/work/vEcoli/job/generated_runs/launcher/20260831T191459Z/configs/gene_knockout_EG50006_acetate.json,/user/home/il22158/work/vEcoli/job/generated_runs/launcher/20260831T191459Z/slurm/gene_knockout_EG50006_acetate.sh
EG50006,no_ox,gene_knockout_EG50006_no_ox,6,14,job/write_for_new_job.py,/user/home/il22158/work/vEcoli/job/generated_runs/launcher/20260831T191459Z/configs/gene_knockout_EG50006_no_ox.json,/user/home/il22158/work/vEcoli/job/generated_runs/launcher/20260831T191459Z/slurm/gene_knockout_EG50006_no_ox.sh
EG50006,succinate,gene_knockout_EG50006_succinate,13,20,job/write_for_new_job.py,/user/home/il22158/work/vEcoli/job/generated_runs/launcher/20260831T191459Z/configs/gene_knockout_EG50006_succinate.json,/user/home/il22158/work/vEcoli/job/generated_runs/launcher/20260831T191459Z/slurm/gene_knockout_EG50006_succinate.sh
EG50011,with_aa,gene_knockout_EG50011_with_aa,5,13,job/write_for_new_job.py,/user/home/il22158/work/vEcoli/job/generated_runs/launcher/20260831T191459Z/configs/gene_knockout_EG50011_with_aa.json,/user/home/il22158/work/vEcoli/job/generated_runs/launcher/20260831T191459Z/slurm/gene_knockout_EG50011_with_aa.sh
EG50011,acetate,gene_knockout_EG50011_acetate,6,14,job/write_for_new_job.py,/user/home/il22158/work/vEcoli/job/generated_runs/launcher/20260831T191459Z/configs/gene_knockout_EG50011_acetate.json,/user/home/il22158/work/vEcoli/job/generated_runs/launcher/20260831T191459Z/slurm/gene_knockout_EG50011_acetate.sh
EG50011,no_ox,gene_knockout_EG50011_no_ox,6,14,job/write_for_new_job.py,/user/home/il22158/work/vEcoli/job/generated_runs/launcher/20260831T191459Z/configs/gene_knockout_EG50011_no_ox.json,/user/home/il22158/work/vEcoli/job/generated_runs/launcher/20260831T191459Z/slurm/gene_knockout_EG50011_no_ox.sh
EG50011,succinate,gene_knockout_EG50011_succinate,13,20,job/write_for_new_job.py,/user/home/il22158/work/vEcoli/job/generated_runs/launcher/20260831T191459Z/configs/gene_knockout_EG50011_succinate.json,/user/home/il22158/work/vEcoli/job/generated_runs/launcher/20260831T191459Z/slurm/gene_knockout_EG50011_succinate.sh
G0-10441,with_aa,gene_knockout_G0-10441_with_aa,5,13,job/write_for_new_job.py,/user/home/il22158/work/vEcoli/job/generated_runs/launcher/20260831T191459Z/configs/gene_knockout_G0-10441_with_aa.json,/user/home/il22158/work/vEcoli/job/generated_runs/launcher/20260831T191459Z/slurm/gene_knockout_G0-10441_with_aa.sh
G0-10441,acetate,gene_knockout_G0-10441_acetate,6,14,job/write_for_new_job.py,/user/home/il22158/work/vEcoli/job/generated_runs/launcher/20260831T191459Z/configs/gene_knockout_G0-10441_acetate.json,/user/home/il22158/work/vEcoli/job/generated_runs/launcher/20260831T191459Z/slurm/gene_knockout_G0-10441_acetate.sh
G0-10441,no_ox,gene_knockout_G0-10441_no_ox,6,14,job/write_for_new_job.py,/user/home/il22158/work/vEcoli/job/generated_runs/launcher/20260831T191459Z/configs/gene_knockout_G0-10441_no_ox.json,/user/home/il22158/work/vEcoli/job/generated_runs/launcher/20260831T191459Z/slurm/gene_knockout_G0-10441_no_ox.sh
G0-10441,succinate,gene_knockout_G0-10441_succinate,13,20,job/write_for_new_job.py,/user/home/il22158/work/vEcoli/job/generated_runs/launcher/20260831T191459Z/configs/gene_knockout_G0-10441_succinate.json,/user/home/il22158/work/vEcoli/job/generated_runs/launcher/20260831T191459Z/slurm/gene_knockout_G0-10441_succinate.sh
G58,with_aa,gene_knockout_G58_with_aa,5,13,job/write_for_new_job.py,/user/home/il22158/work/vEcoli/job/generated_runs/launcher/20260831T191459Z/configs/gene_knockout_G58_with_aa.json,/user/home/il22158/work/vEcoli/job/generated_runs/launcher/20260831T191459Z/slurm/gene_knockout_G58_with_aa.sh
G58,acetate,gene_knockout_G58_acetate,6,14,job/write_for_new_job.py,/user/home/il22158/work/vEcoli/job/generated_runs/launcher/20260831T191459Z/configs/gene_knockout_G58_acetate.json,/user/home/il22158/work/vEcoli/job/generated_runs/launcher/20260831T191459Z/slurm/gene_knockout_G58_acetate.sh
G58,no_ox,gene_knockout_G58_no_ox,6,14,job/write_for_new_job.py,/user/home/il22158/work/vEcoli/job/generated_runs/launcher/20260831T191459Z/configs/gene_knockout_G58_no_ox.json,/user/home/il22158/work/vEcoli/job/generated_runs/launcher/20260831T191459Z/slurm/gene_knockout_G58_no_ox.sh
G58,succinate,gene_knockout_G58_succinate,13,20,job/write_for_new_job.py,/user/home/il22158/work/vEcoli/job/generated_runs/launcher/20260831T191459Z/configs/gene_knockout_G58_succinate.json,/user/home/il22158/work/vEcoli/job/generated_runs/launcher/20260831T191459Z/slurm/gene_knockout_G58_succinate.sh
G6092,with_aa,gene_knockout_G6092_with_aa,5,13,job/write_for_new_job.py,/user/home/il22158/work/vEcoli/job/generated_runs/launcher/20260831T191459Z/configs/gene_knockout_G6092_with_aa.json,/user/home/il22158/work/vEcoli/job/generated_runs/launcher/20260831T191459Z/slurm/gene_knockout_G6092_with_aa.sh
G6092,acetate,gene_knockout_G6092_acetate,6,14,job/write_for_new_job.py,/user/home/il22158/work/vEcoli/job/generated_runs/launcher/20260831T191459Z/configs/gene_knockout_G6092_acetate.json,/user/home/il22158/work/vEcoli/job/generated_runs/launcher/20260831T191459Z/slurm/gene_knockout_G6092_acetate.sh
G6092,no_ox,gene_knockout_G6092_no_ox,6,14,job/write_for_new_job.py,/user/home/il22158/work/vEcoli/job/generated_runs/launcher/20260831T191459Z/configs/gene_knockout_G6092_no_ox.json,/user/home/il22158/work/vEcoli/job/generated_runs/launcher/20260831T191459Z/slurm/gene_knockout_G6092_no_ox.sh
G6092,succinate,gene_knockout_G6092_succinate,13,20,job/write_for_new_job.py,/user/home/il22158/work/vEcoli/job/generated_runs/launcher/20260831T191459Z/configs/gene_knockout_G6092_succinate.json,/user/home/il22158/work/vEcoli/job/generated_runs/launcher/20260831T191459Z/slurm/gene_knockout_G6092_succinate.sh
G6096,with_aa,gene_knockout_G6096_with_aa,5,13,job/write_for_new_job.py,/user/home/il22158/work/vEcoli/job/generated_runs/launcher/20260831T191459Z/configs/gene_knockout_G6096_with_aa.json,/user/home/il22158/work/vEcoli/job/generated_runs/launcher/20260831T191459Z/slurm/gene_knockout_G6096_with_aa.sh
G6096,acetate,gene_knockout_G6096_acetate,6,14,job/write_for_new_job.py,/user/home/il22158/work/vEcoli/job/generated_runs/launcher/20260831T191459Z/configs/gene_knockout_G6096_acetate.json,/user/home/il22158/work/vEcoli/job/generated_runs/launcher/20260831T191459Z/slurm/gene_knockout_G6096_acetate.sh
G6096,no_ox,gene_knockout_G6096_no_ox,6,14,job/write_for_new_job.py,/user/home/il22158/work/vEcoli/job/generated_runs/launcher/20260831T191459Z/configs/gene_knockout_G6096_no_ox.json,/user/home/il22158/work/vEcoli/job/generated_runs/launcher/20260831T191459Z/slurm/gene_knockout_G6096_no_ox.sh
G6096,succinate,gene_knockout_G6096_succinate,13,20,job/write_for_new_job.py,/user/home/il22158/work/vEcoli/job/generated_runs/launcher/20260831T191459Z/configs/gene_knockout_G6096_succinate.json,/user/home/il22158/work/vEcoli/job/generated_runs/launcher/20260831T191459Z/slurm/gene_knockout_G6096_succinate.sh
G6105,with_aa,gene_knockout_G6105_with_aa,5,13,job/write_for_new_job.py,/user/home/il22158/work/vEcoli/job/generated_runs/launcher/20260831T191459Z/configs/gene_knockout_G6105_with_aa.json,/user/home/il22158/work/vEcoli/job/generated_runs/launcher/20260831T191459Z/slurm/gene_knockout_G6105_with_aa.sh
G6105,acetate,gene_knockout_G6105_acetate,6,14,job/write_for_new_job.py,/user/home/il22158/work/vEcoli/job/generated_runs/launcher/20260831T191459Z/configs/gene_knockout_G6105_acetate.json,/user/home/il22158/work/vEcoli/job/generated_runs/launcher/20260831T191459Z/slurm/gene_knockout_G6105_acetate.sh
G6105,no_ox,gene_knockout_G6105_no_ox,6,14,job/write_for_new_job.py,/user/home/il22158/work/vEcoli/job/generated_runs/launcher/20260831T191459Z/configs/gene_knockout_G6105_no_ox.json,/user/home/il22158/work/vEcoli/job/generated_runs/launcher/20260831T191459Z/slurm/gene_knockout_G6105_no_ox.sh
G6105,succinate,gene_knockout_G6105_succinate,13,20,job/write_for_new_job.py,/user/home/il22158/work/vEcoli/job/generated_runs/launcher/20260831T191459Z/configs/gene_knockout_G6105_succinate.json,/user/home/il22158/work/vEcoli/job/generated_runs/launcher/20260831T191459Z/slurm/gene_knockout_G6105_succinate.sh
G6199,with_aa,gene_knockout_G6199_with_aa,5,13,job/write_for_new_job.py,/user/home/il22158/work/vEcoli/job/generated_runs/launcher/20260831T191459Z/configs/gene_knockout_G6199_with_aa.json,/user/home/il22158/work/vEcoli/job/generated_runs/launcher/20260831T191459Z/slurm/gene_knockout_G6199_with_aa.sh
G6199,acetate,gene_knockout_G6199_acetate,6,14,job/write_for_new_job.py,/user/home/il22158/work/vEcoli/job/generated_runs/launcher/20260831T191459Z/configs/gene_knockout_G6199_acetate.json,/user/home/il22158/work/vEcoli/job/generated_runs/launcher/20260831T191459Z/slurm/gene_knockout_G6199_acetate.sh
G6199,no_ox,gene_knockout_G6199_no_ox,6,14,job/write_for_new_job.py,/user/home/il22158/work/vEcoli/job/generated_runs/launcher/20260831T191459Z/configs/gene_knockout_G6199_no_ox.json,/user/home/il22158/work/vEcoli/job/generated_runs/launcher/20260831T191459Z/slurm/gene_knockout_G6199_no_ox.sh
G6199,succinate,gene_knockout_G6199_succinate,13,20,job/write_for_new_job.py,/user/home/il22158/work/vEcoli/job/generated_runs/launcher/20260831T191459Z/configs/gene_knockout_G6199_succinate.json,/user/home/il22158/work/vEcoli/job/generated_runs/launcher/20260831T191459Z/slurm/gene_knockout_G6199_succinate.sh
G6234,with_aa,gene_knockout_G6234_with_aa,5,13,job/write_for_new_job.py,/user/home/il22158/work/vEcoli/job/generated_runs/launcher/20260831T191459Z/configs/gene_knockout_G6234_with_aa.json,/user/home/il22158/work/vEcoli/job/generated_runs/launcher/20260831T191459Z/slurm/gene_knockout_G6234_with_aa.sh
G6234,acetate,gene_knockout_G6234_acetate,6,14,job/write_for_new_job.py,/user/home/il22158/work/vEcoli/job/generated_runs/launcher/20260831T191459Z/configs/gene_knockout_G6234_acetate.json,/user/home/il22158/work/vEcoli/job/generated_runs/launcher/20260831T191459Z/slurm/gene_knockout_G6234_acetate.sh
G6234,no_ox,gene_knockout_G6234_no_ox,6,14,job/write_for_new_job.py,/user/home/il22158/work/vEcoli/job/generated_runs/launcher/20260831T191459Z/configs/gene_knockout_G6234_no_ox.json,/user/home/il22158/work/vEcoli/job/generated_runs/launcher/20260831T191459Z/slurm/gene_knockout_G6234_no_ox.sh
G6234,succinate,gene_knockout_G6234_succinate,13,20,job/write_for_new_job.py,/user/home/il22158/work/vEcoli/job/generated_runs/launcher/20260831T191459Z/configs/gene_knockout_G6234_succinate.json,/user/home/il22158/work/vEcoli/job/generated_runs/launcher/20260831T191459Z/slurm/gene_knockout_G6234_succinate.sh
G6237,with_aa,gene_knockout_G6237_with_aa,5,13,job/write_for_new_job.py,/user/home/il22158/work/vEcoli/job/generated_runs/launcher/20260831T191459Z/configs/gene_knockout_G6237_with_aa.json,/user/home/il22158/work/vEcoli/job/generated_runs/launcher/20260831T191459Z/slurm/gene_knockout_G6237_with_aa.sh
G6237,acetate,gene_knockout_G6237_acetate,6,14,job/write_for_new_job.py,/user/home/il22158/work/vEcoli/job/generated_runs/launcher/20260831T191459Z/configs/gene_knockout_G6237_acetate.json,/user/home/il22158/work/vEcoli/job/generated_runs/launcher/20260831T191459Z/slurm/gene_knockout_G6237_acetate.sh
G6237,no_ox,gene_knockout_G6237_no_ox,6,14,job/write_for_new_job.py,/user/home/il22158/work/vEcoli/job/generated_runs/launcher/20260831T191459Z/configs/gene_knockout_G6237_no_ox.json,/user/home/il22158/work/vEcoli/job/generated_runs/launcher/20260831T191459Z/slurm/gene_knockout_G6237_no_ox.sh
G6237,succinate,gene_knockout_G6237_succinate,13,20,job/write_for_new_job.py,/user/home/il22158/work/vEcoli/job/generated_runs/launcher/20260831T191459Z/configs/gene_knockout_G6237_succinate.json,/user/home/il22158/work/vEcoli/job/generated_runs/launcher/20260831T191459Z/slurm/gene_knockout_G6237_succinate.sh
G6239,with_aa,gene_knockout_G6239_with_aa,5,13,job/write_for_new_job.py,/user/home/il22158/work/vEcoli/job/generated_runs/launcher/20260831T191459Z/configs/gene_knockout_G6239_with_aa.json,/user/home/il22158/work/vEcoli/job/generated_runs/launcher/20260831T191459Z/slurm/gene_knockout_G6239_with_aa.sh
G6239,acetate,gene_knockout_G6239_acetate,6,14,job/write_for_new_job.py,/user/home/il22158/work/vEcoli/job/generated_runs/launcher/20260831T191459Z/configs/gene_knockout_G6239_acetate.json,/user/home/il22158/work/vEcoli/job/generated_runs/launcher/20260831T191459Z/slurm/gene_knockout_G6239_acetate.sh
G6239,no_ox,gene_knockout_G6239_no_ox,6,14,job/write_for_new_job.py,/user/home/il22158/work/vEcoli/job/generated_runs/launcher/20260831T191459Z/configs/gene_knockout_G6239_no_ox.json,/user/home/il22158/work/vEcoli/job/generated_runs/launcher/20260831T191459Z/slurm/gene_knockout_G6239_no_ox.sh
G6239,succinate,gene_knockout_G6239_succinate,13,20,job/write_for_new_job.py,/user/home/il22158/work/vEcoli/job/generated_runs/launcher/20260831T191459Z/configs/gene_knockout_G6239_succinate.json,/user/home/il22158/work/vEcoli/job/generated_runs/launcher/20260831T191459Z/slurm/gene_knockout_G6239_succinate.sh
G6261,with_aa,gene_knockout_G6261_with_aa,5,13,job/write_for_new_job.py,/user/home/il22158/work/vEcoli/job/generated_runs/launcher/20260831T191459Z/configs/gene_knockout_G6261_with_aa.json,/user/home/il22158/work/vEcoli/job/generated_runs/launcher/20260831T191459Z/slurm/gene_knockout_G6261_with_aa.sh
G6261,acetate,gene_knockout_G6261_acetate,6,14,job/write_for_new_job.py,/user/home/il22158/work/vEcoli/job/generated_runs/launcher/20260831T191459Z/configs/gene_knockout_G6261_acetate.json,/user/home/il22158/work/vEcoli/job/generated_runs/launcher/20260831T191459Z/slurm/gene_knockout_G6261_acetate.sh
G6261,no_ox,gene_knockout_G6261_no_ox,6,14,job/write_for_new_job.py,/user/home/il22158/work/vEcoli/job/generated_runs/launcher/20260831T191459Z/configs/gene_knockout_G6261_no_ox.json,/user/home/il22158/work/vEcoli/job/generated_runs/launcher/20260831T191459Z/slurm/gene_knockout_G6261_no_ox.sh
G6261,succinate,gene_knockout_G6261_succinate,13,20,job/write_for_new_job.py,/user/home/il22158/work/vEcoli/job/generated_runs/launcher/20260831T191459Z/configs/gene_knockout_G6261_succinate.json,/user/home/il22158/work/vEcoli/job/generated_runs/launcher/20260831T191459Z/slurm/gene_knockout_G6261_succinate.sh
G6269,with_aa,gene_knockout_G6269_with_aa,5,13,job/write_for_new_job.py,/user/home/il22158/work/vEcoli/job/generated_runs/launcher/20260831T191459Z/configs/gene_knockout_G6269_with_aa.json,/user/home/il22158/work/vEcoli/job/generated_runs/launcher/20260831T191459Z/slurm/gene_knockout_G6269_with_aa.sh
G6269,acetate,gene_knockout_G6269_acetate,6,14,job/write_for_new_job.py,/user/home/il22158/work/vEcoli/job/generated_runs/launcher/20260831T191459Z/configs/gene_knockout_G6269_acetate.json,/user/home/il22158/work/vEcoli/job/generated_runs/launcher/20260831T191459Z/slurm/gene_knockout_G6269_acetate.sh
G6269,no_ox,gene_knockout_G6269_no_ox,6,14,job/write_for_new_job.py,/user/home/il22158/work/vEcoli/job/generated_runs/launcher/20260831T191459Z/configs/gene_knockout_G6269_no_ox.json,/user/home/il22158/work/vEcoli/job/generated_runs/launcher/20260831T191459Z/slurm/gene_knockout_G6269_no_ox.sh
G6269,succinate,gene_knockout_G6269_succinate,13,20,job/write_for_new_job.py,/user/home/il22158/work/vEcoli/job/generated_runs/launcher/20260831T191459Z/configs/gene_knockout_G6269_succinate.json,/user/home/il22158/work/vEcoli/job/generated_runs/launcher/20260831T191459Z/slurm/gene_knockout_G6269_succinate.sh
G6283,with_aa,gene_knockout_G6283_with_aa,5,13,job/write_for_new_job.py,/user/home/il22158/work/vEcoli/job/generated_runs/launcher/20260831T191459Z/configs/gene_knockout_G6283_with_aa.json,/user/home/il22158/work/vEcoli/job/generated_runs/launcher/20260831T191459Z/slurm/gene_knockout_G6283_with_aa.sh
G6283,acetate,gene_knockout_G6283_acetate,6,14,job/write_for_new_job.py,/user/home/il22158/work/vEcoli/job/generated_runs/launcher/20260831T191459Z/configs/gene_knockout_G6283_acetate.json,/user/home/il22158/work/vEcoli/job/generated_runs/launcher/20260831T191459Z/slurm/gene_knockout_G6283_acetate.sh
G6283,no_ox,gene_knockout_G6283_no_ox,6,14,job/write_for_new_job.py,/user/home/il22158/work/vEcoli/job/generated_runs/launcher/20260831T191459Z/configs/gene_knockout_G6283_no_ox.json,/user/home/il22158/work/vEcoli/job/generated_runs/launcher/20260831T191459Z/slurm/gene_knockout_G6283_no_ox.sh
G6283,succinate,gene_knockout_G6283_succinate,13,20,job/write_for_new_job.py,/user/home/il22158/work/vEcoli/job/generated_runs/launcher/20260831T191459Z/configs/gene_knockout_G6283_succinate.json,/user/home/il22158/work/vEcoli/job/generated_runs/launcher/20260831T191459Z/slurm/gene_knockout_G6283_succinate.sh
G6364,with_aa,gene_knockout_G6364_with_aa,5,13,job/write_for_new_job.py,/user/home/il22158/work/vEcoli/job/generated_runs/launcher/20260831T191459Z/configs/gene_knockout_G6364_with_aa.json,/user/home/il22158/work/vEcoli/job/generated_runs/launcher/20260831T191459Z/slurm/gene_knockout_G6364_with_aa.sh
G6364,acetate,gene_knockout_G6364_acetate,6,14,job/write_for_new_job.py,/user/home/il22158/work/vEcoli/job/generated_runs/launcher/20260831T191459Z/configs/gene_knockout_G6364_acetate.json,/user/home/il22158/work/vEcoli/job/generated_runs/launcher/20260831T191459Z/slurm/gene_knockout_G6364_acetate.sh
G6364,no_ox,gene_knockout_G6364_no_ox,6,14,job/write_for_new_job.py,/user/home/il22158/work/vEcoli/job/generated_runs/launcher/20260831T191459Z/configs/gene_knockout_G6364_no_ox.json,/user/home/il22158/work/vEcoli/job/generated_runs/launcher/20260831T191459Z/slurm/gene_knockout_G6364_no_ox.sh
G6364,succinate,gene_knockout_G6364_succinate,13,20,job/write_for_new_job.py,/user/home/il22158/work/vEcoli/job/generated_runs/launcher/20260831T191459Z/configs/gene_knockout_G6364_succinate.json,/user/home/il22158/work/vEcoli/job/generated_runs/launcher/20260831T191459Z/slurm/gene_knockout_G6364_succinate.sh
G6397,with_aa,gene_knockout_G6397_with_aa,5,13,job/write_for_new_job.py,/user/home/il22158/work/vEcoli/job/generated_runs/launcher/20260831T191459Z/configs/gene_knockout_G6397_with_aa.json,/user/home/il22158/work/vEcoli/job/generated_runs/launcher/20260831T191459Z/slurm/gene_knockout_G6397_with_aa.sh
G6397,acetate,gene_knockout_G6397_acetate,6,14,job/write_for_new_job.py,/user/home/il22158/work/vEcoli/job/generated_runs/launcher/20260831T191459Z/configs/gene_knockout_G6397_acetate.json,/user/home/il22158/work/vEcoli/job/generated_runs/launcher/20260831T191459Z/slurm/gene_knockout_G6397_acetate.sh
G6397,no_ox,gene_knockout_G6397_no_ox,6,14,job/write_for_new_job.py,/user/home/il22158/work/vEcoli/job/generated_runs/launcher/20260831T191459Z/configs/gene_knockout_G6397_no_ox.json,/user/home/il22158/work/vEcoli/job/generated_runs/launcher/20260831T191459Z/slurm/gene_knockout_G6397_no_ox.sh
G6397,succinate,gene_knockout_G6397_succinate,13,20,job/write_for_new_job.py,/user/home/il22158/work/vEcoli/job/generated_runs/launcher/20260831T191459Z/configs/gene_knockout_G6397_succinate.json,/user/home/il22158/work/vEcoli/job/generated_runs/launcher/20260831T191459Z/slurm/gene_knockout_G6397_succinate.sh
G6437,with_aa,gene_knockout_G6437_with_aa,5,13,job/write_for_new_job.py,/user/home/il22158/work/vEcoli/job/generated_runs/launcher/20260831T191459Z/configs/gene_knockout_G6437_with_aa.json,/user/home/il22158/work/vEcoli/job/generated_runs/launcher/20260831T191459Z/slurm/gene_knockout_G6437_with_aa.sh
G6437,acetate,gene_knockout_G6437_acetate,6,14,job/write_for_new_job.py,/user/home/il22158/work/vEcoli/job/generated_runs/launcher/20260831T191459Z/configs/gene_knockout_G6437_acetate.json,/user/home/il22158/work/vEcoli/job/generated_runs/launcher/20260831T191459Z/slurm/gene_knockout_G6437_acetate.sh
G6437,no_ox,gene_knockout_G6437_no_ox,6,14,job/write_for_new_job.py,/user/home/il22158/work/vEcoli/job/generated_runs/launcher/20260831T191459Z/configs/gene_knockout_G6437_no_ox.json,/user/home/il22158/work/vEcoli/job/generated_runs/launcher/20260831T191459Z/slurm/gene_knockout_G6437_no_ox.sh
G6437,succinate,gene_knockout_G6437_succinate,13,20,job/write_for_new_job.py,/user/home/il22158/work/vEcoli/job/generated_runs/launcher/20260831T191459Z/configs/gene_knockout_G6437_succinate.json,/user/home/il22158/work/vEcoli/job/generated_runs/launcher/20260831T191459Z/slurm/gene_knockout_G6437_succinate.sh
G6442,with_aa,gene_knockout_G6442_with_aa,5,13,job/write_for_new_job.py,/user/home/il22158/work/vEcoli/job/generated_runs/launcher/20260831T191459Z/configs/gene_knockout_G6442_with_aa.json,/user/home/il22158/work/vEcoli/job/generated_runs/launcher/20260831T191459Z/slurm/gene_knockout_G6442_with_aa.sh
G6442,acetate,gene_knockout_G6442_acetate,6,14,job/write_for_new_job.py,/user/home/il22158/work/vEcoli/job/generated_runs/launcher/20260831T191459Z/configs/gene_knockout_G6442_acetate.json,/user/home/il22158/work/vEcoli/job/generated_runs/launcher/20260831T191459Z/slurm/gene_knockout_G6442_acetate.sh
G6442,no_ox,gene_knockout_G6442_no_ox,6,14,job/write_for_new_job.py,/user/home/il22158/work/vEcoli/job/generated_runs/launcher/20260831T191459Z/configs/gene_knockout_G6442_no_ox.json,/user/home/il22158/work/vEcoli/job/generated_runs/launcher/20260831T191459Z/slurm/gene_knockout_G6442_no_ox.sh
G6442,succinate,gene_knockout_G6442_succinate,13,20,job/write_for_new_job.py,/user/home/il22158/work/vEcoli/job/generated_runs/launcher/20260831T191459Z/configs/gene_knockout_G6442_succinate.json,/user/home/il22158/work/vEcoli/job/generated_runs/launcher/20260831T191459Z/slurm/gene_knockout_G6442_succinate.sh
G6468,with_aa,gene_knockout_G6468_with_aa,5,13,job/write_for_new_job.py,/user/home/il22158/work/vEcoli/job/generated_runs/launcher/20260831T191459Z/configs/gene_knockout_G6468_with_aa.json,/user/home/il22158/work/vEcoli/job/generated_runs/launcher/20260831T191459Z/slurm/gene_knockout_G6468_with_aa.sh
G6468,acetate,gene_knockout_G6468_acetate,6,14,job/write_for_new_job.py,/user/home/il22158/work/vEcoli/job/generated_runs/launcher/20260831T191459Z/configs/gene_knockout_G6468_acetate.json,/user/home/il22158/work/vEcoli/job/generated_runs/launcher/20260831T191459Z/slurm/gene_knockout_G6468_acetate.sh
G6468,no_ox,gene_knockout_G6468_no_ox,6,14,job/write_for_new_job.py,/user/home/il22158/work/vEcoli/job/generated_runs/launcher/20260831T191459Z/configs/gene_knockout_G6468_no_ox.json,/user/home/il22158/work/vEcoli/job/generated_runs/launcher/20260831T191459Z/slurm/gene_knockout_G6468_no_ox.sh
G6468,succinate,gene_knockout_G6468_succinate,13,20,job/write_for_new_job.py,/user/home/il22158/work/vEcoli/job/generated_runs/launcher/20260831T191459Z/configs/gene_knockout_G6468_succinate.json,/user/home/il22158/work/vEcoli/job/generated_runs/launcher/20260831T191459Z/slurm/gene_knockout_G6468_succinate.sh
G6497,with_aa,gene_knockout_G6497_with_aa,5,13,job/write_for_new_job.py,/user/home/il22158/work/vEcoli/job/generated_runs/launcher/20260831T191459Z/configs/gene_knockout_G6497_with_aa.json,/user/home/il22158/work/vEcoli/job/generated_runs/launcher/20260831T191459Z/slurm/gene_knockout_G6497_with_aa.sh
G6497,acetate,gene_knockout_G6497_acetate,6,14,job/write_for_new_job.py,/user/home/il22158/work/vEcoli/job/generated_runs/launcher/20260831T191459Z/configs/gene_knockout_G6497_acetate.json,/user/home/il22158/work/vEcoli/job/generated_runs/launcher/20260831T191459Z/slurm/gene_knockout_G6497_acetate.sh
G6497,no_ox,gene_knockout_G6497_no_ox,6,14,job/write_for_new_job.py,/user/home/il22158/work/vEcoli/job/generated_runs/launcher/20260831T191459Z/configs/gene_knockout_G6497_no_ox.json,/user/home/il22158/work/vEcoli/job/generated_runs/launcher/20260831T191459Z/slurm/gene_knockout_G6497_no_ox.sh
G6497,succinate,gene_knockout_G6497_succinate,13,20,job/write_for_new_job.py,/user/home/il22158/work/vEcoli/job/generated_runs/launcher/20260831T191459Z/configs/gene_knockout_G6497_succinate.json,/user/home/il22158/work/vEcoli/job/generated_runs/launcher/20260831T191459Z/slurm/gene_knockout_G6497_succinate.sh
G6503,with_aa,gene_knockout_G6503_with_aa,5,13,job/write_for_new_job.py,/user/home/il22158/work/vEcoli/job/generated_runs/launcher/20260831T191459Z/configs/gene_knockout_G6503_with_aa.json,/user/home/il22158/work/vEcoli/job/generated_runs/launcher/20260831T191459Z/slurm/gene_knockout_G6503_with_aa.sh
G6503,acetate,gene_knockout_G6503_acetate,6,14,job/write_for_new_job.py,/user/home/il22158/work/vEcoli/job/generated_runs/launcher/20260831T191459Z/configs/gene_knockout_G6503_acetate.json,/user/home/il22158/work/vEcoli/job/generated_runs/launcher/20260831T191459Z/slurm/gene_knockout_G6503_acetate.sh
G6503,no_ox,gene_knockout_G6503_no_ox,6,14,job/write_for_new_job.py,/user/home/il22158/work/vEcoli/job/generated_runs/launcher/20260831T191459Z/configs/gene_knockout_G6503_no_ox.json,/user/home/il22158/work/vEcoli/job/generated_runs/launcher/20260831T191459Z/slurm/gene_knockout_G6503_no_ox.sh
G6503,succinate,gene_knockout_G6503_succinate,13,20,job/write_for_new_job.py,/user/home/il22158/work/vEcoli/job/generated_runs/launcher/20260831T191459Z/configs/gene_knockout_G6503_succinate.json,/user/home/il22158/work/vEcoli/job/generated_runs/launcher/20260831T191459Z/slurm/gene_knockout_G6503_succinate.sh
G6517,with_aa,gene_knockout_G6517_with_aa,5,13,job/write_for_new_job.py,/user/home/il22158/work/vEcoli/job/generated_runs/launcher/20260831T191459Z/configs/gene_knockout_G6517_with_aa.json,/user/home/il22158/work/vEcoli/job/generated_runs/launcher/20260831T191459Z/slurm/gene_knockout_G6517_with_aa.sh
G6517,acetate,gene_knockout_G6517_acetate,6,14,job/write_for_new_job.py,/user/home/il22158/work/vEcoli/job/generated_runs/launcher/20260831T191459Z/configs/gene_knockout_G6517_acetate.json,/user/home/il22158/work/vEcoli/job/generated_runs/launcher/20260831T191459Z/slurm/gene_knockout_G6517_acetate.sh
G6517,no_ox,gene_knockout_G6517_no_ox,6,14,job/write_for_new_job.py,/user/home/il22158/work/vEcoli/job/generated_runs/launcher/20260831T191459Z/configs/gene_knockout_G6517_no_ox.json,/user/home/il22158/work/vEcoli/job/generated_runs/launcher/20260831T191459Z/slurm/gene_knockout_G6517_no_ox.sh
G6517,succinate,gene_knockout_G6517_succinate,13,20,job/write_for_new_job.py,/user/home/il22158/work/vEcoli/job/generated_runs/launcher/20260831T191459Z/configs/gene_knockout_G6517_succinate.json,/user/home/il22158/work/vEcoli/job/generated_runs/launcher/20260831T191459Z/slurm/gene_knockout_G6517_succinate.sh
G6561,with_aa,gene_knockout_G6561_with_aa,5,13,job/write_for_new_job.py,/user/home/il22158/work/vEcoli/job/generated_runs/launcher/20260831T191459Z/configs/gene_knockout_G6561_with_aa.json,/user/home/il22158/work/vEcoli/job/generated_runs/launcher/20260831T191459Z/slurm/gene_knockout_G6561_with_aa.sh
G6561,acetate,gene_knockout_G6561_acetate,6,14,job/write_for_new_job.py,/user/home/il22158/work/vEcoli/job/generated_runs/launcher/20260831T191459Z/configs/gene_knockout_G6561_acetate.json,/user/home/il22158/work/vEcoli/job/generated_runs/launcher/20260831T191459Z/slurm/gene_knockout_G6561_acetate.sh
G6561,no_ox,gene_knockout_G6561_no_ox,6,14,job/write_for_new_job.py,/user/home/il22158/work/vEcoli/job/generated_runs/launcher/20260831T191459Z/configs/gene_knockout_G6561_no_ox.json,/user/home/il22158/work/vEcoli/job/generated_runs/launcher/20260831T191459Z/slurm/gene_knockout_G6561_no_ox.sh
G6561,succinate,gene_knockout_G6561_succinate,13,20,job/write_for_new_job.py,/user/home/il22158/work/vEcoli/job/generated_runs/launcher/20260831T191459Z/configs/gene_knockout_G6561_succinate.json,/user/home/il22158/work/vEcoli/job/generated_runs/launcher/20260831T191459Z/slurm/gene_knockout_G6561_succinate.sh
G6626,with_aa,gene_knockout_G6626_with_aa,5,13,job/write_for_new_job.py,/user/home/il22158/work/vEcoli/job/generated_runs/launcher/20260831T191459Z/configs/gene_knockout_G6626_with_aa.json,/user/home/il22158/work/vEcoli/job/generated_runs/launcher/20260831T191459Z/slurm/gene_knockout_G6626_with_aa.sh
G6626,acetate,gene_knockout_G6626_acetate,6,14,job/write_for_new_job.py,/user/home/il22158/work/vEcoli/job/generated_runs/launcher/20260831T191459Z/configs/gene_knockout_G6626_acetate.json,/user/home/il22158/work/vEcoli/job/generated_runs/launcher/20260831T191459Z/slurm/gene_knockout_G6626_acetate.sh
G6626,no_ox,gene_knockout_G6626_no_ox,6,14,job/write_for_new_job.py,/user/home/il22158/work/vEcoli/job/generated_runs/launcher/20260831T191459Z/configs/gene_knockout_G6626_no_ox.json,/user/home/il22158/work/vEcoli/job/generated_runs/launcher/20260831T191459Z/slurm/gene_knockout_G6626_no_ox.sh
G6626,succinate,gene_knockout_G6626_succinate,13,20,job/write_for_new_job.py,/user/home/il22158/work/vEcoli/job/generated_runs/launcher/20260831T191459Z/configs/gene_knockout_G6626_succinate.json,/user/home/il22158/work/vEcoli/job/generated_runs/launcher/20260831T191459Z/slurm/gene_knockout_G6626_succinate.sh
G6627,with_aa,gene_knockout_G6627_with_aa,5,13,job/write_for_new_job.py,/user/home/il22158/work/vEcoli/job/generated_runs/launcher/20260831T191459Z/configs/gene_knockout_G6627_with_aa.json,/user/home/il22158/work/vEcoli/job/generated_runs/launcher/20260831T191459Z/slurm/gene_knockout_G6627_with_aa.sh
G6627,acetate,gene_knockout_G6627_acetate,6,14,job/write_for_new_job.py,/user/home/il22158/work/vEcoli/job/generated_runs/launcher/20260831T191459Z/configs/gene_knockout_G6627_acetate.json,/user/home/il22158/work/vEcoli/job/generated_runs/launcher/20260831T191459Z/slurm/gene_knockout_G6627_acetate.sh
G6627,no_ox,gene_knockout_G6627_no_ox,6,14,job/write_for_new_job.py,/user/home/il22158/work/vEcoli/job/generated_runs/launcher/20260831T191459Z/configs/gene_knockout_G6627_no_ox.json,/user/home/il22158/work/vEcoli/job/generated_runs/launcher/20260831T191459Z/slurm/gene_knockout_G6627_no_ox.sh
G6627,succinate,gene_knockout_G6627_succinate,13,20,job/write_for_new_job.py,/user/home/il22158/work/vEcoli/job/generated_runs/launcher/20260831T191459Z/configs/gene_knockout_G6627_succinate.json,/user/home/il22158/work/vEcoli/job/generated_runs/launcher/20260831T191459Z/slurm/gene_knockout_G6627_succinate.sh
G6643,with_aa,gene_knockout_G6643_with_aa,5,13,job/write_for_new_job.py,/user/home/il22158/work/vEcoli/job/generated_runs/launcher/20260831T191459Z/configs/gene_knockout_G6643_with_aa.json,/user/home/il22158/work/vEcoli/job/generated_runs/launcher/20260831T191459Z/slurm/gene_knockout_G6643_with_aa.sh
G6643,acetate,gene_knockout_G6643_acetate,6,14,job/write_for_new_job.py,/user/home/il22158/work/vEcoli/job/generated_runs/launcher/20260831T191459Z/configs/gene_knockout_G6643_acetate.json,/user/home/il22158/work/vEcoli/job/generated_runs/launcher/20260831T191459Z/slurm/gene_knockout_G6643_acetate.sh
G6643,no_ox,gene_knockout_G6643_no_ox,6,14,job/write_for_new_job.py,/user/home/il22158/work/vEcoli/job/generated_runs/launcher/20260831T191459Z/configs/gene_knockout_G6643_no_ox.json,/user/home/il22158/work/vEcoli/job/generated_runs/launcher/20260831T191459Z/slurm/gene_knockout_G6643_no_ox.sh
G6643,succinate,gene_knockout_G6643_succinate,13,20,job/write_for_new_job.py,/user/home/il22158/work/vEcoli/job/generated_runs/launcher/20260831T191459Z/configs/gene_knockout_G6643_succinate.json,/user/home/il22158/work/vEcoli/job/generated_runs/launcher/20260831T191459Z/slurm/gene_knockout_G6643_succinate.sh
G6662,with_aa,gene_knockout_G6662_with_aa,5,13,job/write_for_new_job.py,/user/home/il22158/work/vEcoli/job/generated_runs/launcher/20260831T191459Z/configs/gene_knockout_G6662_with_aa.json,/user/home/il22158/work/vEcoli/job/generated_runs/launcher/20260831T191459Z/slurm/gene_knockout_G6662_with_aa.sh
G6662,acetate,gene_knockout_G6662_acetate,6,14,job/write_for_new_job.py,/user/home/il22158/work/vEcoli/job/generated_runs/launcher/20260831T191459Z/configs/gene_knockout_G6662_acetate.json,/user/home/il22158/work/vEcoli/job/generated_runs/launcher/20260831T191459Z/slurm/gene_knockout_G6662_acetate.sh
G6662,no_ox,gene_knockout_G6662_no_ox,6,14,job/write_for_new_job.py,/user/home/il22158/work/vEcoli/job/generated_runs/launcher/20260831T191459Z/configs/gene_knockout_G6662_no_ox.json,/user/home/il22158/work/vEcoli/job/generated_runs/launcher/20260831T191459Z/slurm/gene_knockout_G6662_no_ox.sh
G6662,succinate,gene_knockout_G6662_succinate,13,20,job/write_for_new_job.py,/user/home/il22158/work/vEcoli/job/generated_runs/launcher/20260831T191459Z/configs/gene_knockout_G6662_succinate.json,/user/home/il22158/work/vEcoli/job/generated_runs/launcher/20260831T191459Z/slurm/gene_knockout_G6662_succinate.sh
G6701,with_aa,gene_knockout_G6701_with_aa,5,13,job/write_for_new_job.py,/user/home/il22158/work/vEcoli/job/generated_runs/launcher/20260831T191459Z/configs/gene_knockout_G6701_with_aa.json,/user/home/il22158/work/vEcoli/job/generated_runs/launcher/20260831T191459Z/slurm/gene_knockout_G6701_with_aa.sh
G6701,acetate,gene_knockout_G6701_acetate,6,14,job/write_for_new_job.py,/user/home/il22158/work/vEcoli/job/generated_runs/launcher/20260831T191459Z/configs/gene_knockout_G6701_acetate.json,/user/home/il22158/work/vEcoli/job/generated_runs/launcher/20260831T191459Z/slurm/gene_knockout_G6701_acetate.sh
G6701,no_ox,gene_knockout_G6701_no_ox,6,14,job/write_for_new_job.py,/user/home/il22158/work/vEcoli/job/generated_runs/launcher/20260831T191459Z/configs/gene_knockout_G6701_no_ox.json,/user/home/il22158/work/vEcoli/job/generated_runs/launcher/20260831T191459Z/slurm/gene_knockout_G6701_no_ox.sh
G6701,succinate,gene_knockout_G6701_succinate,13,20,job/write_for_new_job.py,/user/home/il22158/work/vEcoli/job/generated_runs/launcher/20260831T191459Z/configs/gene_knockout_G6701_succinate.json,/user/home/il22158/work/vEcoli/job/generated_runs/launcher/20260831T191459Z/slurm/gene_knockout_G6701_succinate.sh
G6709,with_aa,gene_knockout_G6709_with_aa,5,13,job/write_for_new_job.py,/user/home/il22158/work/vEcoli/job/generated_runs/launcher/20260831T191459Z/configs/gene_knockout_G6709_with_aa.json,/user/home/il22158/work/vEcoli/job/generated_runs/launcher/20260831T191459Z/slurm/gene_knockout_G6709_with_aa.sh
G6709,acetate,gene_knockout_G6709_acetate,6,14,job/write_for_new_job.py,/user/home/il22158/work/vEcoli/job/generated_runs/launcher/20260831T191459Z/configs/gene_knockout_G6709_acetate.json,/user/home/il22158/work/vEcoli/job/generated_runs/launcher/20260831T191459Z/slurm/gene_knockout_G6709_acetate.sh
G6709,no_ox,gene_knockout_G6709_no_ox,6,14,job/write_for_new_job.py,/user/home/il22158/work/vEcoli/job/generated_runs/launcher/20260831T191459Z/configs/gene_knockout_G6709_no_ox.json,/user/home/il22158/work/vEcoli/job/generated_runs/launcher/20260831T191459Z/slurm/gene_knockout_G6709_no_ox.sh
G6709,succinate,gene_knockout_G6709_succinate,13,20,job/write_for_new_job.py,/user/home/il22158/work/vEcoli/job/generated_runs/launcher/20260831T191459Z/configs/gene_knockout_G6709_succinate.json,/user/home/il22158/work/vEcoli/job/generated_runs/launcher/20260831T191459Z/slurm/gene_knockout_G6709_succinate.sh
G6710,with_aa,gene_knockout_G6710_with_aa,5,13,job/write_for_new_job.py,/user/home/il22158/work/vEcoli/job/generated_runs/launcher/20260831T191459Z/configs/gene_knockout_G6710_with_aa.json,/user/home/il22158/work/vEcoli/job/generated_runs/launcher/20260831T191459Z/slurm/gene_knockout_G6710_with_aa.sh
G6710,acetate,gene_knockout_G6710_acetate,6,14,job/write_for_new_job.py,/user/home/il22158/work/vEcoli/job/generated_runs/launcher/20260831T191459Z/configs/gene_knockout_G6710_acetate.json,/user/home/il22158/work/vEcoli/job/generated_runs/launcher/20260831T191459Z/slurm/gene_knockout_G6710_acetate.sh
G6710,no_ox,gene_knockout_G6710_no_ox,6,14,job/write_for_new_job.py,/user/home/il22158/work/vEcoli/job/generated_runs/launcher/20260831T191459Z/configs/gene_knockout_G6710_no_ox.json,/user/home/il22158/work/vEcoli/job/generated_runs/launcher/20260831T191459Z/slurm/gene_knockout_G6710_no_ox.sh
G6710,succinate,gene_knockout_G6710_succinate,13,20,job/write_for_new_job.py,/user/home/il22158/work/vEcoli/job/generated_runs/launcher/20260831T191459Z/configs/gene_knockout_G6710_succinate.json,/user/home/il22158/work/vEcoli/job/generated_runs/launcher/20260831T191459Z/slurm/gene_knockout_G6710_succinate.sh
G6711,with_aa,gene_knockout_G6711_with_aa,5,13,job/write_for_new_job.py,/user/home/il22158/work/vEcoli/job/generated_runs/launcher/20260831T191459Z/configs/gene_knockout_G6711_with_aa.json,/user/home/il22158/work/vEcoli/job/generated_runs/launcher/20260831T191459Z/slurm/gene_knockout_G6711_with_aa.sh
G6711,acetate,gene_knockout_G6711_acetate,6,14,job/write_for_new_job.py,/user/home/il22158/work/vEcoli/job/generated_runs/launcher/20260831T191459Z/configs/gene_knockout_G6711_acetate.json,/user/home/il22158/work/vEcoli/job/generated_runs/launcher/20260831T191459Z/slurm/gene_knockout_G6711_acetate.sh
G6711,no_ox,gene_knockout_G6711_no_ox,6,14,job/write_for_new_job.py,/user/home/il22158/work/vEcoli/job/generated_runs/launcher/20260831T191459Z/configs/gene_knockout_G6711_no_ox.json,/user/home/il22158/work/vEcoli/job/generated_runs/launcher/20260831T191459Z/slurm/gene_knockout_G6711_no_ox.sh
G6711,succinate,gene_knockout_G6711_succinate,13,20,job/write_for_new_job.py,/user/home/il22158/work/vEcoli/job/generated_runs/launcher/20260831T191459Z/configs/gene_knockout_G6711_succinate.json,/user/home/il22158/work/vEcoli/job/generated_runs/launcher/20260831T191459Z/slurm/gene_knockout_G6711_succinate.sh
G6731,with_aa,gene_knockout_G6731_with_aa,5,13,job/write_for_new_job.py,/user/home/il22158/work/vEcoli/job/generated_runs/launcher/20260831T191459Z/configs/gene_knockout_G6731_with_aa.json,/user/home/il22158/work/vEcoli/job/generated_runs/launcher/20260831T191459Z/slurm/gene_knockout_G6731_with_aa.sh
G6731,acetate,gene_knockout_G6731_acetate,6,14,job/write_for_new_job.py,/user/home/il22158/work/vEcoli/job/generated_runs/launcher/20260831T191459Z/configs/gene_knockout_G6731_acetate.json,/user/home/il22158/work/vEcoli/job/generated_runs/launcher/20260831T191459Z/slurm/gene_knockout_G6731_acetate.sh
G6731,no_ox,gene_knockout_G6731_no_ox,6,14,job/write_for_new_job.py,/user/home/il22158/work/vEcoli/job/generated_runs/launcher/20260831T191459Z/configs/gene_knockout_G6731_no_ox.json,/user/home/il22158/work/vEcoli/job/generated_runs/launcher/20260831T191459Z/slurm/gene_knockout_G6731_no_ox.sh
G6731,succinate,gene_knockout_G6731_succinate,13,20,job/write_for_new_job.py,/user/home/il22158/work/vEcoli/job/generated_runs/launcher/20260831T191459Z/configs/gene_knockout_G6731_succinate.json,/user/home/il22158/work/vEcoli/job/generated_runs/launcher/20260831T191459Z/slurm/gene_knockout_G6731_succinate.sh
G6770,with_aa,gene_knockout_G6770_with_aa,5,13,job/write_for_new_job.py,/user/home/il22158/work/vEcoli/job/generated_runs/launcher/20260831T191459Z/configs/gene_knockout_G6770_with_aa.json,/user/home/il22158/work/vEcoli/job/generated_runs/launcher/20260831T191459Z/slurm/gene_knockout_G6770_with_aa.sh
G6770,acetate,gene_knockout_G6770_acetate,6,14,job/write_for_new_job.py,/user/home/il22158/work/vEcoli/job/generated_runs/launcher/20260831T191459Z/configs/gene_knockout_G6770_acetate.json,/user/home/il22158/work/vEcoli/job/generated_runs/launcher/20260831T191459Z/slurm/gene_knockout_G6770_acetate.sh
G6770,no_ox,gene_knockout_G6770_no_ox,6,14,job/write_for_new_job.py,/user/home/il22158/work/vEcoli/job/generated_runs/launcher/20260831T191459Z/configs/gene_knockout_G6770_no_ox.json,/user/home/il22158/work/vEcoli/job/generated_runs/launcher/20260831T191459Z/slurm/gene_knockout_G6770_no_ox.sh
G6770,succinate,gene_knockout_G6770_succinate,13,20,job/write_for_new_job.py,/user/home/il22158/work/vEcoli/job/generated_runs/launcher/20260831T191459Z/configs/gene_knockout_G6770_succinate.json,/user/home/il22158/work/vEcoli/job/generated_runs/launcher/20260831T191459Z/slurm/gene_knockout_G6770_succinate.sh
G6775,with_aa,gene_knockout_G6775_with_aa,5,13,job/write_for_new_job.py,/user/home/il22158/work/vEcoli/job/generated_runs/launcher/20260831T191459Z/configs/gene_knockout_G6775_with_aa.json,/user/home/il22158/work/vEcoli/job/generated_runs/launcher/20260831T191459Z/slurm/gene_knockout_G6775_with_aa.sh
G6775,acetate,gene_knockout_G6775_acetate,6,14,job/write_for_new_job.py,/user/home/il22158/work/vEcoli/job/generated_runs/launcher/20260831T191459Z/configs/gene_knockout_G6775_acetate.json,/user/home/il22158/work/vEcoli/job/generated_runs/launcher/20260831T191459Z/slurm/gene_knockout_G6775_acetate.sh
G6775,no_ox,gene_knockout_G6775_no_ox,6,14,job/write_for_new_job.py,/user/home/il22158/work/vEcoli/job/generated_runs/launcher/20260831T191459Z/configs/gene_knockout_G6775_no_ox.json,/user/home/il22158/work/vEcoli/job/generated_runs/launcher/20260831T191459Z/slurm/gene_knockout_G6775_no_ox.sh
G6775,succinate,gene_knockout_G6775_succinate,13,20,job/write_for_new_job.py,/user/home/il22158/work/vEcoli/job/generated_runs/launcher/20260831T191459Z/configs/gene_knockout_G6775_succinate.json,/user/home/il22158/work/vEcoli/job/generated_runs/launcher/20260831T191459Z/slurm/gene_knockout_G6775_succinate.sh
G6800,with_aa,gene_knockout_G6800_with_aa,5,13,job/write_for_new_job.py,/user/home/il22158/work/vEcoli/job/generated_runs/launcher/20260831T191459Z/configs/gene_knockout_G6800_with_aa.json,/user/home/il22158/work/vEcoli/job/generated_runs/launcher/20260831T191459Z/slurm/gene_knockout_G6800_with_aa.sh
G6800,acetate,gene_knockout_G6800_acetate,6,14,job/write_for_new_job.py,/user/home/il22158/work/vEcoli/job/generated_runs/launcher/20260831T191459Z/configs/gene_knockout_G6800_acetate.json,/user/home/il22158/work/vEcoli/job/generated_runs/launcher/20260831T191459Z/slurm/gene_knockout_G6800_acetate.sh
G6800,no_ox,gene_knockout_G6800_no_ox,6,14,job/write_for_new_job.py,/user/home/il22158/work/vEcoli/job/generated_runs/launcher/20260831T191459Z/configs/gene_knockout_G6800_no_ox.json,/user/home/il22158/work/vEcoli/job/generated_runs/launcher/20260831T191459Z/slurm/gene_knockout_G6800_no_ox.sh
G6800,succinate,gene_knockout_G6800_succinate,13,20,job/write_for_new_job.py,/user/home/il22158/work/vEcoli/job/generated_runs/launcher/20260831T191459Z/configs/gene_knockout_G6800_succinate.json,/user/home/il22158/work/vEcoli/job/generated_runs/launcher/20260831T191459Z/slurm/gene_knockout_G6800_succinate.sh
G6842,with_aa,gene_knockout_G6842_with_aa,5,13,job/write_for_new_job.py,/user/home/il22158/work/vEcoli/job/generated_runs/launcher/20260831T191459Z/configs/gene_knockout_G6842_with_aa.json,/user/home/il22158/work/vEcoli/job/generated_runs/launcher/20260831T191459Z/slurm/gene_knockout_G6842_with_aa.sh
G6842,acetate,gene_knockout_G6842_acetate,6,14,job/write_for_new_job.py,/user/home/il22158/work/vEcoli/job/generated_runs/launcher/20260831T191459Z/configs/gene_knockout_G6842_acetate.json,/user/home/il22158/work/vEcoli/job/generated_runs/launcher/20260831T191459Z/slurm/gene_knockout_G6842_acetate.sh
G6842,no_ox,gene_knockout_G6842_no_ox,6,14,job/write_for_new_job.py,/user/home/il22158/work/vEcoli/job/generated_runs/launcher/20260831T191459Z/configs/gene_knockout_G6842_no_ox.json,/user/home/il22158/work/vEcoli/job/generated_runs/launcher/20260831T191459Z/slurm/gene_knockout_G6842_no_ox.sh
G6842,succinate,gene_knockout_G6842_succinate,13,20,job/write_for_new_job.py,/user/home/il22158/work/vEcoli/job/generated_runs/launcher/20260831T191459Z/configs/gene_knockout_G6842_succinate.json,/user/home/il22158/work/vEcoli/job/generated_runs/launcher/20260831T191459Z/slurm/gene_knockout_G6842_succinate.sh
G6877,with_aa,gene_knockout_G6877_with_aa,5,13,job/write_for_new_job.py,/user/home/il22158/work/vEcoli/job/generated_runs/launcher/20260831T191459Z/configs/gene_knockout_G6877_with_aa.json,/user/home/il22158/work/vEcoli/job/generated_runs/launcher/20260831T191459Z/slurm/gene_knockout_G6877_with_aa.sh
G6877,acetate,gene_knockout_G6877_acetate,6,14,job/write_for_new_job.py,/user/home/il22158/work/vEcoli/job/generated_runs/launcher/20260831T191459Z/configs/gene_knockout_G6877_acetate.json,/user/home/il22158/work/vEcoli/job/generated_runs/launcher/20260831T191459Z/slurm/gene_knockout_G6877_acetate.sh
G6877,no_ox,gene_knockout_G6877_no_ox,6,14,job/write_for_new_job.py,/user/home/il22158/work/vEcoli/job/generated_runs/launcher/20260831T191459Z/configs/gene_knockout_G6877_no_ox.json,/user/home/il22158/work/vEcoli/job/generated_runs/launcher/20260831T191459Z/slurm/gene_knockout_G6877_no_ox.sh
G6877,succinate,gene_knockout_G6877_succinate,13,20,job/write_for_new_job.py,/user/home/il22158/work/vEcoli/job/generated_runs/launcher/20260831T191459Z/configs/gene_knockout_G6877_succinate.json,/user/home/il22158/work/vEcoli/job/generated_runs/launcher/20260831T191459Z/slurm/gene_knockout_G6877_succinate.sh
G6879,with_aa,gene_knockout_G6879_with_aa,5,13,job/write_for_new_job.py,/user/home/il22158/work/vEcoli/job/generated_runs/launcher/20260831T191459Z/configs/gene_knockout_G6879_with_aa.json,/user/home/il22158/work/vEcoli/job/generated_runs/launcher/20260831T191459Z/slurm/gene_knockout_G6879_with_aa.sh
G6879,acetate,gene_knockout_G6879_acetate,6,14,job/write_for_new_job.py,/user/home/il22158/work/vEcoli/job/generated_runs/launcher/20260831T191459Z/configs/gene_knockout_G6879_acetate.json,/user/home/il22158/work/vEcoli/job/generated_runs/launcher/20260831T191459Z/slurm/gene_knockout_G6879_acetate.sh
G6879,no_ox,gene_knockout_G6879_no_ox,6,14,job/write_for_new_job.py,/user/home/il22158/work/vEcoli/job/generated_runs/launcher/20260831T191459Z/configs/gene_knockout_G6879_no_ox.json,/user/home/il22158/work/vEcoli/job/generated_runs/launcher/20260831T191459Z/slurm/gene_knockout_G6879_no_ox.sh
G6879,succinate,gene_knockout_G6879_succinate,13,20,job/write_for_new_job.py,/user/home/il22158/work/vEcoli/job/generated_runs/launcher/20260831T191459Z/configs/gene_knockout_G6879_succinate.json,/user/home/il22158/work/vEcoli/job/generated_runs/launcher/20260831T191459Z/slurm/gene_knockout_G6879_succinate.sh
G6941,with_aa,gene_knockout_G6941_with_aa,5,13,job/write_for_new_job.py,/user/home/il22158/work/vEcoli/job/generated_runs/launcher/20260831T191459Z/configs/gene_knockout_G6941_with_aa.json,/user/home/il22158/work/vEcoli/job/generated_runs/launcher/20260831T191459Z/slurm/gene_knockout_G6941_with_aa.sh
G6941,acetate,gene_knockout_G6941_acetate,6,14,job/write_for_new_job.py,/user/home/il22158/work/vEcoli/job/generated_runs/launcher/20260831T191459Z/configs/gene_knockout_G6941_acetate.json,/user/home/il22158/work/vEcoli/job/generated_runs/launcher/20260831T191459Z/slurm/gene_knockout_G6941_acetate.sh
G6941,no_ox,gene_knockout_G6941_no_ox,6,14,job/write_for_new_job.py,/user/home/il22158/work/vEcoli/job/generated_runs/launcher/20260831T191459Z/configs/gene_knockout_G6941_no_ox.json,/user/home/il22158/work/vEcoli/job/generated_runs/launcher/20260831T191459Z/slurm/gene_knockout_G6941_no_ox.sh
G6941,succinate,gene_knockout_G6941_succinate,13,20,job/write_for_new_job.py,/user/home/il22158/work/vEcoli/job/generated_runs/launcher/20260831T191459Z/configs/gene_knockout_G6941_succinate.json,/user/home/il22158/work/vEcoli/job/generated_runs/launcher/20260831T191459Z/slurm/gene_knockout_G6941_succinate.sh
G6943,with_aa,gene_knockout_G6943_with_aa,5,13,job/write_for_new_job.py,/user/home/il22158/work/vEcoli/job/generated_runs/launcher/20260831T191459Z/configs/gene_knockout_G6943_with_aa.json,/user/home/il22158/work/vEcoli/job/generated_runs/launcher/20260831T191459Z/slurm/gene_knockout_G6943_with_aa.sh
G6943,acetate,gene_knockout_G6943_acetate,6,14,job/write_for_new_job.py,/user/home/il22158/work/vEcoli/job/generated_runs/launcher/20260831T191459Z/configs/gene_knockout_G6943_acetate.json,/user/home/il22158/work/vEcoli/job/generated_runs/launcher/20260831T191459Z/slurm/gene_knockout_G6943_acetate.sh
G6943,no_ox,gene_knockout_G6943_no_ox,6,14,job/write_for_new_job.py,/user/home/il22158/work/vEcoli/job/generated_runs/launcher/20260831T191459Z/configs/gene_knockout_G6943_no_ox.json,/user/home/il22158/work/vEcoli/job/generated_runs/launcher/20260831T191459Z/slurm/gene_knockout_G6943_no_ox.sh
G6943,succinate,gene_knockout_G6943_succinate,13,20,job/write_for_new_job.py,/user/home/il22158/work/vEcoli/job/generated_runs/launcher/20260831T191459Z/configs/gene_knockout_G6943_succinate.json,/user/home/il22158/work/vEcoli/job/generated_runs/launcher/20260831T191459Z/slurm/gene_knockout_G6943_succinate.sh
G7138,with_aa,gene_knockout_G7138_with_aa,5,13,job/write_for_new_job.py,/user/home/il22158/work/vEcoli/job/generated_runs/launcher/20260831T191459Z/configs/gene_knockout_G7138_with_aa.json,/user/home/il22158/work/vEcoli/job/generated_runs/launcher/20260831T191459Z/slurm/gene_knockout_G7138_with_aa.sh
G7138,acetate,gene_knockout_G7138_acetate,6,14,job/write_for_new_job.py,/user/home/il22158/work/vEcoli/job/generated_runs/launcher/20260831T191459Z/configs/gene_knockout_G7138_acetate.json,/user/home/il22158/work/vEcoli/job/generated_runs/launcher/20260831T191459Z/slurm/gene_knockout_G7138_acetate.sh
G7138,no_ox,gene_knockout_G7138_no_ox,6,14,job/write_for_new_job.py,/user/home/il22158/work/vEcoli/job/generated_runs/launcher/20260831T191459Z/configs/gene_knockout_G7138_no_ox.json,/user/home/il22158/work/vEcoli/job/generated_runs/launcher/20260831T191459Z/slurm/gene_knockout_G7138_no_ox.sh
G7138,succinate,gene_knockout_G7138_succinate,13,20,job/write_for_new_job.py,/user/home/il22158/work/vEcoli/job/generated_runs/launcher/20260831T191459Z/configs/gene_knockout_G7138_succinate.json,/user/home/il22158/work/vEcoli/job/generated_runs/launcher/20260831T191459Z/slurm/gene_knockout_G7138_succinate.sh
G7158,with_aa,gene_knockout_G7158_with_aa,5,13,job/write_for_new_job.py,/user/home/il22158/work/vEcoli/job/generated_runs/launcher/20260831T191459Z/configs/gene_knockout_G7158_with_aa.json,/user/home/il22158/work/vEcoli/job/generated_runs/launcher/20260831T191459Z/slurm/gene_knockout_G7158_with_aa.sh
G7158,acetate,gene_knockout_G7158_acetate,6,14,job/write_for_new_job.py,/user/home/il22158/work/vEcoli/job/generated_runs/launcher/20260831T191459Z/configs/gene_knockout_G7158_acetate.json,/user/home/il22158/work/vEcoli/job/generated_runs/launcher/20260831T191459Z/slurm/gene_knockout_G7158_acetate.sh
G7158,no_ox,gene_knockout_G7158_no_ox,6,14,job/write_for_new_job.py,/user/home/il22158/work/vEcoli/job/generated_runs/launcher/20260831T191459Z/configs/gene_knockout_G7158_no_ox.json,/user/home/il22158/work/vEcoli/job/generated_runs/launcher/20260831T191459Z/slurm/gene_knockout_G7158_no_ox.sh
G7158,succinate,gene_knockout_G7158_succinate,13,20,job/write_for_new_job.py,/user/home/il22158/work/vEcoli/job/generated_runs/launcher/20260831T191459Z/configs/gene_knockout_G7158_succinate.json,/user/home/il22158/work/vEcoli/job/generated_runs/launcher/20260831T191459Z/slurm/gene_knockout_G7158_succinate.sh
G7185,with_aa,gene_knockout_G7185_with_aa,5,13,job/write_for_new_job.py,/user/home/il22158/work/vEcoli/job/generated_runs/launcher/20260831T191459Z/configs/gene_knockout_G7185_with_aa.json,/user/home/il22158/work/vEcoli/job/generated_runs/launcher/20260831T191459Z/slurm/gene_knockout_G7185_with_aa.sh
G7185,acetate,gene_knockout_G7185_acetate,6,14,job/write_for_new_job.py,/user/home/il22158/work/vEcoli/job/generated_runs/launcher/20260831T191459Z/configs/gene_knockout_G7185_acetate.json,/user/home/il22158/work/vEcoli/job/generated_runs/launcher/20260831T191459Z/slurm/gene_knockout_G7185_acetate.sh
G7185,no_ox,gene_knockout_G7185_no_ox,6,14,job/write_for_new_job.py,/user/home/il22158/work/vEcoli/job/generated_runs/launcher/20260831T191459Z/configs/gene_knockout_G7185_no_ox.json,/user/home/il22158/work/vEcoli/job/generated_runs/launcher/20260831T191459Z/slurm/gene_knockout_G7185_no_ox.sh
G7185,succinate,gene_knockout_G7185_succinate,13,20,job/write_for_new_job.py,/user/home/il22158/work/vEcoli/job/generated_runs/launcher/20260831T191459Z/configs/gene_knockout_G7185_succinate.json,/user/home/il22158/work/vEcoli/job/generated_runs/launcher/20260831T191459Z/slurm/gene_knockout_G7185_succinate.sh
G7293,with_aa,gene_knockout_G7293_with_aa,5,13,job/write_for_new_job.py,/user/home/il22158/work/vEcoli/job/generated_runs/launcher/20260831T191459Z/configs/gene_knockout_G7293_with_aa.json,/user/home/il22158/work/vEcoli/job/generated_runs/launcher/20260831T191459Z/slurm/gene_knockout_G7293_with_aa.sh
G7293,acetate,gene_knockout_G7293_acetate,6,14,job/write_for_new_job.py,/user/home/il22158/work/vEcoli/job/generated_runs/launcher/20260831T191459Z/configs/gene_knockout_G7293_acetate.json,/user/home/il22158/work/vEcoli/job/generated_runs/launcher/20260831T191459Z/slurm/gene_knockout_G7293_acetate.sh
G7293,no_ox,gene_knockout_G7293_no_ox,6,14,job/write_for_new_job.py,/user/home/il22158/work/vEcoli/job/generated_runs/launcher/20260831T191459Z/configs/gene_knockout_G7293_no_ox.json,/user/home/il22158/work/vEcoli/job/generated_runs/launcher/20260831T191459Z/slurm/gene_knockout_G7293_no_ox.sh
G7293,succinate,gene_knockout_G7293_succinate,13,20,job/write_for_new_job.py,/user/home/il22158/work/vEcoli/job/generated_runs/launcher/20260831T191459Z/configs/gene_knockout_G7293_succinate.json,/user/home/il22158/work/vEcoli/job/generated_runs/launcher/20260831T191459Z/slurm/gene_knockout_G7293_succinate.sh
G7325,with_aa,gene_knockout_G7325_with_aa,5,13,job/write_for_new_job.py,/user/home/il22158/work/vEcoli/job/generated_runs/launcher/20260831T191459Z/configs/gene_knockout_G7325_with_aa.json,/user/home/il22158/work/vEcoli/job/generated_runs/launcher/20260831T191459Z/slurm/gene_knockout_G7325_with_aa.sh
G7325,acetate,gene_knockout_G7325_acetate,6,14,job/write_for_new_job.py,/user/home/il22158/work/vEcoli/job/generated_runs/launcher/20260831T191459Z/configs/gene_knockout_G7325_acetate.json,/user/home/il22158/work/vEcoli/job/generated_runs/launcher/20260831T191459Z/slurm/gene_knockout_G7325_acetate.sh
G7325,no_ox,gene_knockout_G7325_no_ox,6,14,job/write_for_new_job.py,/user/home/il22158/work/vEcoli/job/generated_runs/launcher/20260831T191459Z/configs/gene_knockout_G7325_no_ox.json,/user/home/il22158/work/vEcoli/job/generated_runs/launcher/20260831T191459Z/slurm/gene_knockout_G7325_no_ox.sh
G7325,succinate,gene_knockout_G7325_succinate,13,20,job/write_for_new_job.py,/user/home/il22158/work/vEcoli/job/generated_runs/launcher/20260831T191459Z/configs/gene_knockout_G7325_succinate.json,/user/home/il22158/work/vEcoli/job/generated_runs/launcher/20260831T191459Z/slurm/gene_knockout_G7325_succinate.sh
G7399,with_aa,gene_knockout_G7399_with_aa,5,13,job/write_for_new_job.py,/user/home/il22158/work/vEcoli/job/generated_runs/launcher/20260831T191459Z/configs/gene_knockout_G7399_with_aa.json,/user/home/il22158/work/vEcoli/job/generated_runs/launcher/20260831T191459Z/slurm/gene_knockout_G7399_with_aa.sh
G7399,acetate,gene_knockout_G7399_acetate,6,14,job/write_for_new_job.py,/user/home/il22158/work/vEcoli/job/generated_runs/launcher/20260831T191459Z/configs/gene_knockout_G7399_acetate.json,/user/home/il22158/work/vEcoli/job/generated_runs/launcher/20260831T191459Z/slurm/gene_knockout_G7399_acetate.sh
G7399,no_ox,gene_knockout_G7399_no_ox,6,14,job/write_for_new_job.py,/user/home/il22158/work/vEcoli/job/generated_runs/launcher/20260831T191459Z/configs/gene_knockout_G7399_no_ox.json,/user/home/il22158/work/vEcoli/job/generated_runs/launcher/20260831T191459Z/slurm/gene_knockout_G7399_no_ox.sh
G7399,succinate,gene_knockout_G7399_succinate,13,20,job/write_for_new_job.py,/user/home/il22158/work/vEcoli/job/generated_runs/launcher/20260831T191459Z/configs/gene_knockout_G7399_succinate.json,/user/home/il22158/work/vEcoli/job/generated_runs/launcher/20260831T191459Z/slurm/gene_knockout_G7399_succinate.sh
G7406,with_aa,gene_knockout_G7406_with_aa,5,13,job/write_for_new_job.py,/user/home/il22158/work/vEcoli/job/generated_runs/launcher/20260831T191459Z/configs/gene_knockout_G7406_with_aa.json,/user/home/il22158/work/vEcoli/job/generated_runs/launcher/20260831T191459Z/slurm/gene_knockout_G7406_with_aa.sh
G7406,acetate,gene_knockout_G7406_acetate,6,14,job/write_for_new_job.py,/user/home/il22158/work/vEcoli/job/generated_runs/launcher/20260831T191459Z/configs/gene_knockout_G7406_acetate.json,/user/home/il22158/work/vEcoli/job/generated_runs/launcher/20260831T191459Z/slurm/gene_knockout_G7406_acetate.sh
G7406,no_ox,gene_knockout_G7406_no_ox,6,14,job/write_for_new_job.py,/user/home/il22158/work/vEcoli/job/generated_runs/launcher/20260831T191459Z/configs/gene_knockout_G7406_no_ox.json,/user/home/il22158/work/vEcoli/job/generated_runs/launcher/20260831T191459Z/slurm/gene_knockout_G7406_no_ox.sh
G7406,succinate,gene_knockout_G7406_succinate,13,20,job/write_for_new_job.py,/user/home/il22158/work/vEcoli/job/generated_runs/launcher/20260831T191459Z/configs/gene_knockout_G7406_succinate.json,/user/home/il22158/work/vEcoli/job/generated_runs/launcher/20260831T191459Z/slurm/gene_knockout_G7406_succinate.sh
G7423,with_aa,gene_knockout_G7423_with_aa,5,13,job/write_for_new_job.py,/user/home/il22158/work/vEcoli/job/generated_runs/launcher/20260831T191459Z/configs/gene_knockout_G7423_with_aa.json,/user/home/il22158/work/vEcoli/job/generated_runs/launcher/20260831T191459Z/slurm/gene_knockout_G7423_with_aa.sh
G7423,acetate,gene_knockout_G7423_acetate,6,14,job/write_for_new_job.py,/user/home/il22158/work/vEcoli/job/generated_runs/launcher/20260831T191459Z/configs/gene_knockout_G7423_acetate.json,/user/home/il22158/work/vEcoli/job/generated_runs/launcher/20260831T191459Z/slurm/gene_knockout_G7423_acetate.sh
G7423,no_ox,gene_knockout_G7423_no_ox,6,14,job/write_for_new_job.py,/user/home/il22158/work/vEcoli/job/generated_runs/launcher/20260831T191459Z/configs/gene_knockout_G7423_no_ox.json,/user/home/il22158/work/vEcoli/job/generated_runs/launcher/20260831T191459Z/slurm/gene_knockout_G7423_no_ox.sh
G7423,succinate,gene_knockout_G7423_succinate,13,20,job/write_for_new_job.py,/user/home/il22158/work/vEcoli/job/generated_runs/launcher/20260831T191459Z/configs/gene_knockout_G7423_succinate.json,/user/home/il22158/work/vEcoli/job/generated_runs/launcher/20260831T191459Z/slurm/gene_knockout_G7423_succinate.sh
G7449,with_aa,gene_knockout_G7449_with_aa,5,13,job/write_for_new_job.py,/user/home/il22158/work/vEcoli/job/generated_runs/launcher/20260831T191459Z/configs/gene_knockout_G7449_with_aa.json,/user/home/il22158/work/vEcoli/job/generated_runs/launcher/20260831T191459Z/slurm/gene_knockout_G7449_with_aa.sh
G7449,acetate,gene_knockout_G7449_acetate,6,14,job/write_for_new_job.py,/user/home/il22158/work/vEcoli/job/generated_runs/launcher/20260831T191459Z/configs/gene_knockout_G7449_acetate.json,/user/home/il22158/work/vEcoli/job/generated_runs/launcher/20260831T191459Z/slurm/gene_knockout_G7449_acetate.sh
G7449,no_ox,gene_knockout_G7449_no_ox,6,14,job/write_for_new_job.py,/user/home/il22158/work/vEcoli/job/generated_runs/launcher/20260831T191459Z/configs/gene_knockout_G7449_no_ox.json,/user/home/il22158/work/vEcoli/job/generated_runs/launcher/20260831T191459Z/slurm/gene_knockout_G7449_no_ox.sh
G7449,succinate,gene_knockout_G7449_succinate,13,20,job/write_for_new_job.py,/user/home/il22158/work/vEcoli/job/generated_runs/launcher/20260831T191459Z/configs/gene_knockout_G7449_succinate.json,/user/home/il22158/work/vEcoli/job/generated_runs/launcher/20260831T191459Z/slurm/gene_knockout_G7449_succinate.sh
G7454,with_aa,gene_knockout_G7454_with_aa,5,13,job/write_for_new_job.py,/user/home/il22158/work/vEcoli/job/generated_runs/launcher/20260831T191459Z/configs/gene_knockout_G7454_with_aa.json,/user/home/il22158/work/vEcoli/job/generated_runs/launcher/20260831T191459Z/slurm/gene_knockout_G7454_with_aa.sh
G7454,acetate,gene_knockout_G7454_acetate,6,14,job/write_for_new_job.py,/user/home/il22158/work/vEcoli/job/generated_runs/launcher/20260831T191459Z/configs/gene_knockout_G7454_acetate.json,/user/home/il22158/work/vEcoli/job/generated_runs/launcher/20260831T191459Z/slurm/gene_knockout_G7454_acetate.sh
G7454,no_ox,gene_knockout_G7454_no_ox,6,14,job/write_for_new_job.py,/user/home/il22158/work/vEcoli/job/generated_runs/launcher/20260831T191459Z/configs/gene_knockout_G7454_no_ox.json,/user/home/il22158/work/vEcoli/job/generated_runs/launcher/20260831T191459Z/slurm/gene_knockout_G7454_no_ox.sh
G7454,succinate,gene_knockout_G7454_succinate,13,20,job/write_for_new_job.py,/user/home/il22158/work/vEcoli/job/generated_runs/launcher/20260831T191459Z/configs/gene_knockout_G7454_succinate.json,/user/home/il22158/work/vEcoli/job/generated_runs/launcher/20260831T191459Z/slurm/gene_knockout_G7454_succinate.sh
G7486,with_aa,gene_knockout_G7486_with_aa,5,13,job/write_for_new_job.py,/user/home/il22158/work/vEcoli/job/generated_runs/launcher/20260831T191459Z/configs/gene_knockout_G7486_with_aa.json,/user/home/il22158/work/vEcoli/job/generated_runs/launcher/20260831T191459Z/slurm/gene_knockout_G7486_with_aa.sh
G7486,acetate,gene_knockout_G7486_acetate,6,14,job/write_for_new_job.py,/user/home/il22158/work/vEcoli/job/generated_runs/launcher/20260831T191459Z/configs/gene_knockout_G7486_acetate.json,/user/home/il22158/work/vEcoli/job/generated_runs/launcher/20260831T191459Z/slurm/gene_knockout_G7486_acetate.sh
G7486,no_ox,gene_knockout_G7486_no_ox,6,14,job/write_for_new_job.py,/user/home/il22158/work/vEcoli/job/generated_runs/launcher/20260831T191459Z/configs/gene_knockout_G7486_no_ox.json,/user/home/il22158/work/vEcoli/job/generated_runs/launcher/20260831T191459Z/slurm/gene_knockout_G7486_no_ox.sh
G7486,succinate,gene_knockout_G7486_succinate,13,20,job/write_for_new_job.py,/user/home/il22158/work/vEcoli/job/generated_runs/launcher/20260831T191459Z/configs/gene_knockout_G7486_succinate.json,/user/home/il22158/work/vEcoli/job/generated_runs/launcher/20260831T191459Z/slurm/gene_knockout_G7486_succinate.sh
G7501,with_aa,gene_knockout_G7501_with_aa,5,13,job/write_for_new_job.py,/user/home/il22158/work/vEcoli/job/generated_runs/launcher/20260831T191459Z/configs/gene_knockout_G7501_with_aa.json,/user/home/il22158/work/vEcoli/job/generated_runs/launcher/20260831T191459Z/slurm/gene_knockout_G7501_with_aa.sh
G7501,acetate,gene_knockout_G7501_acetate,6,14,job/write_for_new_job.py,/user/home/il22158/work/vEcoli/job/generated_runs/launcher/20260831T191459Z/configs/gene_knockout_G7501_acetate.json,/user/home/il22158/work/vEcoli/job/generated_runs/launcher/20260831T191459Z/slurm/gene_knockout_G7501_acetate.sh
G7501,no_ox,gene_knockout_G7501_no_ox,6,14,job/write_for_new_job.py,/user/home/il22158/work/vEcoli/job/generated_runs/launcher/20260831T191459Z/configs/gene_knockout_G7501_no_ox.json,/user/home/il22158/work/vEcoli/job/generated_runs/launcher/20260831T191459Z/slurm/gene_knockout_G7501_no_ox.sh
G7501,succinate,gene_knockout_G7501_succinate,13,20,job/write_for_new_job.py,/user/home/il22158/work/vEcoli/job/generated_runs/launcher/20260831T191459Z/configs/gene_knockout_G7501_succinate.json,/user/home/il22158/work/vEcoli/job/generated_runs/launcher/20260831T191459Z/slurm/gene_knockout_G7501_succinate.sh
G7507,with_aa,gene_knockout_G7507_with_aa,5,13,job/write_for_new_job.py,/user/home/il22158/work/vEcoli/job/generated_runs/launcher/20260831T191459Z/configs/gene_knockout_G7507_with_aa.json,/user/home/il22158/work/vEcoli/job/generated_runs/launcher/20260831T191459Z/slurm/gene_knockout_G7507_with_aa.sh
G7507,acetate,gene_knockout_G7507_acetate,6,14,job/write_for_new_job.py,/user/home/il22158/work/vEcoli/job/generated_runs/launcher/20260831T191459Z/configs/gene_knockout_G7507_acetate.json,/user/home/il22158/work/vEcoli/job/generated_runs/launcher/20260831T191459Z/slurm/gene_knockout_G7507_acetate.sh
G7507,no_ox,gene_knockout_G7507_no_ox,6,14,job/write_for_new_job.py,/user/home/il22158/work/vEcoli/job/generated_runs/launcher/20260831T191459Z/configs/gene_knockout_G7507_no_ox.json,/user/home/il22158/work/vEcoli/job/generated_runs/launcher/20260831T191459Z/slurm/gene_knockout_G7507_no_ox.sh
G7507,succinate,gene_knockout_G7507_succinate,13,20,job/write_for_new_job.py,/user/home/il22158/work/vEcoli/job/generated_runs/launcher/20260831T191459Z/configs/gene_knockout_G7507_succinate.json,/user/home/il22158/work/vEcoli/job/generated_runs/launcher/20260831T191459Z/slurm/gene_knockout_G7507_succinate.sh
G7516,with_aa,gene_knockout_G7516_with_aa,5,13,job/write_for_new_job.py,/user/home/il22158/work/vEcoli/job/generated_runs/launcher/20260831T191459Z/configs/gene_knockout_G7516_with_aa.json,/user/home/il22158/work/vEcoli/job/generated_runs/launcher/20260831T191459Z/slurm/gene_knockout_G7516_with_aa.sh
G7516,acetate,gene_knockout_G7516_acetate,6,14,job/write_for_new_job.py,/user/home/il22158/work/vEcoli/job/generated_runs/launcher/20260831T191459Z/configs/gene_knockout_G7516_acetate.json,/user/home/il22158/work/vEcoli/job/generated_runs/launcher/20260831T191459Z/slurm/gene_knockout_G7516_acetate.sh
G7516,no_ox,gene_knockout_G7516_no_ox,6,14,job/write_for_new_job.py,/user/home/il22158/work/vEcoli/job/generated_runs/launcher/20260831T191459Z/configs/gene_knockout_G7516_no_ox.json,/user/home/il22158/work/vEcoli/job/generated_runs/launcher/20260831T191459Z/slurm/gene_knockout_G7516_no_ox.sh
G7516,succinate,gene_knockout_G7516_succinate,13,20,job/write_for_new_job.py,/user/home/il22158/work/vEcoli/job/generated_runs/launcher/20260831T191459Z/configs/gene_knockout_G7516_succinate.json,/user/home/il22158/work/vEcoli/job/generated_runs/launcher/20260831T191459Z/slurm/gene_knockout_G7516_succinate.sh
G7530,with_aa,gene_knockout_G7530_with_aa,5,13,job/write_for_new_job.py,/user/home/il22158/work/vEcoli/job/generated_runs/launcher/20260831T191459Z/configs/gene_knockout_G7530_with_aa.json,/user/home/il22158/work/vEcoli/job/generated_runs/launcher/20260831T191459Z/slurm/gene_knockout_G7530_with_aa.sh
G7530,acetate,gene_knockout_G7530_acetate,6,14,job/write_for_new_job.py,/user/home/il22158/work/vEcoli/job/generated_runs/launcher/20260831T191459Z/configs/gene_knockout_G7530_acetate.json,/user/home/il22158/work/vEcoli/job/generated_runs/launcher/20260831T191459Z/slurm/gene_knockout_G7530_acetate.sh
G7530,no_ox,gene_knockout_G7530_no_ox,6,14,job/write_for_new_job.py,/user/home/il22158/work/vEcoli/job/generated_runs/launcher/20260831T191459Z/configs/gene_knockout_G7530_no_ox.json,/user/home/il22158/work/vEcoli/job/generated_runs/launcher/20260831T191459Z/slurm/gene_knockout_G7530_no_ox.sh
G7530,succinate,gene_knockout_G7530_succinate,13,20,job/write_for_new_job.py,/user/home/il22158/work/vEcoli/job/generated_runs/launcher/20260831T191459Z/configs/gene_knockout_G7530_succinate.json,/user/home/il22158/work/vEcoli/job/generated_runs/launcher/20260831T191459Z/slurm/gene_knockout_G7530_succinate.sh
G7533,with_aa,gene_knockout_G7533_with_aa,5,13,job/write_for_new_job.py,/user/home/il22158/work/vEcoli/job/generated_runs/launcher/20260831T191459Z/configs/gene_knockout_G7533_with_aa.json,/user/home/il22158/work/vEcoli/job/generated_runs/launcher/20260831T191459Z/slurm/gene_knockout_G7533_with_aa.sh
G7533,acetate,gene_knockout_G7533_acetate,6,14,job/write_for_new_job.py,/user/home/il22158/work/vEcoli/job/generated_runs/launcher/20260831T191459Z/configs/gene_knockout_G7533_acetate.json,/user/home/il22158/work/vEcoli/job/generated_runs/launcher/20260831T191459Z/slurm/gene_knockout_G7533_acetate.sh
G7533,no_ox,gene_knockout_G7533_no_ox,6,14,job/write_for_new_job.py,/user/home/il22158/work/vEcoli/job/generated_runs/launcher/20260831T191459Z/configs/gene_knockout_G7533_no_ox.json,/user/home/il22158/work/vEcoli/job/generated_runs/launcher/20260831T191459Z/slurm/gene_knockout_G7533_no_ox.sh
G7533,succinate,gene_knockout_G7533_succinate,13,20,job/write_for_new_job.py,/user/home/il22158/work/vEcoli/job/generated_runs/launcher/20260831T191459Z/configs/gene_knockout_G7533_succinate.json,/user/home/il22158/work/vEcoli/job/generated_runs/launcher/20260831T191459Z/slurm/gene_knockout_G7533_succinate.sh
G7542,with_aa,gene_knockout_G7542_with_aa,5,13,job/write_for_new_job.py,/user/home/il22158/work/vEcoli/job/generated_runs/launcher/20260831T191459Z/configs/gene_knockout_G7542_with_aa.json,/user/home/il22158/work/vEcoli/job/generated_runs/launcher/20260831T191459Z/slurm/gene_knockout_G7542_with_aa.sh
G7542,acetate,gene_knockout_G7542_acetate,6,14,job/write_for_new_job.py,/user/home/il22158/work/vEcoli/job/generated_runs/launcher/20260831T191459Z/configs/gene_knockout_G7542_acetate.json,/user/home/il22158/work/vEcoli/job/generated_runs/launcher/20260831T191459Z/slurm/gene_knockout_G7542_acetate.sh
G7542,no_ox,gene_knockout_G7542_no_ox,6,14,job/write_for_new_job.py,/user/home/il22158/work/vEcoli/job/generated_runs/launcher/20260831T191459Z/configs/gene_knockout_G7542_no_ox.json,/user/home/il22158/work/vEcoli/job/generated_runs/launcher/20260831T191459Z/slurm/gene_knockout_G7542_no_ox.sh
G7542,succinate,gene_knockout_G7542_succinate,13,20,job/write_for_new_job.py,/user/home/il22158/work/vEcoli/job/generated_runs/launcher/20260831T191459Z/configs/gene_knockout_G7542_succinate.json,/user/home/il22158/work/vEcoli/job/generated_runs/launcher/20260831T191459Z/slurm/gene_knockout_G7542_succinate.sh
G7544,with_aa,gene_knockout_G7544_with_aa,5,13,job/write_for_new_job.py,/user/home/il22158/work/vEcoli/job/generated_runs/launcher/20260831T191459Z/configs/gene_knockout_G7544_with_aa.json,/user/home/il22158/work/vEcoli/job/generated_runs/launcher/20260831T191459Z/slurm/gene_knockout_G7544_with_aa.sh
G7544,acetate,gene_knockout_G7544_acetate,6,14,job/write_for_new_job.py,/user/home/il22158/work/vEcoli/job/generated_runs/launcher/20260831T191459Z/configs/gene_knockout_G7544_acetate.json,/user/home/il22158/work/vEcoli/job/generated_runs/launcher/20260831T191459Z/slurm/gene_knockout_G7544_acetate.sh
G7544,no_ox,gene_knockout_G7544_no_ox,6,14,job/write_for_new_job.py,/user/home/il22158/work/vEcoli/job/generated_runs/launcher/20260831T191459Z/configs/gene_knockout_G7544_no_ox.json,/user/home/il22158/work/vEcoli/job/generated_runs/launcher/20260831T191459Z/slurm/gene_knockout_G7544_no_ox.sh
G7544,succinate,gene_knockout_G7544_succinate,13,20,job/write_for_new_job.py,/user/home/il22158/work/vEcoli/job/generated_runs/launcher/20260831T191459Z/configs/gene_knockout_G7544_succinate.json,/user/home/il22158/work/vEcoli/job/generated_runs/launcher/20260831T191459Z/slurm/gene_knockout_G7544_succinate.sh
G7565,with_aa,gene_knockout_G7565_with_aa,5,13,job/write_for_new_job.py,/user/home/il22158/work/vEcoli/job/generated_runs/launcher/20260831T191459Z/configs/gene_knockout_G7565_with_aa.json,/user/home/il22158/work/vEcoli/job/generated_runs/launcher/20260831T191459Z/slurm/gene_knockout_G7565_with_aa.sh
G7565,acetate,gene_knockout_G7565_acetate,6,14,job/write_for_new_job.py,/user/home/il22158/work/vEcoli/job/generated_runs/launcher/20260831T191459Z/configs/gene_knockout_G7565_acetate.json,/user/home/il22158/work/vEcoli/job/generated_runs/launcher/20260831T191459Z/slurm/gene_knockout_G7565_acetate.sh
G7565,no_ox,gene_knockout_G7565_no_ox,6,14,job/write_for_new_job.py,/user/home/il22158/work/vEcoli/job/generated_runs/launcher/20260831T191459Z/configs/gene_knockout_G7565_no_ox.json,/user/home/il22158/work/vEcoli/job/generated_runs/launcher/20260831T191459Z/slurm/gene_knockout_G7565_no_ox.sh
G7565,succinate,gene_knockout_G7565_succinate,13,20,job/write_for_new_job.py,/user/home/il22158/work/vEcoli/job/generated_runs/launcher/20260831T191459Z/configs/gene_knockout_G7565_succinate.json,/user/home/il22158/work/vEcoli/job/generated_runs/launcher/20260831T191459Z/slurm/gene_knockout_G7565_succinate.sh
G7579,with_aa,gene_knockout_G7579_with_aa,5,13,job/write_for_new_job.py,/user/home/il22158/work/vEcoli/job/generated_runs/launcher/20260831T191459Z/configs/gene_knockout_G7579_with_aa.json,/user/home/il22158/work/vEcoli/job/generated_runs/launcher/20260831T191459Z/slurm/gene_knockout_G7579_with_aa.sh
G7579,acetate,gene_knockout_G7579_acetate,6,14,job/write_for_new_job.py,/user/home/il22158/work/vEcoli/job/generated_runs/launcher/20260831T191459Z/configs/gene_knockout_G7579_acetate.json,/user/home/il22158/work/vEcoli/job/generated_runs/launcher/20260831T191459Z/slurm/gene_knockout_G7579_acetate.sh
G7579,no_ox,gene_knockout_G7579_no_ox,6,14,job/write_for_new_job.py,/user/home/il22158/work/vEcoli/job/generated_runs/launcher/20260831T191459Z/configs/gene_knockout_G7579_no_ox.json,/user/home/il22158/work/vEcoli/job/generated_runs/launcher/20260831T191459Z/slurm/gene_knockout_G7579_no_ox.sh
G7579,succinate,gene_knockout_G7579_succinate,13,20,job/write_for_new_job.py,/user/home/il22158/work/vEcoli/job/generated_runs/launcher/20260831T191459Z/configs/gene_knockout_G7579_succinate.json,/user/home/il22158/work/vEcoli/job/generated_runs/launcher/20260831T191459Z/slurm/gene_knockout_G7579_succinate.sh
G7647,with_aa,gene_knockout_G7647_with_aa,5,13,job/write_for_new_job.py,/user/home/il22158/work/vEcoli/job/generated_runs/launcher/20260831T191459Z/configs/gene_knockout_G7647_with_aa.json,/user/home/il22158/work/vEcoli/job/generated_runs/launcher/20260831T191459Z/slurm/gene_knockout_G7647_with_aa.sh
G7647,acetate,gene_knockout_G7647_acetate,6,14,job/write_for_new_job.py,/user/home/il22158/work/vEcoli/job/generated_runs/launcher/20260831T191459Z/configs/gene_knockout_G7647_acetate.json,/user/home/il22158/work/vEcoli/job/generated_runs/launcher/20260831T191459Z/slurm/gene_knockout_G7647_acetate.sh
G7647,no_ox,gene_knockout_G7647_no_ox,6,14,job/write_for_new_job.py,/user/home/il22158/work/vEcoli/job/generated_runs/launcher/20260831T191459Z/configs/gene_knockout_G7647_no_ox.json,/user/home/il22158/work/vEcoli/job/generated_runs/launcher/20260831T191459Z/slurm/gene_knockout_G7647_no_ox.sh
G7647,succinate,gene_knockout_G7647_succinate,13,20,job/write_for_new_job.py,/user/home/il22158/work/vEcoli/job/generated_runs/launcher/20260831T191459Z/configs/gene_knockout_G7647_succinate.json,/user/home/il22158/work/vEcoli/job/generated_runs/launcher/20260831T191459Z/slurm/gene_knockout_G7647_succinate.sh
G7662,with_aa,gene_knockout_G7662_with_aa,5,13,job/write_for_new_job.py,/user/home/il22158/work/vEcoli/job/generated_runs/launcher/20260831T191459Z/configs/gene_knockout_G7662_with_aa.json,/user/home/il22158/work/vEcoli/job/generated_runs/launcher/20260831T191459Z/slurm/gene_knockout_G7662_with_aa.sh
G7662,acetate,gene_knockout_G7662_acetate,6,14,job/write_for_new_job.py,/user/home/il22158/work/vEcoli/job/generated_runs/launcher/20260831T191459Z/configs/gene_knockout_G7662_acetate.json,/user/home/il22158/work/vEcoli/job/generated_runs/launcher/20260831T191459Z/slurm/gene_knockout_G7662_acetate.sh
G7662,no_ox,gene_knockout_G7662_no_ox,6,14,job/write_for_new_job.py,/user/home/il22158/work/vEcoli/job/generated_runs/launcher/20260831T191459Z/configs/gene_knockout_G7662_no_ox.json,/user/home/il22158/work/vEcoli/job/generated_runs/launcher/20260831T191459Z/slurm/gene_knockout_G7662_no_ox.sh
G7662,succinate,gene_knockout_G7662_succinate,13,20,job/write_for_new_job.py,/user/home/il22158/work/vEcoli/job/generated_runs/launcher/20260831T191459Z/configs/gene_knockout_G7662_succinate.json,/user/home/il22158/work/vEcoli/job/generated_runs/launcher/20260831T191459Z/slurm/gene_knockout_G7662_succinate.sh
G7663,with_aa,gene_knockout_G7663_with_aa,5,13,job/write_for_new_job.py,/user/home/il22158/work/vEcoli/job/generated_runs/launcher/20260831T191459Z/configs/gene_knockout_G7663_with_aa.json,/user/home/il22158/work/vEcoli/job/generated_runs/launcher/20260831T191459Z/slurm/gene_knockout_G7663_with_aa.sh
G7663,acetate,gene_knockout_G7663_acetate,6,14,job/write_for_new_job.py,/user/home/il22158/work/vEcoli/job/generated_runs/launcher/20260831T191459Z/configs/gene_knockout_G7663_acetate.json,/user/home/il22158/work/vEcoli/job/generated_runs/launcher/20260831T191459Z/slurm/gene_knockout_G7663_acetate.sh
G7663,no_ox,gene_knockout_G7663_no_ox,6,14,job/write_for_new_job.py,/user/home/il22158/work/vEcoli/job/generated_runs/launcher/20260831T191459Z/configs/gene_knockout_G7663_no_ox.json,/user/home/il22158/work/vEcoli/job/generated_runs/launcher/20260831T191459Z/slurm/gene_knockout_G7663_no_ox.sh
G7663,succinate,gene_knockout_G7663_succinate,13,20,job/write_for_new_job.py,/user/home/il22158/work/vEcoli/job/generated_runs/launcher/20260831T191459Z/configs/gene_knockout_G7663_succinate.json,/user/home/il22158/work/vEcoli/job/generated_runs/launcher/20260831T191459Z/slurm/gene_knockout_G7663_succinate.sh
G7664,with_aa,gene_knockout_G7664_with_aa,5,13,job/write_for_new_job.py,/user/home/il22158/work/vEcoli/job/generated_runs/launcher/20260831T191459Z/configs/gene_knockout_G7664_with_aa.json,/user/home/il22158/work/vEcoli/job/generated_runs/launcher/20260831T191459Z/slurm/gene_knockout_G7664_with_aa.sh
G7664,acetate,gene_knockout_G7664_acetate,6,14,job/write_for_new_job.py,/user/home/il22158/work/vEcoli/job/generated_runs/launcher/20260831T191459Z/configs/gene_knockout_G7664_acetate.json,/user/home/il22158/work/vEcoli/job/generated_runs/launcher/20260831T191459Z/slurm/gene_knockout_G7664_acetate.sh
G7664,no_ox,gene_knockout_G7664_no_ox,6,14,job/write_for_new_job.py,/user/home/il22158/work/vEcoli/job/generated_runs/launcher/20260831T191459Z/configs/gene_knockout_G7664_no_ox.json,/user/home/il22158/work/vEcoli/job/generated_runs/launcher/20260831T191459Z/slurm/gene_knockout_G7664_no_ox.sh
G7664,succinate,gene_knockout_G7664_succinate,13,20,job/write_for_new_job.py,/user/home/il22158/work/vEcoli/job/generated_runs/launcher/20260831T191459Z/configs/gene_knockout_G7664_succinate.json,/user/home/il22158/work/vEcoli/job/generated_runs/launcher/20260831T191459Z/slurm/gene_knockout_G7664_succinate.sh
G7665,with_aa,gene_knockout_G7665_with_aa,5,13,job/write_for_new_job.py,/user/home/il22158/work/vEcoli/job/generated_runs/launcher/20260831T191459Z/configs/gene_knockout_G7665_with_aa.json,/user/home/il22158/work/vEcoli/job/generated_runs/launcher/20260831T191459Z/slurm/gene_knockout_G7665_with_aa.sh
G7665,acetate,gene_knockout_G7665_acetate,6,14,job/write_for_new_job.py,/user/home/il22158/work/vEcoli/job/generated_runs/launcher/20260831T191459Z/configs/gene_knockout_G7665_acetate.json,/user/home/il22158/work/vEcoli/job/generated_runs/launcher/20260831T191459Z/slurm/gene_knockout_G7665_acetate.sh
G7665,no_ox,gene_knockout_G7665_no_ox,6,14,job/write_for_new_job.py,/user/home/il22158/work/vEcoli/job/generated_runs/launcher/20260831T191459Z/configs/gene_knockout_G7665_no_ox.json,/user/home/il22158/work/vEcoli/job/generated_runs/launcher/20260831T191459Z/slurm/gene_knockout_G7665_no_ox.sh
G7665,succinate,gene_knockout_G7665_succinate,13,20,job/write_for_new_job.py,/user/home/il22158/work/vEcoli/job/generated_runs/launcher/20260831T191459Z/configs/gene_knockout_G7665_succinate.json,/user/home/il22158/work/vEcoli/job/generated_runs/launcher/20260831T191459Z/slurm/gene_knockout_G7665_succinate.sh
G7676,with_aa,gene_knockout_G7676_with_aa,5,13,job/write_for_new_job.py,/user/home/il22158/work/vEcoli/job/generated_runs/launcher/20260831T191459Z/configs/gene_knockout_G7676_with_aa.json,/user/home/il22158/work/vEcoli/job/generated_runs/launcher/20260831T191459Z/slurm/gene_knockout_G7676_with_aa.sh
G7676,acetate,gene_knockout_G7676_acetate,6,14,job/write_for_new_job.py,/user/home/il22158/work/vEcoli/job/generated_runs/launcher/20260831T191459Z/configs/gene_knockout_G7676_acetate.json,/user/home/il22158/work/vEcoli/job/generated_runs/launcher/20260831T191459Z/slurm/gene_knockout_G7676_acetate.sh
G7676,no_ox,gene_knockout_G7676_no_ox,6,14,job/write_for_new_job.py,/user/home/il22158/work/vEcoli/job/generated_runs/launcher/20260831T191459Z/configs/gene_knockout_G7676_no_ox.json,/user/home/il22158/work/vEcoli/job/generated_runs/launcher/20260831T191459Z/slurm/gene_knockout_G7676_no_ox.sh
G7676,succinate,gene_knockout_G7676_succinate,13,20,job/write_for_new_job.py,/user/home/il22158/work/vEcoli/job/generated_runs/launcher/20260831T191459Z/configs/gene_knockout_G7676_succinate.json,/user/home/il22158/work/vEcoli/job/generated_runs/launcher/20260831T191459Z/slurm/gene_knockout_G7676_succinate.sh
G7677,with_aa,gene_knockout_G7677_with_aa,5,13,job/write_for_new_job.py,/user/home/il22158/work/vEcoli/job/generated_runs/launcher/20260831T191459Z/configs/gene_knockout_G7677_with_aa.json,/user/home/il22158/work/vEcoli/job/generated_runs/launcher/20260831T191459Z/slurm/gene_knockout_G7677_with_aa.sh
G7677,acetate,gene_knockout_G7677_acetate,6,14,job/write_for_new_job.py,/user/home/il22158/work/vEcoli/job/generated_runs/launcher/20260831T191459Z/configs/gene_knockout_G7677_acetate.json,/user/home/il22158/work/vEcoli/job/generated_runs/launcher/20260831T191459Z/slurm/gene_knockout_G7677_acetate.sh
G7677,no_ox,gene_knockout_G7677_no_ox,6,14,job/write_for_new_job.py,/user/home/il22158/work/vEcoli/job/generated_runs/launcher/20260831T191459Z/configs/gene_knockout_G7677_no_ox.json,/user/home/il22158/work/vEcoli/job/generated_runs/launcher/20260831T191459Z/slurm/gene_knockout_G7677_no_ox.sh
G7677,succinate,gene_knockout_G7677_succinate,13,20,job/write_for_new_job.py,/user/home/il22158/work/vEcoli/job/generated_runs/launcher/20260831T191459Z/configs/gene_knockout_G7677_succinate.json,/user/home/il22158/work/vEcoli/job/generated_runs/launcher/20260831T191459Z/slurm/gene_knockout_G7677_succinate.sh
G7716,with_aa,gene_knockout_G7716_with_aa,5,13,job/write_for_new_job.py,/user/home/il22158/work/vEcoli/job/generated_runs/launcher/20260831T191459Z/configs/gene_knockout_G7716_with_aa.json,/user/home/il22158/work/vEcoli/job/generated_runs/launcher/20260831T191459Z/slurm/gene_knockout_G7716_with_aa.sh
G7716,acetate,gene_knockout_G7716_acetate,6,14,job/write_for_new_job.py,/user/home/il22158/work/vEcoli/job/generated_runs/launcher/20260831T191459Z/configs/gene_knockout_G7716_acetate.json,/user/home/il22158/work/vEcoli/job/generated_runs/launcher/20260831T191459Z/slurm/gene_knockout_G7716_acetate.sh
G7716,no_ox,gene_knockout_G7716_no_ox,6,14,job/write_for_new_job.py,/user/home/il22158/work/vEcoli/job/generated_runs/launcher/20260831T191459Z/configs/gene_knockout_G7716_no_ox.json,/user/home/il22158/work/vEcoli/job/generated_runs/launcher/20260831T191459Z/slurm/gene_knockout_G7716_no_ox.sh
G7716,succinate,gene_knockout_G7716_succinate,13,20,job/write_for_new_job.py,/user/home/il22158/work/vEcoli/job/generated_runs/launcher/20260831T191459Z/configs/gene_knockout_G7716_succinate.json,/user/home/il22158/work/vEcoli/job/generated_runs/launcher/20260831T191459Z/slurm/gene_knockout_G7716_succinate.sh
G7723,with_aa,gene_knockout_G7723_with_aa,5,13,job/write_for_new_job.py,/user/home/il22158/work/vEcoli/job/generated_runs/launcher/20260831T191459Z/configs/gene_knockout_G7723_with_aa.json,/user/home/il22158/work/vEcoli/job/generated_runs/launcher/20260831T191459Z/slurm/gene_knockout_G7723_with_aa.sh
G7723,acetate,gene_knockout_G7723_acetate,6,14,job/write_for_new_job.py,/user/home/il22158/work/vEcoli/job/generated_runs/launcher/20260831T191459Z/configs/gene_knockout_G7723_acetate.json,/user/home/il22158/work/vEcoli/job/generated_runs/launcher/20260831T191459Z/slurm/gene_knockout_G7723_acetate.sh
G7723,no_ox,gene_knockout_G7723_no_ox,6,14,job/write_for_new_job.py,/user/home/il22158/work/vEcoli/job/generated_runs/launcher/20260831T191459Z/configs/gene_knockout_G7723_no_ox.json,/user/home/il22158/work/vEcoli/job/generated_runs/launcher/20260831T191459Z/slurm/gene_knockout_G7723_no_ox.sh
G7723,succinate,gene_knockout_G7723_succinate,13,20,job/write_for_new_job.py,/user/home/il22158/work/vEcoli/job/generated_runs/launcher/20260831T191459Z/configs/gene_knockout_G7723_succinate.json,/user/home/il22158/work/vEcoli/job/generated_runs/launcher/20260831T191459Z/slurm/gene_knockout_G7723_succinate.sh
G7726,with_aa,gene_knockout_G7726_with_aa,5,13,job/write_for_new_job.py,/user/home/il22158/work/vEcoli/job/generated_runs/launcher/20260831T191459Z/configs/gene_knockout_G7726_with_aa.json,/user/home/il22158/work/vEcoli/job/generated_runs/launcher/20260831T191459Z/slurm/gene_knockout_G7726_with_aa.sh
G7726,acetate,gene_knockout_G7726_acetate,6,14,job/write_for_new_job.py,/user/home/il22158/work/vEcoli/job/generated_runs/launcher/20260831T191459Z/configs/gene_knockout_G7726_acetate.json,/user/home/il22158/work/vEcoli/job/generated_runs/launcher/20260831T191459Z/slurm/gene_knockout_G7726_acetate.sh
G7726,no_ox,gene_knockout_G7726_no_ox,6,14,job/write_for_new_job.py,/user/home/il22158/work/vEcoli/job/generated_runs/launcher/20260831T191459Z/configs/gene_knockout_G7726_no_ox.json,/user/home/il22158/work/vEcoli/job/generated_runs/launcher/20260831T191459Z/slurm/gene_knockout_G7726_no_ox.sh
G7726,succinate,gene_knockout_G7726_succinate,13,20,job/write_for_new_job.py,/user/home/il22158/work/vEcoli/job/generated_runs/launcher/20260831T191459Z/configs/gene_knockout_G7726_succinate.json,/user/home/il22158/work/vEcoli/job/generated_runs/launcher/20260831T191459Z/slurm/gene_knockout_G7726_succinate.sh
G7742,with_aa,gene_knockout_G7742_with_aa,5,13,job/write_for_new_job.py,/user/home/il22158/work/vEcoli/job/generated_runs/launcher/20260831T191459Z/configs/gene_knockout_G7742_with_aa.json,/user/home/il22158/work/vEcoli/job/generated_runs/launcher/20260831T191459Z/slurm/gene_knockout_G7742_with_aa.sh
G7742,acetate,gene_knockout_G7742_acetate,6,14,job/write_for_new_job.py,/user/home/il22158/work/vEcoli/job/generated_runs/launcher/20260831T191459Z/configs/gene_knockout_G7742_acetate.json,/user/home/il22158/work/vEcoli/job/generated_runs/launcher/20260831T191459Z/slurm/gene_knockout_G7742_acetate.sh
G7742,no_ox,gene_knockout_G7742_no_ox,6,14,job/write_for_new_job.py,/user/home/il22158/work/vEcoli/job/generated_runs/launcher/20260831T191459Z/configs/gene_knockout_G7742_no_ox.json,/user/home/il22158/work/vEcoli/job/generated_runs/launcher/20260831T191459Z/slurm/gene_knockout_G7742_no_ox.sh
G7742,succinate,gene_knockout_G7742_succinate,13,20,job/write_for_new_job.py,/user/home/il22158/work/vEcoli/job/generated_runs/launcher/20260831T191459Z/configs/gene_knockout_G7742_succinate.json,/user/home/il22158/work/vEcoli/job/generated_runs/launcher/20260831T191459Z/slurm/gene_knockout_G7742_succinate.sh
G7826,with_aa,gene_knockout_G7826_with_aa,5,13,job/write_for_new_job.py,/user/home/il22158/work/vEcoli/job/generated_runs/launcher/20260831T191459Z/configs/gene_knockout_G7826_with_aa.json,/user/home/il22158/work/vEcoli/job/generated_runs/launcher/20260831T191459Z/slurm/gene_knockout_G7826_with_aa.sh
G7826,acetate,gene_knockout_G7826_acetate,6,14,job/write_for_new_job.py,/user/home/il22158/work/vEcoli/job/generated_runs/launcher/20260831T191459Z/configs/gene_knockout_G7826_acetate.json,/user/home/il22158/work/vEcoli/job/generated_runs/launcher/20260831T191459Z/slurm/gene_knockout_G7826_acetate.sh
G7826,no_ox,gene_knockout_G7826_no_ox,6,14,job/write_for_new_job.py,/user/home/il22158/work/vEcoli/job/generated_runs/launcher/20260831T191459Z/configs/gene_knockout_G7826_no_ox.json,/user/home/il22158/work/vEcoli/job/generated_runs/launcher/20260831T191459Z/slurm/gene_knockout_G7826_no_ox.sh
G7826,succinate,gene_knockout_G7826_succinate,13,20,job/write_for_new_job.py,/user/home/il22158/work/vEcoli/job/generated_runs/launcher/20260831T191459Z/configs/gene_knockout_G7826_succinate.json,/user/home/il22158/work/vEcoli/job/generated_runs/launcher/20260831T191459Z/slurm/gene_knockout_G7826_succinate.sh
G7833,with_aa,gene_knockout_G7833_with_aa,5,13,job/write_for_new_job.py,/user/home/il22158/work/vEcoli/job/generated_runs/launcher/20260831T191459Z/configs/gene_knockout_G7833_with_aa.json,/user/home/il22158/work/vEcoli/job/generated_runs/launcher/20260831T191459Z/slurm/gene_knockout_G7833_with_aa.sh
G7833,acetate,gene_knockout_G7833_acetate,6,14,job/write_for_new_job.py,/user/home/il22158/work/vEcoli/job/generated_runs/launcher/20260831T191459Z/configs/gene_knockout_G7833_acetate.json,/user/home/il22158/work/vEcoli/job/generated_runs/launcher/20260831T191459Z/slurm/gene_knockout_G7833_acetate.sh
G7833,no_ox,gene_knockout_G7833_no_ox,6,14,job/write_for_new_job.py,/user/home/il22158/work/vEcoli/job/generated_runs/launcher/20260831T191459Z/configs/gene_knockout_G7833_no_ox.json,/user/home/il22158/work/vEcoli/job/generated_runs/launcher/20260831T191459Z/slurm/gene_knockout_G7833_no_ox.sh
G7833,succinate,gene_knockout_G7833_succinate,13,20,job/write_for_new_job.py,/user/home/il22158/work/vEcoli/job/generated_runs/launcher/20260831T191459Z/configs/gene_knockout_G7833_succinate.json,/user/home/il22158/work/vEcoli/job/generated_runs/launcher/20260831T191459Z/slurm/gene_knockout_G7833_succinate.sh
G7836,with_aa,gene_knockout_G7836_with_aa,5,13,job/write_for_new_job.py,/user/home/il22158/work/vEcoli/job/generated_runs/launcher/20260831T191459Z/configs/gene_knockout_G7836_with_aa.json,/user/home/il22158/work/vEcoli/job/generated_runs/launcher/20260831T191459Z/slurm/gene_knockout_G7836_with_aa.sh
G7836,acetate,gene_knockout_G7836_acetate,6,14,job/write_for_new_job.py,/user/home/il22158/work/vEcoli/job/generated_runs/launcher/20260831T191459Z/configs/gene_knockout_G7836_acetate.json,/user/home/il22158/work/vEcoli/job/generated_runs/launcher/20260831T191459Z/slurm/gene_knockout_G7836_acetate.sh
G7836,no_ox,gene_knockout_G7836_no_ox,6,14,job/write_for_new_job.py,/user/home/il22158/work/vEcoli/job/generated_runs/launcher/20260831T191459Z/configs/gene_knockout_G7836_no_ox.json,/user/home/il22158/work/vEcoli/job/generated_runs/launcher/20260831T191459Z/slurm/gene_knockout_G7836_no_ox.sh
G7836,succinate,gene_knockout_G7836_succinate,13,20,job/write_for_new_job.py,/user/home/il22158/work/vEcoli/job/generated_runs/launcher/20260831T191459Z/configs/gene_knockout_G7836_succinate.json,/user/home/il22158/work/vEcoli/job/generated_runs/launcher/20260831T191459Z/slurm/gene_knockout_G7836_succinate.sh
G7842,with_aa,gene_knockout_G7842_with_aa,5,13,job/write_for_new_job.py,/user/home/il22158/work/vEcoli/job/generated_runs/launcher/20260831T191459Z/configs/gene_knockout_G7842_with_aa.json,/user/home/il22158/work/vEcoli/job/generated_runs/launcher/20260831T191459Z/slurm/gene_knockout_G7842_with_aa.sh
G7842,acetate,gene_knockout_G7842_acetate,6,14,job/write_for_new_job.py,/user/home/il22158/work/vEcoli/job/generated_runs/launcher/20260831T191459Z/configs/gene_knockout_G7842_acetate.json,/user/home/il22158/work/vEcoli/job/generated_runs/launcher/20260831T191459Z/slurm/gene_knockout_G7842_acetate.sh
G7842,no_ox,gene_knockout_G7842_no_ox,6,14,job/write_for_new_job.py,/user/home/il22158/work/vEcoli/job/generated_runs/launcher/20260831T191459Z/configs/gene_knockout_G7842_no_ox.json,/user/home/il22158/work/vEcoli/job/generated_runs/launcher/20260831T191459Z/slurm/gene_knockout_G7842_no_ox.sh
G7842,succinate,gene_knockout_G7842_succinate,13,20,job/write_for_new_job.py,/user/home/il22158/work/vEcoli/job/generated_runs/launcher/20260831T191459Z/configs/gene_knockout_G7842_succinate.json,/user/home/il22158/work/vEcoli/job/generated_runs/launcher/20260831T191459Z/slurm/gene_knockout_G7842_succinate.sh
G7858,with_aa,gene_knockout_G7858_with_aa,5,13,job/write_for_new_job.py,/user/home/il22158/work/vEcoli/job/generated_runs/launcher/20260831T191459Z/configs/gene_knockout_G7858_with_aa.json,/user/home/il22158/work/vEcoli/job/generated_runs/launcher/20260831T191459Z/slurm/gene_knockout_G7858_with_aa.sh
G7858,acetate,gene_knockout_G7858_acetate,6,14,job/write_for_new_job.py,/user/home/il22158/work/vEcoli/job/generated_runs/launcher/20260831T191459Z/configs/gene_knockout_G7858_acetate.json,/user/home/il22158/work/vEcoli/job/generated_runs/launcher/20260831T191459Z/slurm/gene_knockout_G7858_acetate.sh
G7858,no_ox,gene_knockout_G7858_no_ox,6,14,job/write_for_new_job.py,/user/home/il22158/work/vEcoli/job/generated_runs/launcher/20260831T191459Z/configs/gene_knockout_G7858_no_ox.json,/user/home/il22158/work/vEcoli/job/generated_runs/launcher/20260831T191459Z/slurm/gene_knockout_G7858_no_ox.sh
G7858,succinate,gene_knockout_G7858_succinate,13,20,job/write_for_new_job.py,/user/home/il22158/work/vEcoli/job/generated_runs/launcher/20260831T191459Z/configs/gene_knockout_G7858_succinate.json,/user/home/il22158/work/vEcoli/job/generated_runs/launcher/20260831T191459Z/slurm/gene_knockout_G7858_succinate.sh
G7859,with_aa,gene_knockout_G7859_with_aa,5,13,job/write_for_new_job.py,/user/home/il22158/work/vEcoli/job/generated_runs/launcher/20260831T191459Z/configs/gene_knockout_G7859_with_aa.json,/user/home/il22158/work/vEcoli/job/generated_runs/launcher/20260831T191459Z/slurm/gene_knockout_G7859_with_aa.sh
G7859,acetate,gene_knockout_G7859_acetate,6,14,job/write_for_new_job.py,/user/home/il22158/work/vEcoli/job/generated_runs/launcher/20260831T191459Z/configs/gene_knockout_G7859_acetate.json,/user/home/il22158/work/vEcoli/job/generated_runs/launcher/20260831T191459Z/slurm/gene_knockout_G7859_acetate.sh
G7859,no_ox,gene_knockout_G7859_no_ox,6,14,job/write_for_new_job.py,/user/home/il22158/work/vEcoli/job/generated_runs/launcher/20260831T191459Z/configs/gene_knockout_G7859_no_ox.json,/user/home/il22158/work/vEcoli/job/generated_runs/launcher/20260831T191459Z/slurm/gene_knockout_G7859_no_ox.sh
G7859,succinate,gene_knockout_G7859_succinate,13,20,job/write_for_new_job.py,/user/home/il22158/work/vEcoli/job/generated_runs/launcher/20260831T191459Z/configs/gene_knockout_G7859_succinate.json,/user/home/il22158/work/vEcoli/job/generated_runs/launcher/20260831T191459Z/slurm/gene_knockout_G7859_succinate.sh
G7860,with_aa,gene_knockout_G7860_with_aa,5,13,job/write_for_new_job.py,/user/home/il22158/work/vEcoli/job/generated_runs/launcher/20260831T191459Z/configs/gene_knockout_G7860_with_aa.json,/user/home/il22158/work/vEcoli/job/generated_runs/launcher/20260831T191459Z/slurm/gene_knockout_G7860_with_aa.sh
G7860,acetate,gene_knockout_G7860_acetate,6,14,job/write_for_new_job.py,/user/home/il22158/work/vEcoli/job/generated_runs/launcher/20260831T191459Z/configs/gene_knockout_G7860_acetate.json,/user/home/il22158/work/vEcoli/job/generated_runs/launcher/20260831T191459Z/slurm/gene_knockout_G7860_acetate.sh
G7860,no_ox,gene_knockout_G7860_no_ox,6,14,job/write_for_new_job.py,/user/home/il22158/work/vEcoli/job/generated_runs/launcher/20260831T191459Z/configs/gene_knockout_G7860_no_ox.json,/user/home/il22158/work/vEcoli/job/generated_runs/launcher/20260831T191459Z/slurm/gene_knockout_G7860_no_ox.sh
G7860,succinate,gene_knockout_G7860_succinate,13,20,job/write_for_new_job.py,/user/home/il22158/work/vEcoli/job/generated_runs/launcher/20260831T191459Z/configs/gene_knockout_G7860_succinate.json,/user/home/il22158/work/vEcoli/job/generated_runs/launcher/20260831T191459Z/slurm/gene_knockout_G7860_succinate.sh
G7865,with_aa,gene_knockout_G7865_with_aa,5,13,job/write_for_new_job.py,/user/home/il22158/work/vEcoli/job/generated_runs/launcher/20260831T191459Z/configs/gene_knockout_G7865_with_aa.json,/user/home/il22158/work/vEcoli/job/generated_runs/launcher/20260831T191459Z/slurm/gene_knockout_G7865_with_aa.sh
G7865,acetate,gene_knockout_G7865_acetate,6,14,job/write_for_new_job.py,/user/home/il22158/work/vEcoli/job/generated_runs/launcher/20260831T191459Z/configs/gene_knockout_G7865_acetate.json,/user/home/il22158/work/vEcoli/job/generated_runs/launcher/20260831T191459Z/slurm/gene_knockout_G7865_acetate.sh
G7865,no_ox,gene_knockout_G7865_no_ox,6,14,job/write_for_new_job.py,/user/home/il22158/work/vEcoli/job/generated_runs/launcher/20260831T191459Z/configs/gene_knockout_G7865_no_ox.json,/user/home/il22158/work/vEcoli/job/generated_runs/launcher/20260831T191459Z/slurm/gene_knockout_G7865_no_ox.sh
G7865,succinate,gene_knockout_G7865_succinate,13,20,job/write_for_new_job.py,/user/home/il22158/work/vEcoli/job/generated_runs/launcher/20260831T191459Z/configs/gene_knockout_G7865_succinate.json,/user/home/il22158/work/vEcoli/job/generated_runs/launcher/20260831T191459Z/slurm/gene_knockout_G7865_succinate.sh
G7868,with_aa,gene_knockout_G7868_with_aa,5,13,job/write_for_new_job.py,/user/home/il22158/work/vEcoli/job/generated_runs/launcher/20260831T191459Z/configs/gene_knockout_G7868_with_aa.json,/user/home/il22158/work/vEcoli/job/generated_runs/launcher/20260831T191459Z/slurm/gene_knockout_G7868_with_aa.sh
G7868,acetate,gene_knockout_G7868_acetate,6,14,job/write_for_new_job.py,/user/home/il22158/work/vEcoli/job/generated_runs/launcher/20260831T191459Z/configs/gene_knockout_G7868_acetate.json,/user/home/il22158/work/vEcoli/job/generated_runs/launcher/20260831T191459Z/slurm/gene_knockout_G7868_acetate.sh
G7868,no_ox,gene_knockout_G7868_no_ox,6,14,job/write_for_new_job.py,/user/home/il22158/work/vEcoli/job/generated_runs/launcher/20260831T191459Z/configs/gene_knockout_G7868_no_ox.json,/user/home/il22158/work/vEcoli/job/generated_runs/launcher/20260831T191459Z/slurm/gene_knockout_G7868_no_ox.sh
G7868,succinate,gene_knockout_G7868_succinate,13,20,job/write_for_new_job.py,/user/home/il22158/work/vEcoli/job/generated_runs/launcher/20260831T191459Z/configs/gene_knockout_G7868_succinate.json,/user/home/il22158/work/vEcoli/job/generated_runs/launcher/20260831T191459Z/slurm/gene_knockout_G7868_succinate.sh
G7888,with_aa,gene_knockout_G7888_with_aa,5,13,job/write_for_new_job.py,/user/home/il22158/work/vEcoli/job/generated_runs/launcher/20260831T191459Z/configs/gene_knockout_G7888_with_aa.json,/user/home/il22158/work/vEcoli/job/generated_runs/launcher/20260831T191459Z/slurm/gene_knockout_G7888_with_aa.sh
G7888,acetate,gene_knockout_G7888_acetate,6,14,job/write_for_new_job.py,/user/home/il22158/work/vEcoli/job/generated_runs/launcher/20260831T191459Z/configs/gene_knockout_G7888_acetate.json,/user/home/il22158/work/vEcoli/job/generated_runs/launcher/20260831T191459Z/slurm/gene_knockout_G7888_acetate.sh
G7888,no_ox,gene_knockout_G7888_no_ox,6,14,job/write_for_new_job.py,/user/home/il22158/work/vEcoli/job/generated_runs/launcher/20260831T191459Z/configs/gene_knockout_G7888_no_ox.json,/user/home/il22158/work/vEcoli/job/generated_runs/launcher/20260831T191459Z/slurm/gene_knockout_G7888_no_ox.sh
G7888,succinate,gene_knockout_G7888_succinate,13,20,job/write_for_new_job.py,/user/home/il22158/work/vEcoli/job/generated_runs/launcher/20260831T191459Z/configs/gene_knockout_G7888_succinate.json,/user/home/il22158/work/vEcoli/job/generated_runs/launcher/20260831T191459Z/slurm/gene_knockout_G7888_succinate.sh
G7889,with_aa,gene_knockout_G7889_with_aa,5,13,job/write_for_new_job.py,/user/home/il22158/work/vEcoli/job/generated_runs/launcher/20260831T191459Z/configs/gene_knockout_G7889_with_aa.json,/user/home/il22158/work/vEcoli/job/generated_runs/launcher/20260831T191459Z/slurm/gene_knockout_G7889_with_aa.sh
G7889,acetate,gene_knockout_G7889_acetate,6,14,job/write_for_new_job.py,/user/home/il22158/work/vEcoli/job/generated_runs/launcher/20260831T191459Z/configs/gene_knockout_G7889_acetate.json,/user/home/il22158/work/vEcoli/job/generated_runs/launcher/20260831T191459Z/slurm/gene_knockout_G7889_acetate.sh
G7889,no_ox,gene_knockout_G7889_no_ox,6,14,job/write_for_new_job.py,/user/home/il22158/work/vEcoli/job/generated_runs/launcher/20260831T191459Z/configs/gene_knockout_G7889_no_ox.json,/user/home/il22158/work/vEcoli/job/generated_runs/launcher/20260831T191459Z/slurm/gene_knockout_G7889_no_ox.sh
G7889,succinate,gene_knockout_G7889_succinate,13,20,job/write_for_new_job.py,/user/home/il22158/work/vEcoli/job/generated_runs/launcher/20260831T191459Z/configs/gene_knockout_G7889_succinate.json,/user/home/il22158/work/vEcoli/job/generated_runs/launcher/20260831T191459Z/slurm/gene_knockout_G7889_succinate.sh
G7892,with_aa,gene_knockout_G7892_with_aa,5,13,job/write_for_new_job.py,/user/home/il22158/work/vEcoli/job/generated_runs/launcher/20260831T191459Z/configs/gene_knockout_G7892_with_aa.json,/user/home/il22158/work/vEcoli/job/generated_runs/launcher/20260831T191459Z/slurm/gene_knockout_G7892_with_aa.sh
G7892,acetate,gene_knockout_G7892_acetate,6,14,job/write_for_new_job.py,/user/home/il22158/work/vEcoli/job/generated_runs/launcher/20260831T191459Z/configs/gene_knockout_G7892_acetate.json,/user/home/il22158/work/vEcoli/job/generated_runs/launcher/20260831T191459Z/slurm/gene_knockout_G7892_acetate.sh
G7892,no_ox,gene_knockout_G7892_no_ox,6,14,job/write_for_new_job.py,/user/home/il22158/work/vEcoli/job/generated_runs/launcher/20260831T191459Z/configs/gene_knockout_G7892_no_ox.json,/user/home/il22158/work/vEcoli/job/generated_runs/launcher/20260831T191459Z/slurm/gene_knockout_G7892_no_ox.sh
G7892,succinate,gene_knockout_G7892_succinate,13,20,job/write_for_new_job.py,/user/home/il22158/work/vEcoli/job/generated_runs/launcher/20260831T191459Z/configs/gene_knockout_G7892_succinate.json,/user/home/il22158/work/vEcoli/job/generated_runs/launcher/20260831T191459Z/slurm/gene_knockout_G7892_succinate.sh
G7893,with_aa,gene_knockout_G7893_with_aa,5,13,job/write_for_new_job.py,/user/home/il22158/work/vEcoli/job/generated_runs/launcher/20260831T191459Z/configs/gene_knockout_G7893_with_aa.json,/user/home/il22158/work/vEcoli/job/generated_runs/launcher/20260831T191459Z/slurm/gene_knockout_G7893_with_aa.sh
G7893,acetate,gene_knockout_G7893_acetate,6,14,job/write_for_new_job.py,/user/home/il22158/work/vEcoli/job/generated_runs/launcher/20260831T191459Z/configs/gene_knockout_G7893_acetate.json,/user/home/il22158/work/vEcoli/job/generated_runs/launcher/20260831T191459Z/slurm/gene_knockout_G7893_acetate.sh
G7893,no_ox,gene_knockout_G7893_no_ox,6,14,job/write_for_new_job.py,/user/home/il22158/work/vEcoli/job/generated_runs/launcher/20260831T191459Z/configs/gene_knockout_G7893_no_ox.json,/user/home/il22158/work/vEcoli/job/generated_runs/launcher/20260831T191459Z/slurm/gene_knockout_G7893_no_ox.sh
G7893,succinate,gene_knockout_G7893_succinate,13,20,job/write_for_new_job.py,/user/home/il22158/work/vEcoli/job/generated_runs/launcher/20260831T191459Z/configs/gene_knockout_G7893_succinate.json,/user/home/il22158/work/vEcoli/job/generated_runs/launcher/20260831T191459Z/slurm/gene_knockout_G7893_succinate.sh
G7911,with_aa,gene_knockout_G7911_with_aa,5,13,job/write_for_new_job.py,/user/home/il22158/work/vEcoli/job/generated_runs/launcher/20260831T191459Z/configs/gene_knockout_G7911_with_aa.json,/user/home/il22158/work/vEcoli/job/generated_runs/launcher/20260831T191459Z/slurm/gene_knockout_G7911_with_aa.sh
G7911,acetate,gene_knockout_G7911_acetate,6,14,job/write_for_new_job.py,/user/home/il22158/work/vEcoli/job/generated_runs/launcher/20260831T191459Z/configs/gene_knockout_G7911_acetate.json,/user/home/il22158/work/vEcoli/job/generated_runs/launcher/20260831T191459Z/slurm/gene_knockout_G7911_acetate.sh
G7911,no_ox,gene_knockout_G7911_no_ox,6,14,job/write_for_new_job.py,/user/home/il22158/work/vEcoli/job/generated_runs/launcher/20260831T191459Z/configs/gene_knockout_G7911_no_ox.json,/user/home/il22158/work/vEcoli/job/generated_runs/launcher/20260831T191459Z/slurm/gene_knockout_G7911_no_ox.sh
G7911,succinate,gene_knockout_G7911_succinate,13,20,job/write_for_new_job.py,/user/home/il22158/work/vEcoli/job/generated_runs/launcher/20260831T191459Z/configs/gene_knockout_G7911_succinate.json,/user/home/il22158/work/vEcoli/job/generated_runs/launcher/20260831T191459Z/slurm/gene_knockout_G7911_succinate.sh
G7948,with_aa,gene_knockout_G7948_with_aa,5,13,job/write_for_new_job.py,/user/home/il22158/work/vEcoli/job/generated_runs/launcher/20260831T191459Z/configs/gene_knockout_G7948_with_aa.json,/user/home/il22158/work/vEcoli/job/generated_runs/launcher/20260831T191459Z/slurm/gene_knockout_G7948_with_aa.sh
G7948,acetate,gene_knockout_G7948_acetate,6,14,job/write_for_new_job.py,/user/home/il22158/work/vEcoli/job/generated_runs/launcher/20260831T191459Z/configs/gene_knockout_G7948_acetate.json,/user/home/il22158/work/vEcoli/job/generated_runs/launcher/20260831T191459Z/slurm/gene_knockout_G7948_acetate.sh
G7948,no_ox,gene_knockout_G7948_no_ox,6,14,job/write_for_new_job.py,/user/home/il22158/work/vEcoli/job/generated_runs/launcher/20260831T191459Z/configs/gene_knockout_G7948_no_ox.json,/user/home/il22158/work/vEcoli/job/generated_runs/launcher/20260831T191459Z/slurm/gene_knockout_G7948_no_ox.sh
G7948,succinate,gene_knockout_G7948_succinate,13,20,job/write_for_new_job.py,/user/home/il22158/work/vEcoli/job/generated_runs/launcher/20260831T191459Z/configs/gene_knockout_G7948_succinate.json,/user/home/il22158/work/vEcoli/job/generated_runs/launcher/20260831T191459Z/slurm/gene_knockout_G7948_succinate.sh
M004,with_aa,gene_knockout_M004_with_aa,5,13,job/write_for_new_job.py,/user/home/il22158/work/vEcoli/job/generated_runs/launcher/20260831T191459Z/configs/gene_knockout_M004_with_aa.json,/user/home/il22158/work/vEcoli/job/generated_runs/launcher/20260831T191459Z/slurm/gene_knockout_M004_with_aa.sh
M004,acetate,gene_knockout_M004_acetate,6,14,job/write_for_new_job.py,/user/home/il22158/work/vEcoli/job/generated_runs/launcher/20260831T191459Z/configs/gene_knockout_M004_acetate.json,/user/home/il22158/work/vEcoli/job/generated_runs/launcher/20260831T191459Z/slurm/gene_knockout_M004_acetate.sh
M004,no_ox,gene_knockout_M004_no_ox,6,14,job/write_for_new_job.py,/user/home/il22158/work/vEcoli/job/generated_runs/launcher/20260831T191459Z/configs/gene_knockout_M004_no_ox.json,/user/home/il22158/work/vEcoli/job/generated_runs/launcher/20260831T191459Z/slurm/gene_knockout_M004_no_ox.sh
M004,succinate,gene_knockout_M004_succinate,13,20,job/write_for_new_job.py,/user/home/il22158/work/vEcoli/job/generated_runs/launcher/20260831T191459Z/configs/gene_knockout_M004_succinate.json,/user/home/il22158/work/vEcoli/job/generated_runs/launcher/20260831T191459Z/slurm/gene_knockout_M004_succinate.sh
