project,variant,label,mean_growth_rate,median_growth_rate,std_growth_rate,max_growth_rate,initial_dry_mass,final_dry_mass,max_dry_mass,fold_change_mass,duration_sec,n_timepoints,generations_used,source_file,gene_id,lineage_seed,seed_baseline_mean_growth_rate,mean_growth_rate_ratio,reached_gen8_by_folder,max_success_generation,failed_before_gen8
gene_ko_441imported_2seeds,1,KO: EG10109,0.0001890848108987,0.0001893395201217,8.074043483572219e-05,0.0003125370355327,266.9828490349621,521.9248097262996,781.7740043256135,1.9549001428850288,25888.0,69,8,growth_rate_summary_441_KOs_seed100_all.csv,EG10109,100,0.00023063108804795,0.8198582962041431,1,8,0
gene_ko_441imported_2seeds,2,KO: EG10894,0.000151808572273,0.0001607222133048,6.54836188196566e-05,0.0002558446244421,266.9493849022739,263.78134018387016,648.0576517449961,0.9881324142418852,20360.0,55,8,growth_rate_summary_441_KOs_seed100_all.csv,EG10894,100,0.00023063108804795,0.6582311758484087,0,5,1
gene_ko_441imported_2seeds,3,KO: EG11288,0.0001918416732104,0.0002095936300753,7.539735589066634e-05,0.0002988378210871,266.9764925372041,600.3065439560019,712.2614533804967,2.24853708373724,25900.0,69,8,growth_rate_summary_441_KOs_seed100_all.csv,EG11288,100,0.00023063108804795,0.831811855175893,1,8,0
gene_ko_441imported_2seeds,4,KO: EG10539,0.0001928458820864,0.0002100475259656,7.359540199964259e-05,0.000305670029756,266.9734393490268,580.7459180453943,716.7494848942717,2.1752947389128034,25629.0,68,8,growth_rate_summary_441_KOs_seed100_all.csv,EG10539,100,0.00023063108804795,0.836166033463389,1,8,0
gene_ko_441imported_2seeds,5,KO: EG12087,0.0002107314813067,0.000236356440751,8.325690182283135e-05,0.000296367561553,266.9807029965192,629.988109212962,751.3973913850457,2.35967656891358,23472.0,63,8,growth_rate_summary_441_KOs_seed100_all.csv,EG12087,100,0.00023063108804795,0.91371672002383,1,8,0
gene_ko_441imported_2seeds,6,KO: EG10878,8.705939151476303e-05,6.280626353956888e-05,6.289809936024293e-05,0.0002765065507096,266.9493849022739,323.29257473870814,627.875151157336,1.2110631940847536,24114.0,63,8,growth_rate_summary_441_KOs_seed100_all.csv,EG10878,100,0.00023063108804795,0.3774833317209287,0,3,1
gene_ko_441imported_2seeds,7,KO: EG10891,0.0003102691987122,0.0002131244862889,0.0003243610477909,0.0013346695021925,266.9493849022739,3970.540206558395,3970.540206558395,14.873756716135343,16090.0,43,8,growth_rate_summary_441_KOs_seed100_all.csv,EG10891,100,0.00023063108804795,1.3453051856031335,0,4,1
gene_ko_441imported_2seeds,8,KO: EG10796,0.0002125707611367,0.0002418918925216,8.765207396661268e-05,0.0002821778249072,266.9839545801421,336.9774033614618,766.7387681008629,1.2621635030142206,17811.0,50,8,growth_rate_summary_441_KOs_seed100_all.csv,EG10796,100,0.00023063108804795,0.9216917065946673,0,6,1
gene_ko_441imported_2seeds,9,KO: G6561,0.0002075874220406,0.0002336173307527,7.982547857824133e-05,0.000271008949504,266.9740977189135,629.5834304895957,729.8287037394159,2.3582191526028087,23528.0,64,8,growth_rate_summary_441_KOs_seed100_all.csv,G6561,100,0.00023063108804795,0.9000843025873465,1,8,0
gene_ko_441imported_2seeds,10,KO: EG11050,0.0001903275166207,0.0002156141919284,7.290465501154314e-05,0.0002631396113733,266.9654565893444,621.0826328269682,710.8780609518581,2.326453170240445,26148.0,70,8,growth_rate_summary_441_KOs_seed100_all.csv,EG11050,100,0.00023063108804795,0.8252465798588672,1,8,0
gene_ko_441imported_2seeds,11,KO: EG10887,0.0002546186081488,0.0001726984717104,0.0002582271740389,0.0010894003372583,266.9493849022739,2693.773942488197,2697.5453688491707,10.090953921749422,19938.0,54,8,growth_rate_summary_441_KOs_seed100_all.csv,EG10887,100,0.00023063108804795,1.1040081816544298,0,5,1
gene_ko_441imported_2seeds,12,KO: EG10582,0.0001853940958979,0.0002042048326056,7.990312579985003e-05,0.0003011306885649,266.9721654078893,495.6163676015308,719.3655126755755,1.8564346093695236,25571.0,68,8,growth_rate_summary_441_KOs_seed100_all.csv,EG10582,100,0.00023063108804795,0.8038556183689994,1,8,0
gene_ko_441imported_2seeds,13,KO: EG20248,0.0001998095826282,0.0002245449488533,7.679539797972653e-05,0.0002928737646377,266.96009748592985,713.8874730169907,753.9506646290099,2.674135497177125,25917.0,70,8,growth_rate_summary_441_KOs_seed100_all.csv,EG20248,100,0.00023063108804795,0.8663601438963773,1,8,0
gene_ko_441imported_2seeds,14,KO: EG12712,0.0002073083113315,0.0002311058306761,7.856073610569171e-05,0.0002972318751064,266.9845889424914,649.3139723780835,728.5646921686262,2.432027911985384,24128.0,66,8,growth_rate_summary_441_KOs_seed100_all.csv,EG12712,100,0.00023063108804795,0.8988740983973461,1,8,0
gene_ko_441imported_2seeds,15,KO: EG10420,0.0001859828321252,0.00019812220178,7.235193813912152e-05,0.0002922544535218,266.9734393490268,577.9322415828485,699.5817184037542,2.164755576405078,26648.0,70,8,growth_rate_summary_441_KOs_seed100_all.csv,EG10420,100,0.00023063108804795,0.8064083367916676,1,8,0
gene_ko_441imported_2seeds,16,KO: EG10120,0.0002010969055012,0.0002233299482937,7.817688177929833e-05,0.0003106252277589,266.9828490349621,645.008131247756,730.191976306304,2.4159159795440286,25023.0,67,8,growth_rate_summary_441_KOs_seed100_all.csv,EG10120,100,0.00023063108804795,0.8719418843455762,1,8,0
gene_ko_441imported_2seeds,17,KO: EG11029,0.0001947783978081,0.0002093444716553,7.85596152136516e-05,0.0003222872719807,266.9734393490268,637.4910063332309,822.422561439359,2.387844303491964,25751.0,68,8,growth_rate_summary_441_KOs_seed100_all.csv,EG11029,100,0.00023063108804795,0.8445452842316039,1,8,0
gene_ko_441imported_2seeds,18,KO: EG12293,0.0001822418114389,0.0001976348261069,6.604733283840208e-05,0.0002689534629267,266.9644008736259,606.1264288980155,658.88308041746,2.2704391556121384,28063.0,75,8,growth_rate_summary_441_KOs_seed100_all.csv,EG12293,100,0.00023063108804795,0.7901875370809095,1,8,0
gene_ko_441imported_2seeds,19,KO: EG10410,9.803513339594244e-05,7.623201177235886e-05,6.29836844303927e-05,0.0002631224662107,266.9686781212206,361.2068743623122,682.5198530478265,1.352993455652882,34478.0,91,8,growth_rate_summary_441_KOs_seed100_all.csv,EG10410,100,0.00023063108804795,0.4250733681469697,0,5,1
gene_ko_441imported_2seeds,20,KO: EG10895,0.000151808572273,0.0001607222133048,6.54836188196566e-05,0.0002558446244421,266.9493849022739,263.78134018387016,648.0576517449961,0.9881324142418852,20360.0,55,8,growth_rate_summary_441_KOs_seed100_all.csv,EG10895,100,0.00023063108804795,0.6582311758484087,0,5,1
gene_ko_441imported_2seeds,21,KO: EG10549,0.000197682207147,0.0002192859665699,7.774414475026011e-05,0.0002943588730825,266.9734393490268,566.0950212514945,769.5405422194542,2.1204170071443404,24916.0,68,8,growth_rate_summary_441_KOs_seed100_all.csv,EG10549,100,0.00023063108804795,0.8571359950654195,1,8,0
gene_ko_441imported_2seeds,22,KO: EG10099,0.0002192059891704,0.0002474995502995,8.6340984860428e-05,0.0002796500910466,266.97066772456697,644.8582898040131,753.431066815087,2.415464947142852,22768.0,61,8,growth_rate_summary_441_KOs_seed100_all.csv,EG10099,100,0.00023063108804795,0.9504615835867946,1,8,0
gene_ko_441imported_2seeds,23,KO: EG10581,0.0001031932154055,8.302296281139003e-05,7.38848624830482e-05,0.0003106066077941,266.9681731777026,334.4740338256792,715.3589247075831,1.2528610801971607,32173.0,84,8,growth_rate_summary_441_KOs_seed100_all.csv,EG10581,100,0.00023063108804795,0.44743844500289276,0,5,1
gene_ko_441imported_2seeds,24,KO: EG10872,0.0003343854582166,0.0002194637896863,0.000311365860804,0.0011833266201894,266.9493849022739,3245.15324852673,3245.15324852673,12.15643650842174,14480.0,40,8,growth_rate_summary_441_KOs_seed100_all.csv,EG10872,100,0.00023063108804795,1.4498715721580373,0,4,1
gene_ko_441imported_2seeds,25,KO: EG11575,7.54066475851612e-05,5.1602490897854665e-05,6.190929930193558e-05,0.0002780716513064,266.9788584254484,262.71299234866774,638.614020564067,0.9840217083032744,33932.0,88,8,growth_rate_summary_441_KOs_seed100_all.csv,EG11575,100,0.00023063108804795,0.3269578625474965,0,4,1
gene_ko_441imported_2seeds,26,KO: EG10105,0.0002192059891704,0.0002474995502995,8.6340984860428e-05,0.0002796500910466,266.97066772456697,644.8582898040131,753.431066815087,2.415464947142852,22768.0,61,8,growth_rate_summary_441_KOs_seed100_all.csv,EG10105,100,0.00023063108804795,0.9504615835867946,1,8,0
gene_ko_441imported_2seeds,27,KO: G6842,0.0001911449143728,0.0002186983368719,7.962503131713957e-05,0.0002929974743714,266.96500744305945,489.4724050157317,733.7868781270797,1.833470272766481,25104.0,68,8,growth_rate_summary_441_KOs_seed100_all.csv,G6842,100,0.00023063108804795,0.8287907583953273,1,8,0
gene_ko_441imported_2seeds,28,KO: EG10182,0.0001978195630707,0.0002255876688091,7.591908008308101e-05,0.0002728460538784,266.98018627203624,569.7672776385336,704.2123935063212,2.1341182115214203,24720.0,67,8,growth_rate_summary_441_KOs_seed100_all.csv,EG10182,100,0.00023063108804795,0.8577315605846327,1,8,0
gene_ko_441imported_2seeds,29,KO: EG12075,0.0002026092615299,0.0002183945541981,8.0156778876384e-05,0.0003252304159799,266.980473294718,554.7488267577212,777.9122135567238,2.0778629235005424,24372.0,67,8,growth_rate_summary_441_KOs_seed100_all.csv,EG12075,100,0.00023063108804795,0.8784993525581251,1,8,0
gene_ko_441imported_2seeds,30,KO: EG10078,9.412001668097962e-05,7.125388716451524e-05,6.675680609492118e-05,0.0003013733373337,266.9767240713055,327.1920700944311,711.5791247504853,1.2255453026198753,35501.0,92,8,growth_rate_summary_441_KOs_seed100_all.csv,EG10078,100,0.00023063108804795,0.40809770043408605,0,5,1
gene_ko_441imported_2seeds,31,KO: EG10892,0.0003759360678325,0.000239691784051,0.0004656442083722,0.002649884210234,266.9493849022739,5592.863886644089,5592.863886644089,20.951027434251444,14979.0,40,8,growth_rate_summary_441_KOs_seed100_all.csv,EG10892,100,0.00023063108804795,1.630032061221252,0,4,1
gene_ko_441imported_2seeds,32,KO: EG11040,0.0002084547615201,0.0002332344204711,8.26125650233504e-05,0.0003203432408656,266.9839545801421,620.9952359822662,755.3520043779213,2.32596463318869,23413.0,64,8,growth_rate_summary_441_KOs_seed100_all.csv,EG11040,100,0.00023063108804795,0.9038450249029768,1,8,0
gene_ko_441imported_2seeds,33,KO: EG10794,0.0002076046515338,0.0002302238208008,8.650055510344467e-05,0.0003103083739435,266.9622474757301,409.4382692211451,742.63375242231,1.5336935206854208,22036.0,59,8,growth_rate_summary_441_KOs_seed100_all.csv,EG10794,100,0.00023063108804795,0.9001590084448519,0,7,1
gene_ko_441imported_2seeds,34,KO: G6701,0.0002025939343859,0.000225241687434,7.733890090121678e-05,0.0002691930297832,266.96993072256623,634.4378008572785,720.002580849944,2.3764391710337707,24567.0,66,8,growth_rate_summary_441_KOs_seed100_all.csv,G6701,100,0.00023063108804795,0.8784328951514947,1,8,0
gene_ko_441imported_2seeds,35,KO: G6237,0.0001869052070188,0.000206136568199,7.21166669623099e-05,0.0002778777946136,266.9622203869412,516.8790494214572,676.1975614895241,1.936150548464426,26137.0,70,8,growth_rate_summary_441_KOs_seed100_all.csv,G6237,100,0.00023063108804795,0.81040768874984,1,8,0
gene_ko_441imported_2seeds,36,KO: EG10709,0.0001058071110954,7.68973329856662e-05,7.677633391523358e-05,0.0002724588033298,266.9493849022739,297.5989756302823,699.6696635404473,1.1148142399325205,36963.0,96,8,growth_rate_summary_441_KOs_seed100_all.csv,EG10709,100,0.00023063108804795,0.45877211086738606,0,6,1
gene_ko_441imported_2seeds,37,KO: G7836,0.0002120215051451,0.000230600449488,0.0001029845981849,0.0007511127808118,266.97210497198034,648.9116554586958,694.3112288547368,2.4306346744608445,24266.0,65,8,growth_rate_summary_441_KOs_seed100_all.csv,G7836,100,0.00023063108804795,0.9193101716669657,1,8,0
gene_ko_441imported_2seeds,38,KO: EG11736,0.0001935158037935,0.0002112762080386,7.288186439902665e-05,0.00029110331364,266.9758116187776,673.9983824942876,688.6559129994866,2.524567219807573,26382.0,71,8,growth_rate_summary_441_KOs_seed100_all.csv,EG11736,100,0.00023063108804795,0.8390707663542156,1,8,0
gene_ko_441imported_2seeds,39,KO: EG12078,0.0002026092615299,0.0002183945541981,8.0156778876384e-05,0.0003252304159799,266.980473294718,554.7488267577212,777.9122135567238,2.0778629235005424,24372.0,67,8,growth_rate_summary_441_KOs_seed100_all.csv,EG12078,100,0.00023063108804795,0.8784993525581251,1,8,0
gene_ko_441imported_2seeds,40,KO: EG11663,0.0002099194350348,0.0002369543325521,8.128253652042814e-05,0.0003086960812773,266.973615174168,708.3280576117343,771.8770772136334,2.653176259195636,24345.0,65,8,growth_rate_summary_441_KOs_seed100_all.csv,EG11663,100,0.00023063108804795,0.9101957451250289,1,8,0
gene_ko_441imported_2seeds,41,KO: EG10904,0.0003515049700202,0.0002386804249544,0.0004582162268648,0.002879333295889,266.9493849022739,5458.587538697853,5458.587538697853,20.44802440993134,18334.0,49,8,growth_rate_summary_441_KOs_seed100_all.csv,EG10904,100,0.00023063108804795,1.5241005581481686,0,5,1
gene_ko_441imported_2seeds,42,KO: EG10532,9.815839654048898e-05,6.499452086880621e-05,8.786414483899817e-05,0.0005190814165768,266.975797005886,249.42660996767347,654.5536933538042,0.9342667491397147,38831.0,101,8,growth_rate_summary_441_KOs_seed100_all.csv,EG10532,100,0.00023063108804795,0.4256078283777644,0,6,1
gene_ko_441imported_2seeds,43,KO: EG10188,0.0001862059250789,0.0002048570581049,6.951443646422617e-05,0.0002820702087344,266.9416255065785,594.8144828856923,700.925711581501,2.228256764964645,26766.0,72,8,growth_rate_summary_441_KOs_seed100_all.csv,EG10188,100,0.00023063108804795,0.8073756519770932,1,8,0
gene_ko_441imported_2seeds,44,KO: EG10808,0.0001956643613431,0.0002134828966633,7.534027063054824e-05,0.0002846684424208,266.97675902596336,648.6887548895718,720.5826502975942,2.429757396322603,26134.0,70,8,growth_rate_summary_441_KOs_seed100_all.csv,EG10808,100,0.00023063108804795,0.8483867591277193,1,8,0
gene_ko_441imported_2seeds,45,KO: EG10052,0.0002104295675893,0.0002329002589427,8.276545946529145e-05,0.0003028162237997,266.9734393490268,627.2174577779017,753.2729167559808,2.3493627654768727,23600.0,63,8,growth_rate_summary_441_KOs_seed100_all.csv,EG10052,100,0.00023063108804795,0.9124076436111253,1,8,0
gene_ko_441imported_2seeds,46,KO: EG10027,0.0002025101162779,0.0002225521599233,7.615263770137475e-05,0.0002834857055864,266.9592359569476,687.566040516313,717.614413032748,2.575546929671302,25309.0,68,8,growth_rate_summary_441_KOs_seed100_all.csv,EG10027,100,0.00023063108804795,0.8780694657946398,1,8,0
gene_ko_441imported_2seeds,47,KO: EG12424,0.0001977784633205,0.000224198151222,7.423996660330623e-05,0.0002744960959263,266.97799794989214,617.5842402981946,683.6273341421393,2.3132402109559083,26037.0,71,8,growth_rate_summary_441_KOs_seed100_all.csv,EG12424,100,0.00023063108804795,0.857553354989941,1,8,0
gene_ko_441imported_2seeds,48,KO: EG10196,0.0002009749115128,0.000126092086287,0.0002448512434524,0.001324606460918,266.9687227260629,1861.9085814495847,3334.7145224226188,6.974257367819424,28005.0,74,8,growth_rate_summary_441_KOs_seed100_all.csv,EG10196,100,0.00023063108804795,0.8714129270855964,0,6,1
gene_ko_441imported_2seeds,49,KO: EG11112,0.0002081444168309,0.0002266573212173,9.055520642459204e-05,0.0005821347510675,266.95562515849963,607.188412962488,738.6220743154927,2.2744919220262987,24255.0,66,8,growth_rate_summary_441_KOs_seed100_all.csv,EG11112,100,0.00023063108804795,0.9024993923959859,1,8,0
gene_ko_441imported_2seeds,50,KO: G6397,0.00018760260228,0.000206109184946,7.104679583872479e-05,0.0002860924155258,266.96486434522524,592.5300790761139,704.486066149354,2.21950585343652,27066.0,73,8,growth_rate_summary_441_KOs_seed100_all.csv,G6397,100,0.00023063108804795,0.8134315450178857,1,8,0
gene_ko_441imported_2seeds,51,KO: EG10073,0.000204720893813,0.0002120990380433,8.373615231172183e-05,0.000351490233524,266.9642165926276,646.6516085167468,798.4103738443946,2.4222407660855194,24879.0,66,8,growth_rate_summary_441_KOs_seed100_all.csv,EG10073,100,0.00023063108804795,0.887655240001456,1,8,0
gene_ko_441imported_2seeds,52,KO: EG10137,0.0002173567065944,0.0002450672077664,8.441049762021882e-05,0.0002928988246211,266.9623746713904,663.8159772731465,768.0662426698418,2.4865525641590933,22725.0,63,8,growth_rate_summary_441_KOs_seed100_all.csv,EG10137,100,0.00023063108804795,0.9424432258204923,1,8,0
gene_ko_441imported_2seeds,53,KO: EG10361,0.0002054082416869,0.0002289941919952,7.946625251450219e-05,0.0002778308355873,266.97747343771016,668.6228663494819,717.7493827732874,2.5044167874540983,24202.0,65,8,growth_rate_summary_441_KOs_seed100_all.csv,EG10361,100,0.00023063108804795,0.8906355315125342,1,8,0
gene_ko_441imported_2seeds,54,KO: EG10383,8.354790830448145e-05,6.930466478881723e-05,5.3566148426304926e-05,0.0002474210917405,266.9612362405661,334.69762620742847,575.259410016474,1.2537311818028265,25941.0,68,8,growth_rate_summary_441_KOs_seed100_all.csv,EG10383,100,0.00023063108804795,0.362257790186166,0,3,1
gene_ko_441imported_2seeds,55,KO: EG10928,0.0002047122960955,0.0002283452482615,7.766920785859667e-05,0.0002772965363846,266.9662378117283,602.6057568608826,727.0835730530782,2.2572358280220293,23943.0,66,8,growth_rate_summary_441_KOs_seed100_all.csv,EG10928,100,0.00023063108804795,0.8876179609096703,1,8,0
gene_ko_441imported_2seeds,56,KO: EG10036,0.0002087728532712,0.0002335411175966,8.290657153161474e-05,0.0002909569880191,266.9595579950811,603.5367420781213,794.005370849764,2.2607796724372826,23580.0,63,8,growth_rate_summary_441_KOs_seed100_all.csv,EG10036,100,0.00023063108804795,0.9052242481195532,1,8,0
gene_ko_441imported_2seeds,57,KO: EG10866,0.0002546186081488,0.0001726984717104,0.0002582271740389,0.0010894003372583,266.9493849022739,2693.773942488197,2697.5453688491707,10.090953921749422,19938.0,54,8,growth_rate_summary_441_KOs_seed100_all.csv,EG10866,100,0.00023063108804795,1.1040081816544298,0,5,1
gene_ko_441imported_2seeds,58,KO: EG10774,0.0001887159328112,0.0002045542305314,7.253170478938384e-05,0.0002794141777359,266.9736261589013,532.5226680910862,707.0367938271065,1.9946639514651212,26101.0,70,8,growth_rate_summary_441_KOs_seed100_all.csv,EG10774,100,0.00023063108804795,0.818258867043824,1,8,0
gene_ko_441imported_2seeds,59,KO: EG10914,0.0002923656088955,0.0002086098661761,0.0002755061914265,0.0010176500461298,266.9493849022739,4494.606959477998,4494.606959477998,16.836925700815552,16750.0,45,8,growth_rate_summary_441_KOs_seed100_all.csv,EG10914,100,0.00023063108804795,1.2676764930958262,0,4,1
gene_ko_441imported_2seeds,60,KO: EG11027,8.249740098256675e-05,7.225480080374065e-05,4.885093491980728e-05,0.0002289474515917,266.9840720352163,295.9112636157196,601.5625374900258,1.1083480050326286,48214.0,124,8,growth_rate_summary_441_KOs_seed100_all.csv,EG11027,100,0.00023063108804795,0.35770286512898425,0,6,1
gene_ko_441imported_2seeds,61,KO: EG10118,0.0002010969055012,0.0002233299482937,7.817688177929833e-05,0.0003106252277589,266.9828490349621,645.008131247756,730.191976306304,2.4159159795440286,25023.0,67,8,growth_rate_summary_441_KOs_seed100_all.csv,EG10118,100,0.00023063108804795,0.8719418843455762,1,8,0
gene_ko_441imported_2seeds,62,KO: EG11221,0.0002060574382947,0.0002259841594277,7.971070229954039e-05,0.0003091822330254,266.9734393490268,690.8230719818544,697.6395511250121,2.587609740003796,24462.0,65,8,growth_rate_summary_441_KOs_seed100_all.csv,EG11221,100,0.00023063108804795,0.893450401846342,1,8,0
gene_ko_441imported_2seeds,63,KO: EG12713,0.0002155737667876,0.0002399101706872,8.621217039803332e-05,0.000321070355022,266.9838373588368,689.9682405487597,796.8299126906365,2.5843071527263097,23750.0,65,8,growth_rate_summary_441_KOs_seed100_all.csv,EG12713,100,0.00023063108804795,0.9347125255844977,1,8,0
gene_ko_441imported_2seeds,64,KO: EG10095,0.0001937458942816,0.0002099891032338,7.457262418283226e-05,0.0002683347592527,266.9654565893444,566.1915178364311,684.8852327267857,2.1208418687192427,25045.0,67,8,growth_rate_summary_441_KOs_seed100_all.csv,EG10095,100,0.00023063108804795,0.8400684223512778,1,8,0
gene_ko_441imported_2seeds,65,KO: EG10905,0.0003461066831928,0.0002440694965265,0.0004922817945003,0.0031693211304061,266.9493849022739,5123.971364570887,5123.971364570887,19.19454268998108,17763.0,48,8,growth_rate_summary_441_KOs_seed100_all.csv,EG10905,100,0.00023063108804795,1.5006939702805449,0,5,1
gene_ko_441imported_2seeds,66,KO: G6775,0.0002000512596254,0.0002186405016439,7.539714198296886e-05,0.0002941371089862,266.9838373588368,638.0888849838639,683.2898563675737,2.389990687437185,25462.0,69,8,growth_rate_summary_441_KOs_seed100_all.csv,G6775,100,0.00023063108804795,0.8674080381731009,1,8,0
gene_ko_441imported_2seeds,67,KO: EG10759,0.000187619074983,0.0002099707942265,7.1891882835675e-05,0.0002906311343786,266.9828490349621,586.1633673573165,731.4705010658472,2.1955094474273023,26122.0,70,8,growth_rate_summary_441_KOs_seed100_all.csv,EG10759,100,0.00023063108804795,0.8135029694868912,1,8,0
gene_ko_441imported_2seeds,68,KO: EG10791,0.0002081908653223,0.0002323660059148,7.974031505237113e-05,0.0002829417717111,266.9768566013363,670.7597360206375,746.0945575883861,2.512426524753982,24451.0,66,8,growth_rate_summary_441_KOs_seed100_all.csv,EG10791,100,0.00023063108804795,0.9027007897522276,1,8,0
gene_ko_441imported_2seeds,69,KO: G7859,0.0001977956780881,0.0002132974353658,7.908702257569797e-05,0.0003239638785147,266.96842993028304,591.276415967079,821.7174922484571,2.2147802873976024,25136.0,67,8,growth_rate_summary_441_KOs_seed100_all.csv,G7859,100,0.00023063108804795,0.8576279969982916,1,8,0
gene_ko_441imported_2seeds,70,KO: EG11692,0.0001865997544402,0.0002030816581028,7.255916865988125e-05,0.0002842128116632,266.97364888911227,571.4185533639902,726.4258059921731,2.1403556333806164,26156.0,70,8,growth_rate_summary_441_KOs_seed100_all.csv,EG11692,100,0.00023063108804795,0.8090832680865836,1,8,0
gene_ko_441imported_2seeds,71,KO: EG10100,0.0002192059891704,0.0002474995502995,8.6340984860428e-05,0.0002796500910466,266.97066772456697,644.8582898040131,753.431066815087,2.415464947142852,22768.0,61,8,growth_rate_summary_441_KOs_seed100_all.csv,EG10100,100,0.00023063108804795,0.9504615835867946,1,8,0
gene_ko_441imported_2seeds,72,KO: EG11699,0.0001884532231482,0.0002101914362751,7.469626725704369e-05,0.0002810735380815,266.9824327998109,523.0472315351924,711.741774787567,1.959107294251769,25806.0,70,8,growth_rate_summary_441_KOs_seed100_all.csv,EG11699,100,0.00023063108804795,0.8171197766236055,1,8,0
gene_ko_441imported_2seeds,73,KO: EG10770,0.0001105594049396,8.286500103699047e-05,7.4600566159478e-05,0.0002879675543233,266.97329523820224,341.24154546343254,696.9671985501645,1.27818606411164,36550.0,97,8,growth_rate_summary_441_KOs_seed100_all.csv,EG10770,100,0.00023063108804795,0.4793777190896911,0,6,1
gene_ko_441imported_2seeds,74,KO: G7889,0.0001963287354737,0.0002187575532176,7.328333680757151e-05,0.0002778526864913,266.97210497198034,606.9103399397679,658.0616330263476,2.273309940015888,25653.0,68,8,growth_rate_summary_441_KOs_seed100_all.csv,G7889,100,0.00023063108804795,0.8512674381212724,1,8,0
gene_ko_441imported_2seeds,75,KO: EG11008,0.0001902051439484,0.0001964230135311,8.569963475232742e-05,0.0005672586869286,266.96009748592985,607.9332164746825,760.6035356200548,2.2772437611457037,27012.0,72,8,growth_rate_summary_441_KOs_seed100_all.csv,EG11008,100,0.00023063108804795,0.8247159806524212,1,8,0
gene_ko_441imported_2seeds,76,KO: EG10446,9.462478872017368e-05,7.112964297137484e-05,6.214620924118332e-05,0.000279937123703,266.97858867859827,346.41335435317524,666.1844108055857,1.297532345450385,35614.0,93,8,growth_rate_summary_441_KOs_seed100_all.csv,EG10446,100,0.00023063108804795,0.4102863561069462,0,5,1
gene_ko_441imported_2seeds,77,KO: EG10098,0.0002192059891704,0.0002474995502995,8.6340984860428e-05,0.0002796500910466,266.97066772456697,644.8582898040131,753.431066815087,2.415464947142852,22768.0,61,8,growth_rate_summary_441_KOs_seed100_all.csv,EG10098,100,0.00023063108804795,0.9504615835867946,1,8,0
gene_ko_441imported_2seeds,78,KO: EG10390,0.0001051078858954,5.935519732250076e-05,9.406939987305284e-05,0.0002913578076246,266.9581843362197,265.4257638854609,811.5200075573248,0.9942596985570266,34994.0,92,8,growth_rate_summary_441_KOs_seed100_all.csv,EG10390,100,0.00023063108804795,0.45574032011481147,0,6,1
gene_ko_441imported_2seeds,79,KO: EG10710,0.0001058071110954,7.68973329856662e-05,7.677633391523358e-05,0.0002724588033298,266.9493849022739,297.5989756302823,699.6696635404473,1.1148142399325205,36963.0,96,8,growth_rate_summary_441_KOs_seed100_all.csv,EG10710,100,0.00023063108804795,0.45877211086738606,0,6,1
gene_ko_441imported_2seeds,80,KO: G7868,0.0001883427117012,0.0002105175743285,7.197030593401951e-05,0.0002799079898011,266.97210497198034,620.9777528228703,682.3363329862837,2.326002384736204,26521.0,71,8,growth_rate_summary_441_KOs_seed100_all.csv,G7868,100,0.00023063108804795,0.8166406068467321,1,8,0
gene_ko_441imported_2seeds,81,KO: EG10629,0.000196090337746,0.0002155932959232,7.38599853115495e-05,0.0002973349243278,266.9602067336669,617.0565612927485,723.1843928395222,2.311417753389573,25281.0,68,8,growth_rate_summary_441_KOs_seed100_all.csv,EG10629,100,0.00023063108804795,0.850233762523946,1,8,0
gene_ko_441imported_2seeds,82,KO: G6662,0.0002029846634043,0.0002221386657344,7.878821288179516e-05,0.0003289769988095,266.95969445995684,601.0994661131467,735.0431186847627,2.251648764166944,24779.0,67,8,growth_rate_summary_441_KOs_seed100_all.csv,G6662,100,0.00023063108804795,0.8801270683946039,1,8,0
gene_ko_441imported_2seeds,83,KO: EG10007,0.0001998574195234,0.0002245103859822,7.587342099045708e-05,0.0002857095944173,266.9596383640926,640.9783083301777,722.7541245709906,2.401030778502854,25282.0,68,8,growth_rate_summary_441_KOs_seed100_all.csv,EG10007,100,0.00023063108804795,0.8665675612727807,1,8,0
gene_ko_441imported_2seeds,84,KO: EG10876,0.0003515049700202,0.0002386804249544,0.0004582162268648,0.002879333295889,266.9493849022739,5458.587538697853,5458.587538697853,20.44802440993134,18334.0,49,8,growth_rate_summary_441_KOs_seed100_all.csv,EG10876,100,0.00023063108804795,1.5241005581481686,0,5,1
gene_ko_441imported_2seeds,85,KO: EG12144,0.0002000208347211,0.00022229481096,7.624894568242699e-05,0.0002698354777412,266.9615890712977,608.48845050574,745.0452971296522,2.279310864992006,24877.0,67,8,growth_rate_summary_441_KOs_seed100_all.csv,EG12144,100,0.00023063108804795,0.8672761179512543,1,8,0
gene_ko_441imported_2seeds,86,KO: EG10652,0.0001934127513524,0.0002106952745913,7.430244704983871e-05,0.0003128258213585,266.9721654078893,603.4882547189993,730.302499417757,2.260491290531989,26056.0,70,8,growth_rate_summary_441_KOs_seed100_all.csv,EG10652,100,0.00023063108804795,0.8386239382965925,1,8,0
gene_ko_441imported_2seeds,87,KO: EG20049,0.0002041507943339,0.0002264626553903,8.082247751472028e-05,0.0002929435104595,266.9665627091489,622.1391747354357,755.690817370682,2.3304011124915127,24311.0,66,8,growth_rate_summary_441_KOs_seed100_all.csv,EG20049,100,0.00023063108804795,0.885183329193918,1,8,0
gene_ko_441imported_2seeds,88,KO: EG10445,9.864358045516654e-05,7.863289588932955e-05,6.73481643439142e-05,0.0002784388212651,266.93837659508506,352.3225524454996,731.0328774776119,1.3198647453375822,34239.0,90,8,growth_rate_summary_441_KOs_seed100_all.csv,EG10445,100,0.00023063108804795,0.4277115513354287,0,5,1
gene_ko_441imported_2seeds,89,KO: EG11268,0.0002132647331696,0.0002416771958229,8.42276255355779e-05,0.0002988096896604,266.96834454359407,628.0341879516081,719.8997076612718,2.352466877768928,23451.0,63,8,growth_rate_summary_441_KOs_seed100_all.csv,EG11268,100,0.00023063108804795,0.9247007199881943,1,8,0
gene_ko_441imported_2seeds,90,KO: EG10072,0.0002113627758715,0.0002284135627141,8.509518779273152e-05,0.0003236796692661,266.9761736048414,588.4203535664556,788.1203420903746,2.204018229871675,23546.0,65,8,growth_rate_summary_441_KOs_seed100_all.csv,EG10072,100,0.00023063108804795,0.9164539683720178,1,8,0
gene_ko_441imported_2seeds,91,KO: EG11796,0.0001936686098288,0.000208668724798,7.38530374922757e-05,0.0002961981501329,266.97329523820224,552.3188983000045,766.8936990582893,2.0688170245911963,25440.0,70,8,growth_rate_summary_441_KOs_seed100_all.csv,EG11796,100,0.00023063108804795,0.83973332245883,1,8,0
gene_ko_441imported_2seeds,92,KO: G0-10441,0.000201678921633,0.0002178656342134,7.758667267408489e-05,0.0003120800625278,266.9669356937867,592.8435095386533,778.7032691467334,2.220662674941326,24920.0,68,8,growth_rate_summary_441_KOs_seed100_all.csv,G0-10441,100,0.00023063108804795,0.8744654649119523,1,8,0
gene_ko_441imported_2seeds,93,KO: EG10123,0.0002097606811899,0.0002317244953799,8.131084435050413e-05,0.0003091379567915,266.9705593213504,684.5490674858588,782.8042461969351,2.564136919164455,24092.0,65,8,growth_rate_summary_441_KOs_seed100_all.csv,EG10123,100,0.00023063108804795,0.9095073997408759,1,8,0
gene_ko_441imported_2seeds,94,KO: EG12088,0.0002107314813067,0.000236356440751,8.325690182283135e-05,0.000296367561553,266.9807029965192,629.988109212962,751.3973913850457,2.35967656891358,23472.0,63,8,growth_rate_summary_441_KOs_seed100_all.csv,EG12088,100,0.00023063108804795,0.91371672002383,1,8,0
gene_ko_441imported_2seeds,95,KO: EG10865,0.0002546186081488,0.0001726984717104,0.0002582271740389,0.0010894003372583,266.9493849022739,2693.773942488197,2697.5453688491707,10.090953921749422,19938.0,54,8,growth_rate_summary_441_KOs_seed100_all.csv,EG10865,100,0.00023063108804795,1.1040081816544298,0,5,1
gene_ko_441imported_2seeds,96,KO: EG12715,0.0002092778940691,0.0002339619466406,7.985679657061859e-05,0.0002735347072749,266.9758116187776,609.1603680888209,721.3115278158866,2.28170621299078,23851.0,65,8,growth_rate_summary_441_KOs_seed100_all.csv,EG12715,100,0.00023063108804795,0.9074140691110536,1,8,0
gene_ko_441imported_2seeds,97,KO: G7833,0.0002148447457547,0.000239659004817,9.444894553172671e-05,0.0005675808174462,266.9717844099665,616.167395068115,775.5459482404985,2.307986952366163,23534.0,64,8,growth_rate_summary_441_KOs_seed100_all.csv,G7833,100,0.00023063108804795,0.9315515422189401,1,8,0
gene_ko_441imported_2seeds,98,KO: EG10920,0.0003771698176499,0.0002561597526983,0.0004020926333973,0.0020898110278214,266.9493849022739,4870.656197974058,4870.656197974058,18.24561686012924,15543.0,43,8,growth_rate_summary_441_KOs_seed100_all.csv,EG10920,100,0.00023063108804795,1.6353815127103917,0,5,1
gene_ko_441imported_2seeds,99,KO: EG12625,0.0002022565835613,0.0002247077541421,7.571014801952802e-05,0.0002750836716115,266.977523768993,589.3164209831057,690.3085089385249,2.2073634239450883,24626.0,68,8,growth_rate_summary_441_KOs_seed100_all.csv,EG12625,100,0.00023063108804795,0.8769701659615345,1,8,0
gene_ko_441imported_2seeds,100,KO: EG10537,0.0002063041524348,0.0002287628579724,7.910492747218057e-05,0.0002900939160346,266.9734393490268,621.1139329525918,734.4763873292752,2.326500847676389,24306.0,66,8,growth_rate_summary_441_KOs_seed100_all.csv,EG10537,100,0.00023063108804795,0.8945201368165413,1,8,0
gene_ko_441imported_2seeds,101,KO: EG10864,0.0003343854582166,0.0002194637896863,0.000311365860804,0.0011833266201894,266.9493849022739,3245.15324852673,3245.15324852673,12.15643650842174,14480.0,40,8,growth_rate_summary_441_KOs_seed100_all.csv,EG10864,100,0.00023063108804795,1.4498715721580373,0,4,1
gene_ko_441imported_2seeds,102,KO: G7542,0.0002218145818341,0.0002531308427233,8.970604872758589e-05,0.0003147377783711,266.9595573545265,609.3429574164488,790.4017602270244,2.282529097121748,22179.0,60,8,growth_rate_summary_441_KOs_seed100_all.csv,G7542,100,0.00023063108804795,0.9617722559067277,1,8,0
gene_ko_441imported_2seeds,103,KO: EG10115,0.0002068702861523,0.0002332994509544,7.780578087631121e-05,0.0002762312546313,266.9681731777026,720.5343278201403,720.5343278201403,2.698952160640248,24928.0,67,8,growth_rate_summary_441_KOs_seed100_all.csv,EG10115,100,0.00023063108804795,0.8969748523637457,1,8,0
gene_ko_441imported_2seeds,104,KO: G6437,0.0002165219476635,0.0002324597248907,9.339282830691948e-05,0.0005649067509978,266.95562515849963,754.6840051818301,778.9737442202609,2.8270016963821285,23917.0,66,8,growth_rate_summary_441_KOs_seed100_all.csv,G6437,100,0.00023063108804795,0.9388237704471282,1,8,0
gene_ko_441imported_2seeds,105,KO: G7158,0.000180413029603,0.0001941758690819,7.213453828282836e-05,0.0002904952246152,266.9483707974723,516.2070247287684,719.9323635871651,1.9337335649836311,27564.0,73,8,growth_rate_summary_441_KOs_seed100_all.csv,G7158,100,0.00023063108804795,0.7822580690660866,1,8,0
gene_ko_441imported_2seeds,106,KO: G7888,0.0001963287354737,0.0002187575532176,7.328333680757151e-05,0.0002778526864913,266.97210497198034,606.9103399397679,658.0616330263476,2.273309940015888,25653.0,68,8,growth_rate_summary_441_KOs_seed100_all.csv,G7888,100,0.00023063108804795,0.8512674381212724,1,8,0
gene_ko_441imported_2seeds,107,KO: EG10661,0.0002070223580894,0.0002256460359801,8.100375357337229e-05,0.0002933752561102,266.9768566013363,596.7932506985369,728.0113698107884,2.235374475135497,23971.0,65,8,growth_rate_summary_441_KOs_seed100_all.csv,EG10661,100,0.00023063108804795,0.8976342254707589,1,8,0
gene_ko_441imported_2seeds,108,KO: EG10330,0.000204140351389,0.0002271607263986,7.744702104310573e-05,0.0002809628823066,266.9815683929916,626.5653717746511,741.3777922551278,2.346848793892616,24751.0,67,8,growth_rate_summary_441_KOs_seed100_all.csv,EG10330,100,0.00023063108804795,0.8851380493273207,1,8,0
gene_ko_441imported_2seeds,109,KO: EG10192,0.0002146723312749,0.0002465489369781,8.675753616701e-05,0.0003007621387583,266.9717625675212,654.0366425143211,790.5062392744696,2.449834530155246,23485.0,64,8,growth_rate_summary_441_KOs_seed100_all.csv,EG10192,100,0.00023063108804795,0.9308039652931263,1,8,0
gene_ko_441imported_2seeds,110,KO: EG50006,0.0002188412004293,0.0002444088694321,8.485620822083459e-05,0.000282926624747,266.9671540601488,733.2241808199053,756.0317668238829,2.746495850402282,23108.0,63,8,growth_rate_summary_441_KOs_seed100_all.csv,EG50006,100,0.00023063108804795,0.9488798855417151,1,8,0
gene_ko_441imported_2seeds,111,KO: EG10356,0.0001868983577306,0.0002083172725866,7.192341726193526e-05,0.0002716194987861,266.9871788152029,535.5220406301194,701.7217900850267,2.005796843903073,25829.0,70,8,growth_rate_summary_441_KOs_seed100_all.csv,EG10356,100,0.00023063108804795,0.8103779907231864,1,8,0
gene_ko_441imported_2seeds,112,KO: G6105,0.0002138863095756,0.0002385826143118,8.184877911527706e-05,0.000304225780216,266.9764925372041,666.4933915924889,738.7252036229756,2.4964497258110123,23825.0,65,8,growth_rate_summary_441_KOs_seed100_all.csv,G6105,100,0.00023063108804795,0.9273958310907824,1,8,0
gene_ko_441imported_2seeds,113,KO: EG11375,0.0002060628381478,0.0002318306672454,8.10199386288707e-05,0.0002819513350737,266.97213496403583,616.8220558605369,708.2656837024549,2.3104360908063675,24197.0,64,8,growth_rate_summary_441_KOs_seed100_all.csv,EG11375,100,0.00023063108804795,0.8934738152254562,1,8,0
gene_ko_441imported_2seeds,114,KO: EG10350,0.0001972113049258,0.0002190415466112,7.561679596254249e-05,0.0003106704162387,266.9828490349621,590.0252077445075,761.7738856588878,2.209974198257365,25508.0,69,8,growth_rate_summary_441_KOs_seed100_all.csv,EG10350,100,0.00023063108804795,0.8550941965152514,1,8,0
gene_ko_441imported_2seeds,115,KO: EG11576,7.54066475851612e-05,5.1602490897854665e-05,6.190929930193558e-05,0.0002780716513064,266.9788584254484,262.71299234866774,638.614020564067,0.9840217083032744,33932.0,88,8,growth_rate_summary_441_KOs_seed100_all.csv,EG11576,100,0.00023063108804795,0.3269578625474965,0,4,1
gene_ko_441imported_2seeds,116,KO: M004,0.0001946147400802,0.0002145759939057,7.940237728310948e-05,0.0003113748467928,266.9647023028372,539.0653695073124,788.5234526913946,2.019238366935161,25187.0,68,8,growth_rate_summary_441_KOs_seed100_all.csv,M004,100,0.00023063108804795,0.8438356759594269,1,8,0
gene_ko_441imported_2seeds,117,KO: EG50002,0.0003130469086018,0.0001892711953283,0.0003380701016227,0.0015341661537853,266.9493849022739,5372.216839303672,5372.216839303672,20.124477309698086,17855.0,47,8,growth_rate_summary_441_KOs_seed100_all.csv,EG50002,100,0.00023063108804795,1.3573491381904035,0,4,1
gene_ko_441imported_2seeds,118,KO: EG10464,0.0002025496727138,0.0002247146232906,7.858513418464116e-05,0.00029004208727,266.9764925372041,629.2549930497134,729.8588741421318,2.356967787948689,24691.0,67,8,growth_rate_summary_441_KOs_seed100_all.csv,EG10464,100,0.00023063108804795,0.8782409796882559,1,8,0
gene_ko_441imported_2seeds,119,KO: EG11934,0.0001878069569099,0.000206493206151,7.048811826058638e-05,0.000295007096536,266.9705593213504,598.9052594968666,713.7895343446719,2.2433382205862222,26457.0,71,8,growth_rate_summary_441_KOs_seed100_all.csv,EG11934,100,0.00023063108804795,0.8143176121636017,1,8,0
gene_ko_441imported_2seeds,120,KO: EG10045,0.0002076043511755,0.0002338362030306,7.902144765386032e-05,0.0002826176883802,266.96834454359407,663.3846381138903,714.0942527441287,2.484881266533697,24289.0,67,8,growth_rate_summary_441_KOs_seed100_all.csv,EG10045,100,0.00023063108804795,0.9001577061126184,1,8,0
gene_ko_441imported_2seeds,121,KO: EG10637,0.0002164265586108,0.0002289595256347,0.000106003320581,0.0007629842379596,266.96772649023274,642.021102387411,770.6885028410566,2.4048641040919976,23847.0,65,8,growth_rate_summary_441_KOs_seed100_all.csv,EG10637,100,0.00023063108804795,0.9384101702967436,1,8,0
gene_ko_441imported_2seeds,122,KO: EG10868,0.0003515049700202,0.0002386804249544,0.0004582162268648,0.002879333295889,266.9493849022739,5458.587538697853,5458.587538697853,20.44802440993134,18334.0,49,8,growth_rate_summary_441_KOs_seed100_all.csv,EG10868,100,0.00023063108804795,1.5241005581481686,0,5,1
gene_ko_441imported_2seeds,123,KO: EG10064,0.0001982828647139,0.0002103618329806,7.793192008529926e-05,0.0002946038257723,266.9764925372041,643.0352986251016,766.6562473828342,2.408583963756631,25292.0,67,8,growth_rate_summary_441_KOs_seed100_all.csv,EG10064,100,0.00023063108804795,0.8597404035689908,1,8,0
gene_ko_441imported_2seeds,124,KO: EG10707,8.754991609403574e-05,6.536202588455496e-05,6.928876359090827e-05,0.0002860251415181,266.97329523820224,307.2833345144709,743.01184530399,1.1509890314696185,36648.0,96,8,growth_rate_summary_441_KOs_seed100_all.csv,EG10707,100,0.00023063108804795,0.3796102114205585,0,5,1
gene_ko_441imported_2seeds,125,KO: EG10918,0.0002546186081488,0.0001726984717104,0.0002582271740389,0.0010894003372583,266.9493849022739,2693.773942488197,2697.5453688491707,10.090953921749422,19938.0,54,8,growth_rate_summary_441_KOs_seed100_all.csv,EG10918,100,0.00023063108804795,1.1040081816544298,0,5,1
gene_ko_441imported_2seeds,126,KO: EG10077,0.0002139057669057,0.0002423149754896,8.53609359101981e-05,0.0003173443146178,266.9647654896215,676.4759616314032,795.4845056349695,2.533952225458388,23227.0,63,8,growth_rate_summary_441_KOs_seed100_all.csv,EG10077,100,0.00023063108804795,0.9274801966906877,1,8,0
gene_ko_441imported_2seeds,127,KO: EG11746,0.0002069227811686,0.0002301627783022,8.093005546512166e-05,0.0003042091163807,266.9747700106519,722.0510269514289,745.3269841236804,2.7045665285997624,24756.0,66,8,growth_rate_summary_441_KOs_seed100_all.csv,EG11746,100,0.00023063108804795,0.8972024670220484,1,8,0
gene_ko_441imported_2seeds,128,KO: EG10195,0.0002028603968995,0.0002284774288285,8.088891102798481e-05,0.000300131625255,266.9828490349621,559.2863764860606,734.89593717203,2.09484009369014,24026.0,65,8,growth_rate_summary_441_KOs_seed100_all.csv,EG10195,100,0.00023063108804795,0.8795882576650886,1,8,0
gene_ko_441imported_2seeds,129,KO: EG10079,0.0001920840438755,0.0002060627240817,7.725272870780342e-05,0.0002981177867536,266.975745005044,573.3022162489806,783.1123649565818,2.1473943868501952,26286.0,71,8,growth_rate_summary_441_KOs_seed100_all.csv,EG10079,100,0.00023063108804795,0.8328627571473115,1,8,0
gene_ko_441imported_2seeds,130,KO: EG11673,0.0001871945269758,0.0001983950804804,7.259615913141424e-05,0.0002927000277674,266.9669149781284,583.4444630732446,728.5068442741313,2.1854560634266016,26647.0,71,8,growth_rate_summary_441_KOs_seed100_all.csv,EG11673,100,0.00023063108804795,0.8116621595128615,1,8,0
gene_ko_441imported_2seeds,131,KO: G6710,0.0002061134214653,0.0002182209877641,8.428037087465251e-05,0.0003480153803477,266.9618005240767,619.7283960068532,854.5407969496264,2.321412257447527,24402.0,66,8,growth_rate_summary_441_KOs_seed100_all.csv,G6710,100,0.00023063108804795,0.8936931408936831,1,8,0
gene_ko_441imported_2seeds,132,KO: EG10214,0.0001971344309489,0.0002153012253185,8.646242700076893e-05,0.0005882454527643,266.96149193131646,676.6626405055702,682.6857908954219,2.5346825701725595,26426.0,71,8,growth_rate_summary_441_KOs_seed100_all.csv,EG10214,100,0.00023063108804795,0.8547608764171213,1,8,0
gene_ko_441imported_2seeds,133,KO: EG10883,0.0002546186081488,0.0001726984717104,0.0002582271740389,0.0010894003372583,266.9493849022739,2693.773942488197,2697.5453688491707,10.090953921749422,19938.0,54,8,growth_rate_summary_441_KOs_seed100_all.csv,EG10883,100,0.00023063108804795,1.1040081816544298,0,5,1
gene_ko_441imported_2seeds,134,KO: EG11867,0.0001996764523907,0.0002191668295176,7.850415341154644e-05,0.0003336157155096,266.9734393490268,667.1357082705088,789.0038813001245,2.4988841957357835,25438.0,69,8,growth_rate_summary_441_KOs_seed100_all.csv,EG11867,100,0.00023063108804795,0.8657829006520825,1,8,0
gene_ko_441imported_2seeds,135,KO: EG10906,0.000374084912991,0.0002552190246502,0.0003429741943634,0.0013286417867643,266.9493849022739,5004.149153685963,5473.069803604689,18.74568527482431,12263.0,34,8,growth_rate_summary_441_KOs_seed100_all.csv,EG10906,100,0.00023063108804795,1.6220055854448592,0,4,1
gene_ko_441imported_2seeds,136,KO: EG12026,0.0002064042686114,0.0002304175767864,7.892816118142815e-05,0.0002972313746417,266.97364888911227,654.3515392622805,720.8146313516042,2.450996725650875,24495.0,67,8,growth_rate_summary_441_KOs_seed100_all.csv,EG12026,100,0.00023063108804795,0.8949542334400596,1,8,0
gene_ko_441imported_2seeds,137,KO: EG10200,0.0002150756837697,0.0002401813455834,8.273315787507206e-05,0.0003008343707341,266.9654565893444,657.2069721352148,749.0321252146307,2.461767827686237,23491.0,64,8,growth_rate_summary_441_KOs_seed100_all.csv,EG10200,100,0.00023063108804795,0.9325528730323819,1,8,0
gene_ko_441imported_2seeds,138,KO: EG10793,0.0002125707611367,0.0002418918925216,8.765207396661268e-05,0.0002821778249072,266.9839545801421,336.9774033614618,766.7387681008629,1.2621635030142206,17811.0,50,8,growth_rate_summary_441_KOs_seed100_all.csv,EG10793,100,0.00023063108804795,0.9216917065946673,0,6,1
gene_ko_441imported_2seeds,139,KO: G7726,0.0001757214483784,0.000188333387886,7.133873337559868e-05,0.0002818974931938,266.96980948439534,569.3876693255443,733.0162170612748,2.13277924730596,28359.0,76,8,growth_rate_summary_441_KOs_seed100_all.csv,G7726,100,0.00023063108804795,0.7619157064457248,1,8,0
gene_ko_441imported_2seeds,140,KO: EG10980,0.000211613888069,0.000231613678019,8.394748412202388e-05,0.0003272254427901,266.9688721753196,662.4554853512877,853.6239733900627,2.4813959768172915,23994.0,65,8,growth_rate_summary_441_KOs_seed100_all.csv,EG10980,100,0.00023063108804795,0.9175427730064033,1,8,0
gene_ko_441imported_2seeds,141,KO: EG11428,0.0002154645685065,0.0002449467304056,8.480627245377719e-05,0.0003338288907345,266.97336415605014,701.5300612362873,733.7400520394556,2.6277155530251024,23494.0,63,8,growth_rate_summary_441_KOs_seed100_all.csv,EG11428,100,0.00023063108804795,0.9342390496016011,1,8,0
gene_ko_441imported_2seeds,142,KO: G6096,0.000209044292699,0.0002378464103477,7.995945319044055e-05,0.000277149889359,266.9758116187776,719.0822202125976,727.2314840805072,2.6934358429421903,24435.0,66,8,growth_rate_summary_441_KOs_seed100_all.csv,G6096,100,0.00023063108804795,0.9064011901792618,1,8,0
gene_ko_441imported_2seeds,143,KO: EG11631,0.0001937803033356,0.0002104876526628,7.517951681135727e-05,0.0002876632566425,266.9577025909889,554.6405165486722,746.5969551535572,2.07763443858538,25528.0,70,8,growth_rate_summary_441_KOs_seed100_all.csv,EG11631,100,0.00023063108804795,0.8402176175629521,1,8,0
gene_ko_441imported_2seeds,144,KO: EG10161,0.0001914935702338,0.0002142636904144,7.510276789562278e-05,0.000274314416258,266.957624610007,553.5022872956861,718.1257425241599,2.073371337882881,25596.0,68,8,growth_rate_summary_441_KOs_seed100_all.csv,EG10161,100,0.00023063108804795,0.8303025054193345,1,8,0
gene_ko_441imported_2seeds,145,KO: EG10877,0.0002546186081488,0.0001726984717104,0.0002582271740389,0.0010894003372583,266.9493849022739,2693.773942488197,2697.5453688491707,10.090953921749422,19938.0,54,8,growth_rate_summary_441_KOs_seed100_all.csv,EG10877,100,0.00023063108804795,1.1040081816544298,0,5,1
gene_ko_441imported_2seeds,146,KO: EG10012,0.0002040704499136,0.0002231895259639,8.973712137701319e-05,0.0005735692439653,266.96834454359407,610.6478950600003,721.7657820658997,2.2873419547323364,24819.0,66,8,growth_rate_summary_441_KOs_seed100_all.csv,EG10012,100,0.00023063108804795,0.8848349614999524,1,8,0
gene_ko_441imported_2seeds,147,KO: EG10066,0.0002118883076535,0.0002399509399636,8.258565739786375e-05,0.0002774586675052,266.98280373413945,627.7685184545085,721.9457837734537,2.3513443925011672,23513.0,63,8,growth_rate_summary_441_KOs_seed100_all.csv,EG10066,100,0.00023063108804795,0.9187326368136752,1,8,0
gene_ko_441imported_2seeds,148,KO: EG11082,0.0001974574576321,0.0002138974466267,7.912678455797919e-05,0.0002968853299419,266.9758116187776,564.7126095292651,715.7978073397044,2.11522012464423,24858.0,66,8,growth_rate_summary_441_KOs_seed100_all.csv,EG11082,100,0.00023063108804795,0.8561614971484115,1,8,0
gene_ko_441imported_2seeds,149,KO: EG12302,0.0001891778743678,0.0001901829022027,8.671671974324286e-05,0.0003190505902027,266.96199240722024,514.3840914351943,784.8673792905013,1.926806459589797,26188.0,70,8,growth_rate_summary_441_KOs_seed100_all.csv,EG12302,100,0.00023063108804795,0.8202618127893861,1,8,0
gene_ko_441imported_2seeds,150,KO: G6711,0.0002061134214653,0.0002182209877641,8.428037087465251e-05,0.0003480153803477,266.9618005240767,619.7283960068532,854.5407969496264,2.321412257447527,24402.0,66,8,growth_rate_summary_441_KOs_seed100_all.csv,G6711,100,0.00023063108804795,0.8936931408936831,1,8,0
gene_ko_441imported_2seeds,151,KO: EG10205,9.434060761881631e-05,6.616217646971938e-05,7.005364729331061e-05,0.0002953804518355,266.96834454359407,293.5209708649105,683.3584934756318,1.0994598305904413,34934.0,91,8,growth_rate_summary_441_KOs_seed100_all.csv,EG10205,100,0.00023063108804795,0.4090541670566206,0,5,1
gene_ko_441imported_2seeds,152,KO: EG11630,0.0001937803033356,0.0002104876526628,7.517951681135727e-05,0.0002876632566425,266.9577025909889,554.6405165486722,746.5969551535572,2.07763443858538,25528.0,70,8,growth_rate_summary_441_KOs_seed100_all.csv,EG11630,100,0.00023063108804795,0.8402176175629521,1,8,0
gene_ko_441imported_2seeds,153,KO: EG10119,0.0002010969055012,0.0002233299482937,7.817688177929833e-05,0.0003106252277589,266.9828490349621,645.008131247756,730.191976306304,2.4159159795440286,25023.0,67,8,growth_rate_summary_441_KOs_seed100_all.csv,EG10119,100,0.00023063108804795,0.8719418843455762,1,8,0
gene_ko_441imported_2seeds,154,KO: EG10792,0.0001846188328805,0.0002032929641563,7.453148888194554e-05,0.0003034947048541,266.9768566013363,479.797303705988,758.8516667439262,1.7971494226649252,26573.0,71,8,growth_rate_summary_441_KOs_seed100_all.csv,EG10792,100,0.00023063108804795,0.800494133046436,1,8,0
gene_ko_441imported_2seeds,155,KO: EG10526,0.0001836300263863,0.0001961564315369,7.525903811685359e-05,0.0002896596483825,266.97014372924104,502.96494893770273,797.5467191373968,1.8839745220641813,26375.0,71,8,growth_rate_summary_441_KOs_seed100_all.csv,EG10526,100,0.00023063108804795,0.7962067383913216,1,8,0
gene_ko_441imported_2seeds,156,KO: EG10056,0.0001920073075508,0.000204255466768,7.514759768751365e-05,0.0003420193226682,266.9688721753196,582.2918266229112,760.3796101793507,2.181122547652364,25778.0,70,8,growth_rate_summary_441_KOs_seed100_all.csv,EG10056,100,0.00023063108804795,0.8325300338993336,1,8,0
gene_ko_441imported_2seeds,157,KO: EG10901,0.000396525148628,0.0002513028127084,0.0003795748104262,0.0014438106230183,266.9493849022739,6459.098423061623,6459.098423061623,24.19596668269605,12242.0,33,8,growth_rate_summary_441_KOs_seed100_all.csv,EG10901,100,0.00023063108804795,1.719304851675327,0,3,1
gene_ko_441imported_2seeds,158,KO: EG10094,0.0001259720098855,9.60874111073129e-05,9.01232333506021e-05,0.0003184275315316,266.95562515849963,343.7805129360378,812.1382605283254,1.2877814907699543,36220.0,95,8,growth_rate_summary_441_KOs_seed100_all.csv,EG10094,100,0.00023063108804795,0.5462056783052137,0,7,1
gene_ko_441imported_2seeds,159,KO: G6879,0.0001005884646649,6.3073223649807e-05,8.71346909393512e-05,0.0003018962539323,266.9387560604648,264.1812980721245,726.0233279030188,0.9896700725326084,36544.0,95,8,growth_rate_summary_441_KOs_seed100_all.csv,G6879,100,0.00023063108804795,0.43614443098836214,0,6,1
gene_ko_441imported_2seeds,160,KO: EG10409,9.803513339594244e-05,7.623201177235886e-05,6.29836844303927e-05,0.0002631224662107,266.9686781212206,361.2068743623122,682.5198530478265,1.352993455652882,34478.0,91,8,growth_rate_summary_441_KOs_seed100_all.csv,EG10409,100,0.00023063108804795,0.4250733681469697,0,5,1
gene_ko_441imported_2seeds,161,KO: EG10999,8.970834986398552e-05,6.825169307457533e-05,7.031236144546344e-05,0.0003349699067288,266.9734377939619,291.9759724279144,802.611437733513,1.093651768657406,42743.0,111,8,growth_rate_summary_441_KOs_seed100_all.csv,EG10999,100,0.00023063108804795,0.38896902678330364,0,6,1
gene_ko_441imported_2seeds,162,KO: EG11351,0.0001878069575605,0.0001978108382026,7.504034705831713e-05,0.0003110174141699,266.9647654896215,554.3312688666163,791.2678170517156,2.076421088191005,26213.0,69,8,growth_rate_summary_441_KOs_seed100_all.csv,EG11351,100,0.00023063108804795,0.8143176149845569,1,8,0
gene_ko_441imported_2seeds,163,KO: EG10565,0.000203884777283,0.0002302852754427,8.142781365840619e-05,0.0003415743401556,266.96842993028304,571.1136361386311,736.240278966827,2.139255328009284,24576.0,67,8,growth_rate_summary_441_KOs_seed100_all.csv,EG10565,100,0.00023063108804795,0.884029898174919,1,8,0
gene_ko_441imported_2seeds,164,KO: EG11102,0.0001970137660729,0.0002178860914601,7.400479606859603e-05,0.0002935918249241,266.9764925372041,667.1791284796836,687.9232805400818,2.4990182549001387,25852.0,69,8,growth_rate_summary_441_KOs_seed100_all.csv,EG11102,100,0.00023063108804795,0.8542376820940085,1,8,0
gene_ko_441imported_2seeds,165,KO: EG11971,0.0002052203009191,0.0002295864405232,8.203531273012951e-05,0.00028243803408,266.9493849022739,583.3939304726216,713.3757657081317,2.1854102817513263,23856.0,64,8,growth_rate_summary_441_KOs_seed100_all.csv,EG11971,100,0.00023063108804795,0.889820633705865,1,8,0
gene_ko_441imported_2seeds,166,KO: EG11318,0.0002231902923249,0.0002534362026479,8.854075689828704e-05,0.0002942885479545,266.9623117291867,686.1527676942278,779.2586183190979,2.570223351939949,22546.0,61,8,growth_rate_summary_441_KOs_seed100_all.csv,EG11318,100,0.00023063108804795,0.9677372387823839,1,8,0
gene_ko_441imported_2seeds,167,KO: G6517,0.0002172940388045,0.0002439909182712,8.732915354962074e-05,0.000305195859568,266.9721654078893,710.5687074883397,789.2774434091009,2.6615834890603978,23506.0,63,8,growth_rate_summary_441_KOs_seed100_all.csv,G6517,100,0.00023063108804795,0.9421715027391401,1,8,0
gene_ko_441imported_2seeds,168,KO: EG10893,8.705939151476303e-05,6.280626353956888e-05,6.289809936024293e-05,0.0002765065507096,266.9493849022739,323.29257473870814,627.875151157336,1.2110631940847536,24114.0,63,8,growth_rate_summary_441_KOs_seed100_all.csv,EG10893,100,0.00023063108804795,0.3774833317209287,0,3,1
gene_ko_441imported_2seeds,169,KO: EG10186,0.0002070225391834,0.0002299635476103,8.00489456765975e-05,0.000289445484264,266.9828490349621,701.5820637984652,730.2920999802504,2.627816979009731,24697.0,67,8,growth_rate_summary_441_KOs_seed100_all.csv,EG10186,100,0.00023063108804795,0.8976350106814672,1,8,0
gene_ko_441imported_2seeds,170,KO: EG11032,0.0002015272112544,0.000229489268475,7.562189543219837e-05,0.0002682437452,266.95562515849963,659.4184599211205,718.9902850703147,2.4701425921615394,24991.0,68,8,growth_rate_summary_441_KOs_seed100_all.csv,EG11032,100,0.00023063108804795,0.8738076594968884,1,8,0
gene_ko_441imported_2seeds,171,KO: EG10117,0.0001970087896311,0.0002154850426924,7.725552155840484e-05,0.0002929005269181,266.9767240713055,566.2975575453404,730.7735575224847,2.1211495478313336,24956.0,66,8,growth_rate_summary_441_KOs_seed100_all.csv,EG10117,100,0.00023063108804795,0.8542161045961867,1,8,0
gene_ko_441imported_2seeds,172,KO: EG10096,0.0001362590769418,0.0001056546723531,8.60596027450959e-05,0.0003102705508667,266.9626663063788,372.6441719164648,790.1947095257485,1.395866235051762,33865.0,91,8,growth_rate_summary_441_KOs_seed100_all.csv,EG10096,100,0.00023063108804795,0.5908096696550756,1,8,0
gene_ko_441imported_2seeds,173,KO: G6943,0.0001923083596307,0.0002037249980824,7.618478388968839e-05,0.0003299403027771,266.9567219903413,521.3627165391381,773.3267717075514,1.9529859096711617,25280.0,69,8,growth_rate_summary_441_KOs_seed100_all.csv,G6943,100,0.00023063108804795,0.8338353743131004,1,8,0
gene_ko_441imported_2seeds,174,KO: EG11957,0.0002185551504434,0.0002439899650891,8.891639343569643e-05,0.0003464104848157,266.9640598532692,647.5946802735141,840.8920664384145,2.4257747676951347,22409.0,60,8,growth_rate_summary_441_KOs_seed100_all.csv,EG11957,100,0.00023063108804795,0.9476395931408895,1,8,0
gene_ko_441imported_2seeds,175,KO: G7454,0.0002054879885385,0.0002343026593098,7.852086907870053e-05,0.000298320743429,266.98037322111554,600.5670767696133,695.9131207730004,2.2494802502662554,24090.0,66,8,growth_rate_summary_441_KOs_seed100_all.csv,G7454,100,0.00023063108804795,0.8909813081911032,1,8,0
gene_ko_441imported_2seeds,176,KO: EG11810,0.0001917891570948,0.000203214781567,7.57867681432823e-05,0.0003166480991877,266.97068949521224,588.8165431642485,784.6448577572467,2.2055475238783027,25859.0,70,8,growth_rate_summary_441_KOs_seed100_all.csv,EG11810,100,0.00023063108804795,0.8315841490325256,1,8,0
gene_ko_441imported_2seeds,177,KO: G7579,0.0002227404782052,0.0002519401856767,9.147029092076924e-05,0.0003354953416169,266.9714574115121,578.284447091708,781.7853408031569,2.1660909098620804,21921.0,60,8,growth_rate_summary_441_KOs_seed100_all.csv,G7579,100,0.00023063108804795,0.9657868767409644,1,8,0
gene_ko_441imported_2seeds,178,KO: G7742,0.0002037060991097,0.0002143874983429,8.795737399275706e-05,0.0005507827598881,266.973615174168,631.0061651881908,782.627479284263,2.36355253599325,25821.0,70,8,growth_rate_summary_441_KOs_seed100_all.csv,G7742,100,0.00023063108804795,0.883255162319435,1,8,0
gene_ko_441imported_2seeds,179,KO: EG10076,0.0001924235484476,0.0002022695202658,7.472295420610567e-05,0.0002875808678636,266.9609228716721,569.2562683478143,745.535810090593,2.132358032870059,25719.0,70,8,growth_rate_summary_441_KOs_seed100_all.csv,EG10076,100,0.00023063108804795,0.834334824833301,1,8,0
gene_ko_441imported_2seeds,180,KO: EG10104,0.0002192059891704,0.0002474995502995,8.6340984860428e-05,0.0002796500910466,266.97066772456697,644.8582898040131,753.431066815087,2.415464947142852,22768.0,61,8,growth_rate_summary_441_KOs_seed100_all.csv,EG10104,100,0.00023063108804795,0.9504615835867946,1,8,0
gene_ko_441imported_2seeds,181,KO: EG11866,0.0002067470237916,0.0002257630482884,0.0001025202686618,0.0007298167190553,266.9882201239734,739.3000670741537,751.4045826248835,2.7690362770719505,25839.0,69,8,growth_rate_summary_441_KOs_seed100_all.csv,EG11866,100,0.00023063108804795,0.8964403955316539,1,8,0
gene_ko_441imported_2seeds,182,KO: G7663,0.0002125068110441,0.0002329377723373,8.319398318610374e-05,0.0002971314944495,266.9671872893738,732.3950590611253,776.0497246792481,2.743389801935697,24384.0,65,8,growth_rate_summary_441_KOs_seed100_all.csv,G7663,100,0.00023063108804795,0.921414423539979,1,8,0
gene_ko_441imported_2seeds,183,KO: EG10465,0.0001995884792218,0.0002209512210674,7.712160440450574e-05,0.0003242130320545,266.9714574115121,602.2453038396031,716.2294078257933,2.255841540810473,25193.0,68,8,growth_rate_summary_441_KOs_seed100_all.csv,EG10465,100,0.00023063108804795,0.8654014552465884,1,8,0
gene_ko_441imported_2seeds,184,KO: EG10772,0.0001945685724292,0.0002129665044607,7.254945972393039e-05,0.0003121540971085,266.9815683929916,646.1270288550527,677.7232046657966,2.420118485123162,26477.0,71,8,growth_rate_summary_441_KOs_seed100_all.csv,EG10772,100,0.00023063108804795,0.843635496307192,1,8,0
gene_ko_441imported_2seeds,185,KO: EG12319,0.0002302780564389,0.0002584662688629,9.365766917951248e-05,0.0003118242275126,266.9668069975123,782.2727054307893,787.7149183669524,2.9302246006863277,21958.0,59,8,growth_rate_summary_441_KOs_seed100_all.csv,EG12319,100,0.00023063108804795,0.998469280043562,1,8,0
gene_ko_441imported_2seeds,186,KO: G6269,0.0001978232718758,0.0002078987967983,7.823262582276541e-05,0.0003161570223518,266.97329523820224,685.3833388322162,762.2762461346124,2.5672355664662825,26174.0,71,8,growth_rate_summary_441_KOs_seed100_all.csv,G6269,100,0.00023063108804795,0.8577476416998518,1,8,0
gene_ko_441imported_2seeds,187,KO: G6364,0.000201051065296,0.000223733179683,7.754564778064984e-05,0.0002735369209641,266.97432946622814,594.6267262256699,766.9425836060734,2.227280530733159,24545.0,66,8,growth_rate_summary_441_KOs_seed100_all.csv,G6364,100,0.00023063108804795,0.8717431244750486,1,8,0
gene_ko_441imported_2seeds,188,KO: G7723,0.0001757214483784,0.000188333387886,7.133873337559868e-05,0.0002818974931938,266.96980948439534,569.3876693255443,733.0162170612748,2.13277924730596,28359.0,76,8,growth_rate_summary_441_KOs_seed100_all.csv,G7723,100,0.00023063108804795,0.7619157064457248,1,8,0
gene_ko_441imported_2seeds,189,KO: EG10888,0.0003515049700202,0.0002386804249544,0.0004582162268648,0.002879333295889,266.9493849022739,5458.587538697853,5458.587538697853,20.44802440993134,18334.0,49,8,growth_rate_summary_441_KOs_seed100_all.csv,EG10888,100,0.00023063108804795,1.5241005581481686,0,5,1
gene_ko_441imported_2seeds,190,KO: EG10135,0.0001880273016925,0.0002022985920227,8.121230131990438e-05,0.0005712091275393,266.9688435822201,525.2402095870636,676.5986707878176,1.967421375990274,26440.0,72,8,growth_rate_summary_441_KOs_seed100_all.csv,EG10135,100,0.00023063108804795,0.8152730114745315,1,8,0
gene_ko_441imported_2seeds,191,KO: EG10886,0.0003102691987122,0.0002131244862889,0.0003243610477909,0.0013346695021925,266.9493849022739,3970.540206558395,3970.540206558395,14.873756716135343,16090.0,43,8,growth_rate_summary_441_KOs_seed100_all.csv,EG10886,100,0.00023063108804795,1.3453051856031335,0,4,1
gene_ko_441imported_2seeds,192,KO: EG10209,0.0002019153813638,0.0002225360083022,7.945225527737789e-05,0.0002930636709777,266.9665627091489,589.3084022633805,746.1776047012868,2.207424017012244,24429.0,65,8,growth_rate_summary_441_KOs_seed100_all.csv,EG10209,100,0.00023063108804795,0.875490737492511,1,8,0
gene_ko_441imported_2seeds,193,KO: EG10061,0.0001970254346079,0.0002190985501461,7.514448310410677e-05,0.0002776439296935,266.9618005240767,539.6453916582427,695.9140625905661,2.021432993779847,24975.0,68,8,growth_rate_summary_441_KOs_seed100_all.csv,EG10061,100,0.00023063108804795,0.8542882760321404,1,8,0
gene_ko_441imported_2seeds,194,KO: EG10148,0.000195018051515,0.0002197118719026,7.747592446485643e-05,0.0002878933397164,266.9811825402785,646.9674862118998,716.9603578326823,2.4232699850083783,26114.0,69,8,growth_rate_summary_441_KOs_seed100_all.csv,EG10148,100,0.00023063108804795,0.8455844056654419,1,8,0
gene_ko_441imported_2seeds,195,KO: EG10881,0.0003369002869088,0.0002189261987439,0.0004031146059138,0.0023558460725848,266.9493849022739,3576.291277206161,6431.042817986439,13.39688899644922,17110.0,47,8,growth_rate_summary_441_KOs_seed100_all.csv,EG10881,100,0.00023063108804795,1.4607756905641265,0,5,1
gene_ko_441imported_2seeds,196,KO: EG11539,0.0001955555818454,0.0002151052424158,7.455645327547521e-05,0.0003162384829623,266.9567219903413,675.5881968488561,690.3888110534829,2.530703073561487,26657.0,71,8,growth_rate_summary_441_KOs_seed100_all.csv,EG11539,100,0.00023063108804795,0.8479150989598699,1,8,0
gene_ko_441imported_2seeds,197,KO: G7501,0.0001976732794296,0.0002145362841137,7.78823578796565e-05,0.0002829054965875,266.9654820223982,588.583937127192,705.4869045191194,2.204719249351533,24401.0,65,8,growth_rate_summary_441_KOs_seed100_all.csv,G7501,100,0.00023063108804795,0.8570972851175301,1,8,0
gene_ko_441imported_2seeds,198,KO: EG10183,0.0002028603968995,0.0002284774288285,8.088891102798481e-05,0.000300131625255,266.9828490349621,559.2863764860606,734.89593717203,2.09484009369014,24026.0,65,8,growth_rate_summary_441_KOs_seed100_all.csv,EG10183,100,0.00023063108804795,0.8795882576650886,1,8,0
gene_ko_441imported_2seeds,199,KO: EG10063,0.0001032820011852,7.307189322517998e-05,7.755260028562106e-05,0.0002780754581271,266.9714037908176,333.05310542696463,691.9922756918518,1.2475235201142538,26422.0,70,8,growth_rate_summary_441_KOs_seed100_all.csv,EG10063,100,0.00023063108804795,0.4478234138310394,0,4,1
gene_ko_441imported_2seeds,200,KO: EG10902,0.0002546186081488,0.0001726984717104,0.0002582271740389,0.0010894003372583,266.9493849022739,2693.773942488197,2697.5453688491707,10.090953921749422,19938.0,54,8,growth_rate_summary_441_KOs_seed100_all.csv,EG10902,100,0.00023063108804795,1.1040081816544298,0,5,1
gene_ko_441imported_2seeds,201,KO: EG10164,0.000214697676938,0.0002449822639047,8.558519984869888e-05,0.0003089059434015,266.95669748463695,628.681579857212,755.1799138970973,2.354994595681166,23084.0,63,8,growth_rate_summary_441_KOs_seed100_all.csv,EG10164,100,0.00023063108804795,0.9309138622862616,1,8,0
gene_ko_441imported_2seeds,202,KO: EG11075,0.0002075880838795,0.0002326078732934,7.97554927275588e-05,0.0002890585451474,266.9623746713904,625.8631197749532,766.4741142766788,2.344386996652024,23679.0,65,8,growth_rate_summary_441_KOs_seed100_all.csv,EG11075,100,0.00023063108804795,0.9000871722737606,1,8,0
gene_ko_441imported_2seeds,203,KO: EG11443,0.0002110480202864,0.0002291997886712,8.517618524628424e-05,0.0003034714048221,266.97336415605014,616.8744795345654,770.1559860202983,2.3106218160924565,23249.0,63,8,growth_rate_summary_441_KOs_seed100_all.csv,EG11443,100,0.00023063108804795,0.9150892105340173,1,8,0
gene_ko_441imported_2seeds,204,KO: EG10795,0.0001846188328805,0.0002032929641563,7.453148888194554e-05,0.0003034947048541,266.9768566013363,479.797303705988,758.8516667439262,1.7971494226649252,26573.0,71,8,growth_rate_summary_441_KOs_seed100_all.csv,EG10795,100,0.00023063108804795,0.800494133046436,1,8,0
gene_ko_441imported_2seeds,205,KO: EG10262,0.0002045592912718,0.0002265751495653,7.861930733833107e-05,0.0003084914281981,266.9821288981084,637.867561296189,730.4697098146139,2.389176998208843,24704.0,66,8,growth_rate_summary_441_KOs_seed100_all.csv,EG10262,100,0.00023063108804795,0.8869545428726873,1,8,0
gene_ko_441imported_2seeds,206,KO: EG10221,0.0002046622504911,0.0002254863022878,7.882736169640618e-05,0.000301647067591,266.97485601940696,652.8502779375685,756.2442729823599,2.445362412294405,24721.0,66,8,growth_rate_summary_441_KOs_seed100_all.csv,EG10221,100,0.00023063108804795,0.8874009667272138,1,8,0
gene_ko_441imported_2seeds,207,KO: EG12563,0.0001992930241721,0.0002222982768329,7.56843637828035e-05,0.0002747571033247,266.9681731777026,663.5804154182424,708.40151114439,2.485616197315557,25631.0,68,8,growth_rate_summary_441_KOs_seed100_all.csv,EG12563,100,0.00023063108804795,0.8641203831578222,1,8,0
gene_ko_441imported_2seeds,208,KO: EG10450,9.864358045516654e-05,7.863289588932955e-05,6.73481643439142e-05,0.0002784388212651,266.93837659508506,352.3225524454996,731.0328774776119,1.3198647453375822,34239.0,90,8,growth_rate_summary_441_KOs_seed100_all.csv,EG10450,100,0.00023063108804795,0.4277115513354287,0,5,1
gene_ko_441imported_2seeds,209,KO: EG10451,9.864358045516654e-05,7.863289588932955e-05,6.73481643439142e-05,0.0002784388212651,266.93837659508506,352.3225524454996,731.0328774776119,1.3198647453375822,34239.0,90,8,growth_rate_summary_441_KOs_seed100_all.csv,EG10451,100,0.00023063108804795,0.4277115513354287,0,5,1
gene_ko_441imported_2seeds,210,KO: EG10193,0.0002028603968995,0.0002284774288285,8.088891102798481e-05,0.000300131625255,266.9828490349621,559.2863764860606,734.89593717203,2.09484009369014,24026.0,65,8,growth_rate_summary_441_KOs_seed100_all.csv,EG10193,100,0.00023063108804795,0.8795882576650886,1,8,0
gene_ko_441imported_2seeds,211,KO: EG11002,0.0001921685719273,0.000208593579842,7.289043870403339e-05,0.0002703061838438,266.9874382798389,618.4128352581747,669.2459103570802,2.316261915701047,26485.0,71,8,growth_rate_summary_441_KOs_seed100_all.csv,EG11002,100,0.00023063108804795,0.8332292647700065,1,8,0
gene_ko_441imported_2seeds,212,KO: EG10913,0.0003515049700202,0.0002386804249544,0.0004582162268648,0.002879333295889,266.9493849022739,5458.587538697853,5458.587538697853,20.44802440993134,18334.0,49,8,growth_rate_summary_441_KOs_seed100_all.csv,EG10913,100,0.00023063108804795,1.5241005581481686,0,5,1
gene_ko_441imported_2seeds,213,KO: EG10867,0.0002546186081488,0.0001726984717104,0.0002582271740389,0.0010894003372583,266.9493849022739,2693.773942488197,2697.5453688491707,10.090953921749422,19938.0,54,8,growth_rate_summary_441_KOs_seed100_all.csv,EG10867,100,0.00023063108804795,1.1040081816544298,0,5,1
gene_ko_441imported_2seeds,214,KO: EG12419,0.0001945642677541,0.000203420662046,9.059907765035294e-05,0.0006755838259944,266.9784248176494,670.3208673554336,670.3208673554336,2.5107679312037057,27225.0,73,8,growth_rate_summary_441_KOs_seed100_all.csv,EG12419,100,0.00023063108804795,0.843616831542019,1,8,0
gene_ko_441imported_2seeds,215,KO: G7565,0.0002155004141284,0.0002473774531791,8.674953743351962e-05,0.0002912249941028,266.9542450488275,598.1946548480232,750.4952181743331,2.24081342006234,22479.0,60,8,growth_rate_summary_441_KOs_seed100_all.csv,G7565,100,0.00023063108804795,0.9343944736695505,1,8,0
gene_ko_441imported_2seeds,216,KO: G6199,0.0001916151906136,0.0002171894918264,7.845556771991297e-05,0.0002959761463575,266.973945150125,570.8493345126842,717.3809345891641,2.1382211443580523,25411.0,67,8,growth_rate_summary_441_KOs_seed100_all.csv,G6199,100,0.00023063108804795,0.8308298427389881,1,8,0
gene_ko_441imported_2seeds,217,KO: EG11227,0.0002081800365276,0.0002297189027286,7.890790816003327e-05,0.0002853134208831,266.9828490349621,644.7776821875182,730.0816939256749,2.415052819003676,24344.0,66,8,growth_rate_summary_441_KOs_seed100_all.csv,EG11227,100,0.00023063108804795,0.9026538368683313,1,8,0
gene_ko_441imported_2seeds,218,KO: EG10919,0.0003509584513902,0.0002284568557277,0.0003476021416557,0.0013663017316449,266.9493849022739,3481.948983921693,4207.482455379857,13.043480078429033,12806.0,34,8,growth_rate_summary_441_KOs_seed100_all.csv,EG10919,100,0.00023063108804795,1.5217308922257393,0,4,1
gene_ko_441imported_2seeds,219,KO: G6627,0.0002086512824151,0.0002253566277628,9.131963231786363e-05,0.0005774884451118,266.96486434522524,640.1213279891399,710.9019874895339,2.397773690403573,24273.0,65,8,growth_rate_summary_441_KOs_seed100_all.csv,G6627,100,0.00023063108804795,0.9046971255311417,1,8,0
gene_ko_441imported_2seeds,220,KO: EG10006,0.0002034522949841,0.0002214780442581,8.564858240592584e-05,0.0003243471838635,266.9687790022417,528.5038939860588,834.6659048990562,1.9796468184829243,24093.0,65,8,growth_rate_summary_441_KOs_seed100_all.csv,EG10006,100,0.00023063108804795,0.8821546856762028,1,8,0
gene_ko_441imported_2seeds,221,KO: EG10585,0.0002069930304365,0.0002312232945202,8.019815438664331e-05,0.000289006198389,266.9734393490268,640.0744626317169,741.6128107736961,2.3975211324109207,24328.0,65,8,growth_rate_summary_441_KOs_seed100_all.csv,EG10585,100,0.00023063108804795,0.8975070628529686,1,8,0
gene_ko_441imported_2seeds,222,KO: EG10197,0.0002028603968995,0.0002284774288285,8.088891102798481e-05,0.000300131625255,266.9828490349621,559.2863764860606,734.89593717203,2.09484009369014,24026.0,65,8,growth_rate_summary_441_KOs_seed100_all.csv,EG10197,100,0.00023063108804795,0.8795882576650886,1,8,0
gene_ko_441imported_2seeds,223,KO: G7911,0.0001941690362341,0.0002050248323918,7.687694885262135e-05,0.0002896899494599,266.97210497198034,583.1309817186188,743.7389163059613,2.1842393675542264,25704.0,69,8,growth_rate_summary_441_KOs_seed100_all.csv,G7911,100,0.00023063108804795,0.8419031357720983,1,8,0
gene_ko_441imported_2seeds,224,KO: G6800,0.0001949382668552,0.0002088964482128,7.671655667993503e-05,0.0003060489723561,266.96486434522524,585.8063079118299,774.561605120356,2.1943198755709488,25684.0,70,8,growth_rate_summary_441_KOs_seed100_all.csv,G6800,100,0.00023063108804795,0.8452384650532057,1,8,0
gene_ko_441imported_2seeds,225,KO: EG10110,0.0001890848108987,0.0001893395201217,8.074043483572219e-05,0.0003125370355327,266.9828490349621,521.9248097262996,781.7740043256135,1.9549001428850288,25888.0,69,8,growth_rate_summary_441_KOs_seed100_all.csv,EG10110,100,0.00023063108804795,0.8198582962041431,1,8,0
gene_ko_441imported_2seeds,226,KO: EG10889,0.0003175707343,0.00020968844949,0.0003181237219628,0.0013211954615439,266.9493849022739,4088.479032220948,4088.479032220948,15.315558916600155,15965.0,43,8,growth_rate_summary_441_KOs_seed100_all.csv,EG10889,100,0.00023063108804795,1.3769641247756443,0,4,1
gene_ko_441imported_2seeds,227,KO: EG11463,0.0001739181722876,0.0001748455894371,8.202954139521433e-05,0.0005842964936906,266.9638115103327,509.35467433623216,709.3726878824871,1.9079540086522848,28947.0,77,8,growth_rate_summary_441_KOs_seed100_all.csv,EG11463,100,0.00023063108804795,0.7540968295282077,1,8,0
gene_ko_441imported_2seeds,228,KO: EG12627,0.0002022565835613,0.0002247077541421,7.571014801952802e-05,0.0002750836716115,266.977523768993,589.3164209831057,690.3085089385249,2.2073634239450883,24626.0,68,8,growth_rate_summary_441_KOs_seed100_all.csv,EG12627,100,0.00023063108804795,0.8769701659615345,1,8,0
gene_ko_441imported_2seeds,229,KO: EG10065,0.0001982828647139,0.0002103618329806,7.793192008529926e-05,0.0002946038257723,266.9764925372041,643.0352986251016,766.6562473828342,2.408583963756631,25292.0,67,8,growth_rate_summary_441_KOs_seed100_all.csv,EG10065,100,0.00023063108804795,0.8597404035689908,1,8,0
gene_ko_441imported_2seeds,230,KO: EG10916,0.0002546186081488,0.0001726984717104,0.0002582271740389,0.0010894003372583,266.9493849022739,2693.773942488197,2697.5453688491707,10.090953921749422,19938.0,54,8,growth_rate_summary_441_KOs_seed100_all.csv,EG10916,100,0.00023063108804795,1.1040081816544298,0,5,1
gene_ko_441imported_2seeds,231,KO: EG12663,0.000217364819744,0.0002427057441199,8.618878989066184e-05,0.0003147074104146,266.9612362405661,765.3074316556235,765.3074316556235,2.8667361690143807,23988.0,66,8,growth_rate_summary_441_KOs_seed100_all.csv,EG12663,100,0.00023063108804795,0.9424784038603163,1,8,0
gene_ko_441imported_2seeds,232,KO: G7647,0.0002083496820045,0.0002358855944272,7.798585601093438e-05,0.0002913320288509,266.9717844099665,711.9455408766964,711.9455408766964,2.666744511784888,24519.0,68,8,growth_rate_summary_441_KOs_seed100_all.csv,G7647,100,0.00023063108804795,0.9033894075944457,1,8,0
gene_ko_441imported_2seeds,233,KO: EG11039,9.412001668097962e-05,7.125388716451524e-05,6.675680609492118e-05,0.0003013733373337,266.9767240713055,327.1920700944311,711.5791247504853,1.2255453026198753,35501.0,92,8,growth_rate_summary_441_KOs_seed100_all.csv,EG11039,100,0.00023063108804795,0.40809770043408605,0,5,1
gene_ko_441imported_2seeds,234,KO: EG11490,0.0001799791294543,0.0001974986062124,6.679215999687718e-05,0.000263290606428,266.9753843290491,585.6336016960738,706.912487941886,2.1935865104862105,27869.0,75,8,growth_rate_summary_441_KOs_seed100_all.csv,EG11490,100,0.00023063108804795,0.7803767088714464,1,8,0
gene_ko_441imported_2seeds,235,KO: EG11198,0.0002104567744893,0.0002415323311554,8.157365630115725e-05,0.0002693805509091,266.9686781212206,644.7017061489391,751.5108986017174,2.4148964241273427,23676.0,63,8,growth_rate_summary_441_KOs_seed100_all.csv,EG11198,100,0.00023063108804795,0.9125256107951257,1,8,0
gene_ko_441imported_2seeds,236,KO: EG10074,9.541073906139716e-05,3.97827745802659e-05,9.539556185456152e-05,0.0002863974798774,266.9562592841522,221.8455305483313,731.0993511479771,0.8310182767139977,37050.0,97,8,growth_rate_summary_441_KOs_seed100_all.csv,EG10074,100,0.00023063108804795,0.41369418090574384,0,6,1
gene_ko_441imported_2seeds,237,KO: EG10807,0.000188795727771,0.0002323949080294,9.309008724609168e-05,0.0003150049033054,266.9839545801421,286.57497523761333,742.7847657055204,1.073379018931231,19270.0,53,8,growth_rate_summary_441_KOs_seed100_all.csv,EG10807,100,0.00023063108804795,0.8186048523161279,0,6,1
gene_ko_441imported_2seeds,238,KO: EG10058,0.0002007538530923,0.0002259702346818,7.640311017419455e-05,0.000294169625898,266.97541710669043,614.8407360519614,719.8693923549806,2.3029863300344795,24548.0,67,8,growth_rate_summary_441_KOs_seed100_all.csv,EG10058,100,0.00023063108804795,0.8704544334914714,1,8,0
gene_ko_441imported_2seeds,239,KO: EG10907,0.0003515049700202,0.0002386804249544,0.0004582162268648,0.002879333295889,266.9493849022739,5458.587538697853,5458.587538697853,20.44802440993134,18334.0,49,8,growth_rate_summary_441_KOs_seed100_all.csv,EG10907,100,0.00023063108804795,1.5241005581481686,0,5,1
gene_ko_441imported_2seeds,240,KO: EG10869,0.0003515049700202,0.0002386804249544,0.0004582162268648,0.002879333295889,266.9493849022739,5458.587538697853,5458.587538697853,20.44802440993134,18334.0,49,8,growth_rate_summary_441_KOs_seed100_all.csv,EG10869,100,0.00023063108804795,1.5241005581481686,0,5,1
gene_ko_441imported_2seeds,241,KO: EG10880,0.000358907118121,0.0002225551121388,0.0005117438057587,0.0031872540031225,266.9493849022739,7715.910535902132,7715.910535902132,28.90402065817387,17338.0,47,8,growth_rate_summary_441_KOs_seed100_all.csv,EG10880,100,0.00023063108804795,1.5561957460235387,0,4,1
gene_ko_441imported_2seeds,242,KO: G7865,0.0001952787665853,0.0002137117536875,8.300792636694225e-05,0.0005621262479489,266.97210497198034,631.9647043408161,669.2565732940532,2.367156315477765,26453.0,71,8,growth_rate_summary_441_KOs_seed100_all.csv,G7865,100,0.00023063108804795,0.8467148476735279,1,8,0
gene_ko_441imported_2seeds,243,KO: EG10803,0.0002067552958203,0.00022987467343,7.91365021991322e-05,0.0002852233698517,266.96345602132226,669.8601989847043,744.4657147814419,2.509183125540609,24550.0,67,8,growth_rate_summary_441_KOs_seed100_all.csv,EG10803,100,0.00023063108804795,0.8964762624599594,1,8,0
gene_ko_441imported_2seeds,244,KO: EG10885,0.0003528810825306,0.0002476810368009,0.0003390160707845,0.0013958617020106,266.9493849022739,4594.170849836444,4594.170849836444,17.209894870214068,15074.0,41,8,growth_rate_summary_441_KOs_seed100_all.csv,EG10885,100,0.00023063108804795,1.5300672841522271,0,4,1
gene_ko_441imported_2seeds,245,KO: EG50011,0.0002006878631288,0.0002249950941731,7.69385556514542e-05,0.0002887425413067,266.973615174168,596.0747808378208,723.0138570507618,2.2327104513640945,24836.0,67,8,growth_rate_summary_441_KOs_seed100_all.csv,EG50011,100,0.00023063108804795,0.8701683057015949,1,8,0
gene_ko_441imported_2seeds,246,KO: EG11232,0.0003278345388307,0.0002141821613885,0.0004182860407279,0.0024250460624448,266.9493849022739,5193.726372033836,5193.726372033836,19.45584693493555,19650.0,54,8,growth_rate_summary_441_KOs_seed100_all.csv,EG11232,100,0.00023063108804795,1.4214672514684605,0,5,1
gene_ko_441imported_2seeds,247,KO: G7826,0.0002104186672405,0.0002370064159024,8.129235872757224e-05,0.0003013330727911,266.96792561345273,672.6896466951237,718.1223332550505,2.519739572270274,23793.0,64,8,growth_rate_summary_441_KOs_seed100_all.csv,G7826,100,0.00023063108804795,0.9123603804737387,1,8,0
gene_ko_441imported_2seeds,248,KO: G7185,0.0001981881305222,0.0002217694611526,7.528082712545246e-05,0.0003008967531907,266.9845889424914,621.0773335654044,706.4552109040724,2.3262666059694728,25442.0,70,8,growth_rate_summary_441_KOs_seed100_all.csv,G7185,100,0.00023063108804795,0.8593296428493419,1,8,0
gene_ko_441imported_2seeds,249,KO: EG11226,7.54066475851612e-05,5.1602490897854665e-05,6.190929930193558e-05,0.0002780716513064,266.9788584254484,262.71299234866774,638.614020564067,0.9840217083032744,33932.0,88,8,growth_rate_summary_441_KOs_seed100_all.csv,EG11226,100,0.00023063108804795,0.3269578625474965,0,4,1
gene_ko_441imported_2seeds,250,KO: EG10358,0.0001925606697581,0.0002102482089651,7.528562007470756e-05,0.0003433832260693,266.9725440828888,569.4626370533656,721.0423545625097,2.133038208140836,25532.0,68,8,growth_rate_summary_441_KOs_seed100_all.csv,EG10358,100,0.00023063108804795,0.8349293730863601,1,8,0
gene_ko_441imported_2seeds,251,KO: EG10103,0.0002192059891704,0.0002474995502995,8.6340984860428e-05,0.0002796500910466,266.97066772456697,644.8582898040131,753.431066815087,2.415464947142852,22768.0,61,8,growth_rate_summary_441_KOs_seed100_all.csv,EG10103,100,0.00023063108804795,0.9504615835867946,1,8,0
gene_ko_441imported_2seeds,252,KO: G7325,0.0002022764688186,0.0002185337340275,8.794742267107272e-05,0.0005708759005198,266.9933745293396,632.7178527895912,748.8610253609595,2.3697885908403418,25246.0,68,8,growth_rate_summary_441_KOs_seed100_all.csv,G7325,100,0.00023063108804795,0.8770563870233538,1,8,0
gene_ko_441imported_2seeds,253,KO: G7293,0.0002058465487101,0.000227519882178,7.823309420191425e-05,0.0002948875498698,266.9671540601488,658.2654396385647,744.5576133447335,2.4657169604102487,24713.0,66,8,growth_rate_summary_441_KOs_seed100_all.csv,G7293,100,0.00023063108804795,0.8925359996016794,1,8,0
gene_ko_441imported_2seeds,254,KO: EG10497,0.0001055856027612,9.393964713345964e-05,7.545088949523481e-05,0.0003125978612417,266.9615966671746,306.6493580253742,779.3341390652977,1.148664683810979,43371.0,113,8,growth_rate_summary_441_KOs_seed100_all.csv,EG10497,100,0.00023063108804795,0.45781166647944677,0,7,1
gene_ko_441imported_2seeds,255,KO: EG10448,9.864358045516654e-05,7.863289588932955e-05,6.73481643439142e-05,0.0002784388212651,266.93837659508506,352.3225524454996,731.0328774776119,1.3198647453375822,34239.0,90,8,growth_rate_summary_441_KOs_seed100_all.csv,EG10448,100,0.00023063108804795,0.4277115513354287,0,5,1
gene_ko_441imported_2seeds,256,KO: EG10782,0.0002030467177517,0.0002266414216675,7.715584138074146e-05,0.0002791973857671,266.9815683929916,739.4700016234547,739.4700016234547,2.769741769345551,25435.0,68,8,growth_rate_summary_441_KOs_seed100_all.csv,EG10782,100,0.00023063108804795,0.8803961316328915,1,8,0
gene_ko_441imported_2seeds,257,KO: G7406,0.0002153956582478,0.0002358473331049,9.626228411068196e-05,0.0005778710982603,266.98037322111554,603.1927900202354,800.5607878768474,2.25931510523684,23136.0,62,8,growth_rate_summary_441_KOs_seed100_all.csv,G7406,100,0.00023063108804795,0.9339402596193691,1,8,0
gene_ko_441imported_2seeds,258,KO: EG10755,0.0002042824621554,0.0002224270746034,8.208970163966092e-05,0.0003158302574888,266.97114772774626,583.2763811296575,775.4186840240473,2.1847918252367675,23876.0,65,8,growth_rate_summary_441_KOs_seed100_all.csv,EG10755,100,0.00023063108804795,0.8857542315064137,1,8,0
gene_ko_441imported_2seeds,259,KO: EG12030,0.0001941285425772,0.0002059605076361,8.478589323161238e-05,0.0005584156428915,266.9623746713904,594.7068257872188,767.0063108153438,2.227680310827531,26246.0,72,8,growth_rate_summary_441_KOs_seed100_all.csv,EG12030,100,0.00023063108804795,0.8417275581548623,1,8,0
gene_ko_441imported_2seeds,260,KO: EG10134,0.0002094905887725,0.000233994191493,7.921789647806223e-05,0.0002823498355785,266.9828021528928,683.7892910837393,719.5332098921747,2.5611735496436747,24284.0,66,8,growth_rate_summary_441_KOs_seed100_all.csv,EG10134,100,0.00023063108804795,0.9083362982224897,1,8,0
gene_ko_441imported_2seeds,261,KO: G6092,0.0001867388419011,0.0002095881007702,7.073178129082428e-05,0.0002793838186557,266.9543123943355,644.7958929554977,688.2362386605669,2.4153791979319217,27407.0,75,8,growth_rate_summary_441_KOs_seed100_all.csv,G6092,100,0.00023063108804795,0.8096863414279846,1,8,0
gene_ko_441imported_2seeds,262,KO: G7507,0.0001989964391988,0.0002189296644433,7.436508592689832e-05,0.0002865292272928,266.9654820223982,619.6575266138527,685.1582910111613,2.3211147820296256,25688.0,69,8,growth_rate_summary_441_KOs_seed100_all.csv,G7507,100,0.00023063108804795,0.8628344118006636,1,8,0
gene_ko_441imported_2seeds,263,KO: EG10520,0.0002018914526285,0.0002246167685873,7.74303936403681e-05,0.0002978305014273,266.9652433208123,721.949948056734,725.1717680508177,2.7042844194858966,25447.0,67,8,growth_rate_summary_441_KOs_seed100_all.csv,EG10520,100,0.00023063108804795,0.8753869841975735,1,8,0
gene_ko_441imported_2seeds,264,KO: EG10634,0.0002078670662078,0.0002368726924784,7.994119203292907e-05,0.0002824383113755,266.96388136661585,648.4436876717675,712.0405622774124,2.428956622717339,24086.0,65,8,growth_rate_summary_441_KOs_seed100_all.csv,EG10634,100,0.00023063108804795,0.90129681981374,1,8,0
gene_ko_441imported_2seeds,265,KO: EG10806,0.0002127801877454,0.0002434905250172,8.362640908727845e-05,0.0003028039458226,266.9839545801421,608.7342336667884,724.3818536125807,2.280040516382647,23061.0,62,8,growth_rate_summary_441_KOs_seed100_all.csv,EG10806,100,0.00023063108804795,0.9225997654798442,1,8,0
gene_ko_441imported_2seeds,266,KO: EG10121,0.0002010969055012,0.0002233299482937,7.817688177929833e-05,0.0003106252277589,266.9828490349621,645.008131247756,730.191976306304,2.4159159795440286,25023.0,67,8,growth_rate_summary_441_KOs_seed100_all.csv,EG10121,100,0.00023063108804795,0.8719418843455762,1,8,0
gene_ko_441imported_2seeds,267,KO: EG10911,0.000374084912991,0.0002552190246502,0.0003429741943634,0.0013286417867643,266.9493849022739,5004.149153685963,5473.069803604689,18.74568527482431,12263.0,34,8,growth_rate_summary_441_KOs_seed100_all.csv,EG10911,100,0.00023063108804795,1.6220055854448592,0,4,1
gene_ko_441imported_2seeds,268,KO: EG10198,0.0002028603968995,0.0002284774288285,8.088891102798481e-05,0.000300131625255,266.9828490349621,559.2863764860606,734.89593717203,2.09484009369014,24026.0,65,8,growth_rate_summary_441_KOs_seed100_all.csv,EG10198,100,0.00023063108804795,0.8795882576650886,1,8,0
gene_ko_441imported_2seeds,269,KO: EG10421,0.0001859828321252,0.00019812220178,7.235193813912152e-05,0.0002922544535218,266.9734393490268,577.9322415828485,699.5817184037542,2.164755576405078,26648.0,70,8,growth_rate_summary_441_KOs_seed100_all.csv,EG10421,100,0.00023063108804795,0.8064083367916676,1,8,0
gene_ko_441imported_2seeds,270,KO: EG12504,0.0002151436236671,0.0002384393651429,8.452958386580189e-05,0.0003016721675416,266.97210497198034,661.665838264058,756.344081174301,2.478408140556491,23350.0,64,8,growth_rate_summary_441_KOs_seed100_all.csv,EG12504,100,0.00023063108804795,0.9328474555970094,1,8,0
gene_ko_441imported_2seeds,271,KO: EG10055,0.0002104295675893,0.0002329002589427,8.276545946529145e-05,0.0003028162237997,266.9734393490268,627.2174577779017,753.2729167559808,2.3493627654768727,23600.0,63,8,growth_rate_summary_441_KOs_seed100_all.csv,EG10055,100,0.00023063108804795,0.9124076436111253,1,8,0
gene_ko_441imported_2seeds,272,KO: EG11556,0.0002023746529335,0.0002296529613244,8.128833346698726e-05,0.0003240740731048,266.97434739868186,636.9068463371884,733.8454516853335,2.385648106430517,24558.0,66,8,growth_rate_summary_441_KOs_seed100_all.csv,EG11556,100,0.00023063108804795,0.8774821063647098,1,8,0
gene_ko_441imported_2seeds,273,KO: EG10191,0.000208206983033,0.0002468621143732,8.760268753967251e-05,0.0003255750185309,266.9839545801421,537.5741211683148,775.821910453154,2.0135072237344813,22871.0,62,8,growth_rate_summary_441_KOs_seed100_all.csv,EG10191,100,0.00023063108804795,0.9027706749998602,1,8,0
gene_ko_441imported_2seeds,274,KO: EG10081,9.541073906139716e-05,3.97827745802659e-05,9.539556185456152e-05,0.0002863974798774,266.9562592841522,221.8455305483313,731.0993511479771,0.8310182767139977,37050.0,97,8,growth_rate_summary_441_KOs_seed100_all.csv,EG10081,100,0.00023063108804795,0.41369418090574384,0,6,1
gene_ko_441imported_2seeds,275,KO: EG11043,0.0001165107430922,8.52656624974301e-05,8.638578758021916e-05,0.0005436386292506,266.98137527394863,339.51394054741445,698.0894569679099,1.2716764987783902,40763.0,106,8,growth_rate_summary_441_KOs_seed100_all.csv,EG11043,100,0.00023063108804795,0.5051822981816593,0,7,1
gene_ko_441imported_2seeds,276,KO: EG10190,0.000208206983033,0.0002468621143732,8.760268753967251e-05,0.0003255750185309,266.9839545801421,537.5741211683148,775.821910453154,2.0135072237344813,22871.0,62,8,growth_rate_summary_441_KOs_seed100_all.csv,EG10190,100,0.00023063108804795,0.9027706749998602,1,8,0
gene_ko_441imported_2seeds,277,KO: EG10407,0.0001229925190756,0.0001011852148685,8.160731153656486e-05,0.000285748030211,266.97680238229475,346.5333041003231,719.9319853086745,1.2979903160429205,37673.0,99,8,growth_rate_summary_441_KOs_seed100_all.csv,EG10407,100,0.00023063108804795,0.5332868179940637,0,7,1
gene_ko_441imported_2seeds,278,KO: G7662,0.0001998637383523,0.0002172236392163,7.991418777754053e-05,0.0003401347399938,266.9845889424914,612.0309270972189,795.9096135399261,2.2923829780641403,24771.0,66,8,growth_rate_summary_441_KOs_seed100_all.csv,G7662,100,0.00023063108804795,0.866594959265625,1,8,0
gene_ko_441imported_2seeds,279,KO: EG11286,0.0001483294905913,0.0002048545370984,9.518003656289694e-05,0.0003022509892813,266.9721724674752,346.877130125499,685.7484236594016,1.299300698344351,31073.0,83,8,growth_rate_summary_441_KOs_seed100_all.csv,EG11286,100,0.00023063108804795,0.6431461250378403,1,8,0
gene_ko_441imported_2seeds,280,KO: EG11632,0.0001937803033356,0.0002104876526628,7.517951681135727e-05,0.0002876632566425,266.9577025909889,554.6405165486722,746.5969551535572,2.07763443858538,25528.0,70,8,growth_rate_summary_441_KOs_seed100_all.csv,EG11632,100,0.00023063108804795,0.8402176175629521,1,8,0
gene_ko_441imported_2seeds,281,KO: EG10048,0.0001983725390199,0.0002201618194786,7.897401337530548e-05,0.0002976253701988,266.9559572510128,532.3906844669768,783.1586618484678,1.99430156925242,24608.0,67,8,growth_rate_summary_441_KOs_seed100_all.csv,EG10048,100,0.00023063108804795,0.8601292249840004,1,8,0
gene_ko_441imported_2seeds,282,KO: G6941,0.0001923083596307,0.0002037249980824,7.618478388968839e-05,0.0003299403027771,266.9567219903413,521.3627165391381,773.3267717075514,1.9529859096711617,25280.0,69,8,growth_rate_summary_441_KOs_seed100_all.csv,G6941,100,0.00023063108804795,0.8338353743131004,1,8,0
gene_ko_441imported_2seeds,283,KO: G7449,0.0002064031788406,0.0002270771151293,7.901544415614822e-05,0.0002896606614655,266.98037322111554,689.0850847836111,713.0147228676428,2.581032742106869,24421.0,66,8,growth_rate_summary_441_KOs_seed100_all.csv,G7449,100,0.00023063108804795,0.8949495082713532,1,8,0
gene_ko_441imported_2seeds,284,KO: EG10890,0.0003400001746272,0.0002289928737615,0.0004073339474377,0.0024584011283562,266.9493849022739,4887.138888419617,4887.138888419617,18.307361488054088,18012.0,48,8,growth_rate_summary_441_KOs_seed100_all.csv,EG10890,100,0.00023063108804795,1.4742165833103615,0,5,1
gene_ko_441imported_2seeds,285,KO: G7533,0.0002110051509985,0.0002370743245649,8.314044520876388e-05,0.0002898133166794,266.9559572510128,618.6789783442623,732.144843061614,2.317532018071925,23404.0,63,8,growth_rate_summary_441_KOs_seed100_all.csv,G7533,100,0.00023063108804795,0.9149033323496717,1,8,0
gene_ko_441imported_2seeds,286,KO: EG10917,0.0003461066831928,0.0002440694965265,0.0004922817945003,0.0031693211304061,266.9493849022739,5123.971364570887,5123.971364570887,19.19454268998108,17763.0,48,8,growth_rate_summary_441_KOs_seed100_all.csv,EG10917,100,0.00023063108804795,1.5006939702805449,0,5,1
gene_ko_441imported_2seeds,287,KO: EG10189,0.0002095289969889,0.0002315311788759,8.201173360702982e-05,0.0003120494419864,266.96773739034484,620.9134105267242,760.9119624436687,2.3257994265384223,23733.0,64,8,growth_rate_summary_441_KOs_seed100_all.csv,EG10189,100,0.00023063108804795,0.9085028335179917,1,8,0
gene_ko_441imported_2seeds,288,KO: EG11231,0.0003718883617284,0.0002342008816009,0.0004988130613475,0.0030033484824203,266.9493849022739,8237.280469398953,8237.280469398953,30.8570872804764,15971.0,43,8,growth_rate_summary_441_KOs_seed100_all.csv,EG11231,100,0.00023063108804795,1.6124814953441209,0,4,1
gene_ko_441imported_2seeds,289,KO: EG11024,0.0002118626058516,0.0001404288886502,0.0002207075390945,0.0010890886871601,266.9816763958522,3088.516050289346,3088.516050289346,11.568269747883448,25823.0,69,8,growth_rate_summary_441_KOs_seed100_all.csv,EG11024,100,0.00023063108804795,0.9186211956280245,0,5,1
gene_ko_441imported_2seeds,290,KO: EG10132,0.0001958917910625,0.000214967520876,7.44270953334371e-05,0.0002753671254079,266.9638115103327,660.0099644834138,700.1421105493989,2.47228251930269,25747.0,69,8,growth_rate_summary_441_KOs_seed100_all.csv,EG10132,100,0.00023063108804795,0.8493728782208778,1,8,0
gene_ko_441imported_2seeds,291,KO: G6626,0.0002086512824151,0.0002253566277628,9.131963231786363e-05,0.0005774884451118,266.96486434522524,640.1213279891399,710.9019874895339,2.397773690403573,24273.0,65,8,growth_rate_summary_441_KOs_seed100_all.csv,G6626,100,0.00023063108804795,0.9046971255311417,1,8,0
gene_ko_441imported_2seeds,292,KO: G7677,0.0002060348774789,0.0002316991551205,8.140877497662293e-05,0.0003059845593795,266.9811865162634,716.2668619267977,758.5563745750023,2.682836462273216,25158.0,68,8,growth_rate_summary_441_KOs_seed100_all.csv,G7677,100,0.00023063108804795,0.8933525797530979,1,8,0
gene_ko_441imported_2seeds,293,KO: EG10811,0.0002074562206816,0.0002301703615931,8.262733157686779e-05,0.0003115193798431,266.9638115103327,688.98112786552,745.7502806361679,2.5808034578456467,25027.0,68,8,growth_rate_summary_441_KOs_seed100_all.csv,EG10811,100,0.00023063108804795,0.8995154228230854,1,8,0
gene_ko_441imported_2seeds,294,KO: EG12286,0.0002172834384999,0.000247618315424,8.446259533940603e-05,0.0003092811420058,266.9602067336669,645.6857334733036,746.1585571862806,2.4186591004459044,22869.0,62,8,growth_rate_summary_441_KOs_seed100_all.csv,EG12286,100,0.00023063108804795,0.9421255405720719,1,8,0
gene_ko_441imported_2seeds,295,KO: EG12662,0.000207250637461,0.0002217069708799,8.308562253322135e-05,0.000319723105728,266.9612362405661,647.2974389226599,794.9311694074358,2.424686999648752,24376.0,65,8,growth_rate_summary_441_KOs_seed100_all.csv,EG12662,100,0.00023063108804795,0.8986240285954467,1,8,0
gene_ko_441imported_2seeds,296,KO: EG10299,0.0002057223058233,0.0002248063287531,7.988552470999663e-05,0.0003043349425604,266.97124304333454,611.9038107804788,778.9721006640259,2.2920214319905425,24210.0,67,8,growth_rate_summary_441_KOs_seed100_all.csv,EG10299,100,0.00023063108804795,0.8919972912781331,1,8,0
gene_ko_441imported_2seeds,297,KO: EG10909,0.0002546186081488,0.0001726984717104,0.0002582271740389,0.0010894003372583,266.9493849022739,2693.773942488197,2697.5453688491707,10.090953921749422,19938.0,54,8,growth_rate_summary_441_KOs_seed100_all.csv,EG10909,100,0.00023063108804795,1.1040081816544298,0,5,1
gene_ko_441imported_2seeds,298,KO: G6239,0.0002138818166851,0.000234584487719,8.357172755598976e-05,0.0002971036144161,266.9689356123821,670.8455697486124,751.7128569788063,2.5128225806864197,23417.0,64,8,growth_rate_summary_441_KOs_seed100_all.csv,G6239,100,0.00023063108804795,0.927376350237017,1,8,0
gene_ko_441imported_2seeds,299,KO: EG10053,0.0002104295675893,0.0002329002589427,8.276545946529145e-05,0.0003028162237997,266.9734393490268,627.2174577779017,753.2729167559808,2.3493627654768727,23600.0,63,8,growth_rate_summary_441_KOs_seed100_all.csv,EG10053,100,0.00023063108804795,0.9124076436111253,1,8,0
gene_ko_441imported_2seeds,300,KO: EG11379,0.0002174100678826,0.0002348064952303,0.0001144817115363,0.0008810186273912,266.9687790022417,643.4648115296025,725.3569555698991,2.410262405718233,24029.0,65,8,growth_rate_summary_441_KOs_seed100_all.csv,EG11379,100,0.00023063108804795,0.9426745965721619,1,8,0
gene_ko_441imported_2seeds,301,KO: EG11508,0.0002188190054668,0.0002497663081322,8.50688663678156e-05,0.0002997376335095,266.95401329405354,654.6197120934705,716.4422837394518,2.452181572458316,23321.0,63,8,growth_rate_summary_441_KOs_seed100_all.csv,EG11508,100,0.00023063108804795,0.9487836497623678,1,8,0
gene_ko_441imported_2seeds,302,KO: EG11819,0.0001799740337177,0.0001946814211147,6.694184568521582e-05,0.0003074345454231,266.97064783554003,594.2018406235627,706.2996881367146,2.2257197390089285,28237.0,75,8,growth_rate_summary_441_KOs_seed100_all.csv,EG11819,100,0.00023063108804795,0.7803546141198536,1,8,0
gene_ko_441imported_2seeds,303,KO: EG10654,0.0002324857797601,0.0002559265718559,0.0001053386412622,0.000574222938856,266.9768566013363,663.3560329511115,829.1421914598659,2.4846948960136617,21639.0,58,8,growth_rate_summary_441_KOs_seed100_all.csv,EG10654,100,0.00023063108804795,1.0080418113960612,1,8,0
gene_ko_441imported_2seeds,304,KO: EG11647,0.0001985988665599,0.0002196748011655,7.570531679653084e-05,0.0002913343601863,266.9688721753196,584.6396906606731,721.2029459313862,2.1899170712184666,25152.0,67,8,growth_rate_summary_441_KOs_seed100_all.csv,EG11647,100,0.00023063108804795,0.8611105651056451,1,8,0
gene_ko_441imported_2seeds,305,KO: EG11963,0.0002095032586629,0.0002330517730528,8.35605442863277e-05,0.0003515572261794,266.96009748592985,651.5330727478786,799.3699294738419,2.440563510740468,24015.0,65,8,growth_rate_summary_441_KOs_seed100_all.csv,EG11963,100,0.00023063108804795,0.9083912339664402,1,8,0
gene_ko_441imported_2seeds,306,KO: EG10805,0.0002074562206816,0.0002301703615931,8.262733157686779e-05,0.0003115193798431,266.9638115103327,688.98112786552,745.7502806361679,2.5808034578456467,25027.0,68,8,growth_rate_summary_441_KOs_seed100_all.csv,EG10805,100,0.00023063108804795,0.8995154228230854,1,8,0
gene_ko_441imported_2seeds,307,KO: G6442,0.0002016353357064,0.0002307949439598,7.766069396841363e-05,0.0002866518130936,266.95562515849963,618.6392619195042,710.5329711662268,2.317386125698604,25047.0,67,8,growth_rate_summary_441_KOs_seed100_all.csv,G6442,100,0.00023063108804795,0.8742764794331562,1,8,0
gene_ko_441imported_2seeds,308,KO: EG11850,0.000204496653814,0.0002222475833309,7.989788881810416e-05,0.0002961745890199,266.9712348035986,665.8253256297335,767.0011555239132,2.4939965016064667,24926.0,67,8,growth_rate_summary_441_KOs_seed100_all.csv,EG11850,100,0.00023063108804795,0.8866829513091642,1,8,0
gene_ko_441imported_2seeds,309,KO: EG10162,0.0001914935702338,0.0002142636904144,7.510276789562278e-05,0.000274314416258,266.957624610007,553.5022872956861,718.1257425241599,2.073371337882881,25596.0,68,8,growth_rate_summary_441_KOs_seed100_all.csv,EG10162,100,0.00023063108804795,0.8303025054193345,1,8,0
gene_ko_441imported_2seeds,310,KO: EG10069,0.0001951092738455,0.0002187174970931,7.670637135048158e-05,0.0002719448463189,266.9764925372041,622.4790054426892,721.0587132799162,2.331587322640193,25492.0,69,8,growth_rate_summary_441_KOs_seed100_all.csv,EG10069,100,0.00023063108804795,0.8459799392046196,1,8,0
gene_ko_441imported_2seeds,311,KO: EG10495,0.0002213851727755,0.0002536792540301,8.796763300296614e-05,0.000308502551269,266.98172232641275,642.2955830010192,774.7414899738328,2.4057661228799265,22750.0,62,8,growth_rate_summary_441_KOs_seed100_all.csv,EG10495,100,0.00023063108804795,0.9599103687594462,1,8,0
gene_ko_441imported_2seeds,312,KO: G6283,0.0002102616004181,0.0002451087492164,8.726978428052679e-05,0.0003017649565068,266.9495570533562,554.0982048213998,780.3275775272502,2.0756663204001877,23133.0,62,8,growth_rate_summary_441_KOs_seed100_all.csv,G6283,100,0.00023063108804795,0.9116793498991991,1,8,0
gene_ko_441imported_2seeds,313,KO: G6234,0.0002027520000031,0.0002332758420095,7.83324693683887e-05,0.0002936227211826,266.94711164218813,642.8494026727951,734.8924538713204,2.40815268132386,25197.0,68,8,growth_rate_summary_441_KOs_seed100_all.csv,G6234,100,0.00023063108804795,0.8791182564292732,1,8,0
gene_ko_441imported_2seeds,314,KO: G6731,0.0002001338150807,0.0002271541014055,7.960360625471303e-05,0.0002959154257418,266.97541710669043,658.6067994625289,726.0584748927699,2.4669192639535504,25382.0,68,8,growth_rate_summary_441_KOs_seed100_all.csv,G6731,100,0.00023063108804795,0.8677659927576226,1,8,0
gene_ko_441imported_2seeds,315,KO: EG10092,0.0001886829637206,0.0002067836538506,7.158636171198444e-05,0.0002770800922249,266.9681731777026,577.5564816342896,706.642493400795,2.163390769617506,26497.0,70,8,growth_rate_summary_441_KOs_seed100_all.csv,EG10092,100,0.00023063108804795,0.8181159154110713,1,8,0
gene_ko_441imported_2seeds,316,KO: EG12384,0.0002028601372742,0.0002239728860985,8.249516630488302e-05,0.0002995190444646,266.97432946622814,559.9341579662544,800.8608174380242,2.097333324465134,23881.0,64,8,growth_rate_summary_441_KOs_seed100_all.csv,EG12384,100,0.00023063108804795,0.8795871319482471,1,8,0
gene_ko_441imported_2seeds,317,KO: EG10875,0.0003515049700202,0.0002386804249544,0.0004582162268648,0.002879333295889,266.9493849022739,5458.587538697853,5458.587538697853,20.44802440993134,18334.0,49,8,growth_rate_summary_441_KOs_seed100_all.csv,EG10875,100,0.00023063108804795,1.5241005581481686,0,5,1
gene_ko_441imported_2seeds,318,KO: EG12666,0.0001940334706416,0.00020849275983,7.777481529947037e-05,0.0002964068891269,266.97432946622814,556.693466492175,752.4041197067809,2.085194736157568,25076.0,68,8,growth_rate_summary_441_KOs_seed100_all.csv,EG12666,100,0.00023063108804795,0.8413153330016764,1,8,0
gene_ko_441imported_2seeds,319,KO: G58,0.0002021211789032,0.0002178771029552,7.755443802417971e-05,0.000313344055673,266.9689356123821,646.3657022492557,738.654473185713,2.4211270152709,25344.0,68,8,growth_rate_summary_441_KOs_seed100_all.csv,G58,100,0.00023063108804795,0.8763830609912286,1,8,0
gene_ko_441imported_2seeds,320,KO: EG10798,0.0001988946166573,0.0002091498946405,8.031771948838572e-05,0.000307729141109,266.9839545801421,592.8814876993449,739.3471122587832,2.220663367698287,25425.0,68,8,growth_rate_summary_441_KOs_seed100_all.csv,EG10798,100,0.00023063108804795,0.8623929165002606,1,8,0
gene_ko_441imported_2seeds,321,KO: EG10496,0.0001055856027612,9.393964713345964e-05,7.545088949523481e-05,0.0003125978612417,266.9615966671746,306.6493580253742,779.3341390652977,1.148664683810979,43371.0,113,8,growth_rate_summary_441_KOs_seed100_all.csv,EG10496,100,0.00023063108804795,0.45781166647944677,0,7,1
gene_ko_441imported_2seeds,322,KO: EG10912,8.705939151476303e-05,6.280626353956888e-05,6.289809936024293e-05,0.0002765065507096,266.9493849022739,323.29257473870814,627.875151157336,1.2110631940847536,24114.0,63,8,growth_rate_summary_441_KOs_seed100_all.csv,EG10912,100,0.00023063108804795,0.3774833317209287,0,3,1
gene_ko_441imported_2seeds,323,KO: EG10447,9.462478872017368e-05,7.112964297137484e-05,6.214620924118332e-05,0.000279937123703,266.97858867859827,346.41335435317524,666.1844108055857,1.297532345450385,35614.0,93,8,growth_rate_summary_441_KOs_seed100_all.csv,EG10447,100,0.00023063108804795,0.4102863561069462,0,5,1
gene_ko_441imported_2seeds,324,KO: EG10671,0.0001918546863632,0.000212730985504,7.705439651980901e-05,0.0002955304853462,266.96516853358,517.1690316734275,718.2472096715705,1.937215384741758,25427.0,68,8,growth_rate_summary_441_KOs_seed100_all.csv,EG10671,100,0.00023063108804795,0.831868279281204,1,8,0
gene_ko_441imported_2seeds,325,KO: EG10809,0.0002121615838494,0.0002271069568172,9.304106506104492e-05,0.0005752866233798,266.9795951748979,627.7425700568829,789.9060107438322,2.3512754585070432,23841.0,65,8,growth_rate_summary_441_KOs_seed100_all.csv,EG10809,100,0.00023063108804795,0.919917542969272,1,8,0
gene_ko_441imported_2seeds,326,KO: EG10879,0.0003515049700202,0.0002386804249544,0.0004582162268648,0.002879333295889,266.9493849022739,5458.587538697853,5458.587538697853,20.44802440993134,18334.0,49,8,growth_rate_summary_441_KOs_seed100_all.csv,EG10879,100,0.00023063108804795,1.5241005581481686,0,5,1
gene_ko_441imported_2seeds,327,KO: EG10982,0.0002070402527822,0.0002292745783721,7.984897215520594e-05,0.0002944301771582,266.9612362405661,630.6752997110866,751.8737301799381,2.362422756923285,24392.0,66,8,growth_rate_summary_441_KOs_seed100_all.csv,EG10982,100,0.00023063108804795,0.8977118155864344,1,8,0
gene_ko_441imported_2seeds,328,KO: EG12633,0.0002227404782052,0.0002519401856767,9.147029092076924e-05,0.0003354953416169,266.9714574115121,578.284447091708,781.7853408031569,2.1660909098620804,21921.0,60,8,growth_rate_summary_441_KOs_seed100_all.csv,EG12633,100,0.00023063108804795,0.9657868767409644,1,8,0
gene_ko_441imported_2seeds,329,KO: EG10870,0.0003461066831928,0.0002440694965265,0.0004922817945003,0.0031693211304061,266.9493849022739,5123.971364570887,5123.971364570887,19.19454268998108,17763.0,48,8,growth_rate_summary_441_KOs_seed100_all.csv,EG10870,100,0.00023063108804795,1.5006939702805449,0,5,1
gene_ko_441imported_2seeds,330,KO: EG11030,0.0001097730207673,7.590683426572485e-05,7.958003041461083e-05,0.0002788130354148,266.9789733338501,312.2895125150744,698.0475075612717,1.1697157593177372,40953.0,108,8,growth_rate_summary_441_KOs_seed100_all.csv,EG11030,100,0.00023063108804795,0.47596801323019094,0,7,1
gene_ko_441imported_2seeds,331,KO: EG10070,0.0002132135132776,0.0002336850536422,9.284045496909648e-05,0.0005767837890704,266.9662378117283,606.5684160308001,725.8305371720842,2.2720791250711194,23869.0,64,8,growth_rate_summary_441_KOs_seed100_all.csv,EG10070,100,0.00023063108804795,0.9244786341781956,1,8,0
gene_ko_441imported_2seeds,332,KO: EG10750,0.0002188574654846,0.0002419053098725,8.881921195970272e-05,0.0003105186668129,266.9747700106519,651.5196086607195,823.8189226497029,2.4403789490472256,22852.0,61,8,growth_rate_summary_441_KOs_seed100_all.csv,EG10750,100,0.00023063108804795,0.9489504096650571,1,8,0
gene_ko_441imported_2seeds,333,KO: EG10187,0.0001096905008934,0.0001038812693197,8.216605256621588e-05,0.0002941694217061,266.9626663063788,305.8568944763423,740.8296539607711,1.1456916381158957,30090.0,79,8,growth_rate_summary_441_KOs_seed100_all.csv,EG10187,100,0.00023063108804795,0.4756102129240898,0,5,1
gene_ko_441imported_2seeds,334,KO: EG10049,0.0002138084343043,0.0002329519582226,8.334881644453748e-05,0.0003019199005543,266.9590123071587,622.4076662271373,767.569785962902,2.3314727637327533,23300.0,64,8,growth_rate_summary_441_KOs_seed100_all.csv,EG10049,100,0.00023063108804795,0.9270581694513255,1,8,0
gene_ko_441imported_2seeds,335,KO: EG10492,9.969287841490607e-05,7.384056937295884e-05,7.08642356763878e-05,0.0002897159646214,266.9709437868738,299.1631845518734,678.4606994311791,1.1205833125821327,39841.0,104,8,growth_rate_summary_441_KOs_seed100_all.csv,EG10492,100,0.00023063108804795,0.4322612326842041,0,6,1
gene_ko_441imported_2seeds,336,KO: EG10838,0.0001943810292247,0.0002182670750084,7.279239280737116e-05,0.0003085348139928,266.9729308317683,609.8176558309292,676.3455582896652,2.2841928353223304,25939.0,69,8,growth_rate_summary_441_KOs_seed100_all.csv,EG10838,100,0.00023063108804795,0.842822322306725,1,8,0
gene_ko_441imported_2seeds,337,KO: EG11620,0.0002003299444746,0.0002201436819714,7.87075788473617e-05,0.0002739612205552,266.96051400700765,607.8547590711971,725.6526542510146,2.2769463166947643,24986.0,66,8,growth_rate_summary_441_KOs_seed100_all.csv,EG11620,100,0.00023063108804795,0.8686163958648534,1,8,0
gene_ko_441imported_2seeds,338,KO: EG10903,8.705939151476303e-05,6.280626353956888e-05,6.289809936024293e-05,0.0002765065507096,266.9493849022739,323.29257473870814,627.875151157336,1.2110631940847536,24114.0,63,8,growth_rate_summary_441_KOs_seed100_all.csv,EG10903,100,0.00023063108804795,0.3774833317209287,0,3,1
gene_ko_441imported_2seeds,339,KO: EG11028,8.249740098256675e-05,7.225480080374065e-05,4.885093491980728e-05,0.0002289474515917,266.9840720352163,295.9112636157196,601.5625374900258,1.1083480050326286,48214.0,124,8,growth_rate_summary_441_KOs_seed100_all.csv,EG11028,100,0.00023063108804795,0.35770286512898425,0,6,1
gene_ko_441imported_2seeds,340,KO: EG10947,0.000111565084579,8.37591752847279e-05,7.956246041447144e-05,0.0002926480287207,266.95562515849963,347.7244138741405,735.9787883481201,1.3025551106768625,40720.0,107,8,growth_rate_summary_441_KOs_seed100_all.csv,EG10947,100,0.00023063108804795,0.48373827450271906,0,7,1
gene_ko_441imported_2seeds,341,KO: EG10650,0.0002114243377866,0.0002318252397955,8.684401261678683e-05,0.0003209805970094,266.95713479907965,575.6726521039343,790.0651911754792,2.156423549185916,23368.0,63,8,growth_rate_summary_441_KOs_seed100_all.csv,EG10650,100,0.00023063108804795,0.9167208964588643,1,8,0
gene_ko_441imported_2seeds,342,KO: EG10453,0.0001001866143001,6.641616813650211e-05,7.541111800395395e-05,0.0002677245377022,266.9626663063788,303.0997267548992,690.3471785999168,1.135363723132162,38264.0,100,8,growth_rate_summary_441_KOs_seed100_all.csv,EG10453,100,0.00023063108804795,0.4344020363779857,0,6,1
gene_ko_441imported_2seeds,343,KO: G7676,0.0002060348774789,0.0002316991551205,8.140877497662293e-05,0.0003059845593795,266.9811865162634,716.2668619267977,758.5563745750023,2.682836462273216,25158.0,68,8,growth_rate_summary_441_KOs_seed100_all.csv,G7676,100,0.00023063108804795,0.8933525797530979,1,8,0
gene_ko_441imported_2seeds,344,KO: EG10208,0.0001432118839931,0.0002090803114249,0.0001140553482045,0.0006065991207454,266.9590583165118,336.42256673512713,774.2914303734849,1.2602028522900244,32254.0,85,8,growth_rate_summary_441_KOs_seed100_all.csv,EG10208,100,0.00023063108804795,0.6209565466877783,0,7,1
gene_ko_441imported_2seeds,345,KO: G6709,0.0002061134214653,0.0002182209877641,8.428037087465251e-05,0.0003480153803477,266.9618005240767,619.7283960068532,854.5407969496264,2.321412257447527,24402.0,66,8,growth_rate_summary_441_KOs_seed100_all.csv,G6709,100,0.00023063108804795,0.8936931408936831,1,8,0
gene_ko_441imported_2seeds,346,KO: EG12245,0.0001922775457195,0.0002047296407146,7.529977598367842e-05,0.0002915253357818,266.96980948439534,552.9448171321737,763.1731829627927,2.071188566977248,25660.0,69,8,growth_rate_summary_441_KOs_seed100_all.csv,EG12245,100,0.00023063108804795,0.8337017673849937,1,8,0
gene_ko_441imported_2seeds,347,KO: EG11470,0.0002014380002825,0.0002246669353638,7.847258381194844e-05,0.000293999823909,266.9665627091489,604.8573255910846,762.8864158577571,2.265666978864527,24443.0,66,8,growth_rate_summary_441_KOs_seed100_all.csv,EG11470,100,0.00023063108804795,0.8734208470655936,1,8,0
gene_ko_441imported_2seeds,348,KO: EG10178,0.0001978195630707,0.0002255876688091,7.591908008308101e-05,0.0002728460538784,266.98018627203624,569.7672776385336,704.2123935063212,2.1341182115214203,24720.0,67,8,growth_rate_summary_441_KOs_seed100_all.csv,EG10178,100,0.00023063108804795,0.8577315605846327,1,8,0
gene_ko_441imported_2seeds,349,KO: G6643,0.0002056710562723,0.0002280854068282,8.038574483897572e-05,0.0002947472174639,266.97595872789793,580.6644288495957,724.9198464657213,2.17496898078905,23691.0,64,8,growth_rate_summary_441_KOs_seed100_all.csv,G6643,100,0.00023063108804795,0.8917750768688191,1,8,0
gene_ko_441imported_2seeds,350,KO: EG10386,0.0002001219047639,0.000217669844255,7.678171041106999e-05,0.0003052233084214,266.97329523820224,697.597683407088,737.6716902136109,2.6129867512953635,25554.0,69,8,growth_rate_summary_441_KOs_seed100_all.csv,EG10386,100,0.00023063108804795,0.8677143504707964,1,8,0
gene_ko_441imported_2seeds,351,KO: EG11546,0.0001916243167752,0.0002060279296843,8.351528442948287e-05,0.0005629216099166,266.9758116187776,604.9596260521346,703.0888666707772,2.2659716713062146,26277.0,69,8,growth_rate_summary_441_KOs_seed100_all.csv,EG11546,100,0.00023063108804795,0.8308694131268193,1,8,0
gene_ko_441imported_2seeds,352,KO: G7486,0.0001941293814209,0.0002083946063371,7.449909208583815e-05,0.000323248298247,266.980473294718,651.0390618164299,736.2527077726891,2.4385268846899986,26061.0,70,8,growth_rate_summary_441_KOs_seed100_all.csv,G7486,100,0.00023063108804795,0.841731195321504,1,8,0
gene_ko_441imported_2seeds,353,KO: EG10797,0.0001864717716204,0.0002058835687654,7.441719744539996e-05,0.0003118827750713,266.9768566013363,431.08158212745445,724.8406733607537,1.61467772006608,18609.0,49,8,growth_rate_summary_441_KOs_seed100_all.csv,EG10797,100,0.00023063108804795,0.8085283436794568,0,5,1
gene_ko_441imported_2seeds,354,KO: EG11314,0.0001937917538222,0.0002158083617726,7.27605160293253e-05,0.0002860520664386,266.9768566013363,555.1441708510517,736.1165737919403,2.079371889826472,25552.0,69,8,growth_rate_summary_441_KOs_seed100_all.csv,EG11314,100,0.00023063108804795,0.8402672660587248,1,8,0
gene_ko_441imported_2seeds,355,KO: EG10024,0.0001951542299771,0.000206015823343,7.665972126680563e-05,0.000326424709694,266.9534597010818,548.9836245842221,786.1414409048753,2.0564769049966256,25293.0,69,8,growth_rate_summary_441_KOs_seed100_all.csv,EG10024,100,0.00023063108804795,0.8461748657948747,1,8,0
gene_ko_441imported_2seeds,356,KO: EG11026,0.0002118626058516,0.0001404288886502,0.0002207075390945,0.0010890886871601,266.9816763958522,3088.516050289346,3088.516050289346,11.568269747883448,25823.0,69,8,growth_rate_summary_441_KOs_seed100_all.csv,EG11026,100,0.00023063108804795,0.9186211956280245,0,5,1
gene_ko_441imported_2seeds,357,KO: EG10908,0.000330359097554,0.0002145669584299,0.0004372948254499,0.0023630089893837,266.9493849022739,7594.496438430497,7594.496438430497,28.449199990517776,18268.0,50,8,growth_rate_summary_441_KOs_seed100_all.csv,EG10908,100,0.00023063108804795,1.432413558597598,0,4,1
gene_ko_441imported_2seeds,358,KO: G7716,0.0002154204631592,0.0002458019511451,8.415633663223806e-05,0.0002771640709585,266.93485192768424,706.9488131820217,710.2103390513594,2.64839457297072,23316.0,62,8,growth_rate_summary_441_KOs_seed100_all.csv,G7716,100,0.00023063108804795,0.9340478119515805,1,8,0
gene_ko_441imported_2seeds,359,KO: EG10207,0.0002101856979169,0.0002342151300457,8.0955769795099e-05,0.0002843276630801,266.9653191611286,642.3663289824597,729.6673458394359,2.4061789411483647,24420.0,66,8,growth_rate_summary_441_KOs_seed100_all.csv,EG10207,100,0.00023063108804795,0.9113502420506326,1,8,0
gene_ko_441imported_2seeds,360,KO: EG10613,0.0002010767146974,0.0002253065109231,7.716454908348955e-05,0.0003072756799377,266.95562515849963,661.2309083285795,723.3626061653997,2.476931916815713,25418.0,68,8,growth_rate_summary_441_KOs_seed100_all.csv,EG10613,100,0.00023063108804795,0.8718543384558571,1,8,0
gene_ko_441imported_2seeds,361,KO: EG12437,0.0002106672015787,0.0002227343499435,9.31928883401358e-05,0.0005686944816229,266.9516906554227,599.4380386770436,793.9966400594628,2.245492572852027,24181.0,66,8,growth_rate_summary_441_KOs_seed100_all.csv,EG12437,100,0.00023063108804795,0.9134380076934842,1,8,0
gene_ko_441imported_2seeds,362,KO: EG10068,0.000199007486577,0.0002117382494258,7.815959528522368e-05,0.000345277930238,266.9678024043749,642.231420218536,732.2095670026933,2.4056512224861897,25511.0,68,8,growth_rate_summary_441_KOs_seed100_all.csv,EG10068,100,0.00023063108804795,0.8628823124470748,1,8,0
gene_ko_441imported_2seeds,363,KO: EG10097,9.936385350859831e-05,7.270690830293383e-05,7.3231933017157e-05,0.0002879800167319,266.9717625675212,345.0762896085112,725.5925343326755,1.2925572588270873,33200.0,87,8,growth_rate_summary_441_KOs_seed100_all.csv,EG10097,100,0.00023063108804795,0.4308346040839897,0,5,1
gene_ko_441imported_2seeds,364,KO: EG10059,0.0002007538530923,0.0002259702346818,7.640311017419455e-05,0.000294169625898,266.97541710669043,614.8407360519614,719.8693923549806,2.3029863300344795,24548.0,67,8,growth_rate_summary_441_KOs_seed100_all.csv,EG10059,100,0.00023063108804795,0.8704544334914714,1,8,0
gene_ko_441imported_2seeds,365,KO: EG10139,0.000180934605093,0.0001896716401668,7.245073630222344e-05,0.0003133371608993,266.944574407401,513.8416948274821,754.3370277818149,1.924900312988852,26917.0,73,8,growth_rate_summary_441_KOs_seed100_all.csv,EG10139,100,0.00023063108804795,0.7845195833069231,1,8,0
gene_ko_441imported_2seeds,366,KO: EG10194,0.0002070225391834,0.0002299635476103,8.00489456765975e-05,0.000289445484264,266.9828490349621,701.5820637984652,730.2920999802504,2.627816979009731,24697.0,67,8,growth_rate_summary_441_KOs_seed100_all.csv,EG10194,100,0.00023063108804795,0.8976350106814672,1,8,0
gene_ko_441imported_2seeds,367,KO: EG10566,0.0002018799910145,0.0002278962244331,7.72155217811648e-05,0.0002741614325579,266.97680238229475,642.5418732857815,714.7817298873035,2.4067329728734266,24729.0,66,8,growth_rate_summary_441_KOs_seed100_all.csv,EG10566,100,0.00023063108804795,0.8753372874541856,1,8,0
gene_ko_441imported_2seeds,368,KO: EG50001,0.0003130469086018,0.0001892711953283,0.0003380701016227,0.0015341661537853,266.9493849022739,5372.216839303672,5372.216839303672,20.124477309698086,17855.0,47,8,growth_rate_summary_441_KOs_seed100_all.csv,EG50001,100,0.00023063108804795,1.3573491381904035,0,4,1
gene_ko_441imported_2seeds,369,KO: G7399,0.0002046465438417,0.0002248820026299,8.130129222799803e-05,0.0003081685138218,266.97364888911227,616.3502557363986,801.0619429176038,2.308655772961324,24402.0,66,8,growth_rate_summary_441_KOs_seed100_all.csv,G7399,100,0.00023063108804795,0.8873328638121518,1,8,0
gene_ko_441imported_2seeds,370,KO: EG10915,0.000358907118121,0.0002225551121388,0.0005117438057587,0.0031872540031225,266.9493849022739,7715.910535902132,7715.910535902132,28.90402065817387,17338.0,47,8,growth_rate_summary_441_KOs_seed100_all.csv,EG10915,100,0.00023063108804795,1.5561957460235387,0,4,1
gene_ko_441imported_2seeds,371,KO: G7664,0.0002125068110441,0.0002329377723373,8.319398318610374e-05,0.0002971314944495,266.9671872893738,732.3950590611253,776.0497246792481,2.743389801935697,24384.0,65,8,growth_rate_summary_441_KOs_seed100_all.csv,G7664,100,0.00023063108804795,0.921414423539979,1,8,0
gene_ko_441imported_2seeds,372,KO: EG10769,0.0001958851551004,0.0002150148812933,7.551517922822648e-05,0.0002897083493783,266.9687227260629,579.3362906024629,727.0447978163845,2.1700530484873357,25631.0,69,8,growth_rate_summary_441_KOs_seed100_all.csv,EG10769,100,0.00023063108804795,0.8493441051610264,1,8,0
gene_ko_441imported_2seeds,373,KO: EG10675,0.0002046452967881,0.0002284690632351,8.127463112216806e-05,0.000291841813152,266.9683427860531,566.9972653455181,727.2891240218778,2.123837079064863,23999.0,64,8,growth_rate_summary_441_KOs_seed100_all.csv,EG10675,100,0.00023063108804795,0.8873274566764071,1,8,0
gene_ko_441imported_2seeds,374,KO: EG10873,8.196474305250126e-05,6.007886622530076e-05,6.897055186565732e-05,0.0002697025410368,266.9493849022739,253.6060776206383,697.4397598376611,0.950015590833744,37699.0,99,8,growth_rate_summary_441_KOs_seed100_all.csv,EG10873,100,0.00023063108804795,0.355393298215981,0,5,1
gene_ko_441imported_2seeds,375,KO: EG11169,0.0001872825573305,0.0002088249548878,7.354143635027824e-05,0.0002873567903285,266.9622203869412,546.9492107987899,699.8657598456502,2.048788813660708,26325.0,70,8,growth_rate_summary_441_KOs_seed100_all.csv,EG11169,100,0.00023063108804795,0.8120438528719185,1,8,0
gene_ko_441imported_2seeds,376,KO: EG10810,0.0001380911744967,0.0001946782201363,0.0001029668963692,0.0002718817715834,266.9566368766614,433.4614138018454,706.1154056338967,1.6237146934170892,34305.0,89,8,growth_rate_summary_441_KOs_seed100_all.csv,EG10810,100,0.00023063108804795,0.5987535143917362,0,7,1
gene_ko_441imported_2seeds,377,KO: EG10102,0.0002192059891704,0.0002474995502995,8.6340984860428e-05,0.0002796500910466,266.97066772456697,644.8582898040131,753.431066815087,2.415464947142852,22768.0,61,8,growth_rate_summary_441_KOs_seed100_all.csv,EG10102,100,0.00023063108804795,0.9504615835867946,1,8,0
gene_ko_441imported_2seeds,378,KO: EG10025,0.0001951542299771,0.000206015823343,7.665972126680563e-05,0.000326424709694,266.9534597010818,548.9836245842221,786.1414409048753,2.0564769049966256,25293.0,69,8,growth_rate_summary_441_KOs_seed100_all.csv,EG10025,100,0.00023063108804795,0.8461748657948747,1,8,0
gene_ko_441imported_2seeds,379,KO: G6503,0.0002088517224157,0.0002338452145428,7.994594120520681e-05,0.0002888577552708,266.95562515849963,650.4033297425678,713.9483824395295,2.436372447130132,24021.0,65,8,growth_rate_summary_441_KOs_seed100_all.csv,G6503,100,0.00023063108804795,0.9055662191225413,1,8,0
gene_ko_441imported_2seeds,380,KO: EG11577,7.54066475851612e-05,5.1602490897854665e-05,6.190929930193558e-05,0.0002780716513064,266.9788584254484,262.71299234866774,638.614020564067,0.9840217083032744,33932.0,88,8,growth_rate_summary_441_KOs_seed100_all.csv,EG11577,100,0.00023063108804795,0.3269578625474965,0,4,1
gene_ko_441imported_2seeds,381,KO: EG11223,0.0001586031467106,0.0002123640409456,0.0001010117090241,0.0003043042781527,266.983953704764,352.2047313901745,747.2718038839482,1.3191981259654628,28174.0,75,8,growth_rate_summary_441_KOs_seed100_all.csv,EG11223,100,0.00023063108804795,0.6876919675183822,1,8,0
gene_ko_441imported_2seeds,382,KO: EG10206,0.0002153796435009,0.0002418437234436,8.623933975787522e-05,0.0003148331370995,266.95277182185816,642.126760115528,792.7286320779656,2.40539461618338,23215.0,63,8,growth_rate_summary_441_KOs_seed100_all.csv,EG10206,100,0.00023063108804795,0.9338708208154527,1,8,0
gene_ko_441imported_2seeds,383,KO: EG10220,0.0001836274086306,0.0001930696522218,7.040554745111715e-05,0.0002873799307814,266.9496196760954,531.4257998254452,698.460577322556,1.990734433224716,27219.0,74,8,growth_rate_summary_441_KOs_seed100_all.csv,EG10220,100,0.00023063108804795,0.7961953879887278,1,8,0
gene_ko_441imported_2seeds,384,KO: EG10022,0.000192717976695,0.0002091322692996,7.464570168985871e-05,0.0002865037441837,266.97683248748945,553.3405952536543,722.9361876973148,2.0726165266777743,25782.0,69,8,growth_rate_summary_441_KOs_seed100_all.csv,EG10022,100,0.00023063108804795,0.8356114447802996,1,8,0
gene_ko_441imported_2seeds,385,KO: G6468,0.000203532149864,0.0002383585533956,8.159617654449058e-05,0.0002853190322635,266.95562515849963,533.7309450053526,722.8395914517514,1.9993245869550809,23603.0,64,8,growth_rate_summary_441_KOs_seed100_all.csv,G6468,100,0.00023063108804795,0.8825009307578,1,8,0
gene_ko_441imported_2seeds,386,KO: EG10402,0.0001868913006644,0.0001969796357535,7.415327954244885e-05,0.0002756352916439,266.98416174309455,685.9221483006222,709.130312160157,2.5691492102840567,27398.0,73,8,growth_rate_summary_441_KOs_seed100_all.csv,EG10402,100,0.00023063108804795,0.8103473917858977,1,8,0
gene_ko_441imported_2seeds,387,KO: EG11041,0.0002080671124132,0.0002281860349293,8.269337437000264e-05,0.000311216102659,266.97329523820224,670.3310257050782,764.9097170773066,2.510854222730356,24249.0,64,8,growth_rate_summary_441_KOs_seed100_all.csv,EG11041,100,0.00023063108804795,0.9021642059371511,1,8,0
gene_ko_441imported_2seeds,388,KO: EG10075,0.0002126098236189,0.0002387092462337,8.301976747048401e-05,0.0002865100161732,266.9671540601488,620.7184176281594,766.7039798701448,2.3250741081365724,23438.0,64,8,growth_rate_summary_441_KOs_seed100_all.csv,EG10075,100,0.00023063108804795,0.9218610787401599,1,8,0
gene_ko_441imported_2seeds,389,KO: G7893,0.0002033544649457,0.0002273724640166,7.673464740623252e-05,0.0002951118575351,266.9794539822533,669.9060361579639,683.4738275536056,2.5092044581171926,24673.0,67,8,growth_rate_summary_441_KOs_seed100_all.csv,G7893,100,0.00023063108804795,0.881730501585376,1,8,0
gene_ko_441imported_2seeds,390,KO: G7860,0.0001977956780881,0.0002132974353658,7.908702257569797e-05,0.0003239638785147,266.96842993028304,591.276415967079,821.7174922484571,2.2147802873976024,25136.0,67,8,growth_rate_summary_441_KOs_seed100_all.csv,G7860,100,0.00023063108804795,0.8576279969982916,1,8,0
gene_ko_441imported_2seeds,391,KO: EG11005,0.0001983132131985,0.0002189232173087,7.987658679944253e-05,0.000316511493918,266.9839545801421,525.9471541515481,770.8908490701203,1.9699579136830545,24520.0,66,8,growth_rate_summary_441_KOs_seed100_all.csv,EG11005,100,0.00023063108804795,0.8598719924404515,1,8,0
gene_ko_441imported_2seeds,392,KO: EG10700,0.0001917197303273,0.0002121570184015,7.579285862476429e-05,0.0003066572330044,266.97680238229475,606.5295709169475,760.2691238226519,2.271843716400624,26095.0,71,8,growth_rate_summary_441_KOs_seed100_all.csv,EG10700,100,0.00023063108804795,0.8312831195048603,1,8,0
gene_ko_441imported_2seeds,393,KO: G7858,0.0001977956780881,0.0002132974353658,7.908702257569797e-05,0.0003239638785147,266.96842993028304,591.276415967079,821.7174922484571,2.2147802873976024,25136.0,67,8,growth_rate_summary_441_KOs_seed100_all.csv,G7858,100,0.00023063108804795,0.8576279969982916,1,8,0
gene_ko_441imported_2seeds,394,KO: EG10910,8.705939151476303e-05,6.280626353956888e-05,6.289809936024293e-05,0.0002765065507096,266.9493849022739,323.29257473870814,627.875151157336,1.2110631940847536,24114.0,63,8,growth_rate_summary_441_KOs_seed100_all.csv,EG10910,100,0.00023063108804795,0.3774833317209287,0,3,1
gene_ko_441imported_2seeds,395,KO: G7530,0.0001903804180732,0.000209860229911,7.144338362715428e-05,0.0002944919776373,266.9654820223982,601.0360263653124,659.759805607423,2.25136231775045,26320.0,70,8,growth_rate_summary_441_KOs_seed100_all.csv,G7530,100,0.00023063108804795,0.8254759567956356,1,8,0
gene_ko_441imported_2seeds,396,KO: EG11335,0.0001867195520871,0.000197247019943,8.625664890606183e-05,0.0005501324425659,266.9738765480221,483.8785389761151,700.1309897320082,1.812456504106975,26148.0,71,8,growth_rate_summary_441_KOs_seed100_all.csv,EG11335,100,0.00023063108804795,0.8096027021659784,1,8,0
gene_ko_441imported_2seeds,397,KO: G7423,0.0001998917768717,0.000221477824795,7.719344113919946e-05,0.0003220229930602,266.9669356937867,656.7752187951185,696.6612057420821,2.460136934517034,25435.0,68,8,growth_rate_summary_441_KOs_seed100_all.csv,G7423,100,0.00023063108804795,0.8667165322922161,1,8,0
gene_ko_441imported_2seeds,398,KO: G7842,0.0001996808593256,0.000217866009169,7.715565320225501e-05,0.0002852473583545,266.97210497198034,574.4094642717903,712.3689667114525,2.15157109516021,24892.0,67,8,growth_rate_summary_441_KOs_seed100_all.csv,G7842,100,0.00023063108804795,0.8658020088084777,1,8,0
gene_ko_441imported_2seeds,399,KO: EG10057,0.0002007538530923,0.0002259702346818,7.640311017419455e-05,0.000294169625898,266.97541710669043,614.8407360519614,719.8693923549806,2.3029863300344795,24548.0,67,8,growth_rate_summary_441_KOs_seed100_all.csv,EG10057,100,0.00023063108804795,0.8704544334914714,1,8,0
gene_ko_441imported_2seeds,400,KO: EG10874,0.0003379551787933,0.0002369701859421,0.0003327044463355,0.0014115269632332,266.9493849022739,3269.056378153383,3269.056378153383,12.24597831289304,14517.0,40,8,growth_rate_summary_441_KOs_seed100_all.csv,EG10874,100,0.00023063108804795,1.4653496267729376,0,4,1
gene_ko_441imported_2seeds,401,KO: EG10091,0.0001503901717789,0.0001441907037577,8.57868713497445e-05,0.0005084948756438,266.9828490349621,402.49697861562936,697.4259429805711,1.5075761610549048,32384.0,85,8,growth_rate_summary_441_KOs_seed100_all.csv,EG10091,100,0.00023063108804795,0.6520810921536854,1,8,0
gene_ko_441imported_2seeds,402,KO: G6497,0.0002279915978252,0.0002518287385235,9.50689523515336e-05,0.0003669113100702,266.95562515849963,615.5828904643554,819.6217779185336,2.3059371387992487,21620.0,59,8,growth_rate_summary_441_KOs_seed100_all.csv,G6497,100,0.00023063108804795,0.9885553580608298,1,8,0
gene_ko_441imported_2seeds,403,KO: EG11333,0.0002194009242742,0.0002507294207516,8.765517474645232e-05,0.0002854464180166,266.9654820223982,636.5826301991872,736.7005457605187,2.384512879255972,22811.0,60,8,growth_rate_summary_441_KOs_seed100_all.csv,EG11333,100,0.00023063108804795,0.9513068083370653,1,8,0
gene_ko_441imported_2seeds,404,KO: G7665,0.0002186457641014,0.0002465753526826,8.522477809780492e-05,0.0002853066862974,266.95269997672426,685.2184341918435,736.4104505588566,2.566815897541354,23191.0,63,8,growth_rate_summary_441_KOs_seed100_all.csv,G7665,100,0.00023063108804795,0.9480324875193835,1,8,0
gene_ko_441imported_2seeds,405,KO: G7516,0.0002179098908175,0.0002463038458751,8.742314941521976e-05,0.0003003053454329,266.96980948439534,617.0855325975638,739.7855506332285,2.311443132050604,22334.0,60,8,growth_rate_summary_441_KOs_seed100_all.csv,G7516,100,0.00023063108804795,0.9448417932806822,1,8,0
gene_ko_441imported_2seeds,406,KO: EG12957,0.0002009920117349,0.0002265529451656,7.833733574929384e-05,0.0002851849397582,266.9717625675212,574.8880099644202,710.8403818274992,2.153366350192269,24550.0,66,8,growth_rate_summary_441_KOs_seed100_all.csv,EG12957,100,0.00023063108804795,0.8714870724328031,1,8,0
gene_ko_441imported_2seeds,407,KO: EG10871,8.196474305250126e-05,6.007886622530076e-05,6.897055186565732e-05,0.0002697025410368,266.9493849022739,253.6060776206383,697.4397598376611,0.950015590833744,37699.0,99,8,growth_rate_summary_441_KOs_seed100_all.csv,EG10871,100,0.00023063108804795,0.355393298215981,0,5,1
gene_ko_441imported_2seeds,408,KO: EG12312,0.0002116950463741,0.0002408626354593,8.103378562938258e-05,0.0002808250252971,266.9758116187776,610.0861123472546,728.6462761276377,2.2851737340849967,23392.0,64,8,growth_rate_summary_441_KOs_seed100_all.csv,EG12312,100,0.00023063108804795,0.9178946696469946,1,8,0
gene_ko_441imported_2seeds,409,KO: EG10790,0.0001951053654882,0.0002131549876012,7.49025893481588e-05,0.0003350540624554,266.98018801807984,684.206772761386,704.1572938891402,2.5627623451784056,26386.0,70,8,growth_rate_summary_441_KOs_seed100_all.csv,EG10790,100,0.00023063108804795,0.8459629928452493,1,8,0
gene_ko_441imported_2seeds,410,KO: EG12040,0.0002120417289099,0.0002413954992775,8.181264309259405e-05,0.0003076976799299,266.957624610007,644.7572191244478,748.7165113435462,2.415204360865739,23664.0,64,8,growth_rate_summary_441_KOs_seed100_all.csv,EG12040,100,0.00023063108804795,0.9193978604732371,1,8,0
gene_ko_441imported_2seeds,411,KO: EG10080,0.0001993714713577,0.0002208694457154,7.624384836359198e-05,0.0002871527471686,266.9738765480221,578.2703913945877,702.5978979111924,2.1660186340013348,24562.0,67,8,growth_rate_summary_441_KOs_seed100_all.csv,EG10080,100,0.00023063108804795,0.864460524577021,1,8,0
gene_ko_441imported_2seeds,412,KO: EG10560,0.00019889872772,0.0002198972371505,8.120785957727993e-05,0.0003010513609216,266.9768566013363,550.6133891936263,786.2022322102016,2.062401199126525,24603.0,66,8,growth_rate_summary_441_KOs_seed100_all.csv,EG10560,100,0.00023063108804795,0.8624107417758329,1,8,0
gene_ko_441imported_2seeds,413,KO: EG10101,0.0002192059891704,0.0002474995502995,8.6340984860428e-05,0.0002796500910466,266.97066772456697,644.8582898040131,753.431066815087,2.415464947142852,22768.0,61,8,growth_rate_summary_441_KOs_seed100_all.csv,EG10101,100,0.00023063108804795,0.9504615835867946,1,8,0
gene_ko_441imported_2seeds,414,KO: EG10185,0.0002070225391834,0.0002299635476103,8.00489456765975e-05,0.000289445484264,266.9828490349621,701.5820637984652,730.2920999802504,2.627816979009731,24697.0,67,8,growth_rate_summary_441_KOs_seed100_all.csv,EG10185,100,0.00023063108804795,0.8976350106814672,1,8,0
gene_ko_441imported_2seeds,415,KO: EG11000,8.970834986398552e-05,6.825169307457533e-05,7.031236144546344e-05,0.0003349699067288,266.9734377939619,291.9759724279144,802.611437733513,1.093651768657406,42743.0,111,8,growth_rate_summary_441_KOs_seed100_all.csv,EG11000,100,0.00023063108804795,0.38896902678330364,0,6,1
gene_ko_441imported_2seeds,416,KO: EG10744,0.000222138791487,0.0002477723584331,8.999000732996561e-05,0.0003256114487289,266.9684566664831,654.7847600698194,777.2708729341789,2.452667136207126,22238.0,60,8,growth_rate_summary_441_KOs_seed100_all.csv,EG10744,100,0.00023063108804795,0.9631780059105285,1,8,0
gene_ko_441imported_2seeds,417,KO: G6877,0.0002079900861828,0.0002254596686487,8.035090550442974e-05,0.0003014769009569,266.97271223753694,660.158807513204,799.5194334673276,2.4727576162384444,24347.0,67,8,growth_rate_summary_441_KOs_seed100_all.csv,G6877,100,0.00023063108804795,0.9018302256786702,1,8,0
gene_ko_441imported_2seeds,418,KO: EG11067,9.956646505596396e-05,7.313445353576211e-05,7.475243803666761e-05,0.000266470457625,266.9795951748979,269.52569798253774,705.9044929008121,1.0095366943903403,44887.0,117,8,growth_rate_summary_441_KOs_seed100_all.csv,EG11067,100,0.00023063108804795,0.43171311334776913,0,7,1
gene_ko_441imported_2seeds,419,KO: EG10884,0.0003515049700202,0.0002386804249544,0.0004582162268648,0.002879333295889,266.9493849022739,5458.587538697853,5458.587538697853,20.44802440993134,18334.0,49,8,growth_rate_summary_441_KOs_seed100_all.csv,EG10884,100,0.00023063108804795,1.5241005581481686,0,5,1
gene_ko_441imported_2seeds,420,KO: G7138,0.0001995203903257,0.0002236917639717,7.74166885085509e-05,0.0003431605469389,266.957624610007,608.165761897103,752.0682469094106,2.278135950548557,25215.0,69,8,growth_rate_summary_441_KOs_seed100_all.csv,G7138,100,0.00023063108804795,0.8651062266341915,1,8,0
gene_ko_441imported_2seeds,421,KO: EG10449,9.462478872017368e-05,7.112964297137484e-05,6.214620924118332e-05,0.000279937123703,266.97858867859827,346.41335435317524,666.1844108055857,1.297532345450385,35614.0,93,8,growth_rate_summary_441_KOs_seed100_all.csv,EG10449,100,0.00023063108804795,0.4102863561069462,0,5,1
gene_ko_441imported_2seeds,422,KO: EG10946,0.0002039603412072,0.0002264353182705,7.819496692637941e-05,0.0002835599219173,266.9799967141421,706.3264429794067,711.0195922331282,2.645615595447313,25189.0,68,8,growth_rate_summary_441_KOs_seed100_all.csv,EG10946,100,0.00023063108804795,0.884357537977686,1,8,0
gene_ko_441imported_2seeds,423,KO: G7948,0.0002122024387064,0.0002369733941833,8.185481250741773e-05,0.0002982687790836,266.9717625675212,633.1883860606056,748.6179300959559,2.3717429138239394,23142.0,64,8,growth_rate_summary_441_KOs_seed100_all.csv,G7948,100,0.00023063108804795,0.9200946867244604,1,8,0
gene_ko_441imported_2seeds,424,KO: G7544,0.0001877357096709,0.0002099817152906,7.146902187226962e-05,0.0002615257715617,266.98213090017555,585.6093433419665,694.4722775745729,2.193440217768452,26397.0,70,8,growth_rate_summary_441_KOs_seed100_all.csv,G7544,100,0.00023063108804795,0.814008689200947,1,8,0
gene_ko_441imported_2seeds,425,KO: G6261,0.0002085983728207,0.0002312573149003,8.709961352253411e-05,0.000308383247177,266.9690347672249,638.7468104208258,844.6286466554125,2.392587630912928,23975.0,65,8,growth_rate_summary_441_KOs_seed100_all.csv,G6261,100,0.00023063108804795,0.9044677132916737,1,8,0
gene_ko_441imported_2seeds,426,KO: EG10586,0.0001140302775784,8.805447078564145e-05,7.948759285523088e-05,0.0003353439338127,266.957624610007,346.5814521719151,758.8388911134493,1.2982639198945112,40461.0,106,8,growth_rate_summary_441_KOs_seed100_all.csv,EG10586,100,0.00023063108804795,0.4944271760739047,0,7,1
gene_ko_441imported_2seeds,427,KO: EG10965,0.0002177273120563,0.0002419116187134,8.925647892564673e-05,0.0003156232783274,266.9777985966309,611.1610524570244,821.2661100147338,2.289183054432216,22674.0,61,8,growth_rate_summary_441_KOs_seed100_all.csv,EG10965,100,0.00023063108804795,0.9440501447533941,1,8,0
gene_ko_441imported_2seeds,428,KO: EG10444,9.864358045516654e-05,7.863289588932955e-05,6.73481643439142e-05,0.0002784388212651,266.93837659508506,352.3225524454996,731.0328774776119,1.3198647453375822,34239.0,90,8,growth_rate_summary_441_KOs_seed100_all.csv,EG10444,100,0.00023063108804795,0.4277115513354287,0,5,1
gene_ko_441imported_2seeds,429,KO: EG11121,0.0001957847519938,0.000221034449545,7.971133473971068e-05,0.0002904250348134,266.9822219465628,546.7625475381383,731.9480007091352,2.047936164257313,25425.0,68,8,growth_rate_summary_441_KOs_seed100_all.csv,EG11121,100,0.00023063108804795,0.8489087644294286,1,8,0
gene_ko_441imported_2seeds,430,KO: EG11074,0.0002075880838795,0.0002326078732934,7.97554927275588e-05,0.0002890585451474,266.9623746713904,625.8631197749532,766.4741142766788,2.344386996652024,23679.0,65,8,growth_rate_summary_441_KOs_seed100_all.csv,EG11074,100,0.00023063108804795,0.9000871722737606,1,8,0
gene_ko_441imported_2seeds,431,KO: G7892,0.0002033544649457,0.0002273724640166,7.673464740623252e-05,0.0002951118575351,266.9794539822533,669.9060361579639,683.4738275536056,2.5092044581171926,24673.0,67,8,growth_rate_summary_441_KOs_seed100_all.csv,G7892,100,0.00023063108804795,0.881730501585376,1,8,0
gene_ko_441imported_2seeds,432,KO: EG10408,0.0001943050372229,0.0002113298288556,8.528796074219165e-05,0.0003144946990619,266.9734393490268,498.8758014619425,771.99570669326,1.8686345828198248,24601.0,66,8,growth_rate_summary_441_KOs_seed100_all.csv,EG10408,100,0.00023063108804795,0.8424928263899205,1,8,0
gene_ko_441imported_2seeds,433,KO: EG10882,0.0002546186081488,0.0001726984717104,0.0002582271740389,0.0010894003372583,266.9493849022739,2693.773942488197,2697.5453688491707,10.090953921749422,19938.0,54,8,growth_rate_summary_441_KOs_seed100_all.csv,EG10882,100,0.00023063108804795,1.1040081816544298,0,5,1
gene_ko_441imported_2seeds,434,KO: EG11621,0.0002119878025515,0.0002348037037568,8.255330523455271e-05,0.0003276463579278,266.9698641599921,710.9270668361357,722.0178620856432,2.662948752935219,23981.0,65,8,growth_rate_summary_441_KOs_seed100_all.csv,EG11621,100,0.00023063108804795,0.9191640396173567,1,8,0
gene_ko_441imported_2seeds,435,KO: EG10082,0.0001927580965213,0.000210728519877,7.395088988720956e-05,0.000314959430893,266.9688721753196,598.5151466295035,734.6113701165123,2.241891130425333,25935.0,70,8,growth_rate_summary_441_KOs_seed100_all.csv,EG10082,100,0.00023063108804795,0.8357854014946332,1,8,0
gene_ko_441imported_2seeds,436,KO: EG10900,0.0003681641592536,0.0002510092799778,0.0003612142789294,0.0016662163421206,266.9493849022739,3311.126580028823,5022.0131135349,12.403574487504349,12467.0,34,8,growth_rate_summary_441_KOs_seed100_all.csv,EG10900,100,0.00023063108804795,1.5963336182026586,0,4,1
gene_ko_441imported_2seeds,437,KO: EG11001,0.0001100817619594,8.00231141763255e-05,7.898800035329335e-05,0.0004946458548526,266.9622203869412,362.1538517325638,681.6498273532834,1.356573417795408,37845.0,99,8,growth_rate_summary_441_KOs_seed100_all.csv,EG11001,100,0.00023063108804795,0.47730669308776424,0,6,1
gene_ko_441imported_2seeds,438,KO: EG10023,0.000192717976695,0.0002091322692996,7.464570168985871e-05,0.0002865037441837,266.97683248748945,553.3405952536543,722.9361876973148,2.0726165266777743,25782.0,69,8,growth_rate_summary_441_KOs_seed100_all.csv,EG10023,100,0.00023063108804795,0.8356114447802996,1,8,0
gene_ko_441imported_2seeds,439,KO: G6770,0.000213100382408,0.0002317189806899,9.338606830061837e-05,0.000577267849816,266.9764925372041,617.5981665606134,725.6792164107735,2.313305417609189,23833.0,65,8,growth_rate_summary_441_KOs_seed100_all.csv,G6770,100,0.00023063108804795,0.9239881067711685,1,8,0
gene_ko_441imported_2seeds,440,KO: EG10131,0.0001911193921292,0.0002084988812055,7.101356800761474e-05,0.0002803164222683,266.97136222950417,629.353617925331,667.0297921030465,2.357382502263677,26611.0,71,8,growth_rate_summary_441_KOs_seed100_all.csv,EG10131,100,0.00023063108804795,0.8286800957616988,1,8,0
gene_ko_441imported_2seeds,441,KO: EG10088,0.0001991857674893,0.0002213303450065,7.571159681178827e-05,0.000289276359607,266.973615174168,624.0683745793683,720.4836401874093,2.3375657334985678,25546.0,69,8,growth_rate_summary_441_KOs_seed100_all.csv,EG10088,100,0.00023063108804795,0.8636553258071077,1,8,0
gene_ko_441imported_2seeds,1,KO: EG10109,0.0002040176851012,0.0002296322025273,8.17243177086368e-05,0.0002723312335185,410.985293452835,650.9219441651449,702.3302545847632,1.5838083613564755,22423.0,60,8,growth_rate_summary_441_KOs_seed101_all.csv,EG10109,101,0.00023063108804795,0.8846061770249427,1,8,0
gene_ko_441imported_2seeds,2,KO: EG10894,0.0001578576551979,0.0001561746220581,7.892718547644041e-05,0.0002849958047846,411.0385041526016,333.20391797901254,705.1552417323894,0.8106391849248938,17460.0,47,8,growth_rate_summary_441_KOs_seed101_all.csv,EG10894,101,0.00023063108804795,0.6844595693234563,0,5,1
gene_ko_441imported_2seeds,3,KO: EG11288,0.0001963144843906,0.0002173614479079,7.825253393501274e-05,0.0002933778274154,411.0579612277894,579.3981813159305,702.9321715711565,1.4095291563878865,22834.0,62,8,growth_rate_summary_441_KOs_seed101_all.csv,EG11288,101,0.00023063108804795,0.851205646438197,1,8,0
gene_ko_441imported_2seeds,4,KO: EG10539,0.0002077681943216,0.0002330310791728,8.588492159821887e-05,0.0003815593637729,411.0459726028676,671.7056404904006,705.6624044091441,1.6341375059265442,22165.0,59,8,growth_rate_summary_441_KOs_seed101_all.csv,EG10539,101,0.00023063108804795,0.9008681183449275,1,8,0
gene_ko_441imported_2seeds,5,KO: EG12087,0.0002078303201265,0.000235232566463,8.277612981365604e-05,0.0003001028747161,411.06022891655095,627.1201135992337,698.3367332358503,1.5256161250436733,22145.0,61,8,growth_rate_summary_441_KOs_seed101_all.csv,EG12087,101,0.00023063108804795,0.9011374914178546,1,8,0
gene_ko_441imported_2seeds,6,KO: EG10878,8.017923045186747e-05,5.576802940818285e-05,6.672458835772778e-05,0.0003231181345028,411.0385041526016,291.9581908589464,696.662961554144,0.710294018466344,26693.0,69,8,growth_rate_summary_441_KOs_seed101_all.csv,EG10878,101,0.00023063108804795,0.34765144252884755,0,4,1
gene_ko_441imported_2seeds,7,KO: EG10891,0.0003588487397683,0.0002256456224515,0.0004464288004222,0.0025207024646893,411.0385041526016,5608.699449941769,5608.699449941769,13.6451923439744,16237.0,44,8,growth_rate_summary_441_KOs_seed101_all.csv,EG10891,101,0.00023063108804795,1.5559426216369086,0,5,1
gene_ko_441imported_2seeds,8,KO: EG10796,0.0001780652383188,0.0001884172408561,7.111458277326641e-05,0.0002783386507006,411.0496726665406,535.291879594067,689.6076361423368,1.302255944206326,25172.0,67,8,growth_rate_summary_441_KOs_seed101_all.csv,EG10796,101,0.00023063108804795,0.7720782129847944,1,8,0
gene_ko_441imported_2seeds,9,KO: G6561,0.0001933863582957,0.0002176603691861,8.067143466466632e-05,0.000320247744489,411.0755262994153,605.2735045702518,716.848700523577,1.4724143517349375,23654.0,63,8,growth_rate_summary_441_KOs_seed101_all.csv,G6561,101,0.00023063108804795,0.8385094998792768,1,8,0
gene_ko_441imported_2seeds,10,KO: EG11050,0.0001794487178315,0.0001978778762993,7.102119280337149e-05,0.000285119387362,411.06499097200617,523.2717242028104,676.3989588975703,1.2729659194899563,24843.0,67,8,growth_rate_summary_441_KOs_seed101_all.csv,EG11050,101,0.00023063108804795,0.7780768817870347,1,8,0
gene_ko_441imported_2seeds,11,KO: EG10887,0.0003106116614547,0.0002091399660337,0.0003494014537957,0.0015019378545594,411.0385041526016,4171.436890284099,4171.436890284099,10.148530729217075,16914.0,45,8,growth_rate_summary_441_KOs_seed101_all.csv,EG10887,101,0.00023063108804795,1.346790079705653,0,5,1
gene_ko_441imported_2seeds,12,KO: EG10582,0.0002141069039073,0.0002383851428847,8.701538724414232e-05,0.0003055383688633,411.0499626516288,748.9392905890379,748.9392905890379,1.8220152259782,22037.0,60,8,growth_rate_summary_441_KOs_seed101_all.csv,EG10582,101,0.00023063108804795,0.9283523124288668,1,8,0
gene_ko_441imported_2seeds,13,KO: EG20248,0.0002133290165424,0.0002370111320619,8.970924187828532e-05,0.0003176129160501,411.0595355708808,698.1766229303103,775.0230559905299,1.698480542388295,21328.0,57,8,growth_rate_summary_441_KOs_seed101_all.csv,EG20248,101,0.00023063108804795,0.9249794481221336,1,8,0
gene_ko_441imported_2seeds,14,KO: EG12712,0.0002054011900236,0.0002337974061679,8.332791884886223e-05,0.0002968020862746,411.0499626516288,708.1662712266789,708.1662712266789,1.722822857490102,22668.0,60,8,growth_rate_summary_441_KOs_seed101_all.csv,EG12712,101,0.00023063108804795,0.8906049560018358,1,8,0
gene_ko_441imported_2seeds,15,KO: EG10420,0.0001951978255106,0.0002217035938089,7.716678433449007e-05,0.0002717081813888,411.0325436781756,645.7948180761157,683.7525558782768,1.5711525230998522,23575.0,62,8,growth_rate_summary_441_KOs_seed101_all.csv,EG10420,101,0.00023063108804795,0.846363892928506,1,8,0
gene_ko_441imported_2seeds,16,KO: EG10120,0.0002146091387021,0.0002422825909855,9.166448603558652e-05,0.0003438489609315,411.0588264093001,619.3239434319628,756.7983219751677,1.506655261101944,20841.0,56,8,growth_rate_summary_441_KOs_seed101_all.csv,EG10120,101,0.00023063108804795,0.9305299667904315,1,8,0
gene_ko_441imported_2seeds,17,KO: EG11029,0.0002097046293056,0.0002379810471075,9.733968330584468e-05,0.0005676862210442,411.0419605679559,588.3951954357756,707.631733075873,1.4314723358723824,21678.0,57,8,growth_rate_summary_441_KOs_seed101_all.csv,EG11029,101,0.00023063108804795,0.909264362755817,1,8,0
gene_ko_441imported_2seeds,18,KO: EG12293,0.0001871420479043,0.0001944662218294,9.132299342417652e-05,0.0005699773370256,411.062617294495,506.4013284968848,704.7510841869371,1.2319323314532562,23807.0,64,8,growth_rate_summary_441_KOs_seed101_all.csv,EG12293,101,0.00023063108804795,0.811434613990078,1,8,0
gene_ko_441imported_2seeds,19,KO: EG10410,9.162850179691404e-05,6.941946697173101e-05,7.146288671536024e-05,0.0003119821024362,411.0498029868437,281.2046041374581,705.4212154216668,0.6841132196004446,37012.0,96,8,growth_rate_summary_441_KOs_seed101_all.csv,EG10410,101,0.00023063108804795,0.3972946690424656,0,6,1
gene_ko_441imported_2seeds,20,KO: EG10895,0.0001578576551979,0.0001561746220581,7.892718547644041e-05,0.0002849958047846,411.0385041526016,333.20391797901254,705.1552417323894,0.8106391849248938,17460.0,47,8,growth_rate_summary_441_KOs_seed101_all.csv,EG10895,101,0.00023063108804795,0.6844595693234563,0,5,1
gene_ko_441imported_2seeds,21,KO: EG10549,0.0002104287511926,0.000239462190836,8.687778388746865e-05,0.0002922827132448,411.0459726028676,635.9458763519506,769.4029606345046,1.5471405116195367,21324.0,58,8,growth_rate_summary_441_KOs_seed101_all.csv,EG10549,101,0.00023063108804795,0.9124041037730795,1,8,0
gene_ko_441imported_2seeds,22,KO: EG10099,0.0002214352128482,0.0002517597091161,9.20853025468115e-05,0.0003075999640155,411.0548306639285,676.2791077742233,743.7960814443136,1.645228464246265,20805.0,56,8,growth_rate_summary_441_KOs_seed101_all.csv,EG10099,101,0.00023063108804795,0.9601273389568448,1,8,0
gene_ko_441imported_2seeds,23,KO: EG10581,9.611835990585032e-05,6.730694230415324e-05,7.662477966768212e-05,0.0002991690646447,411.05251175008254,289.40353688722337,702.2745982644051,0.7040549044575087,35559.0,92,8,growth_rate_summary_441_KOs_seed101_all.csv,EG10581,101,0.00023063108804795,0.4167623745757405,0,6,1
gene_ko_441imported_2seeds,24,KO: EG10872,0.0003026443859779,0.0001958429074109,0.0003105822655744,0.0014072237052957,411.0385041526016,3578.3850691258995,3578.3850691258995,8.70571742786752,15526.0,42,8,growth_rate_summary_441_KOs_seed101_all.csv,EG10872,101,0.00023063108804795,1.3122445397082716,0,5,1
gene_ko_441imported_2seeds,25,KO: EG11575,8.850332906996785e-05,6.984133774994842e-05,6.690337272833427e-05,0.0002881523714969,411.0464852701604,326.77491925766606,711.9208689259353,0.7949828814200739,25791.0,67,8,growth_rate_summary_441_KOs_seed101_all.csv,EG11575,101,0.00023063108804795,0.383744142296928,0,4,1
gene_ko_441imported_2seeds,26,KO: EG10105,0.0002214352128482,0.0002517597091161,9.20853025468115e-05,0.0003075999640155,411.0548306639285,676.2791077742233,743.7960814443136,1.645228464246265,20805.0,56,8,growth_rate_summary_441_KOs_seed101_all.csv,EG10105,101,0.00023063108804795,0.9601273389568448,1,8,0
gene_ko_441imported_2seeds,27,KO: G6842,0.0002188304165031,0.0002484623278009,9.151053328986744e-05,0.0003305089857524,411.06849396764335,712.8437323896078,780.118885310955,1.7341239789729987,21407.0,58,8,growth_rate_summary_441_KOs_seed101_all.csv,G6842,101,0.00023063108804795,0.9488331272044446,1,8,0
gene_ko_441imported_2seeds,28,KO: EG10182,0.0002104255845427,0.0002377010020755,8.747317720447095e-05,0.0003336162399903,411.04705768671056,629.55584751641,733.0923646390877,1.5315906919743512,21597.0,59,8,growth_rate_summary_441_KOs_seed101_all.csv,EG10182,101,0.00023063108804795,0.9123903734042605,1,8,0
gene_ko_441imported_2seeds,29,KO: EG12075,0.0002035143156038,0.000228840960068,8.368257497055728e-05,0.0003752254663403,411.0462572755042,613.7325867297602,747.0008892530966,1.4930985889464146,22481.0,61,8,growth_rate_summary_441_KOs_seed101_all.csv,EG12075,101,0.00023063108804795,0.8824236026735814,1,8,0
gene_ko_441imported_2seeds,30,KO: EG10078,8.544987555889951e-05,6.065880268045051e-05,7.281440738413036e-05,0.0003267528226822,411.0455227461773,280.9437054725852,727.2891862801941,0.6834856236740214,39972.0,104,8,growth_rate_summary_441_KOs_seed101_all.csv,EG10078,101,0.00023063108804795,0.3705045849722298,0,6,1
gene_ko_441imported_2seeds,31,KO: EG10892,0.0003285850715193,0.0002256787989544,0.0003059237689516,0.0011637390879291,411.0385041526016,2957.1198601138285,5306.836372261871,7.194264844385411,13915.0,39,8,growth_rate_summary_441_KOs_seed101_all.csv,EG10892,101,0.00023063108804795,1.4247215078436632,0,5,1
gene_ko_441imported_2seeds,32,KO: EG11040,0.0001980814116044,0.000213307704559,8.036141586589546e-05,0.0003113783451909,411.0482242525332,623.6057519684125,737.7974390537611,1.517110925615608,23278.0,63,8,growth_rate_summary_441_KOs_seed101_all.csv,EG11040,101,0.00023063108804795,0.8588669172094324,1,8,0
gene_ko_441imported_2seeds,33,KO: EG10794,0.0006159737337104,0.0002355737296481,0.0030892433408467,0.0239302478429439,410.9834750951953,624.0225387345445,733.2076607340905,1.518364062180367,21727.0,58,8,growth_rate_summary_441_KOs_seed101_all.csv,EG10794,101,0.00023063108804795,2.6708183138880837,1,8,0
gene_ko_441imported_2seeds,34,KO: G6701,0.0001914019044012,0.0002083873254298,8.195623813372205e-05,0.0003076634435913,411.0072580328976,580.7567580867676,755.9060838889372,1.4130085217139476,23425.0,62,8,growth_rate_summary_441_KOs_seed101_all.csv,G6701,101,0.00023063108804795,0.8299050488865839,1,8,0
gene_ko_441imported_2seeds,35,KO: G6237,0.0002136201534872,0.0002460776812347,9.06559712044744e-05,0.0003107397314188,411.0313935879673,627.340832183444,749.4960302492511,1.5262601396629891,20969.0,56,8,growth_rate_summary_441_KOs_seed101_all.csv,G6237,101,0.00023063108804795,0.9262417972150689,1,8,0
gene_ko_441imported_2seeds,36,KO: EG10709,0.0001164622405369,8.641118782371175e-05,9.439782033318683e-05,0.0005001317134796,411.0385041526016,366.7140963505928,711.3589120536294,0.8921648279803173,32548.0,86,8,growth_rate_summary_441_KOs_seed101_all.csv,EG10709,101,0.00023063108804795,0.5049719945503903,0,6,1
gene_ko_441imported_2seeds,37,KO: G7836,0.0002159525196113,0.0002357895430392,9.205305465472167e-05,0.0003691895060479,411.0699776741951,662.6998208582027,796.3668555694885,1.61213383815503,21431.0,58,8,growth_rate_summary_441_KOs_seed101_all.csv,G7836,101,0.00023063108804795,0.9363547708988902,1,8,0
gene_ko_441imported_2seeds,38,KO: EG11736,0.0002260695845447,0.0002499976337613,0.0001011422770484,0.0005592570487723,411.0657016796552,674.1042485198379,775.0190661913339,1.6398941720639335,20597.0,57,8,growth_rate_summary_441_KOs_seed101_all.csv,EG11736,101,0.00023063108804795,0.980221645130939,1,8,0
gene_ko_441imported_2seeds,39,KO: EG12078,0.0002035143156038,0.000228840960068,8.368257497055728e-05,0.0003752254663403,411.0462572755042,613.7325867297602,747.0008892530966,1.4930985889464146,22481.0,61,8,growth_rate_summary_441_KOs_seed101_all.csv,EG12078,101,0.00023063108804795,0.8824236026735814,1,8,0
gene_ko_441imported_2seeds,40,KO: EG11663,0.0002007193604605,0.0002275528720707,8.186959419760532e-05,0.0003469687918832,411.080910936358,626.5355564677084,717.0457166622689,1.5241173691101075,22520.0,61,8,growth_rate_summary_441_KOs_seed101_all.csv,EG11663,101,0.00023063108804795,0.8703048758923987,1,8,0
gene_ko_441imported_2seeds,41,KO: EG10904,0.0001120987872999,7.044865737069068e-05,9.28822489547111e-05,0.0002885112675941,411.0385041526016,190.6896076478776,693.3959994821257,0.463921520055655,25645.0,68,8,growth_rate_summary_441_KOs_seed101_all.csv,EG10904,101,0.00023063108804795,0.4860523715544965,0,6,1
gene_ko_441imported_2seeds,42,KO: EG10532,0.0001087517901941,7.342720569544981e-05,8.955804238906975e-05,0.000322962616069,411.0319646253902,324.18906864732924,719.8747124603856,0.7887198479631419,31549.0,82,8,growth_rate_summary_441_KOs_seed101_all.csv,EG10532,101,0.00023063108804795,0.4715400300738713,0,6,1
gene_ko_441imported_2seeds,43,KO: EG10188,0.0002120508311063,0.0002400830968396,8.819521447753669e-05,0.0003009855571039,411.1135564330399,656.9433506053683,756.0137576598274,1.5979608074840217,21659.0,59,8,growth_rate_summary_441_KOs_seed101_all.csv,EG10188,101,0.00023063108804795,0.9194373269496651,1,8,0
gene_ko_441imported_2seeds,44,KO: EG10808,0.0001879327523237,0.0002121370093566,8.104911064741894e-05,0.000269173673578,411.0566904095216,497.1695232771247,692.0753447137727,1.209491378869936,22814.0,60,8,growth_rate_summary_441_KOs_seed101_all.csv,EG10808,101,0.00023063108804795,0.814863052133836,1,8,0
gene_ko_441imported_2seeds,45,KO: EG10052,0.0002245801652395,0.0002580302856686,0.0001036506976784,0.0005851605451114,411.0419605679559,649.3923159177798,751.8721238395049,1.5798686708784768,20638.0,56,8,growth_rate_summary_441_KOs_seed101_all.csv,EG10052,101,0.00023063108804795,0.9737636289206945,1,8,0
gene_ko_441imported_2seeds,46,KO: EG10027,0.0001972465598087,0.0002125449507951,8.284710144624485e-05,0.0002987076373722,411.0164176396121,638.9665818861331,749.277254372126,1.5546011168011118,23162.0,62,8,growth_rate_summary_441_KOs_seed101_all.csv,EG10027,101,0.00023063108804795,0.855247059180898,1,8,0
gene_ko_441imported_2seeds,47,KO: EG12424,0.0001964125323439,0.0002174392050479,7.857551497146724e-05,0.00027198182761,411.0382549043808,586.6527046717767,688.9989891389025,1.427245998814025,22906.0,61,8,growth_rate_summary_441_KOs_seed101_all.csv,EG12424,101,0.00023063108804795,0.8516307753925364,1,8,0
gene_ko_441imported_2seeds,48,KO: EG10196,9.922236894846745e-05,5.619923013045207e-05,8.879727012708308e-05,0.0002875828507771,411.0615737257293,278.39001487887685,691.3183476989066,0.677246506783983,26831.0,71,8,growth_rate_summary_441_KOs_seed101_all.csv,EG10196,101,0.00023063108804795,0.43022113709075654,0,5,1
gene_ko_441imported_2seeds,49,KO: EG11112,0.0001948072356548,0.0002220311885859,7.887236178979962e-05,0.0002753434287915,411.09062810407136,565.3832469486715,701.5638349830335,1.375325070182674,22857.0,61,8,growth_rate_summary_441_KOs_seed101_all.csv,EG11112,101,0.00023063108804795,0.844670323084536,1,8,0
gene_ko_441imported_2seeds,50,KO: G6397,0.0002027124564144,0.0002251872685616,9.247160120756275e-05,0.0005665478958109,411.0199380515245,583.6463254145553,692.0163125588142,1.419995166612552,22528.0,60,8,growth_rate_summary_441_KOs_seed101_all.csv,G6397,101,0.00023063108804795,0.8789467982402029,1,8,0
gene_ko_441imported_2seeds,51,KO: EG10073,0.0001940477957182,0.0002177554893278,7.936957955301031e-05,0.0003375662045782,411.0362520157733,660.1463968768076,700.6237165759801,1.6060539517849508,23895.0,63,8,growth_rate_summary_441_KOs_seed101_all.csv,EG10073,101,0.00023063108804795,0.8413774455153069,1,8,0
gene_ko_441imported_2seeds,52,KO: EG10137,0.0001995068435154,0.0002216463504858,7.915722049579465e-05,0.0002777482019044,411.014242590399,675.7512583517396,703.5482477818907,1.644106671566531,23269.0,62,8,growth_rate_summary_441_KOs_seed101_all.csv,EG10137,101,0.00023063108804795,0.8650474886279034,1,8,0
gene_ko_441imported_2seeds,53,KO: EG10361,0.0001973486239549,0.0002191014977993,7.815687106204575e-05,0.0002750946970456,411.0642912616413,614.8457201866502,694.7735390939654,1.4957410148654886,23146.0,62,8,growth_rate_summary_441_KOs_seed101_all.csv,EG10361,101,0.00023063108804795,0.8556896020621022,1,8,0
gene_ko_441imported_2seeds,54,KO: EG10383,8.374468529740152e-05,6.946318475406212e-05,5.947563700712407e-05,0.0002929493738215,411.13416945930896,324.5677861999076,676.2864100298855,0.7894449313876134,27698.0,72,8,growth_rate_summary_441_KOs_seed101_all.csv,EG10383,101,0.00023063108804795,0.3631110012367038,0,4,1
gene_ko_441imported_2seeds,55,KO: EG10928,0.0001875450628821,0.0002059891688116,7.453208823108701e-05,0.000287637042586,411.06008839675656,608.0773976004787,712.9765569385077,1.479290777103031,24413.0,64,8,growth_rate_summary_441_KOs_seed101_all.csv,EG10928,101,0.00023063108804795,0.813182058279619,1,8,0
gene_ko_441imported_2seeds,56,KO: EG10036,0.0001982150893214,0.0002263399731078,7.810379151069394e-05,0.0002661699789545,411.05688241307234,616.8212762795927,691.5635181790356,1.50057401461958,22771.0,61,8,growth_rate_summary_441_KOs_seed101_all.csv,EG10036,101,0.00023063108804795,0.8594465342859136,1,8,0
gene_ko_441imported_2seeds,57,KO: EG10866,0.0003106116614547,0.0002091399660337,0.0003494014537957,0.0015019378545594,411.0385041526016,4171.436890284099,4171.436890284099,10.148530729217075,16914.0,45,8,growth_rate_summary_441_KOs_seed101_all.csv,EG10866,101,0.00023063108804795,1.346790079705653,0,5,1
gene_ko_441imported_2seeds,58,KO: EG10774,0.000213283371723,0.0002392891779211,8.789306960105079e-05,0.0003181901011106,411.0599105847919,631.7741157969174,732.7876493605377,1.5369392624499134,21319.0,58,8,growth_rate_summary_441_KOs_seed101_all.csv,EG10774,101,0.00023063108804795,0.9247815354305432,1,8,0
gene_ko_441imported_2seeds,59,KO: EG10914,0.0004653267181981,0.0002770933773009,0.0005347562265955,0.0026971113659017,411.0385041526016,5574.054131584455,5574.054131584455,13.560905061865054,11251.0,31,8,growth_rate_summary_441_KOs_seed101_all.csv,EG10914,101,0.00023063108804795,2.0176235655678605,0,4,1
gene_ko_441imported_2seeds,60,KO: EG11027,8.793707153070277e-05,6.986568580826732e-05,5.739511288427895e-05,0.0002653579565234,411.013585888094,317.8387190025677,667.0549316140962,0.7733046544332604,39530.0,102,8,growth_rate_summary_441_KOs_seed101_all.csv,EG11027,101,0.00023063108804795,0.3812888898673537,0,6,1
gene_ko_441imported_2seeds,61,KO: EG10118,0.0002146091387021,0.0002422825909855,9.166448603558652e-05,0.0003438489609315,411.0588264093001,619.3239434319628,756.7983219751677,1.506655261101944,20841.0,56,8,growth_rate_summary_441_KOs_seed101_all.csv,EG10118,101,0.00023063108804795,0.9305299667904315,1,8,0
gene_ko_441imported_2seeds,62,KO: EG11221,0.0001840660985989,0.0002050702104528,7.255676978613421e-05,0.0002701804035343,411.02565721122414,567.241506481884,695.2955645154552,1.3800634985430638,24122.0,64,8,growth_rate_summary_441_KOs_seed101_all.csv,EG11221,101,0.00023063108804795,0.7980975165005995,1,8,0
gene_ko_441imported_2seeds,63,KO: EG12713,0.0002102355334111,0.0002400444742235,8.654687127955277e-05,0.0003151218762579,411.0792528586446,703.6925753590394,729.3323984866895,1.7118172967026726,22196.0,60,8,growth_rate_summary_441_KOs_seed101_all.csv,EG12713,101,0.00023063108804795,0.9115663252102006,1,8,0
gene_ko_441imported_2seeds,64,KO: EG10095,0.000206845115184,0.0002384732478938,8.498750803639083e-05,0.0002891880336012,411.068539295091,650.6058138945791,737.4645678977745,1.5827185778076125,22432.0,59,8,growth_rate_summary_441_KOs_seed101_all.csv,EG10095,101,0.00023063108804795,0.8968657128348425,1,8,0
gene_ko_441imported_2seeds,65,KO: EG10905,0.0003076329251028,0.0002390389326651,0.0003095116590881,0.0013031588504149,411.0385041526016,2827.283573828724,2827.283573828724,6.878391063770198,15040.0,41,8,growth_rate_summary_441_KOs_seed101_all.csv,EG10905,101,0.00023063108804795,1.3338744906707491,0,5,1
gene_ko_441imported_2seeds,66,KO: G6775,0.0002126221546568,0.0002386685929387,8.767015051442057e-05,0.0003074889879606,411.0792528586446,660.9043497914929,736.7401127575888,1.6077297630458478,21517.0,58,8,growth_rate_summary_441_KOs_seed101_all.csv,G6775,101,0.00023063108804795,0.9219145452437626,1,8,0
gene_ko_441imported_2seeds,67,KO: EG10759,0.0002149610667009,0.0002453628977284,8.904463924659242e-05,0.0003553346468118,411.0189993729209,659.535360306588,707.5146646891731,1.604634728109457,21382.0,57,8,growth_rate_summary_441_KOs_seed101_all.csv,EG10759,101,0.00023063108804795,0.9320559015712917,1,8,0
gene_ko_441imported_2seeds,68,KO: EG10791,0.0002215366053319,0.0002452143259662,9.53855525276739e-05,0.0003754708343485,411.013585888094,616.2709069672339,814.4347822520076,1.4993930325578704,20429.0,56,8,growth_rate_summary_441_KOs_seed101_all.csv,EG10791,101,0.00023063108804795,0.9605669695572039,1,8,0
gene_ko_441imported_2seeds,69,KO: G7859,0.0001955503936695,0.0002169989878117,8.099102072732555e-05,0.0003037833781942,411.06499097200617,597.4801557420399,737.6525528977638,1.4534931674167522,22799.0,62,8,growth_rate_summary_441_KOs_seed101_all.csv,G7859,101,0.00023063108804795,0.8478926033980447,1,8,0
gene_ko_441imported_2seeds,70,KO: EG11692,0.0001929947814662,0.0002157028776474,7.867500746988719e-05,0.000294948097083,411.0518877619877,565.2060979812647,726.4112417765737,1.375023725249347,23152.0,62,8,growth_rate_summary_441_KOs_seed101_all.csv,EG11692,101,0.00023063108804795,0.836811650587517,1,8,0
gene_ko_441imported_2seeds,71,KO: EG10100,0.0002214352128482,0.0002517597091161,9.20853025468115e-05,0.0003075999640155,411.0548306639285,676.2791077742233,743.7960814443136,1.645228464246265,20805.0,56,8,growth_rate_summary_441_KOs_seed101_all.csv,EG10100,101,0.00023063108804795,0.9601273389568448,1,8,0
gene_ko_441imported_2seeds,72,KO: EG11699,0.0002094454916553,0.0002311210228609,9.615119269974044e-05,0.0005572981379973,411.0531379645504,669.1153073144792,720.0418160102172,1.627807321038343,22750.0,62,8,growth_rate_summary_441_KOs_seed101_all.csv,EG11699,101,0.00023063108804795,0.9081407603286971,1,8,0
gene_ko_441imported_2seeds,73,KO: EG10770,0.0001012502704487,7.433053840720034e-05,7.965700789633856e-05,0.0003279048688413,411.053867527258,309.288955687952,700.6891729237825,0.7524292559233547,39278.0,102,8,growth_rate_summary_441_KOs_seed101_all.csv,EG10770,101,0.00023063108804795,0.4390139738127987,0,7,1
gene_ko_441imported_2seeds,74,KO: G7889,0.0001904256164736,0.000210523345752,8.260028447245422e-05,0.000319184862356,411.06549395216064,538.9088294650899,724.9767320784413,1.31100478486722,22982.0,62,8,growth_rate_summary_441_KOs_seed101_all.csv,G7889,101,0.00023063108804795,0.8256719338461823,1,8,0
gene_ko_441imported_2seeds,75,KO: EG11008,0.000203352289136,0.0002311181895819,8.435250787204826e-05,0.0002826143953919,410.9999472340397,726.0348050161549,726.0348050161549,1.76650826819382,22842.0,60,8,growth_rate_summary_441_KOs_seed101_all.csv,EG11008,101,0.00023063108804795,0.8817210674292161,1,8,0
gene_ko_441imported_2seeds,76,KO: EG10446,0.0001003988681363,8.407768226362e-05,7.474519060841814e-05,0.0003472710505504,411.0483363133961,352.5198452183108,726.3057588996135,0.8576116579864677,29145.0,76,8,growth_rate_summary_441_KOs_seed101_all.csv,EG10446,101,0.00023063108804795,0.43532235392058805,0,5,1
gene_ko_441imported_2seeds,77,KO: EG10098,0.0002214352128482,0.0002517597091161,9.20853025468115e-05,0.0003075999640155,411.0548306639285,676.2791077742233,743.7960814443136,1.645228464246265,20805.0,56,8,growth_rate_summary_441_KOs_seed101_all.csv,EG10098,101,0.00023063108804795,0.9601273389568448,1,8,0
gene_ko_441imported_2seeds,78,KO: EG10390,9.907858007416945e-05,5.456218165293732e-05,9.287156190634144e-05,0.0003581542497948,411.0600359269652,260.643531879836,783.6186691363812,0.6340765559757449,38514.0,100,8,growth_rate_summary_441_KOs_seed101_all.csv,EG10390,101,0.00023063108804795,0.4295976787551305,0,7,1
gene_ko_441imported_2seeds,79,KO: EG10710,0.0001164622405369,8.641118782371175e-05,9.439782033318683e-05,0.0005001317134796,411.0385041526016,366.7140963505928,711.3589120536294,0.8921648279803173,32548.0,86,8,growth_rate_summary_441_KOs_seed101_all.csv,EG10710,101,0.00023063108804795,0.5049719945503903,0,6,1
gene_ko_441imported_2seeds,80,KO: G7868,0.0002118291794777,0.0002343566600499,8.89251770605709e-05,0.0003286491232396,411.06549395216064,646.09945975295,731.8521616037956,1.5717676848549649,21654.0,58,8,growth_rate_summary_441_KOs_seed101_all.csv,G7868,101,0.00023063108804795,0.9184762612473956,1,8,0
gene_ko_441imported_2seeds,81,KO: EG10629,0.000192598852815,0.0002070034667589,7.984681184408567e-05,0.00036393239499,411.0522096079202,576.9607925251655,726.3989586737721,1.4036192460210744,23141.0,62,8,growth_rate_summary_441_KOs_seed101_all.csv,EG10629,101,0.00023063108804795,0.8350949321062787,1,8,0
gene_ko_441imported_2seeds,82,KO: G6662,0.0002196868514259,0.0002512268377542,9.141750199121048e-05,0.0003034409453269,411.0305335826824,646.3673861871478,734.1271106197787,1.572553212904134,20790.0,56,8,growth_rate_summary_441_KOs_seed101_all.csv,G6662,101,0.00023063108804795,0.952546568137533,1,8,0
gene_ko_441imported_2seeds,83,KO: EG10007,0.000201431730493,0.0002261017341898,8.194017479006807e-05,0.000296287584099,411.0094618206402,643.281448300803,739.9012905723873,1.5651256432182177,22466.0,61,8,growth_rate_summary_441_KOs_seed101_all.csv,EG10007,101,0.00023063108804795,0.8733936617041012,1,8,0
gene_ko_441imported_2seeds,84,KO: EG10876,0.0001120987872999,7.044865737069068e-05,9.28822489547111e-05,0.0002885112675941,411.0385041526016,190.6896076478776,693.3959994821257,0.463921520055655,25645.0,68,8,growth_rate_summary_441_KOs_seed101_all.csv,EG10876,101,0.00023063108804795,0.4860523715544965,0,6,1
gene_ko_441imported_2seeds,85,KO: EG12144,0.0001828312522735,0.000198261506461,7.326272025934397e-05,0.0002979752820813,411.0681107807818,643.0662096211606,701.1526224395143,1.564378731300081,25289.0,67,8,growth_rate_summary_441_KOs_seed101_all.csv,EG12144,101,0.00023063108804795,0.7927433106307331,1,8,0
gene_ko_441imported_2seeds,86,KO: EG10652,0.000192932970737,0.0002150465785232,7.79956792009698e-05,0.0003780972152193,411.0499626516288,622.0899760394179,700.255538357866,1.5134169384821203,23790.0,63,8,growth_rate_summary_441_KOs_seed101_all.csv,EG10652,101,0.00023063108804795,0.8365436436604233,1,8,0
gene_ko_441imported_2seeds,87,KO: EG20049,0.0002149974380548,0.0002453528793168,9.080871466971512e-05,0.0003603808887658,411.0667394021276,642.5904866489657,739.3798799794058,1.5632266614019312,21029.0,57,8,growth_rate_summary_441_KOs_seed101_all.csv,EG20049,101,0.00023063108804795,0.9322136051758138,1,8,0
gene_ko_441imported_2seeds,88,KO: EG10445,9.562200284157748e-05,7.899840433951539e-05,7.287832787596259e-05,0.0003341547585995,411.0596319305997,331.5547225565884,704.7929949931186,0.806585460604328,29809.0,78,8,growth_rate_summary_441_KOs_seed101_all.csv,EG10445,101,0.00023063108804795,0.41461020563583745,0,5,1
gene_ko_441imported_2seeds,89,KO: EG11268,0.0002039480977363,0.0002270560186049,8.306646220758555e-05,0.0003301438060008,411.04938870968897,703.8778736616996,703.8778736616996,1.7123924593860085,23177.0,62,8,growth_rate_summary_441_KOs_seed101_all.csv,EG11268,101,0.00023063108804795,0.8843044511583694,1,8,0
gene_ko_441imported_2seeds,90,KO: EG10072,0.0002114192024115,0.0002422724626879,8.781395568313247e-05,0.0002977330495033,411.0078492991768,706.7196169329261,724.6836317397258,1.7194796112482458,21815.0,57,8,growth_rate_summary_441_KOs_seed101_all.csv,EG10072,101,0.00023063108804795,0.9166986298375539,1,8,0
gene_ko_441imported_2seeds,91,KO: EG11796,0.0002056006261789,0.0002306065330561,8.408112303799156e-05,0.0003312412679702,411.053867527258,655.6787603903651,716.2140048799395,1.59511638787071,22148.0,60,8,growth_rate_summary_441_KOs_seed101_all.csv,EG11796,101,0.00023063108804795,0.8914696969913876,1,8,0
gene_ko_441imported_2seeds,92,KO: G0-10441,0.0001821524557402,0.0001929832860708,7.468049683407746e-05,0.0003362266091417,411.0744103730332,570.6869718659711,691.9273282276652,1.3882814338846734,25189.0,68,8,growth_rate_summary_441_KOs_seed101_all.csv,G0-10441,101,0.00023063108804795,0.7898000971244998,1,8,0
gene_ko_441imported_2seeds,93,KO: EG10123,0.0002195933235648,0.0002534412483858,9.149104277923198e-05,0.0003409562328776,411.0648769705663,727.281904961126,756.0678659487553,1.769263066990766,21340.0,57,8,growth_rate_summary_441_KOs_seed101_all.csv,EG10123,101,0.00023063108804795,0.9521410379815961,1,8,0
gene_ko_441imported_2seeds,94,KO: EG12088,0.0002078303201265,0.000235232566463,8.277612981365604e-05,0.0003001028747161,411.06022891655095,627.1201135992337,698.3367332358503,1.5256161250436733,22145.0,61,8,growth_rate_summary_441_KOs_seed101_all.csv,EG12088,101,0.00023063108804795,0.9011374914178546,1,8,0
gene_ko_441imported_2seeds,95,KO: EG10865,0.0003106116614547,0.0002091399660337,0.0003494014537957,0.0015019378545594,411.0385041526016,4171.436890284099,4171.436890284099,10.148530729217075,16914.0,45,8,growth_rate_summary_441_KOs_seed101_all.csv,EG10865,101,0.00023063108804795,1.346790079705653,0,5,1
gene_ko_441imported_2seeds,96,KO: EG12715,0.0001919365677835,0.0002033395048152,8.08774343548403e-05,0.0003335614251479,411.0657016796552,576.9726003514468,716.5619849346845,1.4036019010924037,23677.0,63,8,growth_rate_summary_441_KOs_seed101_all.csv,EG12715,101,0.00023063108804795,0.8322233112978893,1,8,0
gene_ko_441imported_2seeds,97,KO: G7833,0.0002138135460683,0.0002368837493228,9.953219170297758e-05,0.000587870492699,411.060595734008,630.3508602878508,725.250569052009,1.5334743024012516,21390.0,57,8,growth_rate_summary_441_KOs_seed101_all.csv,G7833,101,0.00023063108804795,0.9270803336965852,1,8,0
gene_ko_441imported_2seeds,98,KO: EG10920,0.0003941201184802,0.0002636810190621,0.0004790816217937,0.0026477101492131,411.0385041526016,5033.56641608085,8101.340456553047,12.245972981188388,15575.0,43,8,growth_rate_summary_441_KOs_seed101_all.csv,EG10920,101,0.00023063108804795,1.708876811951125,0,6,1
gene_ko_441imported_2seeds,99,KO: EG12625,0.0001976554642375,0.0002168788696115,7.956431284563073e-05,0.0002926057653861,411.0642912616413,674.8627959117944,708.2870068576301,1.641745124200647,23843.0,64,8,growth_rate_summary_441_KOs_seed101_all.csv,EG12625,101,0.00023063108804795,0.8570200397112374,1,8,0
gene_ko_441imported_2seeds,100,KO: EG10537,0.0001932600010851,0.0002113302814486,8.088783802616364e-05,0.0003821481842191,411.0440811624586,594.3138122655039,723.6175367570156,1.4458639340694237,24106.0,64,8,growth_rate_summary_441_KOs_seed101_all.csv,EG10537,101,0.00023063108804795,0.8379616239980611,1,8,0
gene_ko_441imported_2seeds,101,KO: EG10864,0.0003026443859779,0.0001958429074109,0.0003105822655744,0.0014072237052957,411.0385041526016,3578.3850691258995,3578.3850691258995,8.70571742786752,15526.0,42,8,growth_rate_summary_441_KOs_seed101_all.csv,EG10864,101,0.00023063108804795,1.3122445397082716,0,5,1
gene_ko_441imported_2seeds,102,KO: G7542,0.0002146143523717,0.0002455502689678,8.972419992356931e-05,0.0002858806523229,411.0442755473588,648.1057338536925,720.0874227033762,1.5767297403440437,21084.0,56,8,growth_rate_summary_441_KOs_seed101_all.csv,G7542,101,0.00023063108804795,0.9305525728911274,1,8,0
gene_ko_441imported_2seeds,103,KO: EG10115,0.0002070074069837,0.000235457040187,8.570558482245688e-05,0.0003119432398024,411.0587055857028,600.960623585056,698.4903948089136,1.461982474568368,21707.0,58,8,growth_rate_summary_441_KOs_seed101_all.csv,EG10115,101,0.00023063108804795,0.8975693985394612,1,8,0
gene_ko_441imported_2seeds,104,KO: G6437,0.0001974568667947,0.0002230404482806,7.942496713085366e-05,0.0002697864453458,411.09062810407136,603.177588143425,681.9740739200599,1.467261832081283,22986.0,61,8,growth_rate_summary_441_KOs_seed101_all.csv,G6437,101,0.00023063108804795,0.8561589353194534,1,8,0
gene_ko_441imported_2seeds,105,KO: G7158,0.0001965743927147,0.0002120461260444,8.0706214573533e-05,0.0003137503109655,411.0219901364345,601.5753059613291,740.1393944662725,1.4636085669324954,23165.0,62,8,growth_rate_summary_441_KOs_seed101_all.csv,G7158,101,0.00023063108804795,0.8523325904521192,1,8,0
gene_ko_441imported_2seeds,106,KO: G7888,0.0001904256164736,0.000210523345752,8.260028447245422e-05,0.000319184862356,411.06549395216064,538.9088294650899,724.9767320784413,1.31100478486722,22982.0,62,8,growth_rate_summary_441_KOs_seed101_all.csv,G7888,101,0.00023063108804795,0.8256719338461823,1,8,0
gene_ko_441imported_2seeds,107,KO: EG10661,0.000211654925709,0.0002396181941993,8.483048149296152e-05,0.0002818896886959,411.0394952081309,709.6359215700465,727.1316646376563,1.7264421785325532,22163.0,60,8,growth_rate_summary_441_KOs_seed101_all.csv,EG10661,101,0.00023063108804795,0.9177207092956838,1,8,0
gene_ko_441imported_2seeds,108,KO: EG10330,0.0002029764471557,0.0002339700729474,8.030356056216015e-05,0.0002797274797171,411.0587055857028,705.7419745414034,705.7419745414034,1.7168885245620014,23121.0,63,8,growth_rate_summary_441_KOs_seed101_all.csv,EG10330,101,0.00023063108804795,0.8800914433248462,1,8,0
gene_ko_441imported_2seeds,109,KO: EG10192,0.0002011263641416,0.0002209019352855,8.51302410135526e-05,0.0003362702592877,411.058800809568,585.3090113110309,781.0201890549301,1.4239058016962107,22215.0,60,8,growth_rate_summary_441_KOs_seed101_all.csv,EG10192,101,0.00023063108804795,0.8720696149158532,1,8,0
gene_ko_441imported_2seeds,110,KO: EG50006,0.0001936819816745,0.0002114772198994,8.058417869605215e-05,0.0002977091600077,411.0744103730332,595.4044633701506,710.2114044897219,1.4484104297074718,23319.0,62,8,growth_rate_summary_441_KOs_seed101_all.csv,EG50006,101,0.00023063108804795,0.8397913018310524,1,8,0
gene_ko_441imported_2seeds,111,KO: EG10356,0.0002062240446684,0.0002311608787157,8.465718772739342e-05,0.0003460582676033,411.0044352954197,650.0106458158245,709.8430518776472,1.5815173511415104,22280.0,60,8,growth_rate_summary_441_KOs_seed101_all.csv,EG10356,101,0.00023063108804795,0.8941727952370602,1,8,0
gene_ko_441imported_2seeds,112,KO: G6105,0.0001967839938442,0.0002232257739559,7.921085880279264e-05,0.0002840998647861,411.0518877619877,564.9744094281834,691.5647093753666,1.3744600773012916,22669.0,61,8,growth_rate_summary_441_KOs_seed101_all.csv,G6105,101,0.00023063108804795,0.8532414060470767,1,8,0
gene_ko_441imported_2seeds,113,KO: EG11375,0.0002007719657441,0.0002236539231754,8.431362047920497e-05,0.0003195407238597,411.0277554375184,584.2305813471271,731.3657607900366,1.4213896108432944,22576.0,60,8,growth_rate_summary_441_KOs_seed101_all.csv,EG11375,101,0.00023063108804795,0.8705329686618742,1,8,0
gene_ko_441imported_2seeds,114,KO: EG10350,0.0002097597069663,0.0002389846648169,9.11082562161946e-05,0.0003222808272491,411.0438907171711,566.6932342278665,789.5570216178605,1.3786684269631777,20942.0,56,8,growth_rate_summary_441_KOs_seed101_all.csv,EG10350,101,0.00023063108804795,0.9095031755766131,1,8,0
gene_ko_441imported_2seeds,115,KO: EG11576,8.850332906996785e-05,6.984133774994842e-05,6.690337272833427e-05,0.0002881523714969,411.0464852701604,326.77491925766606,711.9208689259353,0.7949828814200739,25791.0,67,8,growth_rate_summary_441_KOs_seed101_all.csv,EG11576,101,0.00023063108804795,0.383744142296928,0,4,1
gene_ko_441imported_2seeds,116,KO: M004,0.0002014326800703,0.0002292153756637,8.215205609582557e-05,0.0002739680734327,411.0287934722901,598.3759116170745,684.677949333693,1.4558004721813111,22234.0,59,8,growth_rate_summary_441_KOs_seed101_all.csv,M004,101,0.00023063108804795,0.8733977790037594,1,8,0
gene_ko_441imported_2seeds,117,KO: EG50002,0.0003074779158473,0.0002127454805173,0.0002875562197755,0.0011520283390354,411.0385041526016,2901.452445406529,4482.007564484315,7.058833700721478,14565.0,40,8,growth_rate_summary_441_KOs_seed101_all.csv,EG50002,101,0.00023063108804795,1.3332023815599958,0,5,1
gene_ko_441imported_2seeds,118,KO: EG10464,0.0001980893865259,0.0002231724073702,8.024611518554084e-05,0.0002804654113566,411.0646856247381,557.8670851630959,699.6411919262946,1.3571272470541875,22471.0,60,8,growth_rate_summary_441_KOs_seed101_all.csv,EG10464,101,0.00023063108804795,0.8589014959020428,1,8,0
gene_ko_441imported_2seeds,119,KO: EG11934,0.0001897030999157,0.0002131967477909,7.995245468168459e-05,0.0002997491140308,411.059700485196,538.5735444427614,712.8611522677754,1.3102076019786273,23069.0,61,8,growth_rate_summary_441_KOs_seed101_all.csv,EG11934,101,0.00023063108804795,0.8225391534217592,1,8,0
gene_ko_441imported_2seeds,120,KO: EG10045,0.000191521437802,0.000207249061842,8.312491361908802e-05,0.0003226350155853,411.0333280716676,548.5007475803957,777.136141547254,1.334443486988382,22964.0,61,8,growth_rate_summary_441_KOs_seed101_all.csv,EG10045,101,0.00023063108804795,0.8304233372136769,1,8,0
gene_ko_441imported_2seeds,121,KO: EG10637,0.0001928992292625,0.0002120799359035,7.537188179810741e-05,0.0002827753025537,411.0765451910278,662.024502093722,682.8631643641688,1.6104652766945835,24456.0,66,8,growth_rate_summary_441_KOs_seed101_all.csv,EG10637,101,0.00023063108804795,0.8363973430259963,1,8,0
gene_ko_441imported_2seeds,122,KO: EG10868,0.0001120987872999,7.044865737069068e-05,9.28822489547111e-05,0.0002885112675941,411.0385041526016,190.6896076478776,693.3959994821257,0.463921520055655,25645.0,68,8,growth_rate_summary_441_KOs_seed101_all.csv,EG10868,101,0.00023063108804795,0.4860523715544965,0,6,1
gene_ko_441imported_2seeds,123,KO: EG10064,0.0002074713118441,0.0002220093801045,8.850435288392676e-05,0.0003457912298767,411.0586003634712,603.6512634157307,787.2646386958747,1.468528484459303,21704.0,58,8,growth_rate_summary_441_KOs_seed101_all.csv,EG10064,101,0.00023063108804795,0.89958085703071,1,8,0
gene_ko_441imported_2seeds,124,KO: EG10707,0.000146891789353,9.248424707763934e-05,0.0001834002239052,0.0010220056164745,411.0601216336266,1840.999022738465,1840.999022738465,4.478661212432879,37422.0,97,8,growth_rate_summary_441_KOs_seed101_all.csv,EG10707,101,0.00023063108804795,0.6369123546885407,0,6,1
gene_ko_441imported_2seeds,125,KO: EG10918,0.0003106116614547,0.0002091399660337,0.0003494014537957,0.0015019378545594,411.0385041526016,4171.436890284099,4171.436890284099,10.148530729217075,16914.0,45,8,growth_rate_summary_441_KOs_seed101_all.csv,EG10918,101,0.00023063108804795,1.346790079705653,0,5,1
gene_ko_441imported_2seeds,126,KO: EG10077,0.0001970628804658,0.0002207425271267,7.787260175675997e-05,0.0002802267475271,411.0545893399062,638.3323835059277,699.0232730161308,1.5529138952833408,23460.0,63,8,growth_rate_summary_441_KOs_seed101_all.csv,EG10077,101,0.00023063108804795,0.8544506386096097,1,8,0
gene_ko_441imported_2seeds,127,KO: EG11746,0.0001849392778786,0.0002079251475019,7.536577556978538e-05,0.0003175203859384,411.0498029868437,521.0834983719628,689.7338932414204,1.2676894492725033,23860.0,64,8,growth_rate_summary_441_KOs_seed101_all.csv,EG11746,101,0.00023063108804795,0.8018835597746895,1,8,0
gene_ko_441imported_2seeds,128,KO: EG10195,0.000209636976591,0.0002393699676951,8.867242442225226e-05,0.0003023561633047,411.0189993729209,585.3224582001603,731.15249471477,1.4240764030207091,21162.0,57,8,growth_rate_summary_441_KOs_seed101_all.csv,EG10195,101,0.00023063108804795,0.9089710253953919,1,8,0
gene_ko_441imported_2seeds,129,KO: EG10079,0.000216751881533,0.0002445891476782,9.043087917121224e-05,0.0003317628904284,411.053227008819,746.7846079567078,747.5558897646492,1.8167588985761345,21491.0,58,8,growth_rate_summary_441_KOs_seed101_all.csv,EG10079,101,0.00023063108804795,0.9398207473570761,1,8,0
gene_ko_441imported_2seeds,130,KO: EG11673,0.0002120631231317,0.0002345384788811,8.799508918387135e-05,0.0003451408163883,411.0724295109487,706.2726780135681,738.7905919333411,1.7181222269122207,22063.0,60,8,growth_rate_summary_441_KOs_seed101_all.csv,EG11673,101,0.00023063108804795,0.9194906242978416,1,8,0
gene_ko_441imported_2seeds,131,KO: G6710,0.0002100066601357,0.0002378196330733,8.750539425346955e-05,0.0003040594710765,411.0114119368259,610.9144353188349,743.0992166128167,1.486368547384117,21319.0,58,8,growth_rate_summary_441_KOs_seed101_all.csv,G6710,101,0.00023063108804795,0.9105739469608624,1,8,0
gene_ko_441imported_2seeds,132,KO: EG10214,0.0002037062465389,0.0002306864259726,9.86445879207518e-05,0.0005374522769374,411.13416945930896,507.7095678917274,728.2290494574911,1.2348999562829497,22109.0,59,8,growth_rate_summary_441_KOs_seed101_all.csv,EG10214,101,0.00023063108804795,0.8832558015619641,1,8,0
gene_ko_441imported_2seeds,133,KO: EG10883,0.0003106116614547,0.0002091399660337,0.0003494014537957,0.0015019378545594,411.0385041526016,4171.436890284099,4171.436890284099,10.148530729217075,16914.0,45,8,growth_rate_summary_441_KOs_seed101_all.csv,EG10883,101,0.00023063108804795,1.346790079705653,0,5,1
gene_ko_441imported_2seeds,134,KO: EG11867,0.0001916304877076,0.0002141766829401,7.793658519151072e-05,0.000289555542401,411.0419605679559,629.282399543343,709.0589712462827,1.530944428821413,23809.0,63,8,growth_rate_summary_441_KOs_seed101_all.csv,EG11867,101,0.00023063108804795,0.8308961698509549,1,8,0
gene_ko_441imported_2seeds,135,KO: EG10906,0.0003742492882985,0.0002393298500841,0.0003545814495248,0.0013395948397562,411.0385041526016,5131.288901317819,5131.288901317819,12.483718312221145,12583.0,34,8,growth_rate_summary_441_KOs_seed101_all.csv,EG10906,101,0.00023063108804795,1.622718305091162,0,4,1
gene_ko_441imported_2seeds,136,KO: EG12026,0.0002068901842365,0.0002306948220739,8.344179218911428e-05,0.0003501010613614,411.0646856247381,665.5231745239978,718.0349059402477,1.6190229854275426,22359.0,61,8,growth_rate_summary_441_KOs_seed101_all.csv,EG12026,101,0.00023063108804795,0.8970611290420912,1,8,0
gene_ko_441imported_2seeds,137,KO: EG10200,0.0002061854442291,0.0002258774603744,8.592867350521324e-05,0.0003224549970014,411.06499097200617,639.8155475743031,769.2974271422388,1.5564827013397378,22311.0,60,8,growth_rate_summary_441_KOs_seed101_all.csv,EG10200,101,0.00023063108804795,0.8940054264767308,1,8,0
gene_ko_441imported_2seeds,138,KO: EG10793,0.0001780652383188,0.0001884172408561,7.111458277326641e-05,0.0002783386507006,411.0496726665406,535.291879594067,689.6076361423368,1.302255944206326,25172.0,67,8,growth_rate_summary_441_KOs_seed101_all.csv,EG10793,101,0.00023063108804795,0.7720782129847944,1,8,0
gene_ko_441imported_2seeds,139,KO: G7726,0.0001813329549867,0.0001822115383903,7.93548057937498e-05,0.0002945011132743,411.0527880248238,514.2262738419322,713.7525089634705,1.2509981414135978,24298.0,65,8,growth_rate_summary_441_KOs_seed101_all.csv,G7726,101,0.00023063108804795,0.7862468001234918,1,8,0
gene_ko_441imported_2seeds,140,KO: EG10980,0.0002136864183377,0.0002512377831516,8.83567735385834e-05,0.0002831598643375,411.0346354156477,687.6068928632301,692.0152508527437,1.6728684972445356,21585.0,57,8,growth_rate_summary_441_KOs_seed101_all.csv,EG10980,101,0.00023063108804795,0.9265291168954332,1,8,0
gene_ko_441imported_2seeds,141,KO: EG11428,0.0002037150429216,0.0002243961632286,8.427988335661776e-05,0.0002980563096495,411.0433035053022,594.5434059160766,710.2223497772452,1.4464252326845348,22137.0,59,8,growth_rate_summary_441_KOs_seed101_all.csv,EG11428,101,0.00023063108804795,0.883293942051932,1,8,0
gene_ko_441imported_2seeds,142,KO: G6096,0.0002075681545445,0.0002367681987281,8.635289636667353e-05,0.0003032137980605,411.0657016796552,574.9513014245103,754.9639449574508,1.3986846848939292,21343.0,59,8,growth_rate_summary_441_KOs_seed101_all.csv,G6096,101,0.00023063108804795,0.900000760094168,1,8,0
gene_ko_441imported_2seeds,143,KO: EG11631,0.0001835712671737,0.0002041251823421,8.031028204551004e-05,0.000282955767578,411.0744103730332,531.9897014745347,710.5499223634665,1.2941445345424831,24023.0,64,8,growth_rate_summary_441_KOs_seed101_all.csv,EG11631,101,0.00023063108804795,0.795951962623244,1,8,0
gene_ko_441imported_2seeds,144,KO: EG10161,0.0002128861529692,0.0002389825731877,8.802638014786712e-05,0.0002912769175356,411.0806815443651,647.5483099923192,751.5683398036226,1.5752341062576394,21302.0,58,8,growth_rate_summary_441_KOs_seed101_all.csv,EG10161,101,0.00023063108804795,0.9230592231561571,1,8,0
gene_ko_441imported_2seeds,145,KO: EG10877,0.0003106116614547,0.0002091399660337,0.0003494014537957,0.0015019378545594,411.0385041526016,4171.436890284099,4171.436890284099,10.148530729217075,16914.0,45,8,growth_rate_summary_441_KOs_seed101_all.csv,EG10877,101,0.00023063108804795,1.346790079705653,0,5,1
gene_ko_441imported_2seeds,146,KO: EG10012,0.0002115968327712,0.0002443988082001,8.712693056054433e-05,0.0003031917994274,411.0333280716676,650.7515444950109,727.7780172879325,1.5832087085199722,21491.0,58,8,growth_rate_summary_441_KOs_seed101_all.csv,EG10012,101,0.00023063108804795,0.9174688224477672,1,8,0
gene_ko_441imported_2seeds,147,KO: EG10066,0.0002014198628388,0.0002295942936094,8.14525635313458e-05,0.0003200100743805,410.9875660889502,598.6825553314759,720.2884475324997,1.4566926221848346,22631.0,61,8,growth_rate_summary_441_KOs_seed101_all.csv,EG10066,101,0.00023063108804795,0.8733422043992752,1,8,0
gene_ko_441imported_2seeds,148,KO: EG11082,0.0002126379323297,0.0002351673540517,0.0001010320211514,0.0005966409479895,411.0633314040423,611.4529354779838,713.4733990227742,1.4874908286990325,21619.0,57,8,growth_rate_summary_441_KOs_seed101_all.csv,EG11082,101,0.00023063108804795,0.9219829561116709,1,8,0
gene_ko_441imported_2seeds,149,KO: EG12302,0.0001713153531477,0.0001782876086376,9.326704597964368e-05,0.0005587357439305,411.0748143962813,441.0884990505385,757.162885756889,1.0730127062110004,25944.0,70,8,growth_rate_summary_441_KOs_seed101_all.csv,EG12302,101,0.00023063108804795,0.7428111907969762,1,8,0
gene_ko_441imported_2seeds,150,KO: G6711,0.0002100066601357,0.0002378196330733,8.750539425346955e-05,0.0003040594710765,411.0114119368259,610.9144353188349,743.0992166128167,1.486368547384117,21319.0,58,8,growth_rate_summary_441_KOs_seed101_all.csv,G6711,101,0.00023063108804795,0.9105739469608624,1,8,0
gene_ko_441imported_2seeds,151,KO: EG10205,8.52162733473053e-05,5.630323129543486e-05,7.242972313982483e-05,0.0003210272914673,411.0333280716676,290.32332082027915,727.1433113776486,0.7063254996433246,39945.0,103,8,growth_rate_summary_441_KOs_seed101_all.csv,EG10205,101,0.00023063108804795,0.3694917023917789,0,6,1
gene_ko_441imported_2seeds,152,KO: EG11630,0.0001835712671737,0.0002041251823421,8.031028204551004e-05,0.000282955767578,411.0744103730332,531.9897014745347,710.5499223634665,1.2941445345424831,24023.0,64,8,growth_rate_summary_441_KOs_seed101_all.csv,EG11630,101,0.00023063108804795,0.795951962623244,1,8,0
gene_ko_441imported_2seeds,153,KO: EG10119,0.0002146091387021,0.0002422825909855,9.166448603558652e-05,0.0003438489609315,411.0588264093001,619.3239434319628,756.7983219751677,1.506655261101944,20841.0,56,8,growth_rate_summary_441_KOs_seed101_all.csv,EG10119,101,0.00023063108804795,0.9305299667904315,1,8,0
gene_ko_441imported_2seeds,154,KO: EG10792,0.0002158446296464,0.0002521524818134,9.37937475059149e-05,0.0003450352932007,411.0507239239609,574.9469158426796,766.4040304445457,1.3987249805915376,20812.0,56,8,growth_rate_summary_441_KOs_seed101_all.csv,EG10792,101,0.00023063108804795,0.9358869676820161,1,8,0
gene_ko_441imported_2seeds,155,KO: EG10526,0.0002043842830325,0.0002305057412916,8.280575285125146e-05,0.0002834973098454,411.0596922270246,666.7483550818124,708.2405866868896,1.6220231944161854,22555.0,60,8,growth_rate_summary_441_KOs_seed101_all.csv,EG10526,101,0.00023063108804795,0.8861957195900967,1,8,0
gene_ko_441imported_2seeds,156,KO: EG10056,0.000206601366172,0.0002334166704831,8.437877117311991e-05,0.0003204751777629,411.043855403224,694.0575753698129,694.0575753698129,1.688524390393719,22700.0,61,8,growth_rate_summary_441_KOs_seed101_all.csv,EG10056,101,0.00023063108804795,0.8958088344492654,1,8,0
gene_ko_441imported_2seeds,157,KO: EG10901,0.000450065416945,0.0002752845497663,0.0005375035347592,0.0026863646605042,411.0385041526016,4950.92534360235,4950.92534360235,12.044918647729109,11152.0,30,8,growth_rate_summary_441_KOs_seed101_all.csv,EG10901,101,0.00023063108804795,1.9514516484066877,0,4,1
gene_ko_441imported_2seeds,158,KO: EG10094,0.0001531077524836,0.0001295999685806,9.932670314575412e-05,0.0005458127639467,411.0701735405468,386.3716396877359,721.3657649511003,0.9399165022359018,27962.0,74,8,growth_rate_summary_441_KOs_seed101_all.csv,EG10094,101,0.00023063108804795,0.6638643288703893,1,8,0
gene_ko_441imported_2seeds,159,KO: G6879,0.0001096296921583,7.290198191405136e-05,9.062096376998656e-05,0.0003347563042399,411.0357659917636,315.9281562187364,725.4808437677764,0.7686147590014515,31147.0,81,8,growth_rate_summary_441_KOs_seed101_all.csv,G6879,101,0.00023063108804795,0.47534655057217234,0,6,1
gene_ko_441imported_2seeds,160,KO: EG10409,9.162850179691404e-05,6.941946697173101e-05,7.146288671536024e-05,0.0003119821024362,411.0498029868437,281.2046041374581,705.4212154216668,0.6841132196004446,37012.0,96,8,growth_rate_summary_441_KOs_seed101_all.csv,EG10409,101,0.00023063108804795,0.3972946690424656,0,6,1
gene_ko_441imported_2seeds,161,KO: EG10999,8.547752353028841e-05,6.421074833227764e-05,7.185003110943264e-05,0.0003532777711894,411.0442725166291,264.7679068265933,693.6262853449864,0.6441347672978022,39271.0,102,8,growth_rate_summary_441_KOs_seed101_all.csv,EG10999,101,0.00023063108804795,0.37062446461041265,0,6,1
gene_ko_441imported_2seeds,162,KO: EG11351,0.0002082364668106,0.0002267552377238,8.663918138486826e-05,0.0003174632245266,411.0545893399062,679.5001631615801,772.6140470681892,1.653065507072329,22107.0,60,8,growth_rate_summary_441_KOs_seed101_all.csv,EG11351,101,0.00023063108804795,0.9028985145632493,1,8,0
gene_ko_441imported_2seeds,163,KO: EG10565,0.0001971866439768,0.0002090436851888,8.26299507396964e-05,0.0003578562167522,411.06499097200617,602.7844803080925,747.9087614607729,1.4663970261314287,23233.0,63,8,growth_rate_summary_441_KOs_seed101_all.csv,EG10565,101,0.00023063108804795,0.8549872683937707,1,8,0
gene_ko_441imported_2seeds,164,KO: EG11102,0.0002052847799953,0.000231468083327,8.44934302724737e-05,0.0003209653813979,411.0518877619877,668.7291629116173,740.5378983640167,1.6268728664708945,22301.0,60,8,growth_rate_summary_441_KOs_seed101_all.csv,EG11102,101,0.00023063108804795,0.8901002103958322,1,8,0
gene_ko_441imported_2seeds,165,KO: EG11971,0.0002069217566771,0.0002305552413964,8.751510347667634e-05,0.0003637439206235,411.0385041526016,720.3308920899613,720.3308920899613,1.7524657296400927,22485.0,60,8,growth_rate_summary_441_KOs_seed101_all.csv,EG11971,101,0.00023063108804795,0.8971980248997453,1,8,0
gene_ko_441imported_2seeds,166,KO: EG11318,0.0002181002897872,0.0002415392168772,9.142089028634896e-05,0.0003107441952489,411.0869631550743,646.8339518038681,735.1741359099226,1.5734723058095692,21141.0,57,8,growth_rate_summary_441_KOs_seed101_all.csv,EG11318,101,0.00023063108804795,0.9456673496760126,1,8,0
gene_ko_441imported_2seeds,167,KO: G6517,0.0001995903982873,0.0002245625688063,8.214075975009705e-05,0.000284966046373,411.0203796729803,578.331405110268,694.6869798109853,1.4070626025171915,22555.0,60,8,growth_rate_summary_441_KOs_seed101_all.csv,G6517,101,0.00023063108804795,0.8654097761781517,1,8,0
gene_ko_441imported_2seeds,168,KO: EG10893,8.017923045186747e-05,5.576802940818285e-05,6.672458835772778e-05,0.0003231181345028,411.0385041526016,291.9581908589464,696.662961554144,0.710294018466344,26693.0,69,8,growth_rate_summary_441_KOs_seed101_all.csv,EG10893,101,0.00023063108804795,0.34765144252884755,0,4,1
gene_ko_441imported_2seeds,169,KO: EG10186,0.000187523058959,0.0002097209740833,7.854088623869183e-05,0.0002971289387752,411.0432808625467,585.4060961052216,703.7056705168327,1.4241957559232843,23415.0,63,8,growth_rate_summary_441_KOs_seed101_all.csv,EG10186,101,0.00023063108804795,0.8130866508335273,1,8,0
gene_ko_441imported_2seeds,170,KO: EG11032,0.0001888111108137,0.0002045568483191,7.797415298179568e-05,0.0003090751863299,411.0701735405468,684.4303349526874,693.3487514303552,1.6649963412759676,24689.0,65,8,growth_rate_summary_441_KOs_seed101_all.csv,EG11032,101,0.00023063108804795,0.8186715520955471,1,8,0
gene_ko_441imported_2seeds,171,KO: EG10117,0.0002285821877273,0.000265028889335,9.432405431481363e-05,0.0003018376349049,411.0599184026711,749.0391560478788,756.8477036823097,1.8222140435354388,20521.0,56,8,growth_rate_summary_441_KOs_seed101_all.csv,EG10117,101,0.00023063108804795,0.9911161138856354,1,8,0
gene_ko_441imported_2seeds,172,KO: EG10096,0.000132550826282,0.0001132183128246,8.542334395715231e-05,0.0003304884046981,411.03186756698153,364.477141938132,761.120251171307,0.8867369435260078,31516.0,83,8,growth_rate_summary_441_KOs_seed101_all.csv,EG10096,101,0.00023063108804795,0.5747309584492861,1,8,0
gene_ko_441imported_2seeds,173,KO: G6943,0.000203742962118,0.0002294787836236,8.389487964630177e-05,0.000308092256353,411.0800553540482,639.1550125934057,715.2969266216637,1.5548188346012672,22313.0,59,8,growth_rate_summary_441_KOs_seed101_all.csv,G6943,101,0.00023063108804795,0.883414997702479,1,8,0
gene_ko_441imported_2seeds,174,KO: EG11957,0.0002028556166767,0.0002219733935368,8.482127048082375e-05,0.0003629579356648,411.1288087177858,702.2870626415163,728.9298054732233,1.7081922933880131,22989.0,61,8,growth_rate_summary_441_KOs_seed101_all.csv,EG11957,101,0.00023063108804795,0.8795675309588997,1,8,0
gene_ko_441imported_2seeds,175,KO: G7454,0.0002061307735039,0.0002344761878645,8.504774222394775e-05,0.0003481346833462,411.07486136280886,613.6716592206869,722.8261792782173,1.4928464785859747,22269.0,60,8,growth_rate_summary_441_KOs_seed101_all.csv,G7454,101,0.00023063108804795,0.8937683780993297,1,8,0
gene_ko_441imported_2seeds,176,KO: EG11810,0.0002212262509167,0.0002526919436307,9.230265349103578e-05,0.0003227698806363,411.049220527843,736.0231359585603,746.0928034838907,1.7905961116126352,21098.0,57,8,growth_rate_summary_441_KOs_seed101_all.csv,EG11810,101,0.00023063108804795,0.9592212948789686,1,8,0
gene_ko_441imported_2seeds,177,KO: G7579,0.0002039558186427,0.0002279409080097,8.57023598193307e-05,0.0003430289390703,411.0724295109487,584.3926732415753,757.7797845284158,1.4216294533224352,21665.0,59,8,growth_rate_summary_441_KOs_seed101_all.csv,G7579,101,0.00023063108804795,0.8843379284595666,1,8,0
gene_ko_441imported_2seeds,178,KO: G7742,0.0001899974505335,0.0002054903497228,7.793471517314926e-05,0.0003212640982078,411.080910936358,608.4141691059115,734.8095569588461,1.4800350804907696,23821.0,64,8,growth_rate_summary_441_KOs_seed101_all.csv,G7742,101,0.00023063108804795,0.8238154367723317,1,8,0
gene_ko_441imported_2seeds,179,KO: EG10076,0.0002179828999085,0.0002448582252268,9.158747124757464e-05,0.0003350824719514,411.0588673052208,633.1625676205601,769.0709764480544,1.5403209077361226,20839.0,57,8,growth_rate_summary_441_KOs_seed101_all.csv,EG10076,101,0.00023063108804795,0.9451583555083417,1,8,0
gene_ko_441imported_2seeds,180,KO: EG10104,0.0002214352128482,0.0002517597091161,9.20853025468115e-05,0.0003075999640155,411.0548306639285,676.2791077742233,743.7960814443136,1.645228464246265,20805.0,56,8,growth_rate_summary_441_KOs_seed101_all.csv,EG10104,101,0.00023063108804795,0.9601273389568448,1,8,0
gene_ko_441imported_2seeds,181,KO: EG11866,0.0002034627302561,0.000231972241364,8.356997926496903e-05,0.0003013741295276,411.077755287628,582.5179637205297,731.9184810437562,1.4170505609405848,22126.0,60,8,growth_rate_summary_441_KOs_seed101_all.csv,EG11866,101,0.00023063108804795,0.8821999322736513,1,8,0
gene_ko_441imported_2seeds,182,KO: G7663,0.0001984751299514,0.0002149900923716,8.424782768139974e-05,0.0003344721665078,411.1213922703929,605.3421095514168,761.6661629876942,1.4724169574549546,22639.0,60,8,growth_rate_summary_441_KOs_seed101_all.csv,G7663,101,0.00023063108804795,0.8605740519688112,1,8,0
gene_ko_441imported_2seeds,183,KO: EG10465,0.0001870389174957,0.000209172517984,7.793688803516693e-05,0.0002958943564266,411.0724295109487,547.2049706705034,696.577519520228,1.3311643676067282,24216.0,64,8,growth_rate_summary_441_KOs_seed101_all.csv,EG10465,101,0.00023063108804795,0.8109874478709181,1,8,0
gene_ko_441imported_2seeds,184,KO: EG10772,0.0002124156485693,0.0002407908617017,8.82718372204583e-05,0.0002926907298185,411.0682861595168,636.7134574635961,707.4789477995364,1.5489238136374175,21513.0,57,8,growth_rate_summary_441_KOs_seed101_all.csv,EG10772,101,0.00023063108804795,0.9210191495308608,1,8,0
gene_ko_441imported_2seeds,185,KO: EG12319,0.0001902244781728,0.0002101389212496,7.851271941017807e-05,0.0002953856438915,411.06076652637057,692.6186745104844,706.3353532751212,1.6849544663758398,24802.0,66,8,growth_rate_summary_441_KOs_seed101_all.csv,EG12319,101,0.00023063108804795,0.8247998124747643,1,8,0
gene_ko_441imported_2seeds,186,KO: G6269,0.0002027245906433,0.0002194147804509,8.36612047152041e-05,0.0003312412679702,411.053867527258,608.8884733349594,716.8992057015791,1.4812863262856475,22221.0,60,8,growth_rate_summary_441_KOs_seed101_all.csv,G6269,101,0.00023063108804795,0.8789994113939746,1,8,0
gene_ko_441imported_2seeds,187,KO: G6364,0.0001987817413143,0.000222003895201,8.130580211866604e-05,0.0003099438625227,411.0360525788825,645.4792362309761,735.0205119025522,1.5703713389158271,23011.0,62,8,growth_rate_summary_441_KOs_seed101_all.csv,G6364,101,0.00023063108804795,0.8619034970384032,1,8,0
gene_ko_441imported_2seeds,188,KO: G7723,0.0001813329549867,0.0001822115383903,7.93548057937498e-05,0.0002945011132743,411.0527880248238,514.2262738419322,713.7525089634705,1.2509981414135978,24298.0,65,8,growth_rate_summary_441_KOs_seed101_all.csv,G7723,101,0.00023063108804795,0.7862468001234918,1,8,0
gene_ko_441imported_2seeds,189,KO: EG10888,0.0001120987872999,7.044865737069068e-05,9.28822489547111e-05,0.0002885112675941,411.0385041526016,190.6896076478776,693.3959994821257,0.463921520055655,25645.0,68,8,growth_rate_summary_441_KOs_seed101_all.csv,EG10888,101,0.00023063108804795,0.4860523715544965,0,6,1
gene_ko_441imported_2seeds,190,KO: EG10135,0.0002060803650332,0.000232619019098,8.667035674736022e-05,0.0003142462359237,411.0624767904959,584.8284316464931,719.4264842255566,1.4227239523605546,21548.0,58,8,growth_rate_summary_441_KOs_seed101_all.csv,EG10135,101,0.00023063108804795,0.8935498105543962,1,8,0
gene_ko_441imported_2seeds,191,KO: EG10886,0.0003588487397683,0.0002256456224515,0.0004464288004222,0.0025207024646893,411.0385041526016,5608.699449941769,5608.699449941769,13.6451923439744,16237.0,44,8,growth_rate_summary_441_KOs_seed101_all.csv,EG10886,101,0.00023063108804795,1.5559426216369086,0,5,1
gene_ko_441imported_2seeds,192,KO: EG10209,0.0001782473688933,0.0002100996820925,9.004930484417293e-05,0.0003054982137252,411.0557130647012,402.0613891544342,723.4667481564,0.9781189662997064,23159.0,63,8,growth_rate_summary_441_KOs_seed101_all.csv,EG10209,101,0.00023063108804795,0.7728679182064171,1,8,0
gene_ko_441imported_2seeds,193,KO: EG10061,0.0001775022075993,0.0001951731740279,7.118087050983497e-05,0.0002806832859059,411.0595355708808,607.9721584065771,690.8322734832775,1.479036747225006,26104.0,68,8,growth_rate_summary_441_KOs_seed101_all.csv,EG10061,101,0.00023063108804795,0.769636951816296,1,8,0
gene_ko_441imported_2seeds,194,KO: EG10148,0.0001946100091229,0.0002222549541516,7.774224025343534e-05,0.0002853698884813,411.05370318284827,562.018484376088,689.88971129127,1.367262914855888,23045.0,62,8,growth_rate_summary_441_KOs_seed101_all.csv,EG10148,101,0.00023063108804795,0.8438151628649433,1,8,0
gene_ko_441imported_2seeds,195,KO: EG10881,0.0003712004345695,0.0002316029667844,0.00047384059136,0.0026999156827508,411.0385041526016,4773.702641026226,4773.702641026226,11.613760250679452,15378.0,42,8,growth_rate_summary_441_KOs_seed101_all.csv,EG10881,101,0.00023063108804795,1.6094986920944696,0,5,1
gene_ko_441imported_2seeds,196,KO: EG11539,0.0002094615114085,0.0002421149337866,9.058488770328802e-05,0.0003119396432483,411.0157652124193,573.769730098406,721.4305319875655,1.3959798593172523,21333.0,57,8,growth_rate_summary_441_KOs_seed101_all.csv,EG11539,101,0.00023063108804795,0.9082102208395744,1,8,0
gene_ko_441imported_2seeds,197,KO: G7501,0.0001948323595598,0.0002156702474416,7.866339225976535e-05,0.0002937226239894,411.0701932224547,631.4716320014331,699.9819780642806,1.5361649723401525,23588.0,63,8,growth_rate_summary_441_KOs_seed101_all.csv,G7501,101,0.00023063108804795,0.8447792585503167,1,8,0
gene_ko_441imported_2seeds,198,KO: EG10183,0.000209636976591,0.0002393699676951,8.867242442225226e-05,0.0003023561633047,411.0189993729209,585.3224582001603,731.15249471477,1.4240764030207091,21162.0,57,8,growth_rate_summary_441_KOs_seed101_all.csv,EG10183,101,0.00023063108804795,0.9089710253953919,1,8,0
gene_ko_441imported_2seeds,199,KO: EG10063,0.0001015651399786,7.09542289029627e-05,8.101401601186499e-05,0.0003109727442499,411.0663849279938,337.41130842070686,715.9930017968163,0.8208195094323049,28805.0,75,8,growth_rate_summary_441_KOs_seed101_all.csv,EG10063,101,0.00023063108804795,0.4403792257073505,0,5,1
gene_ko_441imported_2seeds,200,KO: EG10902,0.0003106116614547,0.0002091399660337,0.0003494014537957,0.0015019378545594,411.0385041526016,4171.436890284099,4171.436890284099,10.148530729217075,16914.0,45,8,growth_rate_summary_441_KOs_seed101_all.csv,EG10902,101,0.00023063108804795,1.346790079705653,0,5,1
gene_ko_441imported_2seeds,201,KO: EG10164,0.0002165970931354,0.0002466547744074,8.960723040677329e-05,0.0002936792199724,411.0597095184555,682.5743856334338,753.1912715604187,1.660523689935581,21173.0,57,8,growth_rate_summary_441_KOs_seed101_all.csv,EG10164,101,0.00023063108804795,0.9391495958704743,1,8,0
gene_ko_441imported_2seeds,202,KO: EG11075,0.0002096253561791,0.0002366253894394,8.483428170951147e-05,0.0002867817842167,411.0710153256348,712.7986251416085,720.1723790482674,1.7340036114610429,22093.0,59,8,growth_rate_summary_441_KOs_seed101_all.csv,EG11075,101,0.00023063108804795,0.9089206401155999,1,8,0
gene_ko_441imported_2seeds,203,KO: EG11443,0.0002168205993121,0.0002446099931767,8.915395960590994e-05,0.0003077848549356,411.0433035053022,672.7937451059897,738.0071286939462,1.6367952947257078,21340.0,58,8,growth_rate_summary_441_KOs_seed101_all.csv,EG11443,101,0.00023063108804795,0.9401187027614478,1,8,0
gene_ko_441imported_2seeds,204,KO: EG10795,0.0002158446296464,0.0002521524818134,9.37937475059149e-05,0.0003450352932007,411.0507239239609,574.9469158426796,766.4040304445457,1.3987249805915376,20812.0,56,8,growth_rate_summary_441_KOs_seed101_all.csv,EG10795,101,0.00023063108804795,0.9358869676820161,1,8,0
gene_ko_441imported_2seeds,205,KO: EG10262,0.0002138012653542,0.0002398517504926,8.647146208592003e-05,0.0002991589975275,411.0614478864623,716.5471426737245,716.5471426737245,1.7431630875577495,21880.0,59,8,growth_rate_summary_441_KOs_seed101_all.csv,EG10262,101,0.00023063108804795,0.9270270853934013,1,8,0
gene_ko_441imported_2seeds,206,KO: EG10221,0.0001995957733457,0.0002210906676585,8.525447172404936e-05,0.0003170493709896,411.0533567688461,550.2736361858986,750.6077702041728,1.3386915034861089,22091.0,60,8,growth_rate_summary_441_KOs_seed101_all.csv,EG10221,101,0.00023063108804795,0.8654330820492097,1,8,0
gene_ko_441imported_2seeds,207,KO: EG12563,0.0002025562028657,0.0002242056178537,8.290069920126348e-05,0.0003320595083296,411.0587055857028,614.4038445547792,734.9637831657042,1.4946863701118729,22321.0,61,8,growth_rate_summary_441_KOs_seed101_all.csv,EG12563,101,0.00023063108804795,0.8782692939626031,1,8,0
gene_ko_441imported_2seeds,208,KO: EG10450,9.562200284157748e-05,7.899840433951539e-05,7.287832787596259e-05,0.0003341547585995,411.0596319305997,331.5547225565884,704.7929949931186,0.806585460604328,29809.0,78,8,growth_rate_summary_441_KOs_seed101_all.csv,EG10450,101,0.00023063108804795,0.41461020563583745,0,5,1
gene_ko_441imported_2seeds,209,KO: EG10451,9.562200284157748e-05,7.899840433951539e-05,7.287832787596259e-05,0.0003341547585995,411.0596319305997,331.5547225565884,704.7929949931186,0.806585460604328,29809.0,78,8,growth_rate_summary_441_KOs_seed101_all.csv,EG10451,101,0.00023063108804795,0.41461020563583745,0,5,1
gene_ko_441imported_2seeds,210,KO: EG10193,0.000209636976591,0.0002393699676951,8.867242442225226e-05,0.0003023561633047,411.0189993729209,585.3224582001603,731.15249471477,1.4240764030207091,21162.0,57,8,growth_rate_summary_441_KOs_seed101_all.csv,EG10193,101,0.00023063108804795,0.9089710253953919,1,8,0
gene_ko_441imported_2seeds,211,KO: EG11002,0.0001923032359633,0.0002133011991645,8.145972096471484e-05,0.0002904402250915,411.0488951649348,518.8180233397613,715.9131593964021,1.2621808000033274,22789.0,61,8,growth_rate_summary_441_KOs_seed101_all.csv,EG11002,101,0.00023063108804795,0.8338131584555447,1,8,0
gene_ko_441imported_2seeds,212,KO: EG10913,0.0001120987872999,7.044865737069068e-05,9.28822489547111e-05,0.0002885112675941,411.0385041526016,190.6896076478776,693.3959994821257,0.463921520055655,25645.0,68,8,growth_rate_summary_441_KOs_seed101_all.csv,EG10913,101,0.00023063108804795,0.4860523715544965,0,6,1
gene_ko_441imported_2seeds,213,KO: EG10867,0.0003106116614547,0.0002091399660337,0.0003494014537957,0.0015019378545594,411.0385041526016,4171.436890284099,4171.436890284099,10.148530729217075,16914.0,45,8,growth_rate_summary_441_KOs_seed101_all.csv,EG10867,101,0.00023063108804795,1.346790079705653,0,5,1
gene_ko_441imported_2seeds,214,KO: EG12419,0.0002071906188841,0.0002357179305551,8.3830933845267e-05,0.0002910101271705,411.0457740450626,621.0816670607664,713.2242023294386,1.5109793270680305,21676.0,59,8,growth_rate_summary_441_KOs_seed101_all.csv,EG12419,101,0.00023063108804795,0.8983637923133045,1,8,0
gene_ko_441imported_2seeds,215,KO: G7565,0.0001977830908365,0.000225691850288,8.11737396805567e-05,0.0002812311728465,411.0642370293983,570.7950746011672,696.5250138400529,1.3885787747581295,22672.0,60,8,growth_rate_summary_441_KOs_seed101_all.csv,G7565,101,0.00023063108804795,0.8575734195703025,1,8,0
gene_ko_441imported_2seeds,216,KO: G6199,0.000213568650571,0.0002419332274815,9.17101452341041e-05,0.0003511910371645,411.06008839675656,649.8402851759727,802.4171198736542,1.580888788572304,21416.0,58,8,growth_rate_summary_441_KOs_seed101_all.csv,G6199,101,0.00023063108804795,0.926018484232262,1,8,0
gene_ko_441imported_2seeds,217,KO: EG11227,0.0002100815432142,0.0002319195088927,8.744804196974793e-05,0.0003553346468118,411.0189993729209,607.0514755800116,728.3195853105533,1.4769426145900102,21599.0,59,8,growth_rate_summary_441_KOs_seed101_all.csv,EG11227,101,0.00023063108804795,0.9108986346650821,1,8,0
gene_ko_441imported_2seeds,218,KO: EG10919,0.0003811855996482,0.0002607167510494,0.0003475946396365,0.001360764027869,411.0385041526016,4906.803124954295,4906.803124954295,11.937575374039902,12021.0,33,8,growth_rate_summary_441_KOs_seed101_all.csv,EG10919,101,0.00023063108804795,1.652793657934565,0,4,1
gene_ko_441imported_2seeds,219,KO: G6627,0.0002091544574322,0.0002351207589444,8.727611786069954e-05,0.0003261316432715,411.0199380515245,607.7162322865865,756.7836991430154,1.4785565760325834,21292.0,57,8,growth_rate_summary_441_KOs_seed101_all.csv,G6627,101,0.00023063108804795,0.9068788566297495,1,8,0
gene_ko_441imported_2seeds,220,KO: EG10006,0.0002186248391199,0.0002435385458152,0.0001009446703902,0.0005602895881538,411.0587055857028,611.2134197421249,749.3992814438088,1.4869248879456982,20898.0,56,8,growth_rate_summary_441_KOs_seed101_all.csv,EG10006,101,0.00023063108804795,0.9479417582873572,1,8,0
gene_ko_441imported_2seeds,221,KO: EG10585,0.0001944576483353,0.0002112013847383,7.89505914510452e-05,0.0003222929449705,411.0419605679559,609.163593420496,726.1749978294033,1.4819985594141925,23827.0,64,8,growth_rate_summary_441_KOs_seed101_all.csv,EG10585,101,0.00023063108804795,0.8431545373226993,1,8,0
gene_ko_441imported_2seeds,222,KO: EG10197,0.000209636976591,0.0002393699676951,8.867242442225226e-05,0.0003023561633047,411.0189993729209,585.3224582001603,731.15249471477,1.4240764030207091,21162.0,57,8,growth_rate_summary_441_KOs_seed101_all.csv,EG10197,101,0.00023063108804795,0.9089710253953919,1,8,0
gene_ko_441imported_2seeds,223,KO: G7911,0.0002096324307441,0.0002315601596137,0.000102084049338,0.0006111893995545,411.06549395216064,541.7928187233854,762.5448016547118,1.31802067236137,21632.0,59,8,growth_rate_summary_441_KOs_seed101_all.csv,G7911,101,0.00023063108804795,0.9089513149264412,1,8,0
gene_ko_441imported_2seeds,224,KO: G6800,0.0002102436850756,0.000225002540107,9.791902522960364e-05,0.000575036083248,411.0199380515245,577.1531425032692,749.657599458659,1.4041974344099062,22002.0,59,8,growth_rate_summary_441_KOs_seed101_all.csv,G6800,101,0.00023063108804795,0.9116016702478925,1,8,0
gene_ko_441imported_2seeds,225,KO: EG10110,0.0002040176851012,0.0002296322025273,8.17243177086368e-05,0.0002723312335185,410.985293452835,650.9219441651449,702.3302545847632,1.5838083613564755,22423.0,60,8,growth_rate_summary_441_KOs_seed101_all.csv,EG10110,101,0.00023063108804795,0.8846061770249427,1,8,0
gene_ko_441imported_2seeds,226,KO: EG10889,0.0003531500863859,0.0002656780910777,0.0003352974488506,0.0013767194043475,411.0385041526016,5149.709351856764,5149.709351856764,12.528532728274255,13161.0,35,8,growth_rate_summary_441_KOs_seed101_all.csv,EG10889,101,0.00023063108804795,1.5312336657427439,0,5,1
gene_ko_441imported_2seeds,227,KO: EG11463,0.0001900522731949,0.0002109018709607,7.932694348050265e-05,0.0002830339332173,411.02957853142914,581.2896279168554,698.5189932231071,1.4142282168445144,23497.0,63,8,growth_rate_summary_441_KOs_seed101_all.csv,EG11463,101,0.00023063108804795,0.8240531439342932,1,8,0
gene_ko_441imported_2seeds,228,KO: EG12627,0.0001976554642375,0.0002168788696115,7.956431284563073e-05,0.0002926057653861,411.0642912616413,674.8627959117944,708.2870068576301,1.641745124200647,23843.0,64,8,growth_rate_summary_441_KOs_seed101_all.csv,EG12627,101,0.00023063108804795,0.8570200397112374,1,8,0
gene_ko_441imported_2seeds,229,KO: EG10065,0.0002074713118441,0.0002220093801045,8.850435288392676e-05,0.0003457912298767,411.0586003634712,603.6512634157307,787.2646386958747,1.468528484459303,21704.0,58,8,growth_rate_summary_441_KOs_seed101_all.csv,EG10065,101,0.00023063108804795,0.89958085703071,1,8,0
gene_ko_441imported_2seeds,230,KO: EG10916,0.0003106116614547,0.0002091399660337,0.0003494014537957,0.0015019378545594,411.0385041526016,4171.436890284099,4171.436890284099,10.148530729217075,16914.0,45,8,growth_rate_summary_441_KOs_seed101_all.csv,EG10916,101,0.00023063108804795,1.346790079705653,0,5,1
gene_ko_441imported_2seeds,231,KO: EG12663,0.0001927685062802,0.0002110423292159,8.119476384555077e-05,0.0002904721692182,411.1079064161445,548.3385012681752,710.4286484639358,1.3338067517317918,22913.0,60,8,growth_rate_summary_441_KOs_seed101_all.csv,EG12663,101,0.00023063108804795,0.8358305374690941,1,8,0
gene_ko_441imported_2seeds,232,KO: G7647,0.000222881171756,0.0002527582254173,9.327641658913724e-05,0.0003419748590286,411.060595734008,665.986631126802,764.6138349287073,1.6201665594766796,20311.0,56,8,growth_rate_summary_441_KOs_seed101_all.csv,G7647,101,0.00023063108804795,0.9663969139739793,1,8,0
gene_ko_441imported_2seeds,233,KO: EG11039,8.544987555889951e-05,6.065880268045051e-05,7.281440738413036e-05,0.0003267528226822,411.0455227461773,280.9437054725852,727.2891862801941,0.6834856236740214,39972.0,104,8,growth_rate_summary_441_KOs_seed101_all.csv,EG11039,101,0.00023063108804795,0.3705045849722298,0,6,1
gene_ko_441imported_2seeds,234,KO: EG11490,0.0001910539621825,0.000202366592506,8.152167393482835e-05,0.0003126730832135,411.0713329485476,539.3635729666516,742.4272792553061,1.3120924027902523,23570.0,63,8,growth_rate_summary_441_KOs_seed101_all.csv,EG11490,101,0.00023063108804795,0.82839639616485,1,8,0
gene_ko_441imported_2seeds,235,KO: EG11198,0.0001983567100786,0.0002229525440875,8.083610989417991e-05,0.0003118767815678,411.0498029868437,592.1829551118763,710.9011406855889,1.4406598684851577,22963.0,62,8,growth_rate_summary_441_KOs_seed101_all.csv,EG11198,101,0.00023063108804795,0.8600605918199549,1,8,0
gene_ko_441imported_2seeds,236,KO: EG10074,0.0001244130992813,4.9850316549777336e-05,0.0001113906058674,0.0003325427849465,411.0394698394282,293.7352470731289,765.5680589069127,0.7146156722805137,26639.0,70,8,growth_rate_summary_441_KOs_seed101_all.csv,EG10074,101,0.00023063108804795,0.5394463527633081,0,6,1
gene_ko_441imported_2seeds,237,KO: EG10807,0.0001854454977742,0.0002149114409168,9.347667181738308e-05,0.0003616234823314,411.013585888094,438.0381526089835,704.6783190615706,1.0657510302548672,22740.0,61,8,growth_rate_summary_441_KOs_seed101_all.csv,EG10807,101,0.00023063108804795,0.8040784932499838,1,8,0
gene_ko_441imported_2seeds,238,KO: EG10058,0.0001943910157327,0.00020469717757,0.0001000171210771,0.0005565282273326,411.0382549043808,566.2091370804969,699.9599897681555,1.3775095877930226,24045.0,63,8,growth_rate_summary_441_KOs_seed101_all.csv,EG10058,101,0.00023063108804795,0.8428656230953764,1,8,0
gene_ko_441imported_2seeds,239,KO: EG10907,0.0001120987872999,7.044865737069068e-05,9.28822489547111e-05,0.0002885112675941,411.0385041526016,190.6896076478776,693.3959994821257,0.463921520055655,25645.0,68,8,growth_rate_summary_441_KOs_seed101_all.csv,EG10907,101,0.00023063108804795,0.4860523715544965,0,6,1
gene_ko_441imported_2seeds,240,KO: EG10869,0.0001120987872999,7.044865737069068e-05,9.28822489547111e-05,0.0002885112675941,411.0385041526016,190.6896076478776,693.3959994821257,0.463921520055655,25645.0,68,8,growth_rate_summary_441_KOs_seed101_all.csv,EG10869,101,0.00023063108804795,0.4860523715544965,0,6,1
gene_ko_441imported_2seeds,241,KO: EG10880,0.0003203892752245,0.0002232637671815,0.0003279835660784,0.0013778177834071,411.0385041526016,3008.25438230304,3008.25438230304,7.318668085621,15400.0,41,8,growth_rate_summary_441_KOs_seed101_all.csv,EG10880,101,0.00023063108804795,1.3891851178271708,0,5,1
gene_ko_441imported_2seeds,242,KO: G7865,0.0001858236654408,0.0001966022238299,8.612845864983541e-05,0.0005620396351758,411.0699776741951,596.2861006338451,698.8598637000125,1.450570786043753,24923.0,66,8,growth_rate_summary_441_KOs_seed101_all.csv,G7865,101,0.00023063108804795,0.8057182013647953,1,8,0
gene_ko_441imported_2seeds,243,KO: EG10803,0.0001880425721455,0.0002048234826371,7.723711076731374e-05,0.0003202178689171,411.04969636914313,595.7643269981538,714.3330350660283,1.4493729888639248,24240.0,65,8,growth_rate_summary_441_KOs_seed101_all.csv,EG10803,101,0.00023063108804795,0.8153392230730164,1,8,0
gene_ko_441imported_2seeds,244,KO: EG10885,0.0004237090728044,0.0002462632711665,0.0005125120415653,0.0027400366962193,411.0385041526016,7554.00464206067,7554.00464206067,18.37785162641644,13219.0,36,8,growth_rate_summary_441_KOs_seed101_all.csv,EG10885,101,0.00023063108804795,1.8371724141383212,0,4,1
gene_ko_441imported_2seeds,245,KO: EG50011,0.0002103856252406,0.0002330476764555,8.770756981786147e-05,0.0003192897122316,411.080910936358,675.5419326491829,752.2736589400033,1.6433308253366397,21926.0,59,8,growth_rate_summary_441_KOs_seed101_all.csv,EG50011,101,0.00023063108804795,0.9122171127114449,1,8,0
gene_ko_441imported_2seeds,246,KO: EG11232,0.0003209538841175,0.0002349354506734,0.0003507509274195,0.0018479689791034,411.0385041526016,4706.586739139168,4902.641115054941,11.450476516408804,17031.0,45,8,growth_rate_summary_441_KOs_seed101_all.csv,EG11232,101,0.00023063108804795,1.3916332218437575,0,6,1
gene_ko_441imported_2seeds,247,KO: G7826,0.0001983013352147,0.000222210276107,8.622354711131584e-05,0.0003287356622222,411.07680062951897,539.3422097548894,785.8196059633567,1.3120229819073856,21958.0,59,8,growth_rate_summary_441_KOs_seed101_all.csv,G7826,101,0.00023063108804795,0.8598204903472146,1,8,0
gene_ko_441imported_2seeds,248,KO: G7185,0.0002129821873554,0.0002254190308598,9.787762803238488e-05,0.0005630974980567,411.0203796729803,602.5948161015019,754.3949865428285,1.4660947386135543,21651.0,59,8,growth_rate_summary_441_KOs_seed101_all.csv,G7185,101,0.00023063108804795,0.9234756214267148,1,8,0
gene_ko_441imported_2seeds,249,KO: EG11226,8.850332906996785e-05,6.984133774994842e-05,6.690337272833427e-05,0.0002881523714969,411.0464852701604,326.77491925766606,711.9208689259353,0.7949828814200739,25791.0,67,8,growth_rate_summary_441_KOs_seed101_all.csv,EG11226,101,0.00023063108804795,0.383744142296928,0,4,1
gene_ko_441imported_2seeds,250,KO: EG10358,0.0002039381815363,0.0002271895178863,8.499462092200842e-05,0.0003693055450759,411.0391432302507,616.9171813494597,735.0440674423924,1.500872098217378,22340.0,60,8,growth_rate_summary_441_KOs_seed101_all.csv,EG10358,101,0.00023063108804795,0.8842614552202072,1,8,0
gene_ko_441imported_2seeds,251,KO: EG10103,0.0002214352128482,0.0002517597091161,9.20853025468115e-05,0.0003075999640155,411.0548306639285,676.2791077742233,743.7960814443136,1.645228464246265,20805.0,56,8,growth_rate_summary_441_KOs_seed101_all.csv,EG10103,101,0.00023063108804795,0.9601273389568448,1,8,0
gene_ko_441imported_2seeds,252,KO: G7325,0.0002105700858615,0.0002339724643044,8.589292011733479e-05,0.0003393740988071,411.059111732239,637.5073695418087,717.8548821750612,1.550889765842428,21884.0,59,8,growth_rate_summary_441_KOs_seed101_all.csv,G7325,101,0.00023063108804795,0.9130169208485928,1,8,0
gene_ko_441imported_2seeds,253,KO: G7293,0.0002018766775662,0.0002199487311228,8.374470177597848e-05,0.0003283030147901,411.0744103730332,591.947149301581,727.3254093669104,1.4399999960211904,22253.0,60,8,growth_rate_summary_441_KOs_seed101_all.csv,G7293,101,0.00023063108804795,0.8753229205779417,1,8,0
gene_ko_441imported_2seeds,254,KO: EG10497,9.954034242277148e-05,8.781817984367944e-05,7.518968554958859e-05,0.0003287606158565,411.0228182132082,279.36712918028184,711.5469382385406,0.6796876397148511,41054.0,107,8,growth_rate_summary_441_KOs_seed101_all.csv,EG10497,101,0.00023063108804795,0.43159984746755503,0,7,1
gene_ko_441imported_2seeds,255,KO: EG10448,9.562200284157748e-05,7.899840433951539e-05,7.287832787596259e-05,0.0003341547585995,411.0596319305997,331.5547225565884,704.7929949931186,0.806585460604328,29809.0,78,8,growth_rate_summary_441_KOs_seed101_all.csv,EG10448,101,0.00023063108804795,0.41461020563583745,0,5,1
gene_ko_441imported_2seeds,256,KO: EG10782,0.0002151412559409,0.0002497881774637,8.9737112437624e-05,0.0003466004901508,411.0682861595168,671.962809008111,742.2447452496178,1.6346744120935492,21369.0,57,8,growth_rate_summary_441_KOs_seed101_all.csv,EG10782,101,0.00023063108804795,0.9328371893045505,1,8,0
gene_ko_441imported_2seeds,257,KO: G7406,0.0001995773520116,0.0002154013632555,8.023573736158601e-05,0.0002980360203876,411.0676613482596,683.7090220185867,729.8541319901581,1.6632517862779368,23402.0,64,8,growth_rate_summary_441_KOs_seed101_all.csv,G7406,101,0.00023063108804795,0.8653532084543013,1,8,0
gene_ko_441imported_2seeds,258,KO: EG10755,0.0002137753038461,0.0002409224084617,8.70192404851379e-05,0.0002855265120204,411.0598063690045,654.4916630029702,725.6104578036479,1.5922054476312366,21341.0,58,8,growth_rate_summary_441_KOs_seed101_all.csv,EG10755,101,0.00023063108804795,0.9269145181401324,1,8,0
gene_ko_441imported_2seeds,259,KO: EG12030,0.0001842284206017,0.0001968740729303,7.060417939968854e-05,0.0002736171793321,411.014242590399,642.9201044870135,688.6760895127195,1.5642282866769728,25646.0,69,8,growth_rate_summary_441_KOs_seed101_all.csv,EG12030,101,0.00023063108804795,0.7988013331637124,1,8,0
gene_ko_441imported_2seeds,260,KO: EG10134,0.0001884407489074,0.0002011945592258,7.981677692685961e-05,0.0003564533752386,411.0475715437064,545.2856508062539,700.7219340920155,1.3265755317770418,23821.0,63,8,growth_rate_summary_441_KOs_seed101_all.csv,EG10134,101,0.00023063108804795,0.8170656892024101,1,8,0
gene_ko_441imported_2seeds,261,KO: G6092,0.0002066007024456,0.0002309361565066,8.627894818236664e-05,0.0003649196611382,411.0656947333992,687.7025282837587,723.9360311302587,1.672974750981775,22809.0,61,8,growth_rate_summary_441_KOs_seed101_all.csv,G6092,101,0.00023063108804795,0.8958059565787857,1,8,0
gene_ko_441imported_2seeds,262,KO: G7507,0.0001984981126953,0.000217839482966,8.171717926080458e-05,0.0003482095865792,411.0701932224547,661.8168108400312,703.6221625125186,1.6099849168141522,23286.0,62,8,growth_rate_summary_441_KOs_seed101_all.csv,G7507,101,0.00023063108804795,0.860673703512298,1,8,0
gene_ko_441imported_2seeds,263,KO: EG10520,0.0002062097814246,0.0002330684334428,8.301100339121233e-05,0.0002975093023314,411.0674671925154,676.1109480352445,701.1916907586105,1.6447688080326754,22342.0,60,8,growth_rate_summary_441_KOs_seed101_all.csv,EG10520,101,0.00023063108804795,0.8941109508260542,1,8,0
gene_ko_441imported_2seeds,264,KO: EG10634,0.0002085347654347,0.0002324374236285,8.560873751568399e-05,0.0003447432462276,411.03877234961055,677.3302866576071,705.0943522869852,1.64785011103892,22146.0,60,8,growth_rate_summary_441_KOs_seed101_all.csv,EG10634,101,0.00023063108804795,0.9041919161884368,1,8,0
gene_ko_441imported_2seeds,265,KO: EG10806,0.0002027649679818,0.0002233833211476,8.363059990786073e-05,0.0002967951503644,411.013585888094,592.8853428822858,731.1827300720436,1.4424957306489372,22270.0,60,8,growth_rate_summary_441_KOs_seed101_all.csv,EG10806,101,0.00023063108804795,0.8791744846628984,1,8,0
gene_ko_441imported_2seeds,266,KO: EG10121,0.0002146091387021,0.0002422825909855,9.166448603558652e-05,0.0003438489609315,411.0588264093001,619.3239434319628,756.7983219751677,1.506655261101944,20841.0,56,8,growth_rate_summary_441_KOs_seed101_all.csv,EG10121,101,0.00023063108804795,0.9305299667904315,1,8,0
gene_ko_441imported_2seeds,267,KO: EG10911,0.0003742492882985,0.0002393298500841,0.0003545814495248,0.0013395948397562,411.0385041526016,5131.288901317819,5131.288901317819,12.483718312221145,12583.0,34,8,growth_rate_summary_441_KOs_seed101_all.csv,EG10911,101,0.00023063108804795,1.622718305091162,0,4,1
gene_ko_441imported_2seeds,268,KO: EG10198,0.000209636976591,0.0002393699676951,8.867242442225226e-05,0.0003023561633047,411.0189993729209,585.3224582001603,731.15249471477,1.4240764030207091,21162.0,57,8,growth_rate_summary_441_KOs_seed101_all.csv,EG10198,101,0.00023063108804795,0.9089710253953919,1,8,0
gene_ko_441imported_2seeds,269,KO: EG10421,0.0001951978255106,0.0002217035938089,7.716678433449007e-05,0.0002717081813888,411.0325436781756,645.7948180761157,683.7525558782768,1.5711525230998522,23575.0,62,8,growth_rate_summary_441_KOs_seed101_all.csv,EG10421,101,0.00023063108804795,0.846363892928506,1,8,0
gene_ko_441imported_2seeds,270,KO: EG12504,0.0002023353240403,0.0002287164307433,8.108586627168511e-05,0.0002977361146492,411.06549395216064,598.1042885493348,688.916662132669,1.4550097182784736,22345.0,60,8,growth_rate_summary_441_KOs_seed101_all.csv,EG12504,101,0.00023063108804795,0.8773115790800627,1,8,0
gene_ko_441imported_2seeds,271,KO: EG10055,0.0002245801652395,0.0002580302856686,0.0001036506976784,0.0005851605451114,411.0419605679559,649.3923159177798,751.8721238395049,1.5798686708784768,20638.0,56,8,growth_rate_summary_441_KOs_seed101_all.csv,EG10055,101,0.00023063108804795,0.9737636289206945,1,8,0
gene_ko_441imported_2seeds,272,KO: EG11556,0.0002147414815658,0.0002463574099125,8.865857465054733e-05,0.0002927182572527,411.0626084798556,669.7822973902123,715.0550450205594,1.6293924175373773,21398.0,57,8,growth_rate_summary_441_KOs_seed101_all.csv,EG11556,101,0.00023063108804795,0.9311037960379113,1,8,0
gene_ko_441imported_2seeds,273,KO: EG10191,0.0002042085508304,0.0002290137953133,8.354799506325367e-05,0.0003118174645728,411.04575859109946,687.3925492347107,719.988992791609,1.6723017690069777,22655.0,61,8,growth_rate_summary_441_KOs_seed101_all.csv,EG10191,101,0.00023063108804795,0.8854337572562787,1,8,0
gene_ko_441imported_2seeds,274,KO: EG10081,0.0001244130992813,4.9850316549777336e-05,0.0001113906058674,0.0003325427849465,411.0394698394282,293.7352470731289,765.5680589069127,0.7146156722805137,26639.0,70,8,growth_rate_summary_441_KOs_seed101_all.csv,EG10081,101,0.00023063108804795,0.5394463527633081,0,6,1
gene_ko_441imported_2seeds,275,KO: EG11043,0.0001085959445528,8.635148161461329e-05,7.658061842225369e-05,0.0002817878346231,411.0614786885122,345.58118498158103,711.2401485965677,0.8407043785376206,39030.0,104,8,growth_rate_summary_441_KOs_seed101_all.csv,EG11043,101,0.00023063108804795,0.47086429445375577,1,8,0
gene_ko_441imported_2seeds,276,KO: EG10190,0.0002042085508304,0.0002290137953133,8.354799506325367e-05,0.0003118174645728,411.04575859109946,687.3925492347107,719.988992791609,1.6723017690069777,22655.0,61,8,growth_rate_summary_441_KOs_seed101_all.csv,EG10190,101,0.00023063108804795,0.8854337572562787,1,8,0
gene_ko_441imported_2seeds,277,KO: EG10407,0.0001380169501239,0.0001051834920772,8.968269141983359e-05,0.0002957318553082,411.03186756698153,371.1161137671583,713.1693447441382,0.902888907285714,29891.0,78,8,growth_rate_summary_441_KOs_seed101_all.csv,EG10407,101,0.00023063108804795,0.5984316827885978,1,8,0
gene_ko_441imported_2seeds,278,KO: G7662,0.0001947806940584,0.0002169828393208,7.975774116103982e-05,0.000312979073687,411.0499626516288,568.6479533792017,708.7320986783532,1.3834034911739903,23079.0,62,8,growth_rate_summary_441_KOs_seed101_all.csv,G7662,101,0.00023063108804795,0.8445552406096423,1,8,0
gene_ko_441imported_2seeds,279,KO: EG11286,0.0001982847884517,0.0002241438395077,8.514719237749709e-05,0.0002968742673453,411.0600387294918,536.2864291950061,701.4734063860797,1.304642579348178,22145.0,59,8,growth_rate_summary_441_KOs_seed101_all.csv,EG11286,101,0.00023063108804795,0.8597487447593146,1,8,0
gene_ko_441imported_2seeds,280,KO: EG11632,0.0001835712671737,0.0002041251823421,8.031028204551004e-05,0.000282955767578,411.0744103730332,531.9897014745347,710.5499223634665,1.2941445345424831,24023.0,64,8,growth_rate_summary_441_KOs_seed101_all.csv,EG11632,101,0.00023063108804795,0.795951962623244,1,8,0
gene_ko_441imported_2seeds,281,KO: EG10048,0.0002023909418464,0.0002235779191952,8.372944660409566e-05,0.0003051329443641,411.06768583345774,602.7589598350801,715.7029535313591,1.466325329399123,22659.0,62,8,growth_rate_summary_441_KOs_seed101_all.csv,EG10048,101,0.00023063108804795,0.877552733932909,1,8,0
gene_ko_441imported_2seeds,282,KO: G6941,0.000203742962118,0.0002294787836236,8.389487964630177e-05,0.000308092256353,411.0800553540482,639.1550125934057,715.2969266216637,1.5548188346012672,22313.0,59,8,growth_rate_summary_441_KOs_seed101_all.csv,G6941,101,0.00023063108804795,0.883414997702479,1,8,0
gene_ko_441imported_2seeds,283,KO: G7449,0.0001935570279451,0.0002164534068899,7.722177416731566e-05,0.0002987956862866,411.07486136280886,572.9994303481378,706.8803362671808,1.3939053058328872,23140.0,62,8,growth_rate_summary_441_KOs_seed101_all.csv,G7449,101,0.00023063108804795,0.839249511344533,1,8,0
gene_ko_441imported_2seeds,284,KO: EG10890,0.0003020575608798,0.0002377333894265,0.0002966464206963,0.0014504808275733,411.0385041526016,3213.266914582204,3213.266914582204,7.817435306229244,17971.0,48,8,growth_rate_summary_441_KOs_seed101_all.csv,EG10890,101,0.00023063108804795,1.3097001078059343,0,6,1
gene_ko_441imported_2seeds,285,KO: G7533,0.000188797219695,0.0002077851035535,7.316289881049253e-05,0.0002786609590436,411.06072182959895,606.4367697849973,690.6204817063497,1.4752972920540666,24162.0,65,8,growth_rate_summary_441_KOs_seed101_all.csv,G7533,101,0.00023063108804795,0.8186113211925167,1,8,0
gene_ko_441imported_2seeds,286,KO: EG10917,0.0003076329251028,0.0002390389326651,0.0003095116590881,0.0013031588504149,411.0385041526016,2827.283573828724,2827.283573828724,6.878391063770198,15040.0,41,8,growth_rate_summary_441_KOs_seed101_all.csv,EG10917,101,0.00023063108804795,1.3338744906707491,0,5,1
gene_ko_441imported_2seeds,287,KO: EG10189,0.0001990427242957,0.0002234670064056,7.917389542949274e-05,0.0002950439046082,411.12222875944894,627.525384870517,701.0187363085554,1.5263718207698451,22945.0,62,8,growth_rate_summary_441_KOs_seed101_all.csv,EG10189,101,0.00023063108804795,0.8630351006899706,1,8,0
gene_ko_441imported_2seeds,288,KO: EG11231,0.0003048465515781,0.0002284059147018,0.0002792036838748,0.0011152662529574,411.0385041526016,2528.940286028639,2528.940286028639,6.152562984925977,15628.0,42,8,growth_rate_summary_441_KOs_seed101_all.csv,EG11231,101,0.00023063108804795,1.3217929731776663,0,5,1
gene_ko_441imported_2seeds,289,KO: EG11024,9.505479011612335e-05,8.451489816070069e-05,6.715081222203471e-05,0.0002614697305637,410.99743752328857,301.2797836364059,664.1054527318752,0.7330454064432806,29817.0,79,8,growth_rate_summary_441_KOs_seed101_all.csv,EG11024,101,0.00023063108804795,0.41215081158686084,0,5,1
gene_ko_441imported_2seeds,290,KO: EG10132,0.0001909964552877,0.0002170759054194,7.973580926054255e-05,0.000282702591368,411.0300876078478,543.8450745237012,692.327741844206,1.3231271649450842,22943.0,61,8,growth_rate_summary_441_KOs_seed101_all.csv,EG10132,101,0.00023063108804795,0.828147050357714,1,8,0
gene_ko_441imported_2seeds,291,KO: G6626,0.0002091544574322,0.0002351207589444,8.727611786069954e-05,0.0003261316432715,411.0199380515245,607.7162322865865,756.7836991430154,1.4785565760325834,21292.0,57,8,growth_rate_summary_441_KOs_seed101_all.csv,G6626,101,0.00023063108804795,0.9068788566297495,1,8,0
gene_ko_441imported_2seeds,292,KO: G7677,0.0002031218350578,0.0002240711175289,8.595042238332298e-05,0.0003284331315858,411.05334723791657,588.5797052375056,747.457117386014,1.4318815530696487,21928.0,59,8,growth_rate_summary_441_KOs_seed101_all.csv,G7677,101,0.00023063108804795,0.8807218349313315,1,8,0
gene_ko_441imported_2seeds,293,KO: EG10811,0.0002084679921789,0.0002157651711028,0.000104154596689,0.0006239727094871,411.0828560737429,625.4294825649176,817.9317226116611,1.5214195224252405,21962.0,58,8,growth_rate_summary_441_KOs_seed101_all.csv,EG10811,101,0.00023063108804795,0.9039023920988392,1,8,0
gene_ko_441imported_2seeds,294,KO: EG12286,0.0001999820022047,0.0002234732819364,8.244206656998754e-05,0.0003349533478445,411.0522096079202,589.3108437373132,737.5588506301156,1.4336642157925,22688.0,62,8,growth_rate_summary_441_KOs_seed101_all.csv,EG12286,101,0.00023063108804795,0.8671077429211198,1,8,0
gene_ko_441imported_2seeds,295,KO: EG12662,0.0002164073259902,0.0002409034582932,8.93692416996841e-05,0.0002968350192228,411.1079064161445,774.3195725043984,774.3195725043984,1.8834947234524664,21758.0,58,8,growth_rate_summary_441_KOs_seed101_all.csv,EG12662,101,0.00023063108804795,0.9383267790212534,1,8,0
gene_ko_441imported_2seeds,296,KO: EG10299,0.0002329305411575,0.0002666755552879,0.0001016490248848,0.0003920716241698,411.0198044087548,729.9303295517193,787.060760483658,1.775900629902036,19932.0,53,8,growth_rate_summary_441_KOs_seed101_all.csv,EG10299,101,0.00023063108804795,1.0099702651928344,1,8,0
gene_ko_441imported_2seeds,297,KO: EG10909,0.0003106116614547,0.0002091399660337,0.0003494014537957,0.0015019378545594,411.0385041526016,4171.436890284099,4171.436890284099,10.148530729217075,16914.0,45,8,growth_rate_summary_441_KOs_seed101_all.csv,EG10909,101,0.00023063108804795,1.346790079705653,0,5,1
gene_ko_441imported_2seeds,298,KO: G6239,0.0001853899112483,0.0002137182438671,7.604637142148886e-05,0.000265939339975,411.0642018510141,504.3835794217382,698.7120171033739,1.2270189842620904,23566.0,63,8,growth_rate_summary_441_KOs_seed101_all.csv,G6239,101,0.00023063108804795,0.8038374740258607,1,8,0
gene_ko_441imported_2seeds,299,KO: EG10053,0.0002245801652395,0.0002580302856686,0.0001036506976784,0.0005851605451114,411.0419605679559,649.3923159177798,751.8721238395049,1.5798686708784768,20638.0,56,8,growth_rate_summary_441_KOs_seed101_all.csv,EG10053,101,0.00023063108804795,0.9737636289206945,1,8,0
gene_ko_441imported_2seeds,300,KO: EG11379,0.0001916400772743,0.0002115451399185,7.652033605385382e-05,0.0003027975049716,411.0713329485476,646.9052936461696,707.1684695387505,1.573705685108284,24026.0,64,8,growth_rate_summary_441_KOs_seed101_all.csv,EG11379,101,0.00023063108804795,0.8309377495303518,1,8,0
gene_ko_441imported_2seeds,301,KO: EG11508,0.0002284468336854,0.00026719295217,9.582931005365387e-05,0.000302794665085,410.99750925404487,677.4891855621217,773.2142863278723,1.6484021686451478,19865.0,55,8,growth_rate_summary_441_KOs_seed101_all.csv,EG11508,101,0.00023063108804795,0.9905292283835738,1,8,0
gene_ko_441imported_2seeds,302,KO: EG11819,0.0002226522245893,0.0002544528208774,9.5321753458937e-05,0.0003737272154163,411.06571811134665,632.5595756760174,752.8688138169314,1.5388283376739142,20561.0,56,8,growth_rate_summary_441_KOs_seed101_all.csv,EG11819,101,0.00023063108804795,0.965404215337218,1,8,0
gene_ko_441imported_2seeds,303,KO: EG10654,0.0001935526532378,0.0002106700850187,8.050065817496614e-05,0.0003381164659069,411.0476066500844,639.8597406002525,739.6901015967551,1.5566560423862308,23693.0,65,8,growth_rate_summary_441_KOs_seed101_all.csv,EG10654,101,0.00023063108804795,0.8392305429247201,1,8,0
gene_ko_441imported_2seeds,304,KO: EG11647,0.0002123175150176,0.0002397023597275,8.573078694678285e-05,0.0002853839112746,411.050838258666,676.529834602976,727.6369713060276,1.6458544093206533,21748.0,59,8,growth_rate_summary_441_KOs_seed101_all.csv,EG11647,101,0.00023063108804795,0.920593649427945,1,8,0
gene_ko_441imported_2seeds,305,KO: EG11963,0.0001990296628564,0.0002272175622072,8.306627944027506e-05,0.0002819551362733,411.0595355708808,546.7923433550168,709.6210433305755,1.3302023090052633,22158.0,59,8,growth_rate_summary_441_KOs_seed101_all.csv,EG11963,101,0.00023063108804795,0.8629784672178288,1,8,0
gene_ko_441imported_2seeds,306,KO: EG10805,0.0002084679921789,0.0002157651711028,0.000104154596689,0.0006239727094871,411.0828560737429,625.4294825649176,817.9317226116611,1.5214195224252405,21962.0,58,8,growth_rate_summary_441_KOs_seed101_all.csv,EG10805,101,0.00023063108804795,0.9039023920988392,1,8,0
gene_ko_441imported_2seeds,307,KO: G6442,0.0002037863562226,0.0002270526181741,8.113389415420422e-05,0.0002878482933062,411.09062810407136,665.8158933404457,702.2684708404922,1.6196328688181338,22397.0,61,8,growth_rate_summary_441_KOs_seed101_all.csv,G6442,101,0.00023063108804795,0.8836031514547216,1,8,0
gene_ko_441imported_2seeds,308,KO: EG11850,0.0001872628188178,0.0002057258298172,7.645212677722178e-05,0.0002880826576033,411.0648769705663,629.6539197840209,709.1693027561128,1.531762879923955,24630.0,66,8,growth_rate_summary_441_KOs_seed101_all.csv,EG11850,101,0.00023063108804795,0.8119582680842514,1,8,0
gene_ko_441imported_2seeds,309,KO: EG10162,0.0002128861529692,0.0002389825731877,8.802638014786712e-05,0.0002912769175356,411.0806815443651,647.5483099923192,751.5683398036226,1.5752341062576394,21302.0,58,8,growth_rate_summary_441_KOs_seed101_all.csv,EG10162,101,0.00023063108804795,0.9230592231561571,1,8,0
gene_ko_441imported_2seeds,310,KO: EG10069,0.0002176958930674,0.0002400126580595,0.0001023653717244,0.000600573059738,411.0605306391079,616.0388093931374,735.0182683903458,1.4986571647619238,20979.0,57,8,growth_rate_summary_441_KOs_seed101_all.csv,EG10069,101,0.00023063108804795,0.943913914251401,1,8,0
gene_ko_441imported_2seeds,311,KO: EG10495,0.0001921610590244,0.0002160169485093,7.747928574331134e-05,0.0002961289211442,411.05243427865696,612.055573720545,704.5120602112347,1.4889963485914446,23804.0,64,8,growth_rate_summary_441_KOs_seed101_all.csv,EG10495,101,0.00023063108804795,0.8331966893571964,1,8,0
gene_ko_441imported_2seeds,312,KO: G6283,0.0002002398304095,0.0002249990289012,8.087410490929276e-05,0.0003121793675015,411.0803587215204,602.3118858849475,718.5826361384122,1.4651925666265504,22748.0,61,8,growth_rate_summary_441_KOs_seed101_all.csv,G6283,101,0.00023063108804795,0.868225667685653,1,8,0
gene_ko_441imported_2seeds,313,KO: G6234,0.0002043909047055,0.0002173878701068,8.639779574332642e-05,0.0003758993652431,411.05588618803233,623.3510699164478,755.1148020548023,1.5164630670957082,22485.0,61,8,growth_rate_summary_441_KOs_seed101_all.csv,G6234,101,0.00023063108804795,0.8862244306934265,1,8,0
gene_ko_441imported_2seeds,314,KO: G6731,0.0002074714719743,0.0002339727114232,8.417713825361676e-05,0.0003181974517158,411.0382549043808,619.6961687676858,715.0653044197536,1.5076362391423757,22012.0,60,8,growth_rate_summary_441_KOs_seed101_all.csv,G6731,101,0.00023063108804795,0.8995815513438721,1,8,0
gene_ko_441imported_2seeds,315,KO: EG10092,0.0001789161977204,0.0001771910551927,9.055191664002764e-05,0.0005362735387384,411.0713329485476,523.526543923258,725.5404641581624,1.273566172002527,25822.0,69,8,growth_rate_summary_441_KOs_seed101_all.csv,EG10092,101,0.00023063108804795,0.775767912447267,1,8,0
gene_ko_441imported_2seeds,316,KO: EG12384,0.0001947413991386,0.0002182340176219,7.874186880860904e-05,0.0003532862169015,411.0811268753139,607.2382399582339,705.3896995165837,1.477173726203239,23489.0,63,8,growth_rate_summary_441_KOs_seed101_all.csv,EG12384,101,0.00023063108804795,0.8443848606312422,1,8,0
gene_ko_441imported_2seeds,317,KO: EG10875,0.0001120987872999,7.044865737069068e-05,9.28822489547111e-05,0.0002885112675941,411.0385041526016,190.6896076478776,693.3959994821257,0.463921520055655,25645.0,68,8,growth_rate_summary_441_KOs_seed101_all.csv,EG10875,101,0.00023063108804795,0.4860523715544965,0,6,1
gene_ko_441imported_2seeds,318,KO: EG12666,0.0001948483281819,0.0002142427209823,8.029361298403327e-05,0.0002908887626911,411.0811268753139,563.7220098707355,695.8559240434013,1.371315716086668,22937.0,61,8,growth_rate_summary_441_KOs_seed101_all.csv,EG12666,101,0.00023063108804795,0.8448484973603797,1,8,0
gene_ko_441imported_2seeds,319,KO: G58,0.0001995168589863,0.0002138637847854,8.243371153422167e-05,0.0003150903025534,411.0642018510141,586.4190604933501,743.5092383670419,1.4265875205204357,22384.0,61,8,growth_rate_summary_441_KOs_seed101_all.csv,G58,101,0.00023063108804795,0.8650909149976299,1,8,0
gene_ko_441imported_2seeds,320,KO: EG10798,0.000208291491076,0.0002365662191764,8.60487894916559e-05,0.0003402878790302,411.04575859109946,617.707070645713,717.7392011977031,1.502769601036551,22095.0,60,8,growth_rate_summary_441_KOs_seed101_all.csv,EG10798,101,0.00023063108804795,0.9031370958658209,1,8,0
gene_ko_441imported_2seeds,321,KO: EG10496,9.954034242277148e-05,8.781817984367944e-05,7.518968554958859e-05,0.0003287606158565,411.0228182132082,279.36712918028184,711.5469382385406,0.6796876397148511,41054.0,107,8,growth_rate_summary_441_KOs_seed101_all.csv,EG10496,101,0.00023063108804795,0.43159984746755503,0,7,1
gene_ko_441imported_2seeds,322,KO: EG10912,8.017923045186747e-05,5.576802940818285e-05,6.672458835772778e-05,0.0003231181345028,411.0385041526016,291.9581908589464,696.662961554144,0.710294018466344,26693.0,69,8,growth_rate_summary_441_KOs_seed101_all.csv,EG10912,101,0.00023063108804795,0.34765144252884755,0,4,1
gene_ko_441imported_2seeds,323,KO: EG10447,0.0001003988681363,8.407768226362e-05,7.474519060841814e-05,0.0003472710505504,411.0483363133961,352.5198452183108,726.3057588996135,0.8576116579864677,29145.0,76,8,growth_rate_summary_441_KOs_seed101_all.csv,EG10447,101,0.00023063108804795,0.43532235392058805,0,5,1
gene_ko_441imported_2seeds,324,KO: EG10671,0.0002066622584269,0.0002324206591454,8.610363240535576e-05,0.0002957286795352,411.0620811398204,590.3449457901108,728.8892893560349,1.4361454701760934,21629.0,58,8,growth_rate_summary_441_KOs_seed101_all.csv,EG10671,101,0.00023063108804795,0.8960728589370974,1,8,0
gene_ko_441imported_2seeds,325,KO: EG10809,0.0002075751184266,0.0002338999399119,8.442768191182091e-05,0.0003052204807951,411.0204835035924,649.2101814391604,723.0869190316848,1.5795080963002328,22015.0,59,8,growth_rate_summary_441_KOs_seed101_all.csv,EG10809,101,0.00023063108804795,0.9000309549918245,1,8,0
gene_ko_441imported_2seeds,326,KO: EG10879,0.0001120987872999,7.044865737069068e-05,9.28822489547111e-05,0.0002885112675941,411.0385041526016,190.6896076478776,693.3959994821257,0.463921520055655,25645.0,68,8,growth_rate_summary_441_KOs_seed101_all.csv,EG10879,101,0.00023063108804795,0.4860523715544965,0,6,1
gene_ko_441imported_2seeds,327,KO: EG10982,0.0002107812156959,0.0002360733077523,8.732469563837872e-05,0.0003026170167164,411.1079064161445,641.6067997186158,770.1732981843552,1.5606773543030537,21388.0,58,8,growth_rate_summary_441_KOs_seed101_all.csv,EG10982,101,0.00023063108804795,0.9139323647993064,1,8,0
gene_ko_441imported_2seeds,328,KO: EG12633,0.0002039558186427,0.0002279409080097,8.57023598193307e-05,0.0003430289390703,411.0724295109487,584.3926732415753,757.7797845284158,1.4216294533224352,21665.0,59,8,growth_rate_summary_441_KOs_seed101_all.csv,EG12633,101,0.00023063108804795,0.8843379284595666,1,8,0
gene_ko_441imported_2seeds,329,KO: EG10870,0.0003076329251028,0.0002390389326651,0.0003095116590881,0.0013031588504149,411.0385041526016,2827.283573828724,2827.283573828724,6.878391063770198,15040.0,41,8,growth_rate_summary_441_KOs_seed101_all.csv,EG10870,101,0.00023063108804795,1.3338744906707491,0,5,1
gene_ko_441imported_2seeds,330,KO: EG11030,0.0001457318138178,0.0001489526952492,8.727099737006303e-05,0.0002804254648123,411.0728726069896,358.0055765206539,682.5336647154959,0.870905380474787,28234.0,75,8,growth_rate_summary_441_KOs_seed101_all.csv,EG11030,101,0.00023063108804795,0.6318827832416991,1,8,0
gene_ko_441imported_2seeds,331,KO: EG10070,0.0002075912521704,0.0002331940313643,8.285048832284881e-05,0.0002753715437323,411.06008839675656,658.3595324519329,685.5531623355648,1.6016138541197462,22474.0,60,8,growth_rate_summary_441_KOs_seed101_all.csv,EG10070,101,0.00023063108804795,0.9001009097578387,1,8,0
gene_ko_441imported_2seeds,332,KO: EG10750,0.0002279032487103,0.000266660114185,9.535048231227194e-05,0.0003008628880687,411.05534465733433,710.5433947910296,795.0573868679285,1.7285832772308454,20225.0,56,8,growth_rate_summary_441_KOs_seed101_all.csv,EG10750,101,0.00023063108804795,0.9881722825802094,1,8,0
gene_ko_441imported_2seeds,333,KO: EG10187,9.451068220712796e-05,4.124103061696711e-05,9.429117201930232e-05,0.000289742222638,411.0543724014915,221.58130739938065,711.3189681541469,0.5390559553103458,32672.0,85,8,growth_rate_summary_441_KOs_seed101_all.csv,EG10187,101,0.00023063108804795,0.40979159837930634,0,6,1
gene_ko_441imported_2seeds,334,KO: EG10049,0.0002066174873199,0.0002342789878732,8.898338734370111e-05,0.0003116018213714,411.1259982307819,754.3004554943395,754.3004554943395,1.8347184530785128,22613.0,60,8,growth_rate_summary_441_KOs_seed101_all.csv,EG10049,101,0.00023063108804795,0.8958787346003528,1,8,0
gene_ko_441imported_2seeds,335,KO: EG10492,0.0001014073229251,7.309934428455558e-05,7.888068754883864e-05,0.0002779709486464,411.0490483688694,304.53004236632114,687.9213048765716,0.7408605945562008,33869.0,89,8,growth_rate_summary_441_KOs_seed101_all.csv,EG10492,101,0.00023063108804795,0.4396949421841024,0,6,1
gene_ko_441imported_2seeds,336,KO: EG10838,0.0002034815721514,0.0002262149774532,8.35052379626746e-05,0.0003132161771339,411.0978618720149,594.1907913761138,716.8981274796658,1.4453755333835825,22058.0,59,8,growth_rate_summary_441_KOs_seed101_all.csv,EG10838,101,0.00023063108804795,0.882281629392021,1,8,0
gene_ko_441imported_2seeds,337,KO: EG11620,0.0001832548349305,0.0001944646173305,7.935752083284034e-05,0.0002951027010285,411.0546640494933,525.911254383637,747.3952236281564,1.279419260695493,24054.0,64,8,growth_rate_summary_441_KOs_seed101_all.csv,EG11620,101,0.00023063108804795,0.7945799349149317,1,8,0
gene_ko_441imported_2seeds,338,KO: EG10903,8.017923045186747e-05,5.576802940818285e-05,6.672458835772778e-05,0.0003231181345028,411.0385041526016,291.9581908589464,696.662961554144,0.710294018466344,26693.0,69,8,growth_rate_summary_441_KOs_seed101_all.csv,EG10903,101,0.00023063108804795,0.34765144252884755,0,4,1
gene_ko_441imported_2seeds,339,KO: EG11028,8.793707153070277e-05,6.986568580826732e-05,5.739511288427895e-05,0.0002653579565234,411.013585888094,317.8387190025677,667.0549316140962,0.7733046544332604,39530.0,102,8,growth_rate_summary_441_KOs_seed101_all.csv,EG11028,101,0.00023063108804795,0.3812888898673537,0,6,1
gene_ko_441imported_2seeds,340,KO: EG10947,0.0001221174146906,0.0001024755734502,7.965487371994373e-05,0.0003420848808709,411.0701735405468,352.3064096311492,703.6308453267807,0.857046879847143,34940.0,92,8,growth_rate_summary_441_KOs_seed101_all.csv,EG10947,101,0.00023063108804795,0.5294924276002672,1,8,0
gene_ko_441imported_2seeds,341,KO: EG10650,0.0002106795613175,0.0002378765297283,8.618573620702793e-05,0.0003500675867059,411.0749222805364,654.5625524708578,717.0958690807297,1.592319348598342,21962.0,59,8,growth_rate_summary_441_KOs_seed101_all.csv,EG10650,101,0.00023063108804795,0.9134915986421487,1,8,0
gene_ko_441imported_2seeds,342,KO: EG10453,0.0001911106026146,0.0001269826487558,0.0002149631560436,0.001137869706511,411.0716328620406,2014.729374794628,2014.729374794628,4.901163723624757,31886.0,83,8,growth_rate_summary_441_KOs_seed101_all.csv,EG10453,101,0.00023063108804795,0.828641985051324,0,7,1
gene_ko_441imported_2seeds,343,KO: G7676,0.0002031218350578,0.0002240711175289,8.595042238332298e-05,0.0003284331315858,411.05334723791657,588.5797052375056,747.457117386014,1.4318815530696487,21928.0,59,8,growth_rate_summary_441_KOs_seed101_all.csv,G7676,101,0.00023063108804795,0.8807218349313315,1,8,0
gene_ko_441imported_2seeds,344,KO: EG10208,0.0001902703306856,0.0002095213705812,7.495538607362965e-05,0.0002887269488579,411.0549649210692,591.1216029734435,701.5743773571824,1.4380597570131544,23948.0,65,8,growth_rate_summary_441_KOs_seed101_all.csv,EG10208,101,0.00023063108804795,0.8249986257101701,1,8,0
gene_ko_441imported_2seeds,345,KO: G6709,0.0002100066601357,0.0002378196330733,8.750539425346955e-05,0.0003040594710765,411.0114119368259,610.9144353188349,743.0992166128167,1.486368547384117,21319.0,58,8,growth_rate_summary_441_KOs_seed101_all.csv,G6709,101,0.00023063108804795,0.9105739469608624,1,8,0
gene_ko_441imported_2seeds,346,KO: EG12245,0.0002031976399246,0.0002286505347613,8.286741555289215e-05,0.00029209221833,411.0527880248238,640.1605052947048,751.4257537771039,1.5573681141314748,21999.0,60,8,growth_rate_summary_441_KOs_seed101_all.csv,EG12245,101,0.00023063108804795,0.8810505194440813,1,8,0
gene_ko_441imported_2seeds,347,KO: EG11470,0.0002225885856266,0.0002533969337879,9.340824635221436e-05,0.0003560265216237,411.0648769705663,707.261155478835,739.5986814092503,1.7205584692400695,20825.0,56,8,growth_rate_summary_441_KOs_seed101_all.csv,EG11470,101,0.00023063108804795,0.9651282813196549,1,8,0
gene_ko_441imported_2seeds,348,KO: EG10178,0.0002104255845427,0.0002377010020755,8.747317720447095e-05,0.0003336162399903,411.04705768671056,629.55584751641,733.0923646390877,1.5315906919743512,21597.0,59,8,growth_rate_summary_441_KOs_seed101_all.csv,EG10178,101,0.00023063108804795,0.9123903734042605,1,8,0
gene_ko_441imported_2seeds,349,KO: G6643,0.0001961111149819,0.0002244913771944,7.884946862085633e-05,0.0002992847608113,411.057760211324,591.244750873158,706.1241428310698,1.4383495656892604,22982.0,61,8,growth_rate_summary_441_KOs_seed101_all.csv,G6643,101,0.00023063108804795,0.8503238511415555,1,8,0
gene_ko_441imported_2seeds,350,KO: EG10386,0.0002021548177069,0.0002286506574221,8.130904097273069e-05,0.0002952443466573,411.042754942535,649.5101916765057,708.5427336515395,1.580152390150531,22690.0,60,8,growth_rate_summary_441_KOs_seed101_all.csv,EG10386,101,0.00023063108804795,0.8765289164523667,1,8,0
gene_ko_441imported_2seeds,351,KO: EG11546,0.0002078326653609,0.000231812040151,8.62127883189958e-05,0.000318820468845,411.0662976751894,678.3439513650292,725.5782924293801,1.650205709398812,22497.0,60,8,growth_rate_summary_441_KOs_seed101_all.csv,EG11546,101,0.00023063108804795,0.9011476601874677,1,8,0
gene_ko_441imported_2seeds,352,KO: G7486,0.0002165202744648,0.0002436796062932,9.104675123804132e-05,0.0003652888181526,411.0462572755042,672.4428197005741,765.813744179869,1.635929795730675,21382.0,58,8,growth_rate_summary_441_KOs_seed101_all.csv,G7486,101,0.00023063108804795,0.9388165155765287,1,8,0
gene_ko_441imported_2seeds,353,KO: EG10797,0.0001875059337989,0.0002148066126803,8.328353203930002e-05,0.0003384886551638,411.0503574713423,351.22696191499995,694.2960617706569,0.8544621249708726,17924.0,48,8,growth_rate_summary_441_KOs_seed101_all.csv,EG10797,101,0.00023063108804795,0.8130123973569254,0,6,1
gene_ko_441imported_2seeds,354,KO: EG11314,0.0002112443036353,0.0002328629681238,9.69289383173663e-05,0.0005752912389089,411.013585888094,646.9109033449961,712.5144762403711,1.5739404378743078,21924.0,58,8,growth_rate_summary_441_KOs_seed101_all.csv,EG11314,101,0.00023063108804795,0.915940281179182,1,8,0
gene_ko_441imported_2seeds,355,KO: EG10024,0.0002076695322272,0.000234164945027,8.52514780323903e-05,0.0002908043884872,411.0615620149521,586.5791896323547,707.3866664012319,1.4269862323225888,21682.0,59,8,growth_rate_summary_441_KOs_seed101_all.csv,EG10024,101,0.00023063108804795,0.9004403265184435,1,8,0
gene_ko_441imported_2seeds,356,KO: EG11026,9.505479011612335e-05,8.451489816070069e-05,6.715081222203471e-05,0.0002614697305637,410.99743752328857,301.2797836364059,664.1054527318752,0.7330454064432806,29817.0,79,8,growth_rate_summary_441_KOs_seed101_all.csv,EG11026,101,0.00023063108804795,0.41215081158686084,0,5,1
gene_ko_441imported_2seeds,357,KO: EG10908,0.0002684212560244,0.0001562747823957,0.0003065250111636,0.0013297194841644,411.0385041526016,3867.149405670327,3867.149405670327,9.408241239206664,19918.0,53,8,growth_rate_summary_441_KOs_seed101_all.csv,EG10908,101,0.00023063108804795,1.16385548148042,0,5,1
gene_ko_441imported_2seeds,358,KO: G7716,0.0001897805369333,0.0002064219035677,8.16773736634289e-05,0.0003305484082276,411.0636350626866,543.1924048155761,706.1950743297009,1.3214314244380676,23540.0,63,8,growth_rate_summary_441_KOs_seed101_all.csv,G7716,101,0.00023063108804795,0.8228749148243326,1,8,0
gene_ko_441imported_2seeds,359,KO: EG10207,0.0002133920733906,0.0002341697670692,9.821963576347532e-05,0.000594475890464,411.0818359455071,607.6390693341466,732.5019640925418,1.478146238051479,21682.0,59,8,growth_rate_summary_441_KOs_seed101_all.csv,EG10207,101,0.00023063108804795,0.9252528581326128,1,8,0
gene_ko_441imported_2seeds,360,KO: EG10613,0.0002064228971054,0.0002281819489352,8.597499729434849e-05,0.0002877704075917,411.09062810407136,598.3369638237682,758.2277209769918,1.4554867538169558,21605.0,58,8,growth_rate_summary_441_KOs_seed101_all.csv,EG10613,101,0.00023063108804795,0.8950350052655653,1,8,0
gene_ko_441imported_2seeds,361,KO: EG12437,0.0001927725406953,0.0002076401360226,7.991618588496864e-05,0.0002984195812446,411.0663372721116,561.8835157464532,726.4017553674721,1.366892554314186,23273.0,62,8,growth_rate_summary_441_KOs_seed101_all.csv,EG12437,101,0.00023063108804795,0.8358480304061223,1,8,0
gene_ko_441imported_2seeds,362,KO: EG10068,0.0002062493770159,0.0002304763012998,8.561116858116689e-05,0.0003144977246151,411.06499097200617,590.4835952216879,767.131702058113,1.4364725972538497,21704.0,59,8,growth_rate_summary_441_KOs_seed101_all.csv,EG10068,101,0.00023063108804795,0.8942826344947007,1,8,0
gene_ko_441imported_2seeds,363,KO: EG10097,9.75919069765145e-05,7.080226595495916e-05,7.545307436828217e-05,0.0003162268217036,411.0351235891404,317.7910426950134,720.1454419056556,0.7731481434483656,36098.0,94,8,growth_rate_summary_441_KOs_seed101_all.csv,EG10097,101,0.00023063108804795,0.4231515699055471,0,6,1
gene_ko_441imported_2seeds,364,KO: EG10059,0.0001943910157327,0.00020469717757,0.0001000171210771,0.0005565282273326,411.0382549043808,566.2091370804969,699.9599897681555,1.3775095877930226,24045.0,63,8,growth_rate_summary_441_KOs_seed101_all.csv,EG10059,101,0.00023063108804795,0.8428656230953764,1,8,0
gene_ko_441imported_2seeds,365,KO: EG10139,0.000209049254622,0.0002392013694076,8.509075376222119e-05,0.0002747331921076,411.09024437640176,674.0064036746894,721.863179549289,1.639558254896355,21883.0,58,8,growth_rate_summary_441_KOs_seed101_all.csv,EG10139,101,0.00023063108804795,0.9064227047245991,1,8,0
gene_ko_441imported_2seeds,366,KO: EG10194,0.000187523058959,0.0002097209740833,7.854088623869183e-05,0.0002971289387752,411.0432808625467,585.4060961052216,703.7056705168327,1.4241957559232843,23415.0,63,8,growth_rate_summary_441_KOs_seed101_all.csv,EG10194,101,0.00023063108804795,0.8130866508335273,1,8,0
gene_ko_441imported_2seeds,367,KO: EG10566,0.0001978261001163,0.0002203683336389,7.990461192032348e-05,0.0002823640352094,411.03186756698153,641.714057450348,694.5106095084566,1.5612270193278257,23225.0,61,8,growth_rate_summary_441_KOs_seed101_all.csv,EG10566,101,0.00023063108804795,0.8577599047495731,1,8,0
gene_ko_441imported_2seeds,368,KO: EG50001,0.0003074779158473,0.0002127454805173,0.0002875562197755,0.0011520283390354,411.0385041526016,2901.452445406529,4482.007564484315,7.058833700721478,14565.0,40,8,growth_rate_summary_441_KOs_seed101_all.csv,EG50001,101,0.00023063108804795,1.3332023815599958,0,5,1
gene_ko_441imported_2seeds,369,KO: G7399,0.000191462027854,0.0002050748165857,8.193211800996806e-05,0.0003449475608928,411.05024039289344,588.3216450981179,744.0793022867304,1.4312645688657994,23614.0,63,8,growth_rate_summary_441_KOs_seed101_all.csv,G7399,101,0.00023063108804795,0.8301657399031719,1,8,0
gene_ko_441imported_2seeds,370,KO: EG10915,0.0003203892752245,0.0002232637671815,0.0003279835660784,0.0013778177834071,411.0385041526016,3008.25438230304,3008.25438230304,7.318668085621,15400.0,41,8,growth_rate_summary_441_KOs_seed101_all.csv,EG10915,101,0.00023063108804795,1.3891851178271708,0,5,1
gene_ko_441imported_2seeds,371,KO: G7664,0.0001984751299514,0.0002149900923716,8.424782768139974e-05,0.0003344721665078,411.1213922703929,605.3421095514168,761.6661629876942,1.4724169574549546,22639.0,60,8,growth_rate_summary_441_KOs_seed101_all.csv,G7664,101,0.00023063108804795,0.8605740519688112,1,8,0
gene_ko_441imported_2seeds,372,KO: EG10769,0.0001317444393144,8.168253959746725e-05,0.0001015445292591,0.0003266290542783,411.0615737257293,312.5173855743783,712.5907883280843,0.7602690340082671,30512.0,80,8,growth_rate_summary_441_KOs_seed101_all.csv,EG10769,101,0.00023063108804795,0.5712345218915557,0,7,1
gene_ko_441imported_2seeds,373,KO: EG10675,0.0001821268756275,0.0001867953230139,8.132610409644754e-05,0.0003038517092119,411.0333280716676,553.0357825082071,757.6290962869705,1.3454767405425092,24214.0,64,8,growth_rate_summary_441_KOs_seed101_all.csv,EG10675,101,0.00023063108804795,0.7896891835745682,1,8,0
gene_ko_441imported_2seeds,374,KO: EG10873,8.863293557776728e-05,6.353280672347745e-05,7.563057882725986e-05,0.0003003715402408,411.0385041526016,275.61754990041777,706.519033428269,0.6705394923247686,30354.0,79,8,growth_rate_summary_441_KOs_seed101_all.csv,EG10873,101,0.00023063108804795,0.3843061068997767,0,5,1
gene_ko_441imported_2seeds,375,KO: EG11169,0.0001873748215829,0.000204945091134,7.244812727284883e-05,0.0002739651159977,411.0374425778687,629.9230682223472,693.2460757322699,1.5325199190412244,24710.0,66,8,growth_rate_summary_441_KOs_seed101_all.csv,EG11169,101,0.00023063108804795,0.8124439041103744,1,8,0
gene_ko_441imported_2seeds,376,KO: EG10810,0.0002061080823045,0.0002246298948578,8.588834067461971e-05,0.0003122343526563,411.02420339995706,772.3893037110051,772.3893037110051,1.8791820465117792,22946.0,61,8,growth_rate_summary_441_KOs_seed101_all.csv,EG10810,101,0.00023063108804795,0.8936699906720664,1,8,0
gene_ko_441imported_2seeds,377,KO: EG10102,0.0002214352128482,0.0002517597091161,9.20853025468115e-05,0.0003075999640155,411.0548306639285,676.2791077742233,743.7960814443136,1.645228464246265,20805.0,56,8,growth_rate_summary_441_KOs_seed101_all.csv,EG10102,101,0.00023063108804795,0.9601273389568448,1,8,0
gene_ko_441imported_2seeds,378,KO: EG10025,0.0002076695322272,0.000234164945027,8.52514780323903e-05,0.0002908043884872,411.0615620149521,586.5791896323547,707.3866664012319,1.4269862323225888,21682.0,59,8,growth_rate_summary_441_KOs_seed101_all.csv,EG10025,101,0.00023063108804795,0.9004403265184435,1,8,0
gene_ko_441imported_2seeds,379,KO: G6503,0.0002127644262312,0.0002380972727733,8.783849152039416e-05,0.0003182667346451,411.0755262994153,652.5018084998699,713.1600235466533,1.587303954516151,21932.0,58,8,growth_rate_summary_441_KOs_seed101_all.csv,G6503,101,0.00023063108804795,0.9225314246749103,1,8,0
gene_ko_441imported_2seeds,380,KO: EG11577,8.850332906996785e-05,6.984133774994842e-05,6.690337272833427e-05,0.0002881523714969,411.0464852701604,326.77491925766606,711.9208689259353,0.7949828814200739,25791.0,67,8,growth_rate_summary_441_KOs_seed101_all.csv,EG11577,101,0.00023063108804795,0.383744142296928,0,4,1
gene_ko_441imported_2seeds,381,KO: EG11223,0.0001901407053783,0.0002323044958991,9.358883830860148e-05,0.0003434093634879,411.0553029209137,412.8076833942122,712.5574441075535,1.0042631258150576,22226.0,61,8,growth_rate_summary_441_KOs_seed101_all.csv,EG11223,101,0.00023063108804795,0.8244365795940236,1,8,0
gene_ko_441imported_2seeds,382,KO: EG10206,0.0002182293126962,0.000247009721363,9.131232589477273e-05,0.0003182789379588,411.0534025383095,669.5136239586425,805.5156241329591,1.6287752876495043,20936.0,57,8,growth_rate_summary_441_KOs_seed101_all.csv,EG10206,101,0.00023063108804795,0.9462267838359607,1,8,0
gene_ko_441imported_2seeds,383,KO: EG10220,0.0002117776059903,0.0002390119440009,8.980902344364748e-05,0.0003474973214652,411.107549109885,587.5589520673377,786.463058385913,1.429209834116398,20957.0,58,8,growth_rate_summary_441_KOs_seed101_all.csv,EG10220,101,0.00023063108804795,0.918252642272883,1,8,0
gene_ko_441imported_2seeds,384,KO: EG10022,0.0002156164918215,0.0002451217620835,9.48490220460658e-05,0.0003146188922144,411.06107981410094,589.1490263017417,790.1854362349588,1.4332396211487102,20478.0,54,8,growth_rate_summary_441_KOs_seed101_all.csv,EG10022,101,0.00023063108804795,0.9348977782937556,1,8,0
gene_ko_441imported_2seeds,385,KO: G6468,0.0001945436839852,0.0002157787205735,7.665576296640958e-05,0.0002885247427435,411.09062810407136,630.103084814298,710.5843311990652,1.5327595467702602,23528.0,63,8,growth_rate_summary_441_KOs_seed101_all.csv,G6468,101,0.00023063108804795,0.8435275817835662,1,8,0
gene_ko_441imported_2seeds,386,KO: EG10402,0.0002142312598901,0.0002447209130068,8.976125042823777e-05,0.0003072431258946,411.0166607730739,593.2400301869243,775.7134412383652,1.4433478902561023,20931.0,57,8,growth_rate_summary_441_KOs_seed101_all.csv,EG10402,101,0.00023063108804795,0.9288915111286283,1,8,0
gene_ko_441imported_2seeds,387,KO: EG11041,0.0002063330998111,0.0002338018413808,8.541179097659045e-05,0.000343654851783,411.042754942535,605.1599700122374,714.9966809019998,1.4722555323882076,21878.0,58,8,growth_rate_summary_441_KOs_seed101_all.csv,EG11041,101,0.00023063108804795,0.8946456505820315,1,8,0
gene_ko_441imported_2seeds,388,KO: EG10075,0.0001382737099423,0.0001375321018969,9.920012135835847e-05,0.0002969765154675,411.06208957943215,346.50835825234003,718.7358849544589,0.8429586844334426,29462.0,78,8,growth_rate_summary_441_KOs_seed101_all.csv,EG10075,101,0.00023063108804795,0.5995449751056623,1,8,0
gene_ko_441imported_2seeds,389,KO: G7893,0.0002055465633191,0.000225674584746,8.419875139010597e-05,0.0003183181113216,411.0587055857028,704.5562779154668,704.5562779154668,1.714004029939154,22942.0,62,8,growth_rate_summary_441_KOs_seed101_all.csv,G7893,101,0.00023063108804795,0.8912352842751419,1,8,0
gene_ko_441imported_2seeds,390,KO: G7860,0.0001955503936695,0.0002169989878117,8.099102072732555e-05,0.0003037833781942,411.06499097200617,597.4801557420399,737.6525528977638,1.4534931674167522,22799.0,62,8,growth_rate_summary_441_KOs_seed101_all.csv,G7860,101,0.00023063108804795,0.8478926033980447,1,8,0
gene_ko_441imported_2seeds,391,KO: EG11005,0.0002069518628016,0.0002311335312743,8.684156818999868e-05,0.0003015642444303,411.0482242525332,763.2496395697351,763.2496395697351,1.856837214070586,22842.0,60,8,growth_rate_summary_441_KOs_seed101_all.csv,EG11005,101,0.00023063108804795,0.8973285629150441,1,8,0
gene_ko_441imported_2seeds,392,KO: EG10700,0.000196331881724,0.0002182395212526,7.830956310260408e-05,0.0002860182140023,411.03186756698153,594.6791038216616,690.47348607515,1.4467956154877772,22922.0,61,8,growth_rate_summary_441_KOs_seed101_all.csv,EG10700,101,0.00023063108804795,0.851281080038876,1,8,0
gene_ko_441imported_2seeds,393,KO: G7858,0.0001955503936695,0.0002169989878117,8.099102072732555e-05,0.0003037833781942,411.06499097200617,597.4801557420399,737.6525528977638,1.4534931674167522,22799.0,62,8,growth_rate_summary_441_KOs_seed101_all.csv,G7858,101,0.00023063108804795,0.8478926033980447,1,8,0
gene_ko_441imported_2seeds,394,KO: EG10910,8.017923045186747e-05,5.576802940818285e-05,6.672458835772778e-05,0.0003231181345028,411.0385041526016,291.9581908589464,696.662961554144,0.710294018466344,26693.0,69,8,growth_rate_summary_441_KOs_seed101_all.csv,EG10910,101,0.00023063108804795,0.34765144252884755,0,4,1
gene_ko_441imported_2seeds,395,KO: G7530,0.0001989229332913,0.0002277763341143,8.400830431975104e-05,0.0003232534088278,411.0724295109487,604.5014897080935,740.9388110218754,1.470547393380934,22494.0,61,8,growth_rate_summary_441_KOs_seed101_all.csv,G7530,101,0.00023063108804795,0.8625156954119835,1,8,0
gene_ko_441imported_2seeds,396,KO: EG11335,0.0002100201583955,0.0002331126155072,8.837860120283174e-05,0.0003377018377817,411.06549395216064,595.4626137141108,731.7494164747184,1.4485833096548115,21529.0,58,8,growth_rate_summary_441_KOs_seed101_all.csv,EG11335,101,0.00023063108804795,0.9106324744556344,1,8,0
gene_ko_441imported_2seeds,397,KO: G7423,0.0002204851997927,0.0002462020879009,9.267252548232396e-05,0.0003263252876867,411.0508135492156,641.5126312267084,786.9383480013039,1.560665032353474,20492.0,56,8,growth_rate_summary_441_KOs_seed101_all.csv,G7423,101,0.00023063108804795,0.956008149893736,1,8,0
gene_ko_441imported_2seeds,398,KO: G7842,0.0001849524108809,0.0002043912912471,7.223371826842279e-05,0.0002781960652327,411.0699776741951,562.9126217155256,703.2017780022913,1.369383930445238,24321.0,65,8,growth_rate_summary_441_KOs_seed101_all.csv,G7842,101,0.00023063108804795,0.8019405035389112,1,8,0
gene_ko_441imported_2seeds,399,KO: EG10057,0.0001943910157327,0.00020469717757,0.0001000171210771,0.0005565282273326,411.0382549043808,566.2091370804969,699.9599897681555,1.3775095877930226,24045.0,63,8,growth_rate_summary_441_KOs_seed101_all.csv,EG10057,101,0.00023063108804795,0.8428656230953764,1,8,0
gene_ko_441imported_2seeds,400,KO: EG10874,0.0002980071989333,0.0001800071503096,0.0003936641393452,0.002369328204086,411.0385041526016,2951.3814357021456,2951.3814357021456,7.180304049098086,17769.0,48,8,growth_rate_summary_441_KOs_seed101_all.csv,EG10874,101,0.00023063108804795,1.2921380263849858,0,5,1
gene_ko_441imported_2seeds,401,KO: EG10091,0.0002001483076761,0.0002300030910629,9.636447811132832e-05,0.0005080457975207,410.9875660889502,498.40403235272447,758.6066541116152,1.2126985667611527,22181.0,60,8,growth_rate_summary_441_KOs_seed101_all.csv,EG10091,101,0.00023063108804795,0.8678288316208593,1,8,0
gene_ko_441imported_2seeds,402,KO: G6497,0.0001927536712082,0.0002180204446461,8.00899624344917e-05,0.0002816880411151,411.0748143962813,539.8808911751605,702.7811107212833,1.3133397431999043,23087.0,62,8,growth_rate_summary_441_KOs_seed101_all.csv,G6497,101,0.00023063108804795,0.8357662136516696,1,8,0
gene_ko_441imported_2seeds,403,KO: EG11333,0.0002049022713465,0.0002265589275024,8.517686551162949e-05,0.0003291034849926,411.0687373950007,622.0269841611589,751.1504622605453,1.5131945769046553,22360.0,60,8,growth_rate_summary_441_KOs_seed101_all.csv,EG11333,101,0.00023063108804795,0.8884416800908437,1,8,0
gene_ko_441imported_2seeds,404,KO: G7665,0.0002154543357032,0.0002399411990901,8.905698061049523e-05,0.0003132329611849,411.073675783349,656.1470958915547,752.6291795660056,1.5961788227893443,21318.0,58,8,growth_rate_summary_441_KOs_seed101_all.csv,G7665,101,0.00023063108804795,0.9341946808940405,1,8,0
gene_ko_441imported_2seeds,405,KO: G7516,0.0002290655060383,0.0002509207843643,0.000106488319045,0.0005840932172131,411.0527880248238,748.4384313457992,785.2585311621838,1.8207842232190392,20829.0,56,8,growth_rate_summary_441_KOs_seed101_all.csv,G7516,101,0.00023063108804795,0.9932117477183974,1,8,0
gene_ko_441imported_2seeds,406,KO: EG12957,0.0001915226238833,0.000211838961547,7.480188666228177e-05,0.0002990164611082,411.07705304650017,604.4750397714051,681.0684071177172,1.470466510576615,23660.0,64,8,growth_rate_summary_441_KOs_seed101_all.csv,EG12957,101,0.00023063108804795,0.8304284799778638,1,8,0
gene_ko_441imported_2seeds,407,KO: EG10871,8.863293557776728e-05,6.353280672347745e-05,7.563057882725986e-05,0.0003003715402408,411.0385041526016,275.61754990041777,706.519033428269,0.6705394923247686,30354.0,79,8,growth_rate_summary_441_KOs_seed101_all.csv,EG10871,101,0.00023063108804795,0.3843061068997767,0,5,1
gene_ko_441imported_2seeds,408,KO: EG12312,0.0002217343925371,0.0002526751652701,9.411659067044584e-05,0.0003121864138341,411.0662976751894,635.0193643602345,787.422299989589,1.544810090128102,20429.0,56,8,growth_rate_summary_441_KOs_seed101_all.csv,EG12312,101,0.00023063108804795,0.9614245608163619,1,8,0
gene_ko_441imported_2seeds,409,KO: EG10790,0.0001893932647165,0.0002117442877453,7.414547441586917e-05,0.0002902658256969,411.04046595832506,599.4467696470383,684.6251679305287,1.458364368698958,23863.0,63,8,growth_rate_summary_441_KOs_seed101_all.csv,EG10790,101,0.00023063108804795,0.8211957300271837,1,8,0
gene_ko_441imported_2seeds,410,KO: EG12040,0.0002129927826977,0.0002402499940769,8.733083448567551e-05,0.0003031231272765,411.03107426583153,666.632364297428,755.4416280079995,1.6218539327911936,21385.0,58,8,growth_rate_summary_441_KOs_seed101_all.csv,EG12040,101,0.00023063108804795,0.9235215620776032,1,8,0
gene_ko_441imported_2seeds,411,KO: EG10080,0.0002065119631114,0.000228743368275,8.539017649140112e-05,0.0003670805737147,411.06208957943215,598.3521017480036,737.1767309045244,1.4556246292626804,22037.0,60,8,growth_rate_summary_441_KOs_seed101_all.csv,EG10080,101,0.00023063108804795,0.8954211891350248,1,8,0
gene_ko_441imported_2seeds,412,KO: EG10560,0.0001945040932716,0.0002152176037326,7.859948817963461e-05,0.0003660350408841,411.0415834460936,559.0652613884608,697.0408980018974,1.3601184987206532,23130.0,63,8,growth_rate_summary_441_KOs_seed101_all.csv,EG10560,101,0.00023063108804795,0.8433559192642801,1,8,0
gene_ko_441imported_2seeds,413,KO: EG10101,0.0002214352128482,0.0002517597091161,9.20853025468115e-05,0.0003075999640155,411.0548306639285,676.2791077742233,743.7960814443136,1.645228464246265,20805.0,56,8,growth_rate_summary_441_KOs_seed101_all.csv,EG10101,101,0.00023063108804795,0.9601273389568448,1,8,0
gene_ko_441imported_2seeds,414,KO: EG10185,0.000187523058959,0.0002097209740833,7.854088623869183e-05,0.0002971289387752,411.0432808625467,585.4060961052216,703.7056705168327,1.4241957559232843,23415.0,63,8,growth_rate_summary_441_KOs_seed101_all.csv,EG10185,101,0.00023063108804795,0.8130866508335273,1,8,0
gene_ko_441imported_2seeds,415,KO: EG11000,8.547752353028841e-05,6.421074833227764e-05,7.185003110943264e-05,0.0003532777711894,411.0442725166291,264.7679068265933,693.6262853449864,0.6441347672978022,39271.0,102,8,growth_rate_summary_441_KOs_seed101_all.csv,EG11000,101,0.00023063108804795,0.37062446461041265,0,6,1
gene_ko_441imported_2seeds,416,KO: EG10744,0.0002025611327362,0.0002248074485246,7.892515884300512e-05,0.0002746644173128,411.0488251464353,627.8339621079895,679.9130982638405,1.5273951017481315,22929.0,63,8,growth_rate_summary_441_KOs_seed101_all.csv,EG10744,101,0.00023063108804795,0.8782906695305793,1,8,0
gene_ko_441imported_2seeds,417,KO: G6877,0.0001830170997351,0.000188237675903,7.719609703655349e-05,0.0003322396834306,411.0199380515245,589.9743569375955,724.812258514281,1.4353910901121243,24896.0,67,8,growth_rate_summary_441_KOs_seed101_all.csv,G6877,101,0.00023063108804795,0.7935491320105524,1,8,0
gene_ko_441imported_2seeds,418,KO: EG11067,0.0001069966338523,6.49837622296016e-05,0.0001014326711199,0.0005419674585749,411.1234925959835,279.3527414086516,758.01342940569,0.6794862041201212,38829.0,101,8,growth_rate_summary_441_KOs_seed101_all.csv,EG11067,101,0.00023063108804795,0.4639297969667236,0,7,1
gene_ko_441imported_2seeds,419,KO: EG10884,0.0001120987872999,7.044865737069068e-05,9.28822489547111e-05,0.0002885112675941,411.0385041526016,190.6896076478776,693.3959994821257,0.463921520055655,25645.0,68,8,growth_rate_summary_441_KOs_seed101_all.csv,EG10884,101,0.00023063108804795,0.4860523715544965,0,6,1
gene_ko_441imported_2seeds,420,KO: G7138,0.0001816362502321,0.0001935768945797,7.461874030848376e-05,0.0003082289220407,411.0736725201174,564.0646297242047,726.2792193076118,1.372174058888678,24946.0,67,8,growth_rate_summary_441_KOs_seed101_all.csv,G7138,101,0.00023063108804795,0.7875618667433786,1,8,0
gene_ko_441imported_2seeds,421,KO: EG10449,0.0001003988681363,8.407768226362e-05,7.474519060841814e-05,0.0003472710505504,411.0483363133961,352.5198452183108,726.3057588996135,0.8576116579864677,29145.0,76,8,growth_rate_summary_441_KOs_seed101_all.csv,EG10449,101,0.00023063108804795,0.43532235392058805,0,5,1
gene_ko_441imported_2seeds,422,KO: EG10946,0.0001908767113812,0.0002075117575916,7.833853371731444e-05,0.000286594370104,411.00889174011786,601.7532113052735,728.122257676223,1.4640880608630815,23808.0,64,8,growth_rate_summary_441_KOs_seed101_all.csv,EG10946,101,0.00023063108804795,0.8276278492928726,1,8,0
gene_ko_441imported_2seeds,423,KO: G7948,0.000216932155891,0.0002424857849949,8.882805346024072e-05,0.0003117969930298,411.0537190485518,726.2738281010993,726.2738281010993,1.766858671859663,21901.0,59,8,growth_rate_summary_441_KOs_seed101_all.csv,G7948,101,0.00023063108804795,0.9406024041559311,1,8,0
gene_ko_441imported_2seeds,424,KO: G7544,0.0002241959572604,0.0002561761422575,9.498154024772094e-05,0.0003007344030801,411.05334723791657,699.9299538956893,787.2629456269844,1.7027715711327651,20496.0,55,8,growth_rate_summary_441_KOs_seed101_all.csv,G7544,101,0.00023063108804795,0.9720977304403469,1,8,0
gene_ko_441imported_2seeds,425,KO: G6261,0.000186100278459,0.0002125366301205,8.005119889475763e-05,0.0003021844809271,411.06008839675656,493.293228231357,702.443329811922,1.2000513845927772,23341.0,63,8,growth_rate_summary_441_KOs_seed101_all.csv,G6261,101,0.00023063108804795,0.8069175757446381,1,8,0
gene_ko_441imported_2seeds,426,KO: EG10586,0.0001111002889991,7.448964504921056e-05,8.041060860999985e-05,0.0002788627296981,411.0366647928553,322.7289587449893,704.3051516269245,0.7851585670772966,36778.0,96,8,growth_rate_summary_441_KOs_seed101_all.csv,EG10586,101,0.00023063108804795,0.48172295391504805,0,7,1
gene_ko_441imported_2seeds,427,KO: EG10965,0.0002074003345879,0.0002223182699449,9.658118265105397e-05,0.000554303217269,411.0620469880996,587.7758856492803,739.7480238154117,1.4298957784012998,22267.0,61,8,growth_rate_summary_441_KOs_seed101_all.csv,EG10965,101,0.00023063108804795,0.8992731046942807,1,8,0
gene_ko_441imported_2seeds,428,KO: EG10444,9.562200284157748e-05,7.899840433951539e-05,7.287832787596259e-05,0.0003341547585995,411.0596319305997,331.5547225565884,704.7929949931186,0.806585460604328,29809.0,78,8,growth_rate_summary_441_KOs_seed101_all.csv,EG10444,101,0.00023063108804795,0.41461020563583745,0,5,1
gene_ko_441imported_2seeds,429,KO: EG11121,0.0002048257611759,0.0002305258236933,8.150146041341847e-05,0.0003068624314402,411.07074398706,618.9711123692675,686.7895984951872,1.5057532588326257,22371.0,61,8,growth_rate_summary_441_KOs_seed101_all.csv,EG11121,101,0.00023063108804795,0.8881099374309639,1,8,0
gene_ko_441imported_2seeds,430,KO: EG11074,0.0002096253561791,0.0002366253894394,8.483428170951147e-05,0.0002867817842167,411.0710153256348,712.7986251416085,720.1723790482674,1.7340036114610429,22093.0,59,8,growth_rate_summary_441_KOs_seed101_all.csv,EG11074,101,0.00023063108804795,0.9089206401155999,1,8,0
gene_ko_441imported_2seeds,431,KO: G7892,0.0002055465633191,0.000225674584746,8.419875139010597e-05,0.0003183181113216,411.0587055857028,704.5562779154668,704.5562779154668,1.714004029939154,22942.0,62,8,growth_rate_summary_441_KOs_seed101_all.csv,G7892,101,0.00023063108804795,0.8912352842751419,1,8,0
gene_ko_441imported_2seeds,432,KO: EG10408,0.0001802237375558,0.0001982540919526,7.589598918428844e-05,0.0003105989557338,411.05896379600574,495.1832710631538,718.3352096918643,1.2046526524814969,24166.0,64,8,growth_rate_summary_441_KOs_seed101_all.csv,EG10408,101,0.00023063108804795,0.7814373122080145,1,8,0
gene_ko_441imported_2seeds,433,KO: EG10882,0.0003106116614547,0.0002091399660337,0.0003494014537957,0.0015019378545594,411.0385041526016,4171.436890284099,4171.436890284099,10.148530729217075,16914.0,45,8,growth_rate_summary_441_KOs_seed101_all.csv,EG10882,101,0.00023063108804795,1.346790079705653,0,5,1
gene_ko_441imported_2seeds,434,KO: EG11621,0.0002098351631653,0.0002373283988787,8.564091226819205e-05,0.0002977617974045,411.06008839675656,666.4970141366025,705.9366873075301,1.6214101853967815,21826.0,58,8,growth_rate_summary_441_KOs_seed101_all.csv,EG11621,101,0.00023063108804795,0.9098303482905723,1,8,0
gene_ko_441imported_2seeds,435,KO: EG10082,0.0002028192684354,0.0002208487843925,8.347228043159046e-05,0.0003096404885773,411.043855403224,628.6737108416314,736.2961961589083,1.5294565350573548,22602.0,61,8,growth_rate_summary_441_KOs_seed101_all.csv,EG10082,101,0.00023063108804795,0.879409927568968,1,8,0
gene_ko_441imported_2seeds,436,KO: EG10900,0.000481033443914,0.0002608551135171,0.0006510002566508,0.0035287571060138,411.0385041526016,10360.268596211468,10360.268596211468,25.20510485403364,11695.0,32,8,growth_rate_summary_441_KOs_seed101_all.csv,EG10900,101,0.00023063108804795,2.0857268115302365,0,4,1
gene_ko_441imported_2seeds,437,KO: EG11001,9.325065055810876e-05,6.638610631412502e-05,7.442050501491993e-05,0.0002581536934903,411.0234416634392,258.1442421978908,683.1178062825365,0.6280523591383593,41028.0,106,8,growth_rate_summary_441_KOs_seed101_all.csv,EG11001,101,0.00023063108804795,0.4043281907368933,0,7,1
gene_ko_441imported_2seeds,438,KO: EG10023,0.0002156164918215,0.0002451217620835,9.48490220460658e-05,0.0003146188922144,411.06107981410094,589.1490263017417,790.1854362349588,1.4332396211487102,20478.0,54,8,growth_rate_summary_441_KOs_seed101_all.csv,EG10023,101,0.00023063108804795,0.9348977782937556,1,8,0
gene_ko_441imported_2seeds,439,KO: G6770,0.0002037728806799,0.0002323341210874,8.250294703450838e-05,0.0002791122008002,411.0646856247381,756.6389507928875,756.6389507928875,1.8406809858719533,22949.0,61,8,growth_rate_summary_441_KOs_seed101_all.csv,G6770,101,0.00023063108804795,0.88354472245968,1,8,0
gene_ko_441imported_2seeds,440,KO: EG10131,0.0002053449812535,0.0002377389571196,8.396227049001642e-05,0.0002899320357859,411.0478176967904,701.1737287641581,701.1737287641581,1.70582034151895,22429.0,59,8,growth_rate_summary_441_KOs_seed101_all.csv,EG10131,101,0.00023063108804795,0.8903612387711026,1,8,0
gene_ko_441imported_2seeds,441,KO: EG10088,0.0001837414587153,0.0001990583707565,7.242041797911791e-05,0.0002722367968144,411.0743045318309,576.6450626492019,683.9713803581535,1.4027757422248472,24571.0,65,8,growth_rate_summary_441_KOs_seed101_all.csv,EG10088,101,0.00023063108804795,0.7966899010470727,1,8,0
gene_ko_metabolic_seed100,4,KO: EG10030,0.00023375291407,0.0002330443375924,3.490905954778545e-05,0.0005979172078489,266.96500744305945,647.3692950921511,717.6059764195895,2.424921907528377,24336.0,1221,8,growth_rate_summary_seed100_all.csv,EG10030,100,0.00023063108804795,1.0135360156710571,1,8,0
gene_ko_metabolic_seed100,5,KO: EG10032,0.0002046492199425,0.0002034717495553,3.1458194818751507e-05,0.000361014844123,266.9626663063788,613.0617074147376,729.0625332050345,2.296432365981689,27409.0,1374,8,growth_rate_summary_seed100_all.csv,EG10032,100,0.00023063108804795,0.8873444671949509,1,8,0
gene_ko_metabolic_seed100,6,KO: EG10043,0.0002117373646049,0.0002124576568551,3.045530699795031e-05,0.0003116313805564,266.97210497198034,566.6666161953078,708.9535230768449,2.122568634107977,26311.0,1318,8,growth_rate_summary_seed100_all.csv,EG10043,100,0.00023063108804795,0.9180781584869345,1,8,0
gene_ko_metabolic_seed100,7,KO: EG10071,0.0001039526979201,7.22689303856331e-05,7.46873374846025e-05,0.0003444958118242,266.96345602132226,279.1497005746492,699.1993367665248,1.045647613103846,33671.0,1688,8,growth_rate_summary_seed100_all.csv,EG10071,100,0.00023063108804795,0.45073150718730265,0,5,1
gene_ko_metabolic_seed100,8,KO: EG10084,0.0002405009025615,0.0002351464137515,4.393336381361638e-05,0.00061296237442,266.9767240713055,630.6029217557598,837.5721986522053,2.362014606139729,23604.0,1185,8,growth_rate_summary_seed100_all.csv,EG10084,100,0.00023063108804795,1.0427948139909828,1,8,0
gene_ko_metabolic_seed100,10,KO: EG10107,0.0002292238786273,0.000228453667386,2.790999387700999e-05,0.000326070192623,266.9644008736259,654.8181406161352,718.8570762156082,2.452829435210387,24893.0,1248,8,growth_rate_summary_seed100_all.csv,EG10107,100,0.00023063108804795,0.9938984400040751,1,8,0
gene_ko_metabolic_seed100,12,KO: EG10112,0.0002370415455428,0.0002378378856873,3.365721199034595e-05,0.0003407265138379,266.9828490349621,606.3805550851769,793.1644055388335,2.2712341158879825,23884.0,1198,8,growth_rate_summary_seed100_all.csv,EG10112,100,0.00023063108804795,1.0277952879167669,1,8,0
gene_ko_metabolic_seed100,13,KO: EG10122,0.0002287444083548,0.000228279125433,3.5761863004760216e-05,0.0003580828077996,266.97364888911227,712.328356014817,772.4048809171456,2.6681597939678428,25311.0,1269,8,growth_rate_summary_seed100_all.csv,EG10122,100,0.00023063108804795,0.9918194909926551,1,8,0
gene_ko_metabolic_seed100,14,KO: EG10124,0.0002225278235706,0.0002226038405888,2.956480808835569e-05,0.0003321656348101,266.97364888911227,581.5823987396434,725.7441578371056,2.178426227306067,25078.0,1258,8,growth_rate_summary_seed100_all.csv,EG10124,100,0.00023063108804795,0.9648648213649962,1,8,0
gene_ko_metabolic_seed100,16,KO: EG10138,0.0002294202963021,0.0002306887896419,2.470160105313305e-05,0.0003492190268195,266.9626663063788,635.6823602065872,708.0267004809177,2.3811657599982485,24653.0,1236,8,growth_rate_summary_seed100_all.csv,EG10138,100,0.00023063108804795,0.9947500930767916,1,8,0
gene_ko_non_metabolic_seed100,1,KO: EG10001,0.0002264995908585,0.0002270824652699,3.203059716679081e-05,0.0008563542701923,266.9705593213504,709.3943342934467,709.3943342934467,2.6572006145424982,25353.0,1272,8,growth_rate_summary_seed100_all.csv,EG10001,100,0.00023063108804795,0.982086121934303,1,8,0
gene_ko_non_metabolic_seed100,2,KO: EG10004,0.0002405508355961,0.0002393088180744,3.155430027442106e-05,0.0006001650779063,266.9669356937867,644.549060110158,766.4004606180602,2.4143404067440817,23586.0,1183,8,growth_rate_summary_seed100_all.csv,EG10004,100,0.00023063108804795,1.04301132007879,1,8,0
gene_ko_non_metabolic_seed100,6,KO: EG10016,0.0002308068158851,0.0002289025041224,3.503275729227245e-05,0.0007552963817384,266.9595490750788,728.0486018154115,738.8788230596899,2.727186962735907,25224.0,1264,8,growth_rate_summary_seed100_all.csv,EG10016,100,0.00023063108804795,1.000761943407705,1,8,0
gene_ko_non_metabolic_seed100,7,KO: EG10017,0.00020823845564,0.0002119544178304,5.762749849365976e-05,0.0003402385109493,266.973615174168,503.8033610034181,808.6872423479838,1.8870904552674517,26143.0,1310,8,growth_rate_summary_seed100_all.csv,EG10017,100,0.00023063108804795,0.9029071379861227,1,8,0
gene_ko_non_metabolic_seed100,10,KO: EG10031,0.0002355440593494,0.0002282066366807,3.85869298279639e-05,0.0003399465635922,266.9615872270682,646.6878308942671,806.7832888892888,2.4224003071431284,24201.0,1214,8,growth_rate_summary_seed100_all.csv,EG10031,100,0.00023063108804795,1.0213022942528396,1,8,0
gene_ko_non_metabolic_seed100,12,KO: EG10034,0.0001099410567302,7.488222577882185e-05,7.628885757874102e-05,0.0005884880679028,266.9790076918265,347.8049232839137,683.804533047426,1.3027425874823253,27506.0,1378,8,growth_rate_summary_seed100_all.csv,EG10034,100,0.00023063108804795,0.4766966052180372,0,4,1
gene_ko_non_metabolic_seed100,13,KO: EG10035,0.0002521515712418,0.0002540944499638,3.590473345911839e-05,0.0003322356099517,266.96009748592985,635.4957526359658,822.8276846563915,2.380489663514075,22497.0,1128,8,growth_rate_summary_seed100_all.csv,EG10035,100,0.00023063108804795,1.0933112850309916,1,8,0
gene_ko_non_metabolic_seed100,14,KO: EG10039,0.0002118727374446,0.0002085870524266,3.096006292726918e-05,0.0003401337446865,266.97680238229475,588.9307859694334,735.4148937066213,2.2059249369768086,26505.0,1329,8,growth_rate_summary_seed100_all.csv,EG10039,100,0.00023063108804795,0.9186651254949203,1,8,0
gene_ko_non_metabolic_seed100,17,KO: EG10046,0.0002226477655784,0.0002191747158019,4.800008710687979e-05,0.000760463277541,266.97329523820224,661.3331257012626,732.9558252774596,2.477150851777889,25804.0,1294,8,growth_rate_summary_seed100_all.csv,EG10046,100,0.00023063108804795,0.9653848813829894,1,8,0
gene_ko_non_metabolic_seed100,19,KO: EG10051,0.0002296931355549,0.0002287736133301,2.8753486326752856e-05,0.0003095741278085,266.97432946622814,640.924434548567,729.4143089771019,2.4006968603685284,24757.0,1241,8,growth_rate_summary_seed100_all.csv,EG10051,100,0.00023063108804795,0.9959331046781734,1,8,0
gene_ko_non_metabolic_seed100,20,KO: EG10054,0.0002170822815209,0.0002147829125417,4.046017955101422e-05,0.0006229647659002,266.9764925372041,677.9197942418916,736.3120278789243,2.5392490095262645,26136.0,1310,8,growth_rate_summary_seed100_all.csv,EG10054,100,0.00023063108804795,0.9412533382133067,1,8,0
gene_ko_trial40_seed101,4,KO: EG10030,0.0002546009425936,0.0002531117856575,2.782647100124508e-05,0.0003139697961662,411.091894484102,770.0579296365597,770.0579296365597,1.8732014422297003,21371.0,1073,8,growth_rate_summary_seed101_all.csv,EG10030,101,0.00023063108804795,1.1039315850630966,1,8,0
gene_ko_trial40_seed101,5,KO: EG10032,0.0002254257783568,0.0002304116334716,3.3756197971422337e-05,0.0003087493791124,411.0543724014915,568.2641065523053,741.7773883072855,1.3824548398119494,22768.0,1142,8,growth_rate_summary_seed101_all.csv,EG10032,101,0.00023063108804795,0.977430147274561,1,8,0
gene_ko_trial40_seed101,6,KO: EG10043,0.0002458090617307,0.0002431389844896,3.4650416341470755e-05,0.0004322597539695,411.06549395216064,695.8156612981845,825.2282528328749,1.69271240601665,21489.0,1078,8,growth_rate_summary_seed101_all.csv,EG10043,101,0.00023063108804795,1.065810614740691,1,8,0
gene_ko_trial40_seed101,7,KO: EG10071,0.0001185348868377,8.480058284335567e-05,8.142900325643077e-05,0.0007080446335909,411.04969636914313,340.20221145243886,747.7056200240095,0.8276425319310303,27385.0,1372,8,growth_rate_summary_seed101_all.csv,EG10071,101,0.00023063108804795,0.513958841546356,0,5,1
gene_ko_trial40_seed101,8,KO: EG10084,0.0002388907941682,0.0002390815995345,3.289100683030308e-05,0.0007567274253761,411.0470863804371,673.2596312967855,736.1603938100036,1.637913644456933,22106.0,1110,8,growth_rate_summary_seed101_all.csv,EG10084,101,0.00023063108804795,1.0358134984756813,1,8,0
gene_ko_trial40_seed101,10,KO: EG10107,0.0002157393723875,0.000210005708726,3.815227059422241e-05,0.0003276251273121,411.0743045318309,628.2337419928904,768.5402195394086,1.528272954711632,24339.0,1221,8,growth_rate_summary_seed101_all.csv,EG10107,101,0.00023063108804795,0.9354305796911737,1,8,0
gene_ko_trial40_seed101,12,KO: EG10112,0.0002339750991804,0.0002356446805567,3.4402936815937765e-05,0.0003259220406538,410.985293452835,711.5010534349765,752.3983887138738,1.7312080621119086,22983.0,1153,8,growth_rate_summary_seed101_all.csv,EG10112,101,0.00023063108804795,1.0144993945124812,1,8,0
gene_ko_trial40_seed101,13,KO: EG10122,0.0002506416866472,0.0002497833505488,3.031986508219548e-05,0.0003501444909915,411.0518877619877,714.6977272249223,777.5871319085788,1.7387044032717236,21320.0,1070,8,growth_rate_summary_seed101_all.csv,EG10122,101,0.00023063108804795,1.0867645327809823,1,8,0
gene_ko_trial40_seed101,14,KO: EG10124,0.0002428879889565,0.0002407496366877,3.2626657921800186e-05,0.0003357063651291,411.0518877619877,705.88576652301,768.8897654053537,1.7172668160369589,21972.0,1103,8,growth_rate_summary_seed101_all.csv,EG10124,101,0.00023063108804795,1.0531450508788378,1,8,0
gene_ko_trial40_seed101,16,KO: EG10138,0.0002152717301162,0.0002119079137841,3.0425225193555515e-05,0.0003194216858806,411.0543724014915,595.3647253169913,721.4559270269335,1.4483843629705448,24117.0,1209,8,growth_rate_summary_seed101_all.csv,EG10138,101,0.00023063108804795,0.933402916051991,1,8,0
gene_ko_trial40_seed101,21,KO: EG10001,0.0002336778392317,0.0002322011448187,3.0771588763295645e-05,0.0003076501912658,411.07964224218665,690.4866556896404,744.6674822391999,1.679690708893927,22832.0,1145,8,growth_rate_summary_seed101_all.csv,EG10001,101,0.00023063108804795,1.0132104965099786,1,8,0
gene_ko_trial40_seed101,22,KO: EG10004,0.0002363325654704,0.0002321615265882,4.798804723812535e-05,0.0005968061191134,411.05218571554303,686.0563307712757,778.7519555906943,1.669024894192003,22499.0,1128,8,growth_rate_summary_seed101_all.csv,EG10004,101,0.00023063108804795,1.0247212007310333,1,8,0
gene_ko_trial40_seed101,26,KO: EG10016,0.0002375869570748,0.000238471926718,2.9917037229789823e-05,0.0003422236617548,411.13416945930896,649.4679521903538,730.8248665771314,1.5796983088135983,22150.0,1112,8,growth_rate_summary_seed101_all.csv,EG10016,101,0.00023063108804795,1.0301601535409823,1,8,0
gene_ko_trial40_seed101,27,KO: EG10017,0.0002191745993023,0.0002169355037454,4.758651986370937e-05,0.000571544207544,411.080910936358,547.1848628814687,764.7429192494712,1.3310879885789242,23364.0,1172,8,growth_rate_summary_seed101_all.csv,EG10017,101,0.00023063108804795,0.9503254793505197,1,8,0
gene_ko_trial40_seed101,30,KO: EG10031,0.0002392956220571,0.0002299403627356,4.17120062289792e-05,0.0006695077586102,411.0605536009459,649.2796613429643,860.5465124483892,1.579523152137044,21886.0,1098,8,growth_rate_summary_seed101_all.csv,EG10031,101,0.00023063108804795,1.0375688034188546,1,8,0
gene_ko_trial40_seed101,32,KO: EG10034,9.3925332190992e-05,6.627343673866405e-05,6.880515580748298e-05,0.0005850077702925,411.0356551497878,280.4084839162164,729.6974630098966,0.6821999026192294,39349.0,1970,8,growth_rate_summary_seed101_all.csv,EG10034,101,0.00023063108804795,0.4072535623274873,0,6,1
gene_ko_trial40_seed101,33,KO: EG10035,0.0002381912921493,0.0002373077524927,3.061441229945059e-05,0.0003352529621858,410.9999472340397,673.5230629624609,754.0211504217584,1.638742456039611,22233.0,1116,8,growth_rate_summary_seed101_all.csv,EG10035,101,0.00023063108804795,1.032780507456038,1,8,0
gene_ko_trial40_seed101,34,KO: EG10039,0.0002031841953922,0.0002036940954811,3.983664415126396e-05,0.0003314935174497,411.03186756698153,510.2720768906793,752.6800766857702,1.2414416427396,24896.0,1249,8,growth_rate_summary_seed101_all.csv,EG10039,101,0.00023063108804795,0.8809922249074956,1,8,0
gene_ko_trial40_seed101,37,KO: EG10046,0.0002514950392307,0.0002534636372776,2.8206237950194674e-05,0.0004697932756733,411.053867527258,721.8917317340508,772.8422703852984,1.7561973959196002,21266.0,1068,8,growth_rate_summary_seed101_all.csv,EG10046,101,0.00023063108804795,1.0904646089100192,1,8,0
gene_ko_trial40_seed101,39,KO: EG10051,0.0002279570341233,0.0002299651333485,3.8853280644085725e-05,0.000328512537234,411.0811268753139,565.8388965659924,764.5755830077003,1.3764652755211957,22572.0,1133,8,growth_rate_summary_seed101_all.csv,EG10051,101,0.00023063108804795,0.9884054923068566,1,8,0
gene_ko_trial40_seed101,40,KO: EG10054,0.0002288151931481,0.0002252221508842,4.952569606556302e-05,0.0006252820982461,411.0605306391079,596.9688740212239,759.699984555775,1.4522651277004623,22522.0,1130,8,growth_rate_summary_seed101_all.csv,EG10054,101,0.00023063108804795,0.9921264088236341,1,8,0
gene_knockout_metabolic1,4,KO: EG10030,0.0002192358864495,0.0002145541848087,3.716620393372711e-05,0.0003311516463213,380.00703558226746,570.8293154225742,757.9210403818763,1.5021545970798105,23876.0,1199,8,growth_rate_summary_default_all.csv,EG10030,0,0.00023063108804795,0.9505912160632879,1,8,0
gene_knockout_metabolic1,5,KO: EG10032,0.0002382957245438,0.0002399533142671,2.892860423059741e-05,0.0003143703339564,380.0046490148935,636.9753811126684,734.1121502292956,1.6762304955056049,22420.0,1124,8,growth_rate_summary_default_all.csv,EG10032,0,0.00023063108804795,1.0332333188934897,1,8,0
gene_knockout_metabolic1,6,KO: EG10043,0.0002400063559908,0.0002440237256126,3.010462943235944e-05,0.0003085410194401,379.890541557525,657.780694425587,746.0253618955228,1.7315005836384645,22334.0,1121,8,growth_rate_summary_default_all.csv,EG10043,0,0.00023063108804795,1.0406504952224862,1,8,0
gene_knockout_metabolic1,7,KO: EG10071,0.000109060607569,7.16827705092e-05,7.670840646093004e-05,0.0003667627823876,380.0119879716536,327.7519281703471,751.0285817300603,0.8624778652898583,36218.0,1816,8,growth_rate_summary_default_all.csv,EG10071,0,0.00023063108804795,0.4728790402546488,0,6,1
gene_knockout_metabolic1,8,KO: EG10084,0.0002231138008278,0.0002239557503035,2.5112439777273323e-05,0.000332020466053,379.9413316141827,663.0149564732637,696.5136288956335,1.74504561969197,24134.0,1211,8,growth_rate_summary_default_all.csv,EG10084,0,0.00023063108804795,0.9674055770894725,1,8,0
gene_knockout_metabolic1,10,KO: EG10107,0.0002084569015167,0.0002005195186982,5.9063708823803445e-05,0.0006155810901866,379.8795585221235,513.5939908075995,809.1410442114841,1.3519916491576336,24607.0,1234,8,growth_rate_summary_default_all.csv,EG10107,0,0.00023063108804795,0.9038543037760816,1,8,0
gene_knockout_metabolic1,12,KO: EG10112,0.0002148863798295,0.0002129134755217,3.5145074053217154e-05,0.0003268438898886,380.01867064879366,561.8419326921082,739.5413610485471,1.478458760283787,24252.0,1217,8,growth_rate_summary_default_all.csv,EG10112,0,0.00023063108804795,0.9317320646071073,1,8,0
gene_knockout_metabolic1,13,KO: EG10122,0.0002348745638536,0.000228077809586,4.0495552050752704e-05,0.0003435171074796,379.9601610392789,760.846041857797,788.0180253781953,2.002436360108668,23359.0,1172,8,growth_rate_summary_default_all.csv,EG10122,0,0.00023063108804795,1.0183994093839064,1,8,0
gene_knockout_metabolic1,14,KO: EG10124,0.0002238733827203,0.0002219508982007,3.3798870687547306e-05,0.0005952583329914,379.9624214847852,664.0625213352082,709.9136344253184,1.7477057829567475,24081.0,1208,8,growth_rate_summary_default_all.csv,EG10124,0,0.00023063108804795,0.9706990701693909,1,8,0
gene_knockout_metabolic1,16,KO: EG10138,0.0002236616037561,0.000231245638379,3.401918746774206e-05,0.0003064171992185,379.9491815529042,563.3219570501803,705.2186880991685,1.4826244782204994,23310.0,1169,8,growth_rate_summary_default_all.csv,EG10138,0,0.00023063108804795,0.9697808116380173,1,8,0
gene_knockout_non_metabolic1,1,KO: EG10001,0.0002205218037555,0.0002195624138097,2.7937256684729357e-05,0.0003178232575652,379.89713408537375,615.5329293524701,724.5982990604773,1.6202621028832038,23981.0,1203,8,growth_rate_summary_default_all.csv,EG10001,0,0.00023063108804795,0.95616686207391,1,8,0
gene_knockout_non_metabolic1,2,KO: EG10004,0.0002361535299475,0.0002342287696328,4.423592771274819e-05,0.0005999634797726,379.890034588455,688.7736387633345,735.3894046527496,1.813086883180553,22892.0,1148,8,growth_rate_summary_default_all.csv,EG10004,0,0.00023063108804795,1.0239449154330913,1,8,0
gene_knockout_non_metabolic1,6,KO: EG10016,0.0002378703742981,0.0002366940715243,4.083367560673448e-05,0.0006023619481349,379.87808527090215,683.3435695436287,764.9251138539,1.7988496731953263,22662.0,1137,8,growth_rate_summary_default_all.csv,EG10016,0,0.00023063108804795,1.0313890304703626,1,8,0
gene_knockout_non_metabolic1,7,KO: EG10017,0.0002407829324573,0.0002439976282116,3.211960422931222e-05,0.0003047214570795,379.89883438247546,709.4196740851814,755.7778812375684,1.8673910259249449,22489.0,1129,8,growth_rate_summary_default_all.csv,EG10017,0,0.00023063108804795,1.0440176755669615,1,8,0
gene_knockout_non_metabolic1,10,KO: EG10031,0.0002223358468938,0.0002153820094148,4.210188411224611e-05,0.0006108867347197,380.0181065348155,573.4678871524084,774.0940255052817,1.5090541142409222,23502.0,1179,8,growth_rate_summary_default_all.csv,EG10031,0,0.00023063108804795,0.9640324241438546,1,8,0
gene_knockout_non_metabolic1,12,KO: EG10034,9.58670727497859e-05,6.989957611953725e-05,6.880125456453557e-05,0.0003515911288281,380.0046490148935,287.0625545332223,730.0430474931791,0.7554185331084501,39625.0,1986,8,growth_rate_summary_default_all.csv,EG10034,0,0.00023063108804795,0.415672811333459,0,6,1
gene_knockout_non_metabolic1,13,KO: EG10035,0.0002345330931051,0.0002305448937307,3.370225265415073e-05,0.0003204916418658,380.0166900893604,680.879694814405,753.7193236511896,1.7917099763547149,23030.0,1154,8,growth_rate_summary_default_all.csv,EG10035,0,0.00023063108804795,1.0169188164968408,1,8,0
gene_knockout_non_metabolic1,14,KO: EG10039,0.0002253516371239,0.000222223522726,3.100725861605542e-05,0.0003124092541821,380.0046490148935,686.0517996073695,734.19070381766,1.8053773852132036,24036.0,1206,8,growth_rate_summary_default_all.csv,EG10039,0,0.00023063108804795,0.9771086761601178,1,8,0
gene_knockout_non_metabolic1,17,KO: EG10046,0.0002223323243535,0.0002209561987701,3.196965928065226e-05,0.0007201119382096,379.9488713897355,587.5432518155685,722.6829577247634,1.5463745152512678,23614.0,1184,8,growth_rate_summary_default_all.csv,EG10046,0,0.00023063108804795,0.964017150659565,1,8,0
gene_knockout_non_metabolic1,19,KO: EG10051,0.0002163566704142,0.0002216755771042,3.299859929214362e-05,0.0004311849630729,380.0012663366084,684.431333351039,735.0232597386384,1.8011290855666882,24886.0,1248,8,growth_rate_summary_default_all.csv,EG10051,0,0.00023063108804795,0.938107140045308,1,8,0
gene_knockout_non_metabolic1,20,KO: EG10054,0.000241993569743,0.0002388261839348,3.006420956738407e-05,0.000317119294301,379.9384396520608,664.0770586678614,786.9965249260515,1.7478543610275614,22131.0,1111,8,growth_rate_summary_default_all.csv,EG10054,0,0.00023063108804795,1.0492669127619416,1,8,0
