project,variant,lineage_seed,label,gene_id,run_type,n_generations,mean_growth_over_generations,total_fold_change_mass,mean_log_fold_change_mass,step_scale
gene_ko_441imported_2seeds,1,100,KO: EG10109,EG10109,KO,8,0.0001899134946550576,1.0871402472088074,0.0104438277609534,20.0
gene_ko_441imported_2seeds,1,101,KO: EG10109,EG10109,KO,8,0.00020378807341505197,0.8094917665621543,-0.02641858461658235,20.0
gene_ko_441imported_2seeds,2,100,KO: EG10894,EG10894,KO,6,0.0001456532018528704,0.722284844272462,-0.05422261612322066,20.0
gene_ko_441imported_2seeds,2,101,KO: EG10894,EG10894,KO,6,0.00016066302973682356,0.5400601988044187,-0.10267911106162113,20.0
gene_ko_441imported_2seeds,3,100,KO: EG11288,EG11288,KO,8,0.0001923287613779979,1.2141296155215888,0.02425343178175668,20.0
gene_ko_441imported_2seeds,3,101,KO: EG11288,EG11288,KO,8,0.00019623556987525805,0.7622779101516556,-0.03393050978768075,20.0
gene_ko_441imported_2seeds,4,100,KO: EG10539,EG10539,KO,8,0.000191688298271802,2.567852911730553,0.11788376335297651,20.0
gene_ko_441imported_2seeds,4,101,KO: EG10539,EG10539,KO,8,0.00020821700181813686,0.8520594236218595,-0.020012376068739568,20.0
gene_ko_441imported_2seeds,5,100,KO: EG12087,EG12087,KO,8,0.00021081418059394627,1.1799998434660361,0.020689288227707867,20.0
gene_ko_441imported_2seeds,5,101,KO: EG12087,EG12087,KO,8,0.00020786329286644586,0.788387675349462,-0.02972066703874421,20.0
gene_ko_441imported_2seeds,6,100,KO: EG10878,EG10878,KO,4,0.00010151111758560297,1.0703068983573771,0.016986357060827656,20.0
gene_ko_441imported_2seeds,6,101,KO: EG10878,EG10878,KO,5,0.00010687721603875816,0.5789580833450283,-0.10930503978867505,20.0
gene_ko_441imported_2seeds,7,100,KO: EG10891,EG10891,KO,5,0.00040311902718100193,7.9359329975092185,0.4142801854185499,20.0
gene_ko_441imported_2seeds,7,101,KO: EG10891,EG10891,KO,6,0.0005243735434520557,6.086429316638546,0.3010102651104285,20.0
gene_ko_441imported_2seeds,8,100,KO: EG10796,EG10796,KO,6,0.000213421813725797,0.7675274250791869,-0.04409684452616589,20.0
gene_ko_441imported_2seeds,8,101,KO: EG10796,EG10796,KO,8,0.00017949205185698594,0.7357492716988976,-0.038358235218102624,20.0
gene_ko_441imported_2seeds,9,100,KO: G6561,G6561,KO,8,0.00020915855377623839,1.2205339854109554,0.024911056993167827,20.0
gene_ko_441imported_2seeds,9,101,KO: G6561,G6561,KO,8,0.00019438234061665006,0.7885906053067521,-0.02968849634227691,20.0
gene_ko_441imported_2seeds,10,100,KO: EG11050,EG11050,KO,8,0.000189786381973225,1.2857257673877156,0.031415419803934724,20.0
gene_ko_441imported_2seeds,10,101,KO: EG11050,EG11050,KO,8,0.00017909039496324323,0.7109464553763236,-0.04264477011360162,20.0
gene_ko_441imported_2seeds,11,100,KO: EG10887,EG10887,KO,6,0.0003559365487673948,4.698299834127871,0.2578667843089414,20.0
gene_ko_441imported_2seeds,11,101,KO: EG10887,EG10887,KO,6,0.0003611724141935147,5.035871026258838,0.2694310842500774,20.0
gene_ko_441imported_2seeds,12,100,KO: EG10582,EG10582,KO,8,0.00018507596941501114,1.0067356848855253,0.0008391376891277447,20.0
gene_ko_441imported_2seeds,12,101,KO: EG10582,EG10582,KO,8,0.00021459033652233167,0.9229662511753671,-0.010020326177685335,20.0
gene_ko_441imported_2seeds,13,100,KO: EG20248,EG20248,KO,8,0.00019956761478694346,1.4582686912756297,0.04715623802207719,20.0
gene_ko_441imported_2seeds,13,101,KO: EG20248,EG20248,KO,8,0.00021378961770318486,0.8419613826505937,-0.021502641203373432,20.0
gene_ko_441imported_2seeds,14,100,KO: EG12712,EG12712,KO,8,0.00020772011669916823,1.278905875207465,0.030750615925043266,20.0
gene_ko_441imported_2seeds,14,101,KO: EG12712,EG12712,KO,8,0.0002057728104792922,0.8808368793083656,-0.015860353026136975,20.0
gene_ko_441imported_2seeds,15,100,KO: EG10420,EG10420,KO,8,0.0001851269405493512,2.6014213297724686,0.11950724511968744,20.0
gene_ko_441imported_2seeds,15,101,KO: EG10420,EG10420,KO,8,0.00019572884006702283,0.8394016455710256,-0.02188324595889339,20.0
gene_ko_441imported_2seeds,16,100,KO: EG10120,EG10120,KO,8,0.00020175784654198538,1.2647678808239204,0.02936107649033505,20.0
gene_ko_441imported_2seeds,16,101,KO: EG10120,EG10120,KO,8,0.00021460913870219498,0.7524051435060221,-0.035560043180777795,20.0
gene_ko_441imported_2seeds,17,100,KO: EG11029,EG11029,KO,8,0.00019295139275896016,1.2965062752950745,0.03245914577077287,20.0
gene_ko_441imported_2seeds,17,101,KO: EG11029,EG11029,KO,8,0.00020955668093658718,0.7219589623809273,-0.04072337256403462,20.0
gene_ko_441imported_2seeds,18,100,KO: EG12293,EG12293,KO,8,0.00018232560429762277,1.297419736371995,0.032547184241277845,20.0
gene_ko_441imported_2seeds,18,101,KO: EG12293,EG12293,KO,8,0.00018907622088524677,0.6666177643033204,-0.05069230804296085,20.0
gene_ko_441imported_2seeds,19,100,KO: EG10410,EG10410,KO,6,0.0001139131330980616,1.057125046561249,0.009258833860902852,20.0
gene_ko_441imported_2seeds,19,101,KO: EG10410,EG10410,KO,7,0.0001200555092498758,0.49281039062071,-0.10109011173166514,20.0
gene_ko_441imported_2seeds,20,100,KO: EG10895,EG10895,KO,6,0.0001456532018528704,0.722284844272462,-0.05422261612322066,20.0
gene_ko_441imported_2seeds,20,101,KO: EG10895,EG10895,KO,6,0.00016066302973682356,0.5400601988044187,-0.10267911106162113,20.0
gene_ko_441imported_2seeds,21,100,KO: EG10549,EG10549,KO,8,0.00019575966992068538,2.453667509805822,0.11219798100407044,20.0
gene_ko_441imported_2seeds,21,101,KO: EG10549,EG10549,KO,8,0.00021080663414415707,0.7813080036765073,-0.03084822949769979,20.0
gene_ko_441imported_2seeds,22,100,KO: EG10099,EG10099,KO,8,0.00021909817001400513,1.1810426058875239,0.020799701584483042,20.0
gene_ko_441imported_2seeds,22,101,KO: EG10099,EG10099,KO,8,0.0002218542916572675,0.8096194040146383,-0.02639887666584556,20.0
gene_ko_441imported_2seeds,23,100,KO: EG10581,EG10581,KO,6,0.0001235211987438104,0.9458078435559665,-0.009285975961347817,20.0
gene_ko_441imported_2seeds,23,101,KO: EG10581,EG10581,KO,7,0.0001275954370371866,0.4976569657402769,-0.09969203758861618,20.0
gene_ko_441imported_2seeds,24,100,KO: EG10872,EG10872,KO,5,0.0004496519857867063,13.655759441396667,0.5228322739478399,20.0
gene_ko_441imported_2seeds,24,101,KO: EG10872,EG10872,KO,6,0.0003987228244665547,3.9430182846166404,0.22865774868658226,20.0
gene_ko_441imported_2seeds,25,100,KO: EG11575,EG11575,KO,5,9.467687470573388e-05,1.7816495015461027,0.11550792429144283,20.0
gene_ko_441imported_2seeds,25,101,KO: EG11575,EG11575,KO,5,0.00011277166123537241,0.64822509212012,-0.08670345571280016,20.0
gene_ko_441imported_2seeds,26,100,KO: EG10105,EG10105,KO,8,0.00021909817001400513,1.1810426058875239,0.020799701584483042,20.0
gene_ko_441imported_2seeds,26,101,KO: EG10105,EG10105,KO,8,0.0002218542916572675,0.8096194040146383,-0.02639887666584556,20.0
gene_ko_441imported_2seeds,27,100,KO: G6842,G6842,KO,8,0.00019159063948682092,0.9744816485982131,-0.0032311989774529842,20.0
gene_ko_441imported_2seeds,27,101,KO: G6842,G6842,KO,8,0.00021952451809064425,0.8487933420726264,-0.02049244195533051,20.0
gene_ko_441imported_2seeds,28,100,KO: EG10182,EG10182,KO,8,0.00019767675744780815,1.1155013472290751,0.01366299282816659,20.0
gene_ko_441imported_2seeds,28,101,KO: EG10182,EG10182,KO,8,0.00021061182659321486,0.7733699623904571,-0.03212471736893892,20.0
gene_ko_441imported_2seeds,29,100,KO: EG12075,EG12075,KO,8,0.00020132691774964466,1.095580358295384,0.011410528804968817,20.0
gene_ko_441imported_2seeds,29,101,KO: EG12075,EG12075,KO,8,0.0002038867559461322,0.7700839409637036,-0.032656969479681455,20.0
gene_ko_441imported_2seeds,30,100,KO: EG10078,EG10078,KO,6,0.00011233489782828509,0.9742423790205967,-0.004349192866713499,20.0
gene_ko_441imported_2seeds,30,101,KO: EG10078,EG10078,KO,7,0.00011790166740931986,0.4966123716893253,-0.09999221334754238,20.0
gene_ko_441imported_2seeds,31,100,KO: EG10892,EG10892,KO,5,0.0004937538220325041,10.646034238035702,0.4730374901584664,20.0
gene_ko_441imported_2seeds,31,101,KO: EG10892,EG10892,KO,5,0.0003106490383035118,4.360626539413153,0.29452314974742144,20.0
gene_ko_441imported_2seeds,32,100,KO: EG11040,EG11040,KO,8,0.00020739439650956865,1.2005645678296961,0.0228489899184445,20.0
gene_ko_441imported_2seeds,32,101,KO: EG11040,EG11040,KO,8,0.00019869211305538652,0.7976754073629664,-0.028256690246399485,20.0
gene_ko_441imported_2seeds,33,100,KO: EG10794,EG10794,KO,7,0.00020838029282732677,0.8664966551970422,-0.020471004280612517,20.0
gene_ko_441imported_2seeds,33,101,KO: EG10794,EG10794,KO,8,0.0005772438543564558,0.7809056827888132,-0.03091261263876334,20.0
gene_ko_441imported_2seeds,34,100,KO: G6701,G6701,KO,8,0.0002022018198480817,1.2211087981765831,0.02496991211932617,20.0
gene_ko_441imported_2seeds,34,101,KO: G6701,G6701,KO,8,0.0001931563979258264,0.7425132761603865,-0.03721431601430561,20.0
gene_ko_441imported_2seeds,35,100,KO: G6237,G6237,KO,8,0.00018683463040969678,1.0455211155523112,0.005564429536163561,20.0
gene_ko_441imported_2seeds,35,101,KO: G6237,G6237,KO,8,0.0002137062271733952,0.7480294863812859,-0.03628911018609781,20.0
gene_ko_441imported_2seeds,36,100,KO: EG10709,EG10709,KO,7,0.00013022438500974473,0.7851978988828393,-0.03454564178343193,20.0
gene_ko_441imported_2seeds,36,101,KO: EG10709,EG10709,KO,7,0.00014525469172005674,0.6020274963870339,-0.07249316566498168,20.0
gene_ko_441imported_2seeds,37,100,KO: G7836,G7836,KO,8,0.00021038159037928416,1.2556917063093842,0.028460822644565197,20.0
gene_ko_441imported_2seeds,37,101,KO: G7836,G7836,KO,8,0.0002160414360195675,0.8084026434593029,-0.026586877933596986,20.0
gene_ko_441imported_2seeds,38,100,KO: EG11736,EG11736,KO,8,0.00019424428733495492,1.3725525792700513,0.03958402534873129,20.0
gene_ko_441imported_2seeds,38,101,KO: EG11736,EG11736,KO,8,0.00022706168056231085,0.7798652063092402,-0.031079273332042315,20.0
gene_ko_441imported_2seeds,39,100,KO: EG12078,EG12078,KO,8,0.00020132691774964466,1.095580358295384,0.011410528804968817,20.0
gene_ko_441imported_2seeds,39,101,KO: EG12078,EG12078,KO,8,0.0002038867559461322,0.7700839409637036,-0.032656969479681455,20.0
gene_ko_441imported_2seeds,40,100,KO: EG11663,EG11663,KO,8,0.00020928327622691216,1.3762241828919557,0.039917956231735136,20.0
gene_ko_441imported_2seeds,40,101,KO: EG11663,EG11663,KO,8,0.00020148031255090354,0.7933764341266757,-0.02893218421617183,20.0
gene_ko_441imported_2seeds,41,100,KO: EG10904,EG10904,KO,6,0.00039978196014028026,10.776083520649737,0.3962215316158524,20.0
gene_ko_441imported_2seeds,41,101,KO: EG10904,EG10904,KO,7,0.00013262482495277772,0.30948657701108706,-0.16754865110195719,20.0
gene_ko_441imported_2seeds,42,100,KO: EG10532,EG10532,KO,7,0.00012419723116987165,0.6696463866566187,-0.057286498147446255,20.0
gene_ko_441imported_2seeds,42,101,KO: EG10532,EG10532,KO,7,0.00014273434076385178,0.5292592353545325,-0.09089670274699112,20.0
gene_ko_441imported_2seeds,43,100,KO: EG10188,EG10188,KO,8,0.0001856440096200698,1.2622389355463963,0.02911088463238111,20.0
gene_ko_441imported_2seeds,43,101,KO: EG10188,EG10188,KO,8,0.00021356940168544732,0.7996198995183078,-0.027952348728032372,20.0
gene_ko_441imported_2seeds,44,100,KO: EG10808,EG10808,KO,8,0.00019531234413666085,1.3208365903966448,0.03478316455596122,20.0
gene_ko_441imported_2seeds,44,101,KO: EG10808,EG10808,KO,8,0.00018919620553603436,0.641288390327615,-0.055534502041484766,20.0
gene_ko_441imported_2seeds,45,100,KO: EG10052,EG10052,KO,8,0.00020932544607612995,1.2045879582498613,0.023267195638193197,20.0
gene_ko_441imported_2seeds,45,101,KO: EG10052,EG10052,KO,8,0.00022458016523957766,0.7843146067110554,-0.03036813188180315,20.0
gene_ko_441imported_2seeds,46,100,KO: EG10027,EG10027,KO,8,0.00020271336084107803,1.3595691749785415,0.03839598330719756,20.0
gene_ko_441imported_2seeds,46,101,KO: EG10027,EG10027,KO,8,0.0001987400823908993,0.8144384704481451,-0.025657049565176074,20.0
gene_ko_441imported_2seeds,47,100,KO: EG12424,EG12424,KO,8,0.00019782020405656865,1.266203314459212,0.029502863345897842,20.0
gene_ko_441imported_2seeds,47,101,KO: EG12424,EG12424,KO,8,0.000196332846893463,0.7516664739373117,-0.0356828215145238,20.0
gene_ko_441imported_2seeds,48,100,KO: EG10196,EG10196,KO,6,0.00017977558368758974,5.025261864705688,0.26907959416109634,20.0
gene_ko_441imported_2seeds,48,101,KO: EG10196,EG10196,KO,6,0.00013313765717272726,0.4884694519728368,-0.11941305729981617,20.0
gene_ko_441imported_2seeds,49,100,KO: EG11112,EG11112,KO,8,0.00020828459023979965,1.169468485063777,0.019568669915014852,20.0
gene_ko_441imported_2seeds,49,101,KO: EG11112,EG11112,KO,8,0.00019482356874467435,0.7308524810158249,-0.03919295549418925,20.0
gene_ko_441imported_2seeds,50,100,KO: G6397,G6397,KO,8,0.00018720449893653825,2.7094309675374477,0.12459232972066545,20.0
gene_ko_441imported_2seeds,50,101,KO: G6397,G6397,KO,8,0.00020286658913574543,0.7333599542632899,-0.03876482846182401,20.0
gene_ko_441imported_2seeds,51,100,KO: EG10073,EG10073,KO,8,0.0002036747170077488,1.3031380246485416,0.03309690261115163,20.0
gene_ko_441imported_2seeds,51,101,KO: EG10073,EG10073,KO,8,0.00019382950448905252,0.862431719325703,-0.018499912401200025,20.0
gene_ko_441imported_2seeds,52,100,KO: EG10137,EG10137,KO,8,0.00021863338223256491,1.226469465759192,0.025517461122480337,20.0
gene_ko_441imported_2seeds,52,101,KO: EG10137,EG10137,KO,8,0.00020014077576434867,0.8729364582239773,-0.016986563916384437,20.0
gene_ko_441imported_2seeds,53,100,KO: EG10361,EG10361,KO,8,0.00020587972298768785,1.2845622593766908,0.03130225076622542,20.0
gene_ko_441imported_2seeds,53,101,KO: EG10361,EG10361,KO,8,0.00019678672208538764,0.7907685816766642,-0.029343739783969702,20.0
gene_ko_441imported_2seeds,54,100,KO: EG10383,EG10383,KO,4,9.53540680534133e-05,1.1249562595085616,0.029436038615921367,20.0
gene_ko_441imported_2seeds,54,101,KO: EG10383,EG10383,KO,5,0.00010600350211204185,0.6602377109120792,-0.08303106815160058,20.0
gene_ko_441imported_2seeds,55,100,KO: EG10928,EG10928,KO,8,0.00020436847155285868,2.499451651646638,0.11450892105930238,20.0
gene_ko_441imported_2seeds,55,101,KO: EG10928,EG10928,KO,8,0.00018824141789911084,0.8151532380044374,-0.02554739516548478,20.0
gene_ko_441imported_2seeds,56,100,KO: EG10036,EG10036,KO,8,0.00020792103347200025,1.1667346786677728,0.019276121766132567,20.0
gene_ko_441imported_2seeds,56,101,KO: EG10036,EG10036,KO,8,0.00019799881548605955,0.7944508069889847,-0.028763026483131254,20.0
gene_ko_441imported_2seeds,57,100,KO: EG10866,EG10866,KO,6,0.0003559365487673948,4.698299834127871,0.2578667843089414,20.0
gene_ko_441imported_2seeds,57,101,KO: EG10866,EG10866,KO,6,0.0003611724141935147,5.035871026258838,0.2694310842500774,20.0
gene_ko_441imported_2seeds,58,100,KO: EG10774,EG10774,KO,8,0.00018847487327607474,1.090496960964508,0.010829189978508603,20.0
gene_ko_441imported_2seeds,58,101,KO: EG10774,EG10774,KO,8,0.00021309399283149513,0.7744882521869495,-0.031944098436834475,20.0
gene_ko_441imported_2seeds,59,100,KO: EG10914,EG10914,KO,5,0.0003380867287023189,9.84571378820865,0.4574072424148484,20.0
gene_ko_441imported_2seeds,59,101,KO: EG10914,EG10914,KO,5,0.0005982789778472356,6.312598525558807,0.3685094804977981,20.0
gene_ko_441imported_2seeds,60,100,KO: EG11027,EG11027,KO,7,9.591691154892511e-05,1.8475584450521292,0.08769500114421105,20.0
gene_ko_441imported_2seeds,60,101,KO: EG11027,EG11027,KO,7,0.00011023105310466138,0.5680889741438573,-0.08078246112985799,20.0
gene_ko_441imported_2seeds,61,100,KO: EG10118,EG10118,KO,8,0.00020175784654198538,1.2647678808239204,0.02936107649033505,20.0
gene_ko_441imported_2seeds,61,101,KO: EG10118,EG10118,KO,8,0.00021460913870219498,0.7524051435060221,-0.035560043180777795,20.0
gene_ko_441imported_2seeds,62,100,KO: EG11221,EG11221,KO,8,0.0002070844759472461,1.3452559899550027,0.03707304025599854,20.0
gene_ko_441imported_2seeds,62,101,KO: EG11221,EG11221,KO,8,0.00018405408534187632,0.7534882418943892,-0.03538023321122212,20.0
gene_ko_441imported_2seeds,63,100,KO: EG12713,EG12713,KO,8,0.000214364711630736,1.3035608400597694,0.03313745346079714,20.0
gene_ko_441imported_2seeds,63,101,KO: EG12713,EG12713,KO,8,0.00021072108318978322,0.8758147490014404,-0.016575085519014793,20.0
gene_ko_441imported_2seeds,64,100,KO: EG10095,EG10095,KO,8,0.00019355490383386474,1.1386006684966004,0.016225003082028143,20.0
gene_ko_441imported_2seeds,64,101,KO: EG10095,EG10095,KO,8,0.00020617063438580237,0.8222150377453888,-0.024469164380187577,20.0
gene_ko_441imported_2seeds,65,100,KO: EG10905,EG10905,KO,6,0.0005620456273865466,8.168356672335321,0.3500446244905307,20.0
gene_ko_441imported_2seeds,65,101,KO: EG10905,EG10905,KO,6,0.0003897421711660152,3.0613880532653144,0.18647807088193238,20.0
gene_ko_441imported_2seeds,66,100,KO: G6775,G6775,KO,8,0.00019959663711682356,2.7824706290260934,0.127917406063222,20.0
gene_ko_441imported_2seeds,66,101,KO: G6775,G6775,KO,8,0.00021213643176695146,0.8339740681987565,-0.022694121299207407,20.0
gene_ko_441imported_2seeds,67,100,KO: EG10759,EG10759,KO,8,0.00018748259905016835,1.223855898399007,0.025250805886654452,20.0
gene_ko_441imported_2seeds,67,101,KO: EG10759,EG10759,KO,8,0.0002148514437885505,0.8123015279027935,-0.025985458496030886,20.0
gene_ko_441imported_2seeds,68,100,KO: EG10791,EG10791,KO,8,0.000208318083311401,1.3177486040521844,0.034490584676337206,20.0
gene_ko_441imported_2seeds,68,101,KO: EG10791,EG10791,KO,8,0.00022153633893851093,0.734297274144822,-0.03860516583917182,20.0
gene_ko_441imported_2seeds,69,100,KO: G7859,G7859,KO,8,0.0001962278705771359,1.2022366258158095,0.02302295960229015,20.0
gene_ko_441imported_2seeds,69,101,KO: G7859,G7859,KO,8,0.00019654764455532116,0.7562925168775883,-0.03491588131910359,20.0
gene_ko_441imported_2seeds,70,100,KO: EG11692,EG11692,KO,8,0.00018599464372725486,1.1532424091374314,0.017822182660724314,20.0
gene_ko_441imported_2seeds,70,101,KO: EG11692,EG11692,KO,8,0.00019359970598136243,0.7250316673109972,-0.040192493253964096,20.0
gene_ko_441imported_2seeds,71,100,KO: EG10100,EG10100,KO,8,0.00021909817001400513,1.1810426058875239,0.020799701584483042,20.0
gene_ko_441imported_2seeds,71,101,KO: EG10100,EG10100,KO,8,0.0002218542916572675,0.8096194040146383,-0.02639887666584556,20.0
gene_ko_441imported_2seeds,72,100,KO: EG11699,EG11699,KO,8,0.00018865842468396697,1.0811119976011028,0.009748767355227894,20.0
gene_ko_441imported_2seeds,72,101,KO: EG11699,EG11699,KO,8,0.00021092906549013914,0.8578543264270979,-0.019165122078486543,20.0
gene_ko_441imported_2seeds,73,100,KO: EG10770,EG10770,KO,7,0.0001324653070426458,0.8936212047558085,-0.016067614560742332,20.0
gene_ko_441imported_2seeds,73,101,KO: EG10770,EG10770,KO,8,0.00013294145358424493,0.4861493582661931,-0.09015492259498209,20.0
gene_ko_441imported_2seeds,74,100,KO: G7889,G7889,KO,8,0.00019706386875349038,1.2312864279166837,0.02600743739896582,20.0
gene_ko_441imported_2seeds,74,101,KO: G7889,G7889,KO,8,0.0001922286416401583,0.6660212407541541,-0.050804214490758004,20.0
gene_ko_441imported_2seeds,75,100,KO: EG11008,EG11008,KO,8,0.00019021397958327791,5.995337503548301,0.22387276055010052,20.0
gene_ko_441imported_2seeds,75,101,KO: EG11008,EG11008,KO,8,0.00020335592644889184,0.9315332689642866,-0.008865421763000217,20.0
gene_ko_441imported_2seeds,76,100,KO: EG10446,EG10446,KO,6,0.00011065086952399441,1.02543143018376,0.004185571921668481,20.0
gene_ko_441imported_2seeds,76,101,KO: EG10446,EG10446,KO,6,0.00012775204398267315,0.6380323858048136,-0.07489437257935248,20.0
gene_ko_441imported_2seeds,77,100,KO: EG10098,EG10098,KO,8,0.00021909817001400513,1.1810426058875239,0.020799701584483042,20.0
gene_ko_441imported_2seeds,77,101,KO: EG10098,EG10098,KO,8,0.0002218542916572675,0.8096194040146383,-0.02639887666584556,20.0
gene_ko_441imported_2seeds,78,100,KO: EG10390,EG10390,KO,7,0.000138907432093746,0.6722505027204713,-0.05673203371652989,20.0
gene_ko_441imported_2seeds,78,101,KO: EG10390,EG10390,KO,8,0.00014151455752682739,0.39376629177033406,-0.11649971422169954,20.0
gene_ko_441imported_2seeds,79,100,KO: EG10710,EG10710,KO,7,0.00013022438500974473,0.7851978988828393,-0.03454564178343193,20.0
gene_ko_441imported_2seeds,79,101,KO: EG10710,EG10710,KO,7,0.00014525469172005674,0.6020274963870339,-0.07249316566498168,20.0
gene_ko_441imported_2seeds,80,100,KO: G7868,G7868,KO,8,0.0001883550096939271,1.260909798300048,0.028979190318104087,20.0
gene_ko_441imported_2seeds,80,101,KO: G7868,G7868,KO,8,0.00021223679205085365,0.795452394669707,-0.028605534534537472,20.0
gene_ko_441imported_2seeds,81,100,KO: EG10629,EG10629,KO,8,0.00019580460542388328,1.1986532841856412,0.02264983292580628,20.0
gene_ko_441imported_2seeds,81,101,KO: EG10629,EG10629,KO,8,0.00019356887577637612,0.7348390496648195,-0.038512972974599546,20.0
gene_ko_441imported_2seeds,82,100,KO: G6662,G6662,KO,8,0.00020297183072861435,1.1979714640477046,0.022578709968735747,20.0
gene_ko_441imported_2seeds,82,101,KO: G6662,G6662,KO,8,0.00021964407560712176,0.7716468284398326,-0.032403538718211264,20.0
gene_ko_441imported_2seeds,83,100,KO: EG10007,EG10007,KO,8,0.00019988903504358926,1.2671042006884212,0.029591767502005942,20.0
gene_ko_441imported_2seeds,83,101,KO: EG10007,EG10007,KO,8,0.00020165595778238988,0.8028705852925381,-0.02744521775536833,20.0
gene_ko_441imported_2seeds,84,100,KO: EG10876,EG10876,KO,6,0.00039978196014028026,10.776083520649737,0.3962215316158524,20.0
gene_ko_441imported_2seeds,84,101,KO: EG10876,EG10876,KO,7,0.00013262482495277772,0.30948657701108706,-0.16754865110195719,20.0
gene_ko_441imported_2seeds,85,100,KO: EG12144,EG12144,KO,8,0.00019957563559747936,1.2125000097142253,0.02408554398015418,20.0
gene_ko_441imported_2seeds,85,101,KO: EG12144,EG12144,KO,8,0.0001836623962870985,0.8868770848247444,-0.015006110039603629,20.0
gene_ko_441imported_2seeds,86,100,KO: EG10652,EG10652,KO,8,0.00019306865753744394,1.244635235925905,0.027355312974583275,20.0
gene_ko_441imported_2seeds,86,101,KO: EG10652,EG10652,KO,8,0.0001931819394249902,0.8010598070404247,-0.027727458654051268,20.0
gene_ko_441imported_2seeds,87,100,KO: EG20049,EG20049,KO,8,0.00020286783986465923,1.2038475158277804,0.023190336360315637,20.0
gene_ko_441imported_2seeds,87,101,KO: EG20049,EG20049,KO,8,0.00021489052287545701,0.778759339994912,-0.031256651922434445,20.0
gene_ko_441imported_2seeds,88,100,KO: EG10445,EG10445,KO,6,0.00011645203695569716,1.0242746096907,0.00399744403188292,20.0
gene_ko_441imported_2seeds,88,101,KO: EG10445,EG10445,KO,6,0.00012337477162106765,0.6039059848343286,-0.08405612456841703,20.0
gene_ko_441imported_2seeds,89,100,KO: EG11268,EG11268,KO,8,0.0002140245674232916,1.1888033140093395,0.02161839783379861,20.0
gene_ko_441imported_2seeds,89,101,KO: EG11268,EG11268,KO,8,0.0002047052418250465,0.9019792001325521,-0.012895477363175228,20.0
gene_ko_441imported_2seeds,90,100,KO: EG10072,EG10072,KO,8,0.00021019021086418578,1.1130826992547664,0.013391671568405143,20.0
gene_ko_441imported_2seeds,90,101,KO: EG10072,EG10072,KO,8,0.00021125581768766845,0.825580222754075,-0.023958604942406356,20.0
gene_ko_441imported_2seeds,91,100,KO: EG11796,EG11796,KO,8,0.0001925450883940193,1.1096256303294378,0.01300283605780679,20.0
gene_ko_441imported_2seeds,91,101,KO: EG11796,EG11796,KO,8,0.0002061679279953882,0.8340518984809369,-0.022682456270636003,20.0
gene_ko_441imported_2seeds,92,100,KO: G0-10441,G0-10441,KO,8,0.0002000813235460671,1.1995381060079844,0.022742071379554273,20.0
gene_ko_441imported_2seeds,92,101,KO: G0-10441,G0-10441,KO,8,0.00018468353355908918,0.7628686447553591,-0.033833677350275884,20.0
gene_ko_441imported_2seeds,93,100,KO: EG10123,EG10123,KO,8,0.0002091006767552256,1.3435005440746564,0.036909819255179666,20.0
gene_ko_441imported_2seeds,93,101,KO: EG10123,EG10123,KO,8,0.00022006489435895897,0.8818392241603337,-0.015718190640484284,20.0
gene_ko_441imported_2seeds,94,100,KO: EG12088,EG12088,KO,8,0.00021081418059394627,1.1799998434660361,0.020689288227707867,20.0
gene_ko_441imported_2seeds,94,101,KO: EG12088,EG12088,KO,8,0.00020786329286644586,0.788387675349462,-0.02972066703874421,20.0
gene_ko_441imported_2seeds,95,100,KO: EG10865,EG10865,KO,6,0.0003559365487673948,4.698299834127871,0.2578667843089414,20.0
gene_ko_441imported_2seeds,95,101,KO: EG10865,EG10865,KO,6,0.0003611724141935147,5.035871026258838,0.2694310842500774,20.0
gene_ko_441imported_2seeds,96,100,KO: EG12715,EG12715,KO,8,0.0002095867687318677,1.1808657665971791,0.020780983744627834,20.0
gene_ko_441imported_2seeds,96,101,KO: EG12715,EG12715,KO,8,0.0001922114661561304,0.7615655881305113,-0.03404737252224477,20.0
gene_ko_441imported_2seeds,97,100,KO: G7833,G7833,KO,8,0.00021529180227647878,1.1765789035010241,0.020326374154456192,20.0
gene_ko_441imported_2seeds,97,101,KO: G7833,G7833,KO,8,0.00021346155734533167,0.7522873252841076,-0.03557961831400251,20.0
gene_ko_441imported_2seeds,98,100,KO: EG10920,EG10920,KO,6,0.0006338271198912192,5.652129945823317,0.2886720759467171,20.0
gene_ko_441imported_2seeds,98,101,KO: EG10920,EG10920,KO,6,0.00037563676720430957,6.079922489284767,0.30083199123731885,20.0
gene_ko_441imported_2seeds,99,100,KO: EG12625,EG12625,KO,8,0.00020264730339823687,1.1624113760099246,0.018812077485362386,20.0
gene_ko_441imported_2seeds,99,101,KO: EG12625,EG12625,KO,8,0.0001982997108248394,0.8862533775201328,-0.015094048764866794,20.0
gene_ko_441imported_2seeds,100,100,KO: EG10537,EG10537,KO,8,0.0002074870081119201,1.2258811375119765,0.02545748516943784,20.0
gene_ko_441imported_2seeds,100,101,KO: EG10537,EG10537,KO,8,0.00019367941220212274,0.785680626119343,-0.030150612152374703,20.0
gene_ko_441imported_2seeds,101,100,KO: EG10864,EG10864,KO,5,0.0004496519857867063,13.655759441396667,0.5228322739478399,20.0
gene_ko_441imported_2seeds,101,101,KO: EG10864,EG10864,KO,6,0.0003987228244665547,3.9430182846166404,0.22865774868658226,20.0
gene_ko_441imported_2seeds,102,100,KO: G7542,G7542,KO,8,0.00022155975476094558,1.120175277698896,0.014185646375990034,20.0
gene_ko_441imported_2seeds,102,101,KO: G7542,G7542,KO,8,0.00021461435237176937,0.772313168370195,-0.03229564408798927,20.0
gene_ko_441imported_2seeds,103,100,KO: EG10115,EG10115,KO,8,0.00020677034090960914,1.408312122093832,0.04279898884905711,20.0
gene_ko_441imported_2seeds,103,101,KO: EG10115,EG10115,KO,8,0.00020738059066553003,0.7547764869706666,-0.03516670216377181,20.0
gene_ko_441imported_2seeds,104,100,KO: G6437,G6437,KO,8,0.00021817199227504349,1.376473948700237,0.03994063995848495,20.0
gene_ko_441imported_2seeds,104,101,KO: G6437,G6437,KO,8,0.00019805065599588054,0.774374815600321,-0.031962408090733294,20.0
gene_ko_441imported_2seeds,105,100,KO: G7158,G7158,KO,8,0.00018037804919611704,1.0992085937026688,0.011823807574785017,20.0
gene_ko_441imported_2seeds,105,101,KO: G7158,G7158,KO,8,0.00019737077685948642,0.7696194068359425,-0.03273239539573854,20.0
gene_ko_441imported_2seeds,106,100,KO: G7888,G7888,KO,8,0.00019706386875349038,1.2312864279166837,0.02600743739896582,20.0
gene_ko_441imported_2seeds,106,101,KO: G7888,G7888,KO,8,0.0001922286416401583,0.6660212407541541,-0.050804214490758004,20.0
gene_ko_441imported_2seeds,107,100,KO: EG10661,EG10661,KO,8,0.00020770913213427817,1.1701593461967337,0.01964249160834209,20.0
gene_ko_441imported_2seeds,107,101,KO: EG10661,EG10661,KO,8,0.0002126791782295307,0.8779072794439985,-0.016276786900181334,20.0
gene_ko_441imported_2seeds,108,100,KO: EG10330,EG10330,KO,8,0.00020364500134003186,1.2626394071782898,0.02915053719984098,20.0
gene_ko_441imported_2seeds,108,101,KO: EG10330,EG10330,KO,8,0.0002034413793601405,0.8960859391857389,-0.013714869542111,20.0
gene_ko_441imported_2seeds,109,100,KO: EG10192,EG10192,KO,8,0.000215141670394356,1.2410683580442623,0.026996573467338095,20.0
gene_ko_441imported_2seeds,109,101,KO: EG10192,EG10192,KO,8,0.00020191370877521874,0.740780694675068,-0.03750633201169848,20.0
gene_ko_441imported_2seeds,110,100,KO: EG50006,EG50006,KO,8,0.00022010285512169645,1.3676634477221243,0.03913797139825542,20.0
gene_ko_441imported_2seeds,110,101,KO: EG50006,EG50006,KO,8,0.00019480894590031585,0.7453776584655875,-0.036733033116289865,20.0
gene_ko_441imported_2seeds,111,100,KO: EG10356,EG10356,KO,8,0.00018556410888485324,1.0814640667515525,0.009789467559877765,20.0
gene_ko_441imported_2seeds,111,101,KO: EG10356,EG10356,KO,8,0.00020682402997731274,0.8131146817531857,-0.02586038992691625,20.0
gene_ko_441imported_2seeds,112,100,KO: G6105,G6105,KO,8,0.00021400052935163097,1.2806884477022171,0.030924722888692392,20.0
gene_ko_441imported_2seeds,112,101,KO: G6105,G6105,KO,8,0.00019633108659654336,0.7279497075739045,-0.03969041452183375,20.0
gene_ko_441imported_2seeds,113,100,KO: EG11375,EG11375,KO,8,0.00020647819254084314,1.1949216289913922,0.022260075099858855,20.0
gene_ko_441imported_2seeds,113,101,KO: EG11375,EG11375,KO,8,0.00020011272964384096,0.7488419276446168,-0.036153420283896336,20.0
gene_ko_441imported_2seeds,114,100,KO: EG10350,EG10350,KO,8,0.0001960376788774453,1.1936067375799513,0.02212244940084361,20.0
gene_ko_441imported_2seeds,114,101,KO: EG10350,EG10350,KO,8,0.00021018696698671174,0.6863934430203397,-0.047038035445413406,20.0
gene_ko_441imported_2seeds,115,100,KO: EG11576,EG11576,KO,5,9.467687470573388e-05,1.7816495015461027,0.11550792429144283,20.0
gene_ko_441imported_2seeds,115,101,KO: EG11576,EG11576,KO,5,0.00011277166123537241,0.64822509212012,-0.08670345571280016,20.0
gene_ko_441imported_2seeds,116,100,KO: M004,M004,KO,8,0.00019394784767912603,1.0779801982684731,0.009386137920614407,20.0
gene_ko_441imported_2seeds,116,101,KO: M004,M004,KO,8,0.00020171888783371137,0.7574810818295588,-0.03471958954911389,20.0
gene_ko_441imported_2seeds,117,100,KO: EG50002,EG50002,KO,5,0.0003342084995450416,12.620470435284455,0.5070640266764402,20.0
gene_ko_441imported_2seeds,117,101,KO: EG50002,EG50002,KO,5,0.00027453880858763945,5.02293761268301,0.32280298887217884,20.0
gene_ko_441imported_2seeds,118,100,KO: EG10464,EG10464,KO,8,0.00020284158735850907,1.2413904116562486,0.027029006394092434,20.0
gene_ko_441imported_2seeds,118,101,KO: EG10464,EG10464,KO,8,0.00019809247087083164,0.7072532742120983,-0.04329580491421109,20.0
gene_ko_441imported_2seeds,119,100,KO: EG11934,EG11934,KO,8,0.00018745493408573127,1.2487138824521762,0.02776426595014113,20.0
gene_ko_441imported_2seeds,119,101,KO: EG11934,EG11934,KO,8,0.00019079667471553287,0.6920411594226502,-0.04601373077485045,20.0
gene_ko_441imported_2seeds,120,100,KO: EG10045,EG10045,KO,8,0.00020862237372115214,1.266531756643597,0.02953528305986377,20.0
gene_ko_441imported_2seeds,120,101,KO: EG10045,EG10045,KO,8,0.000193096035381112,0.7024983535202279,-0.0441390276900538,20.0
gene_ko_441imported_2seeds,121,100,KO: EG10637,EG10637,KO,8,0.000215569052047386,1.266378091814887,0.02952011623217425,20.0
gene_ko_441imported_2seeds,121,101,KO: EG10637,EG10637,KO,8,0.0001929838344921476,0.892896082273217,-0.014160634263997746,20.0
gene_ko_441imported_2seeds,122,100,KO: EG10868,EG10868,KO,6,0.00039978196014028026,10.776083520649737,0.3962215316158524,20.0
gene_ko_441imported_2seeds,122,101,KO: EG10868,EG10868,KO,7,0.00013262482495277772,0.30948657701108706,-0.16754865110195719,20.0
gene_ko_441imported_2seeds,123,100,KO: EG10064,EG10064,KO,8,0.00019776057606713755,1.2780836612247353,0.03067022705374039,20.0
gene_ko_441imported_2seeds,123,101,KO: EG10064,EG10064,KO,8,0.00020803776538896407,0.7512751634449322,-0.03574791228243665,20.0
gene_ko_441imported_2seeds,124,100,KO: EG10707,EG10707,KO,6,0.00010787766456964148,0.9049528133390563,-0.016645412766398304,20.0
gene_ko_441imported_2seeds,124,101,KO: EG10707,EG10707,KO,7,0.00015051579602986132,3.271296633611257,0.1693123471934887,20.0
gene_ko_441imported_2seeds,125,100,KO: EG10918,EG10918,KO,6,0.0003559365487673948,4.698299834127871,0.2578667843089414,20.0
gene_ko_441imported_2seeds,125,101,KO: EG10918,EG10918,KO,6,0.0003611724141935147,5.035871026258838,0.2694310842500774,20.0
gene_ko_441imported_2seeds,126,100,KO: EG10077,EG10077,KO,8,0.00021414734547399995,1.286429931655394,0.03148386086735207,20.0
gene_ko_441imported_2seeds,126,101,KO: EG10077,EG10077,KO,8,0.00019679214418774236,0.8232344415473017,-0.024314282090399417,20.0
gene_ko_441imported_2seeds,127,100,KO: EG11746,EG11746,KO,8,0.00020786493119716605,1.4149355563972024,0.04338549835948622,20.0
gene_ko_441imported_2seeds,127,101,KO: EG11746,EG11746,KO,8,0.0001852237131800971,0.6983714747793007,-0.04487551487038999,20.0
gene_ko_441imported_2seeds,128,100,KO: EG10195,EG10195,KO,8,0.00020277147120960457,1.089938834228516,0.010765197409980304,20.0
gene_ko_441imported_2seeds,128,101,KO: EG10195,EG10195,KO,8,0.00020997098505993228,0.7122128037258173,-0.04242231632362453,20.0
gene_ko_441imported_2seeds,129,100,KO: EG10079,EG10079,KO,8,0.00019167681916775964,1.1868653640252138,0.021414460471666466,20.0
gene_ko_441imported_2seeds,129,101,KO: EG10079,EG10079,KO,8,0.0002172004855354521,0.8869509058659694,-0.01499570584009062,20.0
gene_ko_441imported_2seeds,130,100,KO: EG11673,EG11673,KO,8,0.0001863982671246488,1.205627592413533,0.0233750318675984,20.0
gene_ko_441imported_2seeds,130,101,KO: EG11673,EG11673,KO,8,0.00021286910631319718,0.8786347498347327,-0.016173249606424633,20.0
gene_ko_441imported_2seeds,131,100,KO: G6710,G6710,KO,8,0.00020375732329758423,1.2072161055648507,0.02353962120487646,20.0
gene_ko_441imported_2seeds,131,101,KO: G6710,G6710,KO,8,0.0002100782697144549,0.7421660351389117,-0.03727278672666143,20.0
gene_ko_441imported_2seeds,132,100,KO: EG10214,EG10214,KO,8,0.00019886364954830568,1.4073609792775503,0.042714538096233864,20.0
gene_ko_441imported_2seeds,132,101,KO: EG10214,EG10214,KO,8,0.0002045175348623122,0.6450346773058111,-0.05480640004584168,20.0
gene_ko_441imported_2seeds,133,100,KO: EG10883,EG10883,KO,6,0.0003559365487673948,4.698299834127871,0.2578667843089414,20.0
gene_ko_441imported_2seeds,133,101,KO: EG10883,EG10883,KO,6,0.0003611724141935147,5.035871026258838,0.2694310842500774,20.0
gene_ko_441imported_2seeds,134,100,KO: EG11867,EG11867,KO,8,0.0001989452876969162,1.3081699727685752,0.0335786491490309,20.0
gene_ko_441imported_2seeds,134,101,KO: EG11867,EG11867,KO,8,0.0001922396995993352,0.8194769642238297,-0.024886123842908336,20.0
gene_ko_441imported_2seeds,135,100,KO: EG10906,EG10906,KO,4,0.00040374613794112935,11.591065386612613,0.6125586440111008,20.0
gene_ko_441imported_2seeds,135,101,KO: EG10906,EG10906,KO,5,0.00044764641733679495,6.359622565714072,0.369993806115507,20.0
gene_ko_441imported_2seeds,136,100,KO: EG12026,EG12026,KO,8,0.0002080084847462096,2.7540131861483954,0.1266323985367115,20.0
gene_ko_441imported_2seeds,136,101,KO: EG12026,EG12026,KO,8,0.000207120952478555,0.8459460873250155,-0.02091245599658914,20.0
gene_ko_441imported_2seeds,137,100,KO: EG10200,EG10200,KO,8,0.0002161036876149243,1.2212282023963075,0.02498213445184943,20.0
gene_ko_441imported_2seeds,137,101,KO: EG10200,EG10200,KO,8,0.0002069361687343296,0.8194076384686828,-0.024896698985763785,20.0
gene_ko_441imported_2seeds,138,100,KO: EG10793,EG10793,KO,6,0.000213421813725797,0.7675274250791869,-0.04409684452616589,20.0
gene_ko_441imported_2seeds,138,101,KO: EG10793,EG10793,KO,8,0.00017949205185698594,0.7357492716988976,-0.038358235218102624,20.0
gene_ko_441imported_2seeds,139,100,KO: G7726,G7726,KO,8,0.00017771556701284897,1.2173975883136308,0.024589432007723247,20.0
gene_ko_441imported_2seeds,139,101,KO: G7726,G7726,KO,8,0.00018502906417574644,0.6743756426580216,-0.049245998750232,20.0
gene_ko_441imported_2seeds,140,100,KO: EG10980,EG10980,KO,8,0.00020958834053748038,1.2905640036226544,0.03188491686685001,20.0
gene_ko_441imported_2seeds,140,101,KO: EG10980,EG10980,KO,8,0.00021377054626776134,0.834754193224147,-0.022577247105209225,20.0
gene_ko_441imported_2seeds,141,100,KO: EG11428,EG11428,KO,8,0.00021595805552670268,1.3217740985241149,0.03487185603166098,20.0
gene_ko_441imported_2seeds,141,101,KO: EG11428,EG11428,KO,8,0.00020425135285421703,0.7392813840726781,-0.03775958340175381,20.0
gene_ko_441imported_2seeds,142,100,KO: G6096,G6096,KO,8,0.00020979363249487215,1.3663641499298318,0.039019163353740616,20.0
gene_ko_441imported_2seeds,142,101,KO: G6096,G6096,KO,8,0.00020786837723818237,0.7022129184647755,-0.04418982728586286,20.0
gene_ko_441imported_2seeds,143,100,KO: EG11631,EG11631,KO,8,0.00019219125499168456,1.1178529293734392,0.013926227264150326,20.0
gene_ko_441imported_2seeds,143,101,KO: EG11631,EG11631,KO,8,0.00018650387045242406,0.7072634140891565,-0.0432940128043791,20.0
gene_ko_441imported_2seeds,144,100,KO: EG10161,EG10161,KO,8,0.00019159069509847682,1.1277619206642784,0.015029383444749807,20.0
gene_ko_441imported_2seeds,144,101,KO: EG10161,EG10161,KO,8,0.00021327099843392145,0.7877283619540493,-0.029825245860713154,20.0
gene_ko_441imported_2seeds,145,100,KO: EG10877,EG10877,KO,6,0.0003559365487673948,4.698299834127871,0.2578667843089414,20.0
gene_ko_441imported_2seeds,145,101,KO: EG10877,EG10877,KO,6,0.0003611724141935147,5.035871026258838,0.2694310842500774,20.0
gene_ko_441imported_2seeds,146,100,KO: EG10012,EG10012,KO,8,0.0002056757347493442,1.1907993914140695,0.021828104885772984,20.0
gene_ko_441imported_2seeds,146,101,KO: EG10012,EG10012,KO,8,0.00021126011643536635,0.785969973691702,-0.030104586086583923,20.0
gene_ko_441imported_2seeds,147,100,KO: EG10066,EG10066,KO,8,0.00021303551379734878,1.194765757880033,0.02224376845736277,20.0
gene_ko_441imported_2seeds,147,101,KO: EG10066,EG10066,KO,8,0.00020130892610316817,0.7737047069058467,-0.032070624226691644,20.0
gene_ko_441imported_2seeds,148,100,KO: EG11082,EG11082,KO,8,0.00019837453195058378,1.1193797663571348,0.014096843984491514,20.0
gene_ko_441imported_2seeds,148,101,KO: EG11082,EG11082,KO,8,0.00021276252034641016,0.7143075992150262,-0.04205519977369224,20.0
gene_ko_441imported_2seeds,149,100,KO: EG12302,EG12302,KO,8,0.00019174863850203642,1.0663854129241959,0.008034351373192389,20.0
gene_ko_441imported_2seeds,149,101,KO: EG12302,EG12302,KO,8,0.00017800725509957058,0.6250147922539047,-0.058747495239945186,20.0
gene_ko_441imported_2seeds,150,100,KO: G6711,G6711,KO,8,0.00020375732329758423,1.2072161055648507,0.02353962120487646,20.0
gene_ko_441imported_2seeds,150,101,KO: G6711,G6711,KO,8,0.0002100782697144549,0.7421660351389117,-0.03727278672666143,20.0
gene_ko_441imported_2seeds,151,100,KO: EG10205,EG10205,KO,6,0.00011532660123875851,0.8561787874655881,-0.025879343464624376,20.0
gene_ko_441imported_2seeds,151,101,KO: EG10205,EG10205,KO,7,0.00011724256865986568,0.5168895183661816,-0.09427516069445556,20.0
gene_ko_441imported_2seeds,152,100,KO: EG11630,EG11630,KO,8,0.00019219125499168456,1.1178529293734392,0.013926227264150326,20.0
gene_ko_441imported_2seeds,152,101,KO: EG11630,EG11630,KO,8,0.00018650387045242406,0.7072634140891565,-0.0432940128043791,20.0
gene_ko_441imported_2seeds,153,100,KO: EG10119,EG10119,KO,8,0.00020175784654198538,1.2647678808239204,0.02936107649033505,20.0
gene_ko_441imported_2seeds,153,101,KO: EG10119,EG10119,KO,8,0.00021460913870219498,0.7524051435060221,-0.035560043180777795,20.0
gene_ko_441imported_2seeds,154,100,KO: EG10792,EG10792,KO,8,0.000183527796279685,1.0257909544875872,0.003182997240792587,20.0
gene_ko_441imported_2seeds,154,101,KO: EG10792,EG10792,KO,8,0.00021584462964647694,0.6878293413185693,-0.04677681527843008,20.0
gene_ko_441imported_2seeds,155,100,KO: EG10526,EG10526,KO,8,0.00018371224785933827,1.0650276746688399,0.007875098053539142,20.0
gene_ko_441imported_2seeds,155,101,KO: EG10526,EG10526,KO,8,0.000204401225921589,0.8484302639190738,-0.02054592314628985,20.0
gene_ko_441imported_2seeds,156,100,KO: EG10056,EG10056,KO,8,0.0001919540738981712,1.1939577100388226,0.022159199451899758,20.0
gene_ko_441imported_2seeds,156,101,KO: EG10056,EG10056,KO,8,0.0002066433280066865,0.8670381388959704,-0.017834039208714472,20.0
gene_ko_441imported_2seeds,157,100,KO: EG10901,EG10901,KO,4,0.0004591526734862681,14.817904115662468,0.6739590467929921,20.0
gene_ko_441imported_2seeds,157,101,KO: EG10901,EG10901,KO,5,0.000592541172866096,5.937972972192706,0.3562735649325505,20.0
gene_ko_441imported_2seeds,158,100,KO: EG10094,EG10094,KO,8,0.00015211722212137314,0.7958156213613841,-0.028548468928001336,20.0
gene_ko_441imported_2seeds,158,101,KO: EG10094,EG10094,KO,8,0.00017030119603424722,0.5293687077766555,-0.07950876247283087,20.0
gene_ko_441imported_2seeds,159,100,KO: G6879,G6879,KO,7,0.0001315283477526209,0.6778167969709404,-0.05555403407323071,20.0
gene_ko_441imported_2seeds,159,101,KO: G6879,G6879,KO,7,0.00014440957218171023,0.5055301307661454,-0.09744966234717492,20.0
gene_ko_441imported_2seeds,160,100,KO: EG10409,EG10409,KO,6,0.0001139131330980616,1.057125046561249,0.009258833860902852,20.0
gene_ko_441imported_2seeds,160,101,KO: EG10409,EG10409,KO,7,0.0001200555092498758,0.49281039062071,-0.10109011173166514,20.0
gene_ko_441imported_2seeds,161,100,KO: EG10999,EG10999,KO,7,0.00010915956755970688,0.8283734416395306,-0.026898744257338958,20.0
gene_ko_441imported_2seeds,161,101,KO: EG10999,EG10999,KO,7,0.00011679391481617793,0.4687017407786951,-0.1082555228575702,20.0
gene_ko_441imported_2seeds,162,100,KO: EG11351,EG11351,KO,8,0.0001865423230598769,1.1577468456307936,0.018309467725811296,20.0
gene_ko_441imported_2seeds,162,101,KO: EG11351,EG11351,KO,8,0.00020863432474321417,0.8404065871887857,-0.021733683985381863,20.0
gene_ko_441imported_2seeds,163,100,KO: EG10565,EG10565,KO,8,0.0002022808036277051,2.4270074392073853,0.11083237399077045,20.0
gene_ko_441imported_2seeds,163,101,KO: EG10565,EG10565,KO,8,0.00019830127033209429,0.7764964017507973,-0.03162040879217824,20.0
gene_ko_441imported_2seeds,164,100,KO: EG11102,EG11102,KO,8,0.00019811348103003593,1.3644664179868027,0.03884543120510307,20.0
gene_ko_441imported_2seeds,164,101,KO: EG11102,EG11102,KO,8,0.00020610932261882242,0.8414663224976402,-0.021576160868891414,20.0
gene_ko_441imported_2seeds,165,100,KO: EG11971,EG11971,KO,8,0.00020540245547310043,1.118986626364695,0.01405293473020669,20.0
gene_ko_441imported_2seeds,165,101,KO: EG11971,EG11971,KO,8,0.00020883597674436742,0.8878295840412189,-0.014871933033814178,20.0
gene_ko_441imported_2seeds,166,100,KO: EG11318,EG11318,KO,8,0.0002234341580902894,1.2625606559222562,0.02914274066351799,20.0
gene_ko_441imported_2seeds,166,101,KO: EG11318,EG11318,KO,8,0.00021782477416519642,0.812988777611759,-0.025879746650646407,20.0
gene_ko_441imported_2seeds,167,100,KO: G6517,G6517,KO,8,0.00021856466689434994,1.3339083565022445,0.036014155857427226,20.0
gene_ko_441imported_2seeds,167,101,KO: G6517,G6517,KO,8,0.0001994671934387755,0.7386397125542074,-0.03786812633416316,20.0
gene_ko_441imported_2seeds,168,100,KO: EG10893,EG10893,KO,4,0.00010151111758560297,1.0703068983573771,0.016986357060827656,20.0
gene_ko_441imported_2seeds,168,101,KO: EG10893,EG10893,KO,5,0.00010687721603875816,0.5789580833450283,-0.10930503978867505,20.0
gene_ko_441imported_2seeds,169,100,KO: EG10186,EG10186,KO,8,0.000207838531147622,1.3683623419622097,0.03920183174799348,20.0
gene_ko_441imported_2seeds,169,101,KO: EG10186,EG10186,KO,8,0.00018875285819118715,0.7722523181319612,-0.032305493174803246,20.0
gene_ko_441imported_2seeds,170,100,KO: EG11032,EG11032,KO,8,0.00020194547266179437,1.3107320173962003,0.03382322163156201,20.0
gene_ko_441imported_2seeds,170,101,KO: EG11032,EG11032,KO,8,0.0001902857420931812,0.9258277291343351,-0.009633387411876748,20.0
gene_ko_441imported_2seeds,171,100,KO: EG10117,EG10117,KO,8,0.00019635095659109578,1.1294027205846868,0.015211115891226923,20.0
gene_ko_441imported_2seeds,171,101,KO: EG10117,EG10117,KO,8,0.00022923583188831143,0.8741626778565418,-0.01681109879700607,20.0
gene_ko_441imported_2seeds,172,100,KO: EG10096,EG10096,KO,8,0.00015525544983158962,0.8422387176093228,-0.02146147404022089,20.0
gene_ko_441imported_2seeds,172,101,KO: EG10096,EG10096,KO,8,0.00015371156688200887,0.5394531357135643,-0.07714992052553367,20.0
gene_ko_441imported_2seeds,173,100,KO: G6943,G6943,KO,8,0.0001905958323916351,1.0642673825595337,0.007785832343388248,20.0
gene_ko_441imported_2seeds,173,101,KO: G6943,G6943,KO,8,0.00020367250081971064,0.8090754026853264,-0.026482895183039326,20.0
gene_ko_441imported_2seeds,174,100,KO: EG11957,EG11957,KO,8,0.00021635756836258603,2.5238555613066445,0.1157234646168466,20.0
gene_ko_441imported_2seeds,174,101,KO: EG11957,EG11957,KO,8,0.00020276351690566525,0.902449650768572,-0.012830297369178137,20.0
gene_ko_441imported_2seeds,175,100,KO: G7454,G7454,KO,8,0.00020581317349805986,1.155180339270172,0.018032058710219637,20.0
gene_ko_441imported_2seeds,175,101,KO: G7454,G7454,KO,8,0.0002065960626275464,0.7752663591154654,-0.03181857743689276,20.0
gene_ko_441imported_2seeds,176,100,KO: EG11810,EG11810,KO,8,0.00019051701503590174,1.2151703866316104,0.024360537858895748,20.0
gene_ko_441imported_2seeds,176,101,KO: EG11810,EG11810,KO,8,0.00022197943053443555,0.8751520351606803,-0.01666970665609166,20.0
gene_ko_441imported_2seeds,177,100,KO: G7579,G7579,KO,8,0.00022244924990181904,1.0652521097370498,0.007901436738096304,20.0
gene_ko_441imported_2seeds,177,101,KO: G7579,G7579,KO,8,0.0002044851666401532,0.7240354620926709,-0.04036436337561981,20.0
gene_ko_441imported_2seeds,178,100,KO: G7742,G7742,KO,8,0.0002022916768648788,1.2866330535012689,0.03150359628069683,20.0
gene_ko_441imported_2seeds,178,101,KO: G7742,G7742,KO,8,0.0001913272894711165,0.79487738711499,-0.028695925783314896,20.0
gene_ko_441imported_2seeds,179,100,KO: EG10076,EG10076,KO,8,0.0001918205635985019,1.1505952905001249,0.017534931544614683,20.0
gene_ko_441imported_2seeds,179,101,KO: EG10076,EG10076,KO,8,0.00021769748916778585,0.7624071858201793,-0.03390931267799967,20.0
gene_ko_441imported_2seeds,180,100,KO: EG10104,EG10104,KO,8,0.00021909817001400513,1.1810426058875239,0.020799701584483042,20.0
gene_ko_441imported_2seeds,180,101,KO: EG10104,EG10104,KO,8,0.0002218542916572675,0.8096194040146383,-0.02639887666584556,20.0
gene_ko_441imported_2seeds,181,100,KO: EG11866,EG11866,KO,8,0.0002071083419835126,1.5053700493870785,0.051129843496090344,20.0
gene_ko_441imported_2seeds,181,101,KO: EG11866,EG11866,KO,8,0.00020334083916358602,0.7282313204690257,-0.03964206666995118,20.0
gene_ko_441imported_2seeds,182,100,KO: G7663,G7663,KO,8,0.00021109318097270273,3.1750805559167596,0.1444166254956349,20.0
gene_ko_441imported_2seeds,182,101,KO: G7663,G7663,KO,8,0.00019904699655877154,0.7463765519297162,-0.03656563060345264,20.0
gene_ko_441imported_2seeds,183,100,KO: EG10465,EG10465,KO,8,0.0002007202919265819,1.2228742455721389,0.02515050335820037,20.0
gene_ko_441imported_2seeds,183,101,KO: EG10465,EG10465,KO,8,0.00018814491567434538,0.7380944083169083,-0.037960442251831955,20.0
gene_ko_441imported_2seeds,184,100,KO: EG10772,EG10772,KO,8,0.00019425066084684183,1.3243427838533686,0.03511454052466394,20.0
gene_ko_441imported_2seeds,184,101,KO: EG10772,EG10772,KO,8,0.00021269148154600575,0.7845969101823504,-0.03032314791181786,20.0
gene_ko_441imported_2seeds,185,100,KO: EG12319,EG12319,KO,8,0.00023264651596291083,1.3636508423541525,0.0387706932467313,20.0
gene_ko_441imported_2seeds,185,101,KO: EG12319,EG12319,KO,8,0.0001909387151704994,0.9381244680491532,-0.007984080453847991,20.0
gene_ko_441imported_2seeds,186,100,KO: G6269,G6269,KO,8,0.00019678072152173894,1.3815883691921103,0.04040422868170712,20.0
gene_ko_441imported_2seeds,186,101,KO: G6269,G6269,KO,8,0.0002035332930954623,0.7690224550242664,-0.03282938870139747,20.0
gene_ko_441imported_2seeds,187,100,KO: G6364,G6364,KO,8,0.0002005137062108329,1.1804267017127053,0.020734498091598184,20.0
gene_ko_441imported_2seeds,187,101,KO: G6364,G6364,KO,8,0.00019936661851523542,0.8286236826965431,-0.023498646021007416,20.0
gene_ko_441imported_2seeds,188,100,KO: G7723,G7723,KO,8,0.00017771556701284897,1.2173975883136308,0.024589432007723247,20.0
gene_ko_441imported_2seeds,188,101,KO: G7723,G7723,KO,8,0.00018502906417574644,0.6743756426580216,-0.049245998750232,20.0
gene_ko_441imported_2seeds,189,100,KO: EG10888,EG10888,KO,6,0.00039978196014028026,10.776083520649737,0.3962215316158524,20.0
gene_ko_441imported_2seeds,189,101,KO: EG10888,EG10888,KO,7,0.00013262482495277772,0.30948657701108706,-0.16754865110195719,20.0
gene_ko_441imported_2seeds,190,100,KO: EG10135,EG10135,KO,8,0.0001881105696044254,1.1000811979819551,0.011922999178408028,20.0
gene_ko_441imported_2seeds,190,101,KO: EG10135,EG10135,KO,8,0.00020556533045724344,0.7035590065960294,-0.043950441273334404,20.0
gene_ko_441imported_2seeds,191,100,KO: EG10886,EG10886,KO,5,0.00040311902718100193,7.9359329975092185,0.4142801854185499,20.0
gene_ko_441imported_2seeds,191,101,KO: EG10886,EG10886,KO,6,0.0005243735434520557,6.086429316638546,0.3010102651104285,20.0
gene_ko_441imported_2seeds,192,100,KO: EG10209,EG10209,KO,8,0.0002000365176797246,2.505195043962754,0.11479582417089118,20.0
gene_ko_441imported_2seeds,192,101,KO: EG10209,EG10209,KO,8,0.00017906595558741788,0.5241938086823292,-0.08073672489328879,20.0
gene_ko_441imported_2seeds,193,100,KO: EG10061,EG10061,KO,8,0.00019744437637330125,1.0892740349871297,0.010688931425206584,20.0
gene_ko_441imported_2seeds,193,101,KO: EG10061,EG10061,KO,8,0.00017905076653608346,0.8527129526792337,-0.01991653789431916,20.0
gene_ko_441imported_2seeds,194,100,KO: EG10148,EG10148,KO,8,0.00019481124103151363,1.3327055749318053,0.03590139284758273,20.0
gene_ko_441imported_2seeds,194,101,KO: EG10148,EG10148,KO,8,0.00019433020463800393,0.7365951774063726,-0.0382146027615361,20.0
gene_ko_441imported_2seeds,195,100,KO: EG10881,EG10881,KO,5,0.0003238104177032736,8.902800422672183,0.4372731762955325,20.0
gene_ko_441imported_2seeds,195,101,KO: EG10881,EG10881,KO,6,0.0005748507734609735,4.845491008411885,0.26300809725555135,20.0
gene_ko_441imported_2seeds,196,100,KO: EG11539,EG11539,KO,8,0.00019603705140443784,1.391155012335102,0.04126679327820382,20.0
gene_ko_441imported_2seeds,196,101,KO: EG11539,EG11539,KO,8,0.00020952215273204873,0.6970150851674976,-0.04511852818260553,20.0
gene_ko_441imported_2seeds,197,100,KO: G7501,G7501,KO,8,0.00019850442455268658,1.1560468973379125,0.01812579225733913,20.0
gene_ko_441imported_2seeds,197,101,KO: G7501,G7501,KO,8,0.00019616551540747832,0.8147669606249494,-0.025606643064100418,20.0
gene_ko_441imported_2seeds,198,100,KO: EG10183,EG10183,KO,8,0.00020277147120960457,1.089938834228516,0.010765197409980304,20.0
gene_ko_441imported_2seeds,198,101,KO: EG10183,EG10183,KO,8,0.00020997098505993228,0.7122128037258173,-0.04242231632362453,20.0
gene_ko_441imported_2seeds,199,100,KO: EG10063,EG10063,KO,5,0.0001239243031869647,0.9901026374658158,-0.0019893334038811996,20.0
gene_ko_441imported_2seeds,199,101,KO: EG10063,EG10063,KO,6,0.00013283533972201485,0.6051878430106076,-0.08370273080442032,20.0
gene_ko_441imported_2seeds,200,100,KO: EG10902,EG10902,KO,6,0.0003559365487673948,4.698299834127871,0.2578667843089414,20.0
gene_ko_441imported_2seeds,200,101,KO: EG10902,EG10902,KO,6,0.0003611724141935147,5.035871026258838,0.2694310842500774,20.0
gene_ko_441imported_2seeds,201,100,KO: EG10164,EG10164,KO,8,0.00021477274244584342,1.168057245953412,0.01941773689392546,20.0
gene_ko_441imported_2seeds,201,101,KO: EG10164,EG10164,KO,8,0.00021649670756637075,0.8102426698388041,-0.026302685473863406,20.0
gene_ko_441imported_2seeds,202,100,KO: EG11075,EG11075,KO,8,0.00020715579824867776,1.1604251250080007,0.01859830313176885,20.0
gene_ko_441imported_2seeds,202,101,KO: EG11075,EG11075,KO,8,0.00020967247353771386,0.8950278250983871,-0.013862558961893215,20.0
gene_ko_441imported_2seeds,203,100,KO: EG11443,EG11443,KO,8,0.00020863953609970404,2.5852975996856293,0.11873007836720922,20.0
gene_ko_441imported_2seeds,203,101,KO: EG11443,EG11443,KO,8,0.00021715436022843823,0.8079420674553599,-0.026658115215672164,20.0
gene_ko_441imported_2seeds,204,100,KO: EG10795,EG10795,KO,8,0.000183527796279685,1.0257909544875872,0.003182997240792587,20.0
gene_ko_441imported_2seeds,204,101,KO: EG10795,EG10795,KO,8,0.00021584462964647694,0.6878293413185693,-0.04677681527843008,20.0
gene_ko_441imported_2seeds,205,100,KO: EG10262,EG10262,KO,8,0.00020444533073641635,1.2562298832873378,0.028514384924177856,20.0
gene_ko_441imported_2seeds,205,101,KO: EG10262,EG10262,KO,8,0.00021406749661614848,0.8816148674750716,-0.015749997066228066,20.0
gene_ko_441imported_2seeds,206,100,KO: EG10221,EG10221,KO,8,0.00020432855109260648,1.296500010322752,0.03245854174482455,20.0
gene_ko_441imported_2seeds,206,101,KO: EG10221,EG10221,KO,8,0.00020029969483891254,0.6940587567004615,-0.04564983227819937,20.0
gene_ko_441imported_2seeds,207,100,KO: EG12563,EG12563,KO,8,0.0001990455061918699,1.3663929689348913,0.039021799794138265,20.0
gene_ko_441imported_2seeds,207,101,KO: EG12563,EG12563,KO,8,0.00020285545408081418,0.7640409226188253,-0.03364174095161137,20.0
gene_ko_441imported_2seeds,208,100,KO: EG10450,EG10450,KO,6,0.00011645203695569716,1.0242746096907,0.00399744403188292,20.0
gene_ko_441imported_2seeds,208,101,KO: EG10450,EG10450,KO,6,0.00012337477162106765,0.6039059848343286,-0.08405612456841703,20.0
gene_ko_441imported_2seeds,209,100,KO: EG10451,EG10451,KO,6,0.00011645203695569716,1.0242746096907,0.00399744403188292,20.0
gene_ko_441imported_2seeds,209,101,KO: EG10451,EG10451,KO,6,0.00012337477162106765,0.6039059848343286,-0.08405612456841703,20.0
gene_ko_441imported_2seeds,210,100,KO: EG10193,EG10193,KO,8,0.00020277147120960457,1.089938834228516,0.010765197409980304,20.0
gene_ko_441imported_2seeds,210,101,KO: EG10193,EG10193,KO,8,0.00020997098505993228,0.7122128037258173,-0.04242231632362453,20.0
gene_ko_441imported_2seeds,211,100,KO: EG11002,EG11002,KO,8,0.0001930732131893739,1.277256427135186,0.030589295153304205,20.0
gene_ko_441imported_2seeds,211,101,KO: EG11002,EG11002,KO,8,0.00019370353020665016,0.6624414003709752,-0.051477897163014846,20.0
gene_ko_441imported_2seeds,212,100,KO: EG10913,EG10913,KO,6,0.00039978196014028026,10.776083520649737,0.3962215316158524,20.0
gene_ko_441imported_2seeds,212,101,KO: EG10913,EG10913,KO,7,0.00013262482495277772,0.30948657701108706,-0.16754865110195719,20.0
gene_ko_441imported_2seeds,213,100,KO: EG10867,EG10867,KO,6,0.0003559365487673948,4.698299834127871,0.2578667843089414,20.0
gene_ko_441imported_2seeds,213,101,KO: EG10867,EG10867,KO,6,0.0003611724141935147,5.035871026258838,0.2694310842500774,20.0
gene_ko_441imported_2seeds,214,100,KO: EG12419,EG12419,KO,8,0.00019610143896540543,1.40195013919579,0.04223302799070304,20.0
gene_ko_441imported_2seeds,214,101,KO: EG12419,EG12419,KO,8,0.00020722965247475998,0.7666035819310415,-0.03322318169454096,20.0
gene_ko_441imported_2seeds,215,100,KO: G7565,G7565,KO,8,0.00021527564467826952,1.0743378888754977,0.008963069312439079,20.0
gene_ko_441imported_2seeds,215,101,KO: G7565,G7565,KO,8,0.00019774542118808274,0.7245462823211258,-0.0402762046901334,20.0
gene_ko_441imported_2seeds,216,100,KO: G6199,G6199,KO,8,0.00019142121154510258,1.1264859135558636,0.014887872025139554,20.0
gene_ko_441imported_2seeds,216,101,KO: G6199,G6199,KO,8,0.00021326493819037295,0.7876832754731036,-0.02983240057505679,20.0
gene_ko_441imported_2seeds,217,100,KO: EG11227,EG11227,KO,8,0.00020837319315802284,1.247271106826033,0.02761975628832105,20.0
gene_ko_441imported_2seeds,217,101,KO: EG11227,EG11227,KO,8,0.00021005983574992647,0.7363942061854515,-0.038248712176105995,20.0
gene_ko_441imported_2seeds,218,100,KO: EG10919,EG10919,KO,4,0.00035482987274802335,8.708468318055765,0.5410739805336785,20.0
gene_ko_441imported_2seeds,218,101,KO: EG10919,EG10919,KO,5,0.00044531840247496595,5.806050831829162,0.35178012412312787,20.0
gene_ko_441imported_2seeds,219,100,KO: G6627,G6627,KO,8,0.0002088740888176389,2.6899573885645616,0.12369066910074547,20.0
gene_ko_441imported_2seeds,219,101,KO: G6627,G6627,KO,8,0.00020912132217303566,0.742522818342913,-0.03721270962531585,20.0
gene_ko_441imported_2seeds,220,100,KO: EG10006,EG10006,KO,8,0.00020205873862166892,1.0628140246016669,0.007615016339456701,20.0
gene_ko_441imported_2seeds,220,101,KO: EG10006,EG10006,KO,8,0.0002186248391199679,0.7235994967032108,-0.04043965262585367,20.0
gene_ko_441imported_2seeds,221,100,KO: EG10585,EG10585,KO,8,0.00020664772468305208,1.2219554214716868,0.02505654751374041,20.0
gene_ko_441imported_2seeds,221,101,KO: EG10585,EG10585,KO,8,0.00019567739648048018,0.8110843727302861,-0.026172899356535065,20.0
gene_ko_441imported_2seeds,222,100,KO: EG10197,EG10197,KO,8,0.00020277147120960457,1.089938834228516,0.010765197409980304,20.0
gene_ko_441imported_2seeds,222,101,KO: EG10197,EG10197,KO,8,0.00020997098505993228,0.7122128037258173,-0.04242231632362453,20.0
gene_ko_441imported_2seeds,223,100,KO: G7911,G7911,KO,8,0.00019501915313675715,1.191720887115364,0.02192479826500133,20.0
gene_ko_441imported_2seeds,223,101,KO: G7911,G7911,KO,8,0.0002111569868703618,0.6653318173040619,-0.050933673672817883,20.0
gene_ko_441imported_2seeds,224,100,KO: G6800,G6800,KO,8,0.0001944661417323508,1.2087836901863305,0.023701829914932387,20.0
gene_ko_441imported_2seeds,224,101,KO: G6800,G6800,KO,8,0.0002110725283629613,0.7202669683616122,-0.0410166682882883,20.0
gene_ko_441imported_2seeds,225,100,KO: EG10110,EG10110,KO,8,0.0001899134946550576,1.0871402472088074,0.0104438277609534,20.0
gene_ko_441imported_2seeds,225,101,KO: EG10110,EG10110,KO,8,0.00020378807341505197,0.8094917665621543,-0.02641858461658235,20.0
gene_ko_441imported_2seeds,226,100,KO: EG10889,EG10889,KO,5,0.0003808392520342886,8.99492658443291,0.4393321411099224,20.0
gene_ko_441imported_2seeds,226,101,KO: EG10889,EG10889,KO,5,0.00034945329979386167,6.988739731257437,0.38886004880660013,20.0
gene_ko_441imported_2seeds,227,100,KO: EG11463,EG11463,KO,8,0.00017530078067385247,1.1121369199648594,0.01328541471417273,20.0
gene_ko_441imported_2seeds,227,101,KO: EG11463,EG11463,KO,8,0.00019147643929987195,0.756748809132296,-0.034840488092775845,20.0
gene_ko_441imported_2seeds,228,100,KO: EG12627,EG12627,KO,8,0.00020264730339823687,1.1624113760099246,0.018812077485362386,20.0
gene_ko_441imported_2seeds,228,101,KO: EG12627,EG12627,KO,8,0.0001982997108248394,0.8862533775201328,-0.015094048764866794,20.0
gene_ko_441imported_2seeds,229,100,KO: EG10065,EG10065,KO,8,0.00019776057606713755,1.2780836612247353,0.03067022705374039,20.0
gene_ko_441imported_2seeds,229,101,KO: EG10065,EG10065,KO,8,0.00020803776538896407,0.7512751634449322,-0.03574791228243665,20.0
gene_ko_441imported_2seeds,230,100,KO: EG10916,EG10916,KO,6,0.0003559365487673948,4.698299834127871,0.2578667843089414,20.0
gene_ko_441imported_2seeds,230,101,KO: EG10916,EG10916,KO,6,0.0003611724141935147,5.035871026258838,0.2694310842500774,20.0
gene_ko_441imported_2seeds,231,100,KO: EG12663,EG12663,KO,8,0.00022023090095194317,1.457742255472616,0.04711110480598622,20.0
gene_ko_441imported_2seeds,231,101,KO: EG12663,EG12663,KO,8,0.00019387150923740076,0.709960474462565,-0.04281824753342878,20.0
gene_ko_441imported_2seeds,232,100,KO: G7647,G7647,KO,8,0.00020950989332465497,1.3875294550317414,0.04094059940810364,20.0
gene_ko_441imported_2seeds,232,101,KO: G7647,G7647,KO,8,0.00022304270030638765,0.7824548666782439,-0.030664879574718897,20.0
gene_ko_441imported_2seeds,233,100,KO: EG11039,EG11039,KO,6,0.00011233489782828509,0.9742423790205967,-0.004349192866713499,20.0
gene_ko_441imported_2seeds,233,101,KO: EG11039,EG11039,KO,7,0.00011790166740931986,0.4966123716893253,-0.09999221334754238,20.0
gene_ko_441imported_2seeds,234,100,KO: EG11490,EG11490,KO,8,0.0001795056114041336,1.2815986770681398,0.031013533135152732,20.0
gene_ko_441imported_2seeds,234,101,KO: EG11490,EG11490,KO,8,0.00019299947256945022,0.7001159318932568,-0.04456366758266811,20.0
gene_ko_441imported_2seeds,235,100,KO: EG11198,EG11198,KO,8,0.0002102343313496887,1.24722896663689,0.02761553297824834,20.0
gene_ko_441imported_2seeds,235,101,KO: EG11198,EG11198,KO,8,0.00019891949551367516,0.7720702850761012,-0.03233496128210228,20.0
gene_ko_441imported_2seeds,236,100,KO: EG10074,EG10074,KO,7,0.00013451841226174772,0.5563368911108462,-0.0837687498517717,20.0
gene_ko_441imported_2seeds,236,101,KO: EG10074,EG10074,KO,7,0.00016247389640356723,0.44458741805853724,-0.11580122533085103,20.0
gene_ko_441imported_2seeds,237,100,KO: EG10807,EG10807,KO,7,0.00017777092654077802,0.6505574202838906,-0.061417959132529475,20.0
gene_ko_441imported_2seeds,237,101,KO: EG10807,EG10807,KO,8,0.00018472568805515523,0.5669092304812714,-0.07094450942554356,20.0
gene_ko_441imported_2seeds,238,100,KO: EG10058,EG10058,KO,8,0.00020066080161527537,1.2260987314470142,0.025479670703907706,20.0
gene_ko_441imported_2seeds,238,101,KO: EG10058,EG10058,KO,8,0.00019451440455489985,0.754363945581238,-0.03523504262281826,20.0
gene_ko_441imported_2seeds,239,100,KO: EG10907,EG10907,KO,6,0.00039978196014028026,10.776083520649737,0.3962215316158524,20.0
gene_ko_441imported_2seeds,239,101,KO: EG10907,EG10907,KO,7,0.00013262482495277772,0.30948657701108706,-0.16754865110195719,20.0
gene_ko_441imported_2seeds,240,100,KO: EG10869,EG10869,KO,6,0.00039978196014028026,10.776083520649737,0.3962215316158524,20.0
gene_ko_441imported_2seeds,240,101,KO: EG10869,EG10869,KO,7,0.00013262482495277772,0.30948657701108706,-0.16754865110195719,20.0
gene_ko_441imported_2seeds,241,100,KO: EG10880,EG10880,KO,5,0.00036577935100129226,20.01182050052652,0.5992646247987625,20.0
gene_ko_441imported_2seeds,241,101,KO: EG10880,EG10880,KO,6,0.00043024610816148017,3.4257385873223085,0.20521951573324457,20.0
gene_ko_441imported_2seeds,242,100,KO: G7865,G7865,KO,8,0.00019606650964407968,1.308725743958858,0.03363174366050553,20.0
gene_ko_441imported_2seeds,242,101,KO: G7865,G7865,KO,8,0.00018595293156191704,0.793764201495718,-0.028871104660892585,20.0
gene_ko_441imported_2seeds,243,100,KO: EG10803,EG10803,KO,8,0.0002068328222630537,1.2961291990562442,0.03242278544889006,20.0
gene_ko_441imported_2seeds,243,101,KO: EG10803,EG10803,KO,8,0.000189508917224293,0.7894587965773912,-0.029550954488834547,20.0
gene_ko_441imported_2seeds,244,100,KO: EG10885,EG10885,KO,5,0.0004100400839273133,9.648565477898856,0.45336184983212185,20.0
gene_ko_441imported_2seeds,244,101,KO: EG10885,EG10885,KO,5,0.0004244976301351792,10.302542967801957,0.46647815096822204,20.0
gene_ko_441imported_2seeds,245,100,KO: EG50011,EG50011,KO,8,0.000200147917726562,1.192533999263176,0.02201005678580594,20.0
gene_ko_441imported_2seeds,245,101,KO: EG50011,EG50011,KO,8,0.00021131572699473633,0.833385922396985,-0.02278230648859099,20.0
gene_ko_441imported_2seeds,246,100,KO: EG11232,EG11232,KO,6,0.0004124903072421536,10.330753986458104,0.3891875450740819,20.0
gene_ko_441imported_2seeds,246,101,KO: EG11232,EG11232,KO,6,0.00031268174737348746,6.248458572779689,0.3053891341625477,20.0
gene_ko_441imported_2seeds,247,100,KO: G7826,G7826,KO,8,0.00021201919519042462,1.2986196655066422,0.032662738074862877,20.0
gene_ko_441imported_2seeds,247,101,KO: G7826,G7826,KO,8,0.00019895824927909143,0.6836186425866179,-0.04754438211511183,20.0
gene_ko_441imported_2seeds,248,100,KO: G7185,G7185,KO,8,0.00019823856524056908,1.2379793543533086,0.026685062188813974,20.0
gene_ko_441imported_2seeds,248,101,KO: G7185,G7185,KO,8,0.00021387551927488308,0.7346740302301951,-0.038541046803539175,20.0
gene_ko_441imported_2seeds,249,100,KO: EG11226,EG11226,KO,5,9.467687470573388e-05,1.7816495015461027,0.11550792429144283,20.0
gene_ko_441imported_2seeds,249,101,KO: EG11226,EG11226,KO,5,0.00011277166123537241,0.64822509212012,-0.08670345571280016,20.0
gene_ko_441imported_2seeds,250,100,KO: EG10358,EG10358,KO,8,0.00019102208538882888,1.1537598424800757,0.01787825470735517,20.0
gene_ko_441imported_2seeds,250,101,KO: EG10358,EG10358,KO,8,0.00020419335642654003,0.786471443737151,-0.030024858146183164,20.0
gene_ko_441imported_2seeds,251,100,KO: EG10103,EG10103,KO,8,0.00021909817001400513,1.1810426058875239,0.020799701584483042,20.0
gene_ko_441imported_2seeds,251,101,KO: EG10103,EG10103,KO,8,0.0002218542916572675,0.8096194040146383,-0.02639887666584556,20.0
gene_ko_441imported_2seeds,252,100,KO: G7325,G7325,KO,8,0.00020152068436437106,1.2563892445378742,0.028530241013246964,20.0
gene_ko_441imported_2seeds,252,101,KO: G7325,G7325,KO,8,0.00021068491301946148,0.7896569182592817,-0.029519588566586347,20.0
gene_ko_441imported_2seeds,253,100,KO: G7293,G7293,KO,8,0.00020545593122078056,1.2925467865931235,0.032076815658744616,20.0
gene_ko_441imported_2seeds,253,101,KO: G7293,G7293,KO,8,0.0002024018795351021,0.7289992560286611,-0.039510320938851956,20.0
gene_ko_441imported_2seeds,254,100,KO: EG10497,EG10497,KO,8,0.00012576663291002363,0.7774530519993998,-0.03146650250405081,20.0
gene_ko_441imported_2seeds,254,101,KO: EG10497,EG10497,KO,8,0.00012752966380265665,0.4551019522357613,-0.09840422678543531,20.0
gene_ko_441imported_2seeds,255,100,KO: EG10448,EG10448,KO,6,0.00011645203695569716,1.0242746096907,0.00399744403188292,20.0
gene_ko_441imported_2seeds,255,101,KO: EG10448,EG10448,KO,6,0.00012337477162106765,0.6039059848343286,-0.08405612456841703,20.0
gene_ko_441imported_2seeds,256,100,KO: EG10782,EG10782,KO,8,0.00020448342992212336,1.4612226590364168,0.04740919037013952,20.0
gene_ko_441imported_2seeds,256,101,KO: EG10782,EG10782,KO,8,0.0002152297724878268,0.8238039773634388,-0.02422783361532163,20.0
gene_ko_441imported_2seeds,257,100,KO: G7406,G7406,KO,8,0.00021498895145054514,1.1444801918389091,0.016868819124868276,20.0
gene_ko_441imported_2seeds,257,101,KO: G7406,G7406,KO,8,0.00020137396034074586,0.8768803487666457,-0.016423091042357493,20.0
gene_ko_441imported_2seeds,258,100,KO: EG10755,EG10755,KO,8,0.00020374714420628236,1.1304696759028146,0.015329148595093656,20.0
gene_ko_441imported_2seeds,258,101,KO: EG10755,EG10755,KO,8,0.00021380207690687532,0.7897914583327754,-0.029498293145378995,20.0
gene_ko_441imported_2seeds,259,100,KO: EG12030,EG12030,KO,8,0.00019342206019870947,1.2360794434451003,0.026493078950241424,20.0
gene_ko_441imported_2seeds,259,101,KO: EG12030,EG12030,KO,8,0.00018477912027303685,0.8846773616276937,-0.015316532947006384,20.0
gene_ko_441imported_2seeds,260,100,KO: EG10134,EG10134,KO,8,0.0002103413403605653,2.8531911923066158,0.13105476055803775,20.0
gene_ko_441imported_2seeds,260,101,KO: EG10134,EG10134,KO,8,0.00018944451115959733,0.7164719302737252,-0.04167702608149654,20.0
gene_ko_441imported_2seeds,261,100,KO: G6092,G6092,KO,8,0.00018737247521545083,1.3208292845034248,0.034782473146300986,20.0
gene_ko_441imported_2seeds,261,101,KO: G6092,G6092,KO,8,0.00020724044837172508,0.868521755463329,-0.017620330518285376,20.0
gene_ko_441imported_2seeds,262,100,KO: G7507,G7507,KO,8,0.00019919478506035806,1.2662695012431573,0.02950939715581182,20.0
gene_ko_441imported_2seeds,262,101,KO: G7507,G7507,KO,8,0.00019991439279325158,0.8628011907054137,-0.018446373052511095,20.0
gene_ko_441imported_2seeds,263,100,KO: EG10520,EG10520,KO,8,0.00020227578441515444,1.4455661420475072,0.04606262982971841,20.0
gene_ko_441imported_2seeds,263,101,KO: EG10520,EG10520,KO,8,0.00020641524088568146,0.838535050368395,-0.022012362164793506,20.0
gene_ko_441imported_2seeds,264,100,KO: EG10634,EG10634,KO,8,0.0002094997949571738,1.2341365150484738,0.02629644343031763,20.0
gene_ko_441imported_2seeds,264,101,KO: EG10634,EG10634,KO,8,0.00020890510403691773,0.84129543991483,-0.02160154809054314,20.0
gene_ko_441imported_2seeds,265,100,KO: EG10806,EG10806,KO,8,0.00021363304390065996,1.1389920425159514,0.01626796225788421,20.0
gene_ko_441imported_2seeds,265,101,KO: EG10806,EG10806,KO,8,0.0002033015702774114,0.7307549127800511,-0.03920964401060158,20.0
gene_ko_441imported_2seeds,266,100,KO: EG10121,EG10121,KO,8,0.00020175784654198538,1.2647678808239204,0.02936107649033505,20.0
gene_ko_441imported_2seeds,266,101,KO: EG10121,EG10121,KO,8,0.00021460913870219498,0.7524051435060221,-0.035560043180777795,20.0
gene_ko_441imported_2seeds,267,100,KO: EG10911,EG10911,KO,4,0.00040374613794112935,11.591065386612613,0.6125586440111008,20.0
gene_ko_441imported_2seeds,267,101,KO: EG10911,EG10911,KO,5,0.00044764641733679495,6.359622565714072,0.369993806115507,20.0
gene_ko_441imported_2seeds,268,100,KO: EG10198,EG10198,KO,8,0.00020277147120960457,1.089938834228516,0.010765197409980304,20.0
gene_ko_441imported_2seeds,268,101,KO: EG10198,EG10198,KO,8,0.00020997098505993228,0.7122128037258173,-0.04242231632362453,20.0
gene_ko_441imported_2seeds,269,100,KO: EG10421,EG10421,KO,8,0.0001851269405493512,2.6014213297724686,0.11950724511968744,20.0
gene_ko_441imported_2seeds,269,101,KO: EG10421,EG10421,KO,8,0.00019572884006702283,0.8394016455710256,-0.02188324595889339,20.0
gene_ko_441imported_2seeds,270,100,KO: EG12504,EG12504,KO,8,0.00021548642216144372,1.2444124359523783,0.027332934940542487,20.0
gene_ko_441imported_2seeds,270,101,KO: EG12504,EG12504,KO,8,0.00020256841229788656,0.7535550528778997,-0.03536915008843031,20.0
gene_ko_441imported_2seeds,271,100,KO: EG10055,EG10055,KO,8,0.00020932544607612995,1.2045879582498613,0.023267195638193197,20.0
gene_ko_441imported_2seeds,271,101,KO: EG10055,EG10055,KO,8,0.00022458016523957766,0.7843146067110554,-0.03036813188180315,20.0
gene_ko_441imported_2seeds,272,100,KO: EG11556,EG11556,KO,8,0.00020308030918457984,1.2618320140269648,0.02907058054316505,20.0
gene_ko_441imported_2seeds,272,101,KO: EG11556,EG11556,KO,8,0.00021484544522990724,0.7977950103566435,-0.028237949222972653,20.0
gene_ko_441imported_2seeds,273,100,KO: EG10191,EG10191,KO,8,0.0002065333489420906,2.196680388320727,0.09836841330084915,20.0
gene_ko_441imported_2seeds,273,101,KO: EG10191,EG10191,KO,8,0.00020506273806607047,0.8672967697008981,-0.01779675823063423,20.0
gene_ko_441imported_2seeds,274,100,KO: EG10081,EG10081,KO,7,0.00013451841226174772,0.5563368911108462,-0.0837687498517717,20.0
gene_ko_441imported_2seeds,274,101,KO: EG10081,EG10081,KO,7,0.00016247389640356723,0.44458741805853724,-0.11580122533085103,20.0
gene_ko_441imported_2seeds,275,100,KO: EG11043,EG11043,KO,8,0.00013835562045688614,0.8307675842614991,-0.02317565065509769,20.0
gene_ko_441imported_2seeds,275,101,KO: EG11043,EG11043,KO,8,0.0001357285078467135,0.5418779435696088,-0.07658931240862941,20.0
gene_ko_441imported_2seeds,276,100,KO: EG10190,EG10190,KO,8,0.0002065333489420906,2.196680388320727,0.09836841330084915,20.0
gene_ko_441imported_2seeds,276,101,KO: EG10190,EG10190,KO,8,0.00020506273806607047,0.8672967697008981,-0.01779675823063423,20.0
gene_ko_441imported_2seeds,277,100,KO: EG10407,EG10407,KO,8,0.00014598451287376276,0.8065583397436615,-0.026872380886392502,20.0
gene_ko_441imported_2seeds,277,101,KO: EG10407,EG10407,KO,8,0.0001601389088943216,0.5271171185788716,-0.08004156484238474,20.0
gene_ko_441imported_2seeds,278,100,KO: G7662,G7662,KO,8,0.00019705598456594257,5.372864340429775,0.2101701453804227,20.0
gene_ko_441imported_2seeds,278,101,KO: G7662,G7662,KO,8,0.00019557198004258698,0.7376011186739952,-0.03804401126255676,20.0
gene_ko_441imported_2seeds,279,100,KO: EG11286,EG11286,KO,8,0.0001650946333452771,0.7708304259133715,-0.032535858757354826,20.0
gene_ko_441imported_2seeds,279,101,KO: EG11286,EG11286,KO,8,0.00019910245641603717,0.6769040814984097,-0.048778212224238594,20.0
gene_ko_441imported_2seeds,280,100,KO: EG11632,EG11632,KO,8,0.00019219125499168456,1.1178529293734392,0.013926227264150326,20.0
gene_ko_441imported_2seeds,280,101,KO: EG11632,EG11632,KO,8,0.00018650387045242406,0.7072634140891565,-0.0432940128043791,20.0
gene_ko_441imported_2seeds,281,100,KO: EG10048,EG10048,KO,8,0.00019669219279796235,1.0620512467059542,0.00752527206969314,20.0
gene_ko_441imported_2seeds,281,101,KO: EG10048,EG10048,KO,8,0.00020315177467904996,0.7662098166206146,-0.033287404338905396,20.0
gene_ko_441imported_2seeds,282,100,KO: G6941,G6941,KO,8,0.0001905958323916351,1.0642673825595337,0.007785832343388248,20.0
gene_ko_441imported_2seeds,282,101,KO: G6941,G6941,KO,8,0.00020367250081971064,0.8090754026853264,-0.026482895183039326,20.0
gene_ko_441imported_2seeds,283,100,KO: G7449,G7449,KO,8,0.00020705670672040694,1.3098217133254262,0.03373637890661456,20.0
gene_ko_441imported_2seeds,283,101,KO: G7449,G7449,KO,8,0.0001935245869129493,0.7451562509672962,-0.03677016871892837,20.0
gene_ko_441imported_2seeds,284,100,KO: EG10890,EG10890,KO,6,0.00046180268070073155,8.91279330776155,0.36458128248427796,20.0
gene_ko_441imported_2seeds,284,101,KO: EG10890,EG10890,KO,7,0.0004296326602634477,2.8946396409218194,0.15183723241594468,20.0
gene_ko_441imported_2seeds,285,100,KO: G7533,G7533,KO,8,0.00021160282354519582,1.1694921410635373,0.019571198388506128,20.0
gene_ko_441imported_2seeds,285,101,KO: G7533,G7533,KO,8,0.00018882277229918958,0.8110595292241387,-0.026176728163911395,20.0
gene_ko_441imported_2seeds,286,100,KO: EG10917,EG10917,KO,6,0.0005620456273865466,8.168356672335321,0.3500446244905307,20.0
gene_ko_441imported_2seeds,286,101,KO: EG10917,EG10917,KO,6,0.0003897421711660152,3.0613880532653144,0.18647807088193238,20.0
gene_ko_441imported_2seeds,287,100,KO: EG10189,EG10189,KO,8,0.00020862697914838518,1.200103775568924,0.02280100408694702,20.0
gene_ko_441imported_2seeds,287,101,KO: EG10189,EG10189,KO,8,0.0001992193133736397,0.8013183278180092,-0.027687124731894636,20.0
gene_ko_441imported_2seeds,288,100,KO: EG11231,EG11231,KO,5,0.00043623858803201585,17.838716198836533,0.5762742325227705,20.0
gene_ko_441imported_2seeds,288,101,KO: EG11231,EG11231,KO,6,0.0003802147752707263,2.9177573671576216,0.17846921604198585,20.0
gene_ko_441imported_2seeds,289,100,KO: EG11024,EG11024,KO,6,0.0002206846939419346,8.425492860509966,0.3552103290485293,20.0
gene_ko_441imported_2seeds,289,101,KO: EG11024,EG11024,KO,6,0.00011849326923810729,0.5590233640267681,-0.09692733509803075,20.0
gene_ko_441imported_2seeds,290,100,KO: EG10132,EG10132,KO,8,0.0001961163149995401,1.3248540742721442,0.03516279009354324,20.0
gene_ko_441imported_2seeds,290,101,KO: EG10132,EG10132,KO,8,0.00019152438528256753,0.6943728098771129,-0.04559328408569793,20.0
gene_ko_441imported_2seeds,291,100,KO: G6626,G6626,KO,8,0.0002088740888176389,2.6899573885645616,0.12369066910074547,20.0
gene_ko_441imported_2seeds,291,101,KO: G6626,G6626,KO,8,0.00020912132217303566,0.742522818342913,-0.03721270962531585,20.0
gene_ko_441imported_2seeds,292,100,KO: G7677,G7677,KO,8,0.00020679586861359909,1.390391760490399,0.04119819368900082,20.0
gene_ko_441imported_2seeds,292,101,KO: G7677,G7677,KO,8,0.00020418473009044805,0.7387903566589784,-0.03784263543133934,20.0
gene_ko_441imported_2seeds,293,100,KO: EG10811,EG10811,KO,8,0.00020943533104360044,1.3554921039541377,0.03802057059362671,20.0
gene_ko_441imported_2seeds,293,101,KO: EG10811,EG10811,KO,8,0.00020982210757859178,0.7837591728772698,-0.030456685409106066,20.0
gene_ko_441imported_2seeds,294,100,KO: EG12286,EG12286,KO,8,0.0002178622830951495,1.1962948403123814,0.022403643393400438,20.0
gene_ko_441imported_2seeds,294,101,KO: EG12286,EG12286,KO,8,0.00020060958095779205,0.7584464379968029,-0.03456038729750378,20.0
gene_ko_441imported_2seeds,295,100,KO: EG12662,EG12662,KO,8,0.00020615891462156608,1.245137876510679,0.027405783496283864,20.0
gene_ko_441imported_2seeds,295,101,KO: EG12662,EG12662,KO,8,0.0002170965315041951,0.9406750845706107,-0.0076446858009104335,20.0
gene_ko_441imported_2seeds,296,100,KO: EG10299,EG10299,KO,8,0.00020543635158688735,1.2067037452269647,0.023486558098264602,20.0
gene_ko_441imported_2seeds,296,101,KO: EG10299,EG10299,KO,8,0.000232883128837256,0.817169021744863,-0.025238665569798063,20.0
gene_ko_441imported_2seeds,297,100,KO: EG10909,EG10909,KO,6,0.0003559365487673948,4.698299834127871,0.2578667843089414,20.0
gene_ko_441imported_2seeds,297,101,KO: EG10909,EG10909,KO,6,0.0003611724141935147,5.035871026258838,0.2694310842500774,20.0
gene_ko_441imported_2seeds,298,100,KO: G6239,G6239,KO,8,0.0002142355036684249,1.2583835943000445,0.028728504465662507,20.0
gene_ko_441imported_2seeds,298,101,KO: G6239,G6239,KO,8,0.00018558084480285576,0.6697231444836026,-0.050111358647940835,20.0
gene_ko_441imported_2seeds,299,100,KO: EG10053,EG10053,KO,8,0.00020932544607612995,1.2045879582498613,0.023267195638193197,20.0
gene_ko_441imported_2seeds,299,101,KO: EG10053,EG10053,KO,8,0.00022458016523957766,0.7843146067110554,-0.03036813188180315,20.0
gene_ko_441imported_2seeds,300,100,KO: EG11379,EG11379,KO,8,0.00021808648019496188,1.2505916589975958,0.027952095816037914,20.0
gene_ko_441imported_2seeds,300,101,KO: EG11379,EG11379,KO,8,0.00019267012237085969,0.8583571381024202,-0.01909187765317813,20.0
gene_ko_441imported_2seeds,301,100,KO: EG11508,EG11508,KO,8,0.0002205562899312474,1.245452712107667,0.02743738600053562,20.0
gene_ko_441imported_2seeds,301,101,KO: EG11508,EG11508,KO,8,0.00022847738125358476,0.7577685753420355,-0.03467215619142169,20.0
gene_ko_441imported_2seeds,302,100,KO: EG11819,EG11819,KO,8,0.00017916335941969654,1.303587257354156,0.033139986620920825,20.0
gene_ko_441imported_2seeds,302,101,KO: EG11819,EG11819,KO,8,0.00022265222458939932,0.7474860291330288,-0.036379958001874546,20.0
gene_ko_441imported_2seeds,303,100,KO: EG10654,EG10654,KO,8,0.00023086538092716329,1.1449405762090024,0.01691909214400092,20.0
gene_ko_441imported_2seeds,303,101,KO: EG10654,EG10654,KO,8,0.00019473349817888903,0.8472767052167297,-0.020715993639200736,20.0
gene_ko_441imported_2seeds,304,100,KO: EG11647,EG11647,KO,8,0.00019773345028371983,1.1703718301158577,0.019665187729831328,20.0
gene_ko_441imported_2seeds,304,101,KO: EG11647,EG11647,KO,8,0.0002120289783028307,0.8378987723105641,-0.022107247820250933,20.0
gene_ko_441imported_2seeds,305,100,KO: EG11963,EG11963,KO,8,0.0002077509884980835,1.2437853662905543,0.027269930536859832,20.0
gene_ko_441imported_2seeds,305,101,KO: EG11963,EG11963,KO,8,0.0001990605242936343,0.6972823435857308,-0.04507060827398439,20.0
gene_ko_441imported_2seeds,306,100,KO: EG10805,EG10805,KO,8,0.00020943533104360044,1.3554921039541377,0.03802057059362671,20.0
gene_ko_441imported_2seeds,306,101,KO: EG10805,EG10805,KO,8,0.00020982210757859178,0.7837591728772698,-0.030456685409106066,20.0
gene_ko_441imported_2seeds,307,100,KO: G6442,G6442,KO,8,0.00020227811827793808,1.2401431913135308,0.026903356226969523,20.0
gene_ko_441imported_2seeds,307,101,KO: G6442,G6442,KO,8,0.0002039209738973476,0.8495157587351357,-0.020386098430212204,20.0
gene_ko_441imported_2seeds,308,100,KO: EG11850,EG11850,KO,8,0.00020404487334518769,1.3027414676365145,0.03305885816049088,20.0
gene_ko_441imported_2seeds,308,101,KO: EG11850,EG11850,KO,8,0.0001891612913304161,0.8485323831614954,-0.020530878731093036,20.0
gene_ko_441imported_2seeds,309,100,KO: EG10162,EG10162,KO,8,0.00019159069509847682,1.1277619206642784,0.015029383444749807,20.0
gene_ko_441imported_2seeds,309,101,KO: EG10162,EG10162,KO,8,0.00021327099843392145,0.7877283619540493,-0.029825245860713154,20.0
gene_ko_441imported_2seeds,310,100,KO: EG10069,EG10069,KO,8,0.00019555755626075218,1.2337150684491178,0.026253749756367482,20.0
gene_ko_441imported_2seeds,310,101,KO: EG10069,EG10069,KO,8,0.0002179959604094048,0.7419749692393838,-0.03730497132031185,20.0
gene_ko_441imported_2seeds,311,100,KO: EG10495,EG10495,KO,8,0.00022211508234779625,1.1917263058837417,0.021925366640125607,20.0
gene_ko_441imported_2seeds,311,101,KO: EG10495,EG10495,KO,8,0.0001926176401332448,0.8084387189245442,-0.026581299856166724,20.0
gene_ko_441imported_2seeds,312,100,KO: G6283,G6283,KO,8,0.00021055045752638288,1.0382184420280025,0.004688275964614075,20.0
gene_ko_441imported_2seeds,312,101,KO: G6283,G6283,KO,8,0.00020036553433407588,0.7816567585376597,-0.030792445311873584,20.0
gene_ko_441imported_2seeds,313,100,KO: G6234,G6234,KO,8,0.00020221752269717407,1.294724425037348,0.03228723416344748,20.0
gene_ko_441imported_2seeds,313,101,KO: G6234,G6234,KO,8,0.00020565448748639925,0.7831997034441246,-0.030545945801540908,20.0
gene_ko_441imported_2seeds,314,100,KO: G6731,G6731,KO,8,0.00020135886553010338,1.3433844763601712,0.03689901978723864,20.0
gene_ko_441imported_2seeds,314,101,KO: G6731,G6731,KO,8,0.00020825077050851853,0.7754511801691208,-0.03178878138283256,20.0
gene_ko_441imported_2seeds,315,100,KO: EG10092,EG10092,KO,8,0.00018791855247733208,1.19515449530612,0.022284432725239202,20.0
gene_ko_441imported_2seeds,315,101,KO: EG10092,EG10092,KO,8,0.00018259599613655423,0.7068943941693837,-0.04335924949967464,20.0
gene_ko_441imported_2seeds,316,100,KO: EG12384,EG12384,KO,8,0.000200663638027862,1.0568216322495125,0.006908242949248647,20.0
gene_ko_441imported_2seeds,316,101,KO: EG12384,EG12384,KO,8,0.00019552749104490092,0.7856047763716909,-0.030162680257187283,20.0
gene_ko_441imported_2seeds,317,100,KO: EG10875,EG10875,KO,6,0.00039978196014028026,10.776083520649737,0.3962215316158524,20.0
gene_ko_441imported_2seeds,317,101,KO: EG10875,EG10875,KO,7,0.00013262482495277772,0.30948657701108706,-0.16754865110195719,20.0
gene_ko_441imported_2seeds,318,100,KO: EG12666,EG12666,KO,8,0.00019418192535247238,1.1253627428407276,0.014763177720630474,20.0
gene_ko_441imported_2seeds,318,101,KO: EG12666,EG12666,KO,8,0.00019518208186128128,0.7385911452585064,-0.03787634564793213,20.0
gene_ko_441imported_2seeds,319,100,KO: G58,G58,KO,8,0.000202556845500651,1.2877753609543299,0.031614525409270025,20.0
gene_ko_441imported_2seeds,319,101,KO: G58,G58,KO,8,0.00020044664492106687,0.7453145590442413,-0.03674361535128154,20.0
gene_ko_441imported_2seeds,320,100,KO: EG10798,EG10798,KO,8,0.00019973882288272006,5.1808599306825815,0.2056213815346968,20.0
gene_ko_441imported_2seeds,320,101,KO: EG10798,EG10798,KO,8,0.00020828871159611298,0.7705302754431733,-0.0325845414689563,20.0
gene_ko_441imported_2seeds,321,100,KO: EG10496,EG10496,KO,8,0.00012576663291002363,0.7774530519993998,-0.03146650250405081,20.0
gene_ko_441imported_2seeds,321,101,KO: EG10496,EG10496,KO,8,0.00012752966380265665,0.4551019522357613,-0.09840422678543531,20.0
gene_ko_441imported_2seeds,322,100,KO: EG10912,EG10912,KO,4,0.00010151111758560297,1.0703068983573771,0.016986357060827656,20.0
gene_ko_441imported_2seeds,322,101,KO: EG10912,EG10912,KO,5,0.00010687721603875816,0.5789580833450283,-0.10930503978867505,20.0
gene_ko_441imported_2seeds,323,100,KO: EG10447,EG10447,KO,6,0.00011065086952399441,1.02543143018376,0.004185571921668481,20.0
gene_ko_441imported_2seeds,323,101,KO: EG10447,EG10447,KO,6,0.00012775204398267315,0.6380323858048136,-0.07489437257935248,20.0
gene_ko_441imported_2seeds,324,100,KO: EG10671,EG10671,KO,8,0.0001923496076879173,1.0425039001788015,0.005203176982815971,20.0
gene_ko_441imported_2seeds,324,101,KO: EG10671,EG10671,KO,8,0.00020642194863259412,0.7241142955054187,-0.04035075404198353,20.0
gene_ko_441imported_2seeds,325,100,KO: EG10809,EG10809,KO,8,0.00021117169641354536,1.2098474088510496,0.023811780408594517,20.0
gene_ko_441imported_2seeds,325,101,KO: EG10809,EG10809,KO,8,0.00020798174792498232,0.7952337586540492,-0.028639896438137635,20.0
gene_ko_441imported_2seeds,326,100,KO: EG10879,EG10879,KO,6,0.00039978196014028026,10.776083520649737,0.3962215316158524,20.0
gene_ko_441imported_2seeds,326,101,KO: EG10879,EG10879,KO,7,0.00013262482495277772,0.30948657701108706,-0.16754865110195719,20.0
gene_ko_441imported_2seeds,327,100,KO: EG10982,EG10982,KO,8,0.00020665620871227033,1.236014153670991,0.026486476270007116,20.0
gene_ko_441imported_2seeds,327,101,KO: EG10982,EG10982,KO,8,0.00021069590606032933,0.7892733007387294,-0.029580328668252096,20.0
gene_ko_441imported_2seeds,328,100,KO: EG12633,EG12633,KO,8,0.00022244924990181904,1.0652521097370498,0.007901436738096304,20.0
gene_ko_441imported_2seeds,328,101,KO: EG12633,EG12633,KO,8,0.0002044851666401532,0.7240354620926709,-0.04036436337561981,20.0
gene_ko_441imported_2seeds,329,100,KO: EG10870,EG10870,KO,6,0.0005620456273865466,8.168356672335321,0.3500446244905307,20.0
gene_ko_441imported_2seeds,329,101,KO: EG10870,EG10870,KO,6,0.0003897421711660152,3.0613880532653144,0.18647807088193238,20.0
gene_ko_441imported_2seeds,330,100,KO: EG11030,EG11030,KO,8,0.00013513194208867135,0.7543615719422618,-0.035235435941375653,20.0
gene_ko_441imported_2seeds,330,101,KO: EG11030,EG11030,KO,8,0.00016293388042481008,0.5039667807968943,-0.08565561552503434,20.0
gene_ko_441imported_2seeds,331,100,KO: EG10070,EG10070,KO,8,0.00021283858225173966,1.1692622865093316,0.019546628199323804,20.0
gene_ko_441imported_2seeds,331,101,KO: EG10070,EG10070,KO,8,0.00020803467137302088,0.8349562766198256,-0.02254698985397985,20.0
gene_ko_441imported_2seeds,332,100,KO: EG10750,EG10750,KO,8,0.00021753589923055532,1.2284987020502707,0.025724107055800312,20.0
gene_ko_441imported_2seeds,332,101,KO: EG10750,EG10750,KO,8,0.0002279032487103531,0.8037539126178781,-0.027307766936042782,20.0
gene_ko_441imported_2seeds,333,100,KO: EG10187,EG10187,KO,6,0.00013248427472453066,0.8454271096794018,-0.02798555401375652,20.0
gene_ko_441imported_2seeds,333,101,KO: EG10187,EG10187,KO,7,0.00013711562160152607,0.35899038808311323,-0.14635138071343395,20.0
gene_ko_441imported_2seeds,334,100,KO: EG10049,EG10049,KO,8,0.0002135396500312491,1.1872618285182013,0.02145620891904515,20.0
gene_ko_441imported_2seeds,334,101,KO: EG10049,EG10049,KO,8,0.00020850588404045255,0.9507326369395874,-0.006315299353559151,20.0
gene_ko_441imported_2seeds,335,100,KO: EG10492,EG10492,KO,7,0.00012159437858252118,0.8195829931619328,-0.02842280185730525,20.0
gene_ko_441imported_2seeds,335,101,KO: EG10492,EG10492,KO,7,0.00013333674935028247,0.5129324671116068,-0.09537301221919603,20.0
gene_ko_441imported_2seeds,336,100,KO: EG10838,EG10838,KO,8,0.000194805598930298,1.2569589812403996,0.028586912101085174,20.0
gene_ko_441imported_2seeds,336,101,KO: EG10838,EG10838,KO,8,0.0002037028012009847,0.7553037904830457,-0.03507940489526165,20.0
gene_ko_441imported_2seeds,337,100,KO: EG11620,EG11620,KO,8,0.00019958487350948332,2.628244062971744,0.12078949581787128,20.0
gene_ko_441imported_2seeds,337,101,KO: EG11620,EG11620,KO,8,0.00018559507638893285,0.712913087994359,-0.042299470277360585,20.0
gene_ko_441imported_2seeds,338,100,KO: EG10903,EG10903,KO,4,0.00010151111758560297,1.0703068983573771,0.016986357060827656,20.0
gene_ko_441imported_2seeds,338,101,KO: EG10903,EG10903,KO,5,0.00010687721603875816,0.5789580833450283,-0.10930503978867505,20.0
gene_ko_441imported_2seeds,339,100,KO: EG11028,EG11028,KO,7,9.591691154892511e-05,1.8475584450521292,0.08769500114421105,20.0
gene_ko_441imported_2seeds,339,101,KO: EG11028,EG11028,KO,7,0.00011023105310466138,0.5680889741438573,-0.08078246112985799,20.0
gene_ko_441imported_2seeds,340,100,KO: EG10947,EG10947,KO,8,0.0001363610576074264,0.8411840584626034,-0.021618098285136417,20.0
gene_ko_441imported_2seeds,340,101,KO: EG10947,EG10947,KO,8,0.00014520215626662587,0.5464267299135976,-0.07554438148440695,20.0
gene_ko_441imported_2seeds,341,100,KO: EG10650,EG10650,KO,8,0.00021011801429319732,1.0999145157246468,0.011904057975865141,20.0
gene_ko_441imported_2seeds,341,101,KO: EG10650,EG10650,KO,8,0.00021082435133233586,0.817049119687938,-0.02525700798904129,20.0
gene_ko_441imported_2seeds,342,100,KO: EG10453,EG10453,KO,7,0.00012310808152557747,0.7881453587798339,-0.03401039152561088,20.0
gene_ko_441imported_2seeds,342,101,KO: EG10453,EG10453,KO,8,0.00018633311324502358,3.078584588361659,0.14055874276589314,20.0
gene_ko_441imported_2seeds,343,100,KO: G7676,G7676,KO,8,0.00020679586861359909,1.390391760490399,0.04119819368900082,20.0
gene_ko_441imported_2seeds,343,101,KO: G7676,G7676,KO,8,0.00020418473009044805,0.7387903566589784,-0.03784263543133934,20.0
gene_ko_441imported_2seeds,344,100,KO: EG10208,EG10208,KO,8,0.0001715993811255195,0.7313615553420609,-0.03910591721967092,20.0
gene_ko_441imported_2seeds,344,101,KO: EG10208,EG10208,KO,8,0.0001909485463410698,0.7930296199736169,-0.028986838281202618,20.0
gene_ko_441imported_2seeds,345,100,KO: G6709,G6709,KO,8,0.00020375732329758423,1.2072161055648507,0.02353962120487646,20.0
gene_ko_441imported_2seeds,345,101,KO: G6709,G6709,KO,8,0.0002100782697144549,0.7421660351389117,-0.03727278672666143,20.0
gene_ko_441imported_2seeds,346,100,KO: EG12245,EG12245,KO,8,0.00019124316244639828,1.1218071434474706,0.014367613239486043,20.0
gene_ko_441imported_2seeds,346,101,KO: EG12245,EG12245,KO,8,0.00020355063670628146,0.8025027841218765,-0.027502494334154318,20.0
gene_ko_441imported_2seeds,347,100,KO: EG11470,EG11470,KO,8,0.00020051876887320619,1.1825662377606307,0.02096085685434112,20.0
gene_ko_441imported_2seeds,347,101,KO: EG11470,EG11470,KO,8,0.0002225885856266981,0.8254669108004995,-0.0239757625315888,20.0
gene_ko_441imported_2seeds,348,100,KO: EG10178,EG10178,KO,8,0.00019767675744780815,1.1155013472290751,0.01366299282816659,20.0
gene_ko_441imported_2seeds,348,101,KO: EG10178,EG10178,KO,8,0.00021061182659321486,0.7733699623904571,-0.03212471736893892,20.0
gene_ko_441imported_2seeds,349,100,KO: G6643,G6643,KO,8,0.00020571242908926004,1.1090681909856346,0.012940024399188427,20.0
gene_ko_441imported_2seeds,349,101,KO: G6643,G6643,KO,8,0.00019614021820052032,0.7664351985025828,-0.033250640789393146,20.0
gene_ko_441imported_2seeds,350,100,KO: EG10386,EG10386,KO,8,0.00020063247549569245,1.382920283891563,0.04052467637871673,20.0
gene_ko_441imported_2seeds,350,101,KO: EG10386,EG10386,KO,8,0.00020220216100822646,0.8228787903740038,-0.024368295868421375,20.0
gene_ko_441imported_2seeds,351,100,KO: EG11546,EG11546,KO,8,0.00019143790499725154,1.2454850870781187,0.027440635275814987,20.0
gene_ko_441imported_2seeds,351,101,KO: EG11546,EG11546,KO,8,0.00020899329299161435,0.8569734792420937,-0.019293538363136693,20.0
gene_ko_441imported_2seeds,352,100,KO: G7486,G7486,KO,8,0.00019454719392607926,1.2981706532084798,0.03261951045080311,20.0
gene_ko_441imported_2seeds,352,101,KO: G7486,G7486,KO,8,0.00021602767657258632,0.7962772403858056,-0.028475982729418203,20.0
gene_ko_441imported_2seeds,353,100,KO: EG10797,EG10797,KO,6,0.00018641528863793113,1.0754071639470892,0.012116557838220446,20.0
gene_ko_441imported_2seeds,353,101,KO: EG10797,EG10797,KO,7,0.0001880806656008965,0.4889227931589416,-0.1022215270247557,20.0
gene_ko_441imported_2seeds,354,100,KO: EG11314,EG11314,KO,8,0.0001929373108413627,1.1300604464402784,0.015283890464825686,20.0
gene_ko_441imported_2seeds,354,101,KO: EG11314,EG11314,KO,8,0.00021145381283961274,0.8000522767247655,-0.02788477594290044,20.0
gene_ko_441imported_2seeds,355,100,KO: EG10024,EG10024,KO,8,0.00019424721754711334,1.1188605673043686,0.014038852104188232,20.0
gene_ko_441imported_2seeds,355,101,KO: EG10024,EG10024,KO,8,0.00020708896621604822,0.7256282581510414,-0.04008967955117844,20.0
gene_ko_441imported_2seeds,356,100,KO: EG11026,EG11026,KO,6,0.0002206846939419346,8.425492860509966,0.3552103290485293,20.0
gene_ko_441imported_2seeds,356,101,KO: EG11026,EG11026,KO,6,0.00011849326923810729,0.5590233640267681,-0.09692733509803075,20.0
gene_ko_441imported_2seeds,357,100,KO: EG10908,EG10908,KO,5,0.0003149971856810406,20.879677795348393,0.6077552663276229,20.0
gene_ko_441imported_2seeds,357,101,KO: EG10908,EG10908,KO,6,0.0002763635605484013,6.351123679051385,0.30810529243007084,20.0
gene_ko_441imported_2seeds,358,100,KO: G7716,G7716,KO,8,0.00021683482801093825,1.3159329635451986,0.034318236506292746,20.0
gene_ko_441imported_2seeds,358,101,KO: G7716,G7716,KO,8,0.00019007079277905784,0.7031109371401218,-0.044030074287648976,20.0
gene_ko_441imported_2seeds,359,100,KO: EG10207,EG10207,KO,8,0.00021044035723752458,1.2863449466124115,0.031475602756262405,20.0
gene_ko_441imported_2seeds,359,101,KO: EG10207,EG10207,KO,8,0.00021399825089212928,0.7562881734609037,-0.034916599200918455,20.0
gene_ko_441imported_2seeds,360,100,KO: EG10613,EG10613,KO,8,0.00020116605388174725,1.3368668480457195,0.036291087883428615,20.0
gene_ko_441imported_2seeds,360,101,KO: EG10613,EG10613,KO,8,0.0002067414779268663,0.722806887886298,-0.04057664885746157,20.0
gene_ko_441imported_2seeds,361,100,KO: EG12437,EG12437,KO,8,0.00020922394454747078,1.1759229859498537,0.020256669899264265,20.0
gene_ko_441imported_2seeds,361,101,KO: EG12437,EG12437,KO,8,0.00019411144807315406,0.7215553439157754,-0.040793274620756506,20.0
gene_ko_441imported_2seeds,362,100,KO: EG10068,EG10068,KO,8,0.00019882554502384918,1.3109023232266561,0.033839462057243835,20.0
gene_ko_441imported_2seeds,362,101,KO: EG10068,EG10068,KO,8,0.00020658138616521762,0.7420091058837827,-0.03729922047618604,20.0
gene_ko_441imported_2seeds,363,100,KO: EG10097,EG10097,KO,6,0.00012035150969952583,0.9913537064672595,-0.0014473149327678032,20.0
gene_ko_441imported_2seeds,363,101,KO: EG10097,EG10097,KO,7,0.00012854446095307453,0.5376264918892034,-0.0886558875599438,20.0
gene_ko_441imported_2seeds,364,100,KO: EG10059,EG10059,KO,8,0.00020066080161527537,1.2260987314470142,0.025479670703907706,20.0
gene_ko_441imported_2seeds,364,101,KO: EG10059,EG10059,KO,8,0.00019451440455489985,0.754363945581238,-0.03523504262281826,20.0
gene_ko_441imported_2seeds,365,100,KO: EG10139,EG10139,KO,8,0.0001806946380978314,1.108898011805135,0.012920842504011258,20.0
gene_ko_441imported_2seeds,365,101,KO: EG10139,EG10139,KO,8,0.0002095679770153232,0.8193518276866933,-0.02490521316724735,20.0
gene_ko_441imported_2seeds,366,100,KO: EG10194,EG10194,KO,8,0.000207838531147622,1.3683623419622097,0.03920183174799348,20.0
gene_ko_441imported_2seeds,366,101,KO: EG10194,EG10194,KO,8,0.00018875285819118715,0.7722523181319612,-0.032305493174803246,20.0
gene_ko_441imported_2seeds,367,100,KO: EG10566,EG10566,KO,8,0.00020201343323365389,1.2570390246772911,0.028594871876384292,20.0
gene_ko_441imported_2seeds,367,101,KO: EG10566,EG10566,KO,8,0.00019936708820785627,0.8379298641557142,-0.02210260954094282,20.0
gene_ko_441imported_2seeds,368,100,KO: EG50001,EG50001,KO,5,0.0003342084995450416,12.620470435284455,0.5070640266764402,20.0
gene_ko_441imported_2seeds,368,101,KO: EG50001,EG50001,KO,5,0.00027453880858763945,5.02293761268301,0.32280298887217884,20.0
gene_ko_441imported_2seeds,369,100,KO: G7399,G7399,KO,8,0.00020328894249472377,1.2265567766228558,0.025526359403121653,20.0
gene_ko_441imported_2seeds,369,101,KO: G7399,G7399,KO,8,0.0001937661669626625,0.7586423336267175,-0.03452810579317332,20.0
gene_ko_441imported_2seeds,370,100,KO: EG10915,EG10915,KO,5,0.00036577935100129226,20.01182050052652,0.5992646247987625,20.0
gene_ko_441imported_2seeds,370,101,KO: EG10915,EG10915,KO,6,0.00043024610816148017,3.4257385873223085,0.20521951573324457,20.0
gene_ko_441imported_2seeds,371,100,KO: G7664,G7664,KO,8,0.00021109318097270273,3.1750805559167596,0.1444166254956349,20.0
gene_ko_441imported_2seeds,371,101,KO: G7664,G7664,KO,8,0.00019904699655877154,0.7463765519297162,-0.03656563060345264,20.0
gene_ko_441imported_2seeds,372,100,KO: EG10769,EG10769,KO,8,0.0001941111396496849,1.1719698641240497,0.01983574720243686,20.0
gene_ko_441imported_2seeds,372,101,KO: EG10769,EG10769,KO,8,0.0001635107587589775,0.43264420895391653,-0.10472994713483497,20.0
gene_ko_441imported_2seeds,373,100,KO: EG10675,EG10675,KO,8,0.00020428208550443106,1.1151078242964028,0.01361888795518186,20.0
gene_ko_441imported_2seeds,373,101,KO: EG10675,EG10675,KO,8,0.0001857558996975344,0.7249877417430081,-0.040200066526385234,20.0
gene_ko_441imported_2seeds,374,100,KO: EG10873,EG10873,KO,6,0.0001027749010713449,0.7635792488758353,-0.04495639381417269,20.0
gene_ko_441imported_2seeds,374,101,KO: EG10873,EG10873,KO,6,0.00011971403947195451,0.5094011232301688,-0.1124199185721651,20.0
gene_ko_441imported_2seeds,375,100,KO: EG11169,EG11169,KO,8,0.00018682359674683158,1.1537016384361798,0.017871948638500952,20.0
gene_ko_441imported_2seeds,375,101,KO: EG11169,EG11169,KO,8,0.0001876717865261652,0.8554650618717088,-0.01951375323863487,20.0
gene_ko_441imported_2seeds,376,100,KO: EG10810,EG10810,KO,8,0.00016806635587939954,0.9284700475744864,-0.009277144706176181,20.0
gene_ko_441imported_2seeds,376,101,KO: EG10810,EG10810,KO,8,0.00020643822791520063,0.9666862421357945,-0.004235162674426862,20.0
gene_ko_441imported_2seeds,377,100,KO: EG10102,EG10102,KO,8,0.00021909817001400513,1.1810426058875239,0.020799701584483042,20.0
gene_ko_441imported_2seeds,377,101,KO: EG10102,EG10102,KO,8,0.0002218542916572675,0.8096194040146383,-0.02639887666584556,20.0
gene_ko_441imported_2seeds,378,100,KO: EG10025,EG10025,KO,8,0.00019424721754711334,1.1188605673043686,0.014038852104188232,20.0
gene_ko_441imported_2seeds,378,101,KO: EG10025,EG10025,KO,8,0.00020708896621604822,0.7256282581510414,-0.04008967955117844,20.0
gene_ko_441imported_2seeds,379,100,KO: G6503,G6503,KO,8,0.00021037382799647276,1.2737246971577005,0.030243180064455536,20.0
gene_ko_441imported_2seeds,379,101,KO: G6503,G6503,KO,8,0.00021326644221536634,0.8151781279086078,-0.025543578471422954,20.0
gene_ko_441imported_2seeds,380,100,KO: EG11577,EG11577,KO,5,9.467687470573388e-05,1.7816495015461027,0.11550792429144283,20.0
gene_ko_441imported_2seeds,380,101,KO: EG11577,EG11577,KO,5,0.00011277166123537241,0.64822509212012,-0.08670345571280016,20.0
gene_ko_441imported_2seeds,381,100,KO: EG11223,EG11223,KO,8,0.0001721295726406721,0.739823414580292,-0.037667968775736284,20.0
gene_ko_441imported_2seeds,381,101,KO: EG11223,EG11223,KO,8,0.00018846272914076537,0.5354450009442512,-0.07808213754442671,20.0
gene_ko_441imported_2seeds,382,100,KO: EG10206,EG10206,KO,8,0.00021368911826231604,1.1863693217426292,0.02136220665404119,20.0
gene_ko_441imported_2seeds,382,101,KO: EG10206,EG10206,KO,8,0.0002184142717422395,0.7993769081208818,-0.027990339954490073,20.0
gene_ko_441imported_2seeds,383,100,KO: EG10220,EG10220,KO,8,0.00018415050801922034,1.1354056295699717,0.01587374624604345,20.0
gene_ko_441imported_2seeds,383,101,KO: EG10220,EG10220,KO,8,0.00021171935778427,0.7309417593380253,-0.03917768687432355,20.0
gene_ko_441imported_2seeds,384,100,KO: EG10022,EG10022,KO,8,0.00019187855611717237,1.1323383951475625,0.015535608843919704,20.0
gene_ko_441imported_2seeds,384,101,KO: EG10022,EG10022,KO,8,0.00021597255886061134,0.7052539936706268,-0.043649658292888686,20.0
gene_ko_441imported_2seeds,385,100,KO: G6468,G6468,KO,8,0.00020377515486467814,1.0253414096394742,0.00312820496322274,20.0
gene_ko_441imported_2seeds,385,101,KO: G6468,G6468,KO,8,0.00019418241557945154,0.8400624829714203,-0.02178487567767258,20.0
gene_ko_441imported_2seeds,386,100,KO: EG10402,EG10402,KO,8,0.00018708397745489268,1.4305299957625621,0.044755625251775094,20.0
gene_ko_441imported_2seeds,386,101,KO: EG10402,EG10402,KO,8,0.0002143762019578929,0.7018465458097616,-0.044255061820555164,20.0
gene_ko_441imported_2seeds,387,100,KO: EG11041,EG11041,KO,8,0.00020730856097322308,1.2827221443392849,0.03112306187797298,20.0
gene_ko_441imported_2seeds,387,101,KO: EG11041,EG11041,KO,8,0.00020638639588976249,0.7530760389477663,-0.03544863436777257,20.0
gene_ko_441imported_2seeds,388,100,KO: EG10075,EG10075,KO,8,0.00021245334097136538,1.1688397237737906,0.019501445959810425,20.0
gene_ko_441imported_2seeds,388,101,KO: EG10075,EG10075,KO,8,0.00016207854634494565,0.4966809651379329,-0.08747592253210153,20.0
gene_ko_441imported_2seeds,389,100,KO: G7893,G7893,KO,8,0.0002043654567736334,1.3189100871752035,0.0346007129991661,20.0
gene_ko_441imported_2seeds,389,101,KO: G7893,G7893,KO,8,0.00020611167187903665,0.8917173827085089,-0.014325754016710698,20.0
gene_ko_441imported_2seeds,390,100,KO: G7860,G7860,KO,8,0.0001962278705771359,1.2022366258158095,0.02302295960229015,20.0
gene_ko_441imported_2seeds,390,101,KO: G7860,G7860,KO,8,0.00019654764455532116,0.7562925168775883,-0.03491588131910359,20.0
gene_ko_441imported_2seeds,391,100,KO: EG11005,EG11005,KO,8,0.00019725132595832463,1.0463942920797888,0.005668780861150496,20.0
gene_ko_441imported_2seeds,391,101,KO: EG11005,EG11005,KO,8,0.0002070377223058716,0.9468498532282063,-0.006826843535480312,20.0
gene_ko_441imported_2seeds,392,100,KO: EG10700,EG10700,KO,8,0.00019158533470806173,1.2348856483776247,0.026372296673277187,20.0
gene_ko_441imported_2seeds,392,101,KO: EG10700,EG10700,KO,8,0.00019648974034107083,0.7585370997162231,-0.03454544617960857,20.0
gene_ko_441imported_2seeds,393,100,KO: G7858,G7858,KO,8,0.0001962278705771359,1.2022366258158095,0.02302295960229015,20.0
gene_ko_441imported_2seeds,393,101,KO: G7858,G7858,KO,8,0.00019654764455532116,0.7562925168775883,-0.03491588131910359,20.0
gene_ko_441imported_2seeds,394,100,KO: EG10910,EG10910,KO,4,0.00010151111758560297,1.0703068983573771,0.016986357060827656,20.0
gene_ko_441imported_2seeds,394,101,KO: EG10910,EG10910,KO,5,0.00010687721603875816,0.5789580833450283,-0.10930503978867505,20.0
gene_ko_441imported_2seeds,395,100,KO: G7530,G7530,KO,8,0.00019143001108147672,1.2537045759573868,0.02826285363690039,20.0
gene_ko_441imported_2seeds,395,101,KO: G7530,G7530,KO,8,0.00019960426190253133,0.7705286947526633,-0.0325847978982268,20.0
gene_ko_441imported_2seeds,396,100,KO: EG11335,EG11335,KO,8,0.00018657819621438392,2.1756523665047114,0.09716606977386337,20.0
gene_ko_441imported_2seeds,396,101,KO: EG11335,EG11335,KO,8,0.00020990248000763925,0.746459968370504,-0.03655166115004295,20.0
gene_ko_441imported_2seeds,397,100,KO: G7423,G7423,KO,8,0.0002002635245385196,1.3119479604136348,0.03393912817704642,20.0
gene_ko_441imported_2seeds,397,101,KO: G7423,G7423,KO,8,0.00022067588798333108,0.7488721113865663,-0.03614838198199641,20.0
gene_ko_441imported_2seeds,398,100,KO: G7842,G7842,KO,8,0.000200631210200805,1.1435147358679745,0.016763327629176483,20.0
gene_ko_441imported_2seeds,398,101,KO: G7842,G7842,KO,8,0.0001848865998612658,0.7485854412812325,-0.03619624145359299,20.0
gene_ko_441imported_2seeds,399,100,KO: EG10057,EG10057,KO,8,0.00020066080161527537,1.2260987314470142,0.025479670703907706,20.0
gene_ko_441imported_2seeds,399,101,KO: EG10057,EG10057,KO,8,0.00019451440455489985,0.754363945581238,-0.03523504262281826,20.0
gene_ko_441imported_2seeds,400,100,KO: EG10874,EG10874,KO,5,0.0004235221232172171,6.6189857496567495,0.3779884296378847,20.0
gene_ko_441imported_2seeds,400,101,KO: EG10874,EG10874,KO,6,0.00036268064347885304,3.8966352673950264,0.22668557146682414,20.0
gene_ko_441imported_2seeds,401,100,KO: EG10091,EG10091,KO,8,0.0001593193949291211,0.9237201473152068,-0.009918265510760832,20.0
gene_ko_441imported_2seeds,401,101,KO: EG10091,EG10091,KO,8,0.00020153621133150776,0.638020169369755,-0.056173172838102914,20.0
gene_ko_441imported_2seeds,402,100,KO: G6497,G6497,KO,8,0.0002265255079140391,1.111166566829994,0.013176303069918863,20.0
gene_ko_441imported_2seeds,402,101,KO: G6497,G6497,KO,8,0.00019417552398565984,0.7048299471966415,-0.04372483936446861,20.0
gene_ko_441imported_2seeds,403,100,KO: EG11333,EG11333,KO,8,0.0002202891880672981,1.1747265538888647,0.020129425052251966,20.0
gene_ko_441imported_2seeds,403,101,KO: EG11333,EG11333,KO,8,0.0002049000000668814,0.7871304270493604,-0.02992016467781524,20.0
gene_ko_441imported_2seeds,404,100,KO: G7665,G7665,KO,8,0.00021927613228701133,1.2623724389722573,0.02912410482810434,20.0
gene_ko_441imported_2seeds,404,101,KO: G7665,G7665,KO,8,0.000215636823818949,0.7956118738627783,-0.02858047596261809,20.0
gene_ko_441imported_2seeds,405,100,KO: G7516,G7516,KO,8,0.00021887423135876725,1.1388119018876628,0.016248190952598357,20.0
gene_ko_441imported_2seeds,405,101,KO: G7516,G7516,KO,8,0.00022845621051594342,0.8769391995945817,-0.01641470209093815,20.0
gene_ko_441imported_2seeds,406,100,KO: EG12957,EG12957,KO,8,0.00020108091124833733,1.1163073027560488,0.01375327336834796,20.0
gene_ko_441imported_2seeds,406,101,KO: EG12957,EG12957,KO,8,0.0001919051415916379,0.7994029480433558,-0.027986268111456783,20.0
gene_ko_441imported_2seeds,407,100,KO: EG10871,EG10871,KO,6,0.0001027749010713449,0.7635792488758353,-0.04495639381417269,20.0
gene_ko_441imported_2seeds,407,101,KO: EG10871,EG10871,KO,6,0.00011971403947195451,0.5094011232301688,-0.1124199185721651,20.0
gene_ko_441imported_2seeds,408,100,KO: EG12312,EG12312,KO,8,0.00021273034235346237,1.1661013808962233,0.019208253967995775,20.0
gene_ko_441imported_2seeds,408,101,KO: EG12312,EG12312,KO,8,0.00022240747305552969,0.7398093028923497,-0.03767035309851044,20.0
gene_ko_441imported_2seeds,409,100,KO: EG10790,EG10790,KO,8,0.00019622402218846368,1.408135801288402,0.042783337857945546,20.0
gene_ko_441imported_2seeds,409,101,KO: EG10790,EG10790,KO,8,0.0001894743370206758,0.7938839319968656,-0.028852251223085913,20.0
gene_ko_441imported_2seeds,410,100,KO: EG12040,EG12040,KO,8,0.00021222016836613632,1.2406445908036023,0.0269538844805865,20.0
gene_ko_441imported_2seeds,410,101,KO: EG12040,EG12040,KO,8,0.00021333659744474602,0.7966135773038622,-0.028423195539091076,20.0
gene_ko_441imported_2seeds,411,100,KO: EG10080,EG10080,KO,8,0.00020060334990518,1.1537846654282007,0.017880944032310844,20.0
gene_ko_441imported_2seeds,411,101,KO: EG10080,EG10080,KO,8,0.00020666409290267415,0.7633498020656534,-0.03375486207202441,20.0
gene_ko_441imported_2seeds,412,100,KO: EG10560,EG10560,KO,8,0.00019790679810122356,1.0892261459707846,0.010683435784585166,20.0
gene_ko_441imported_2seeds,412,101,KO: EG10560,EG10560,KO,8,0.00019492637961821642,0.7361650662838707,-0.038287613819611016,20.0
gene_ko_441imported_2seeds,413,100,KO: EG10101,EG10101,KO,8,0.00021909817001400513,1.1810426058875239,0.020799701584483042,20.0
gene_ko_441imported_2seeds,413,101,KO: EG10101,EG10101,KO,8,0.0002218542916572675,0.8096194040146383,-0.02639887666584556,20.0
gene_ko_441imported_2seeds,414,100,KO: EG10185,EG10185,KO,8,0.000207838531147622,1.3683623419622097,0.03920183174799348,20.0
gene_ko_441imported_2seeds,414,101,KO: EG10185,EG10185,KO,8,0.00018875285819118715,0.7722523181319612,-0.032305493174803246,20.0
gene_ko_441imported_2seeds,415,100,KO: EG11000,EG11000,KO,7,0.00010915956755970688,0.8283734416395306,-0.026898744257338958,20.0
gene_ko_441imported_2seeds,415,101,KO: EG11000,EG11000,KO,7,0.00011679391481617793,0.4687017407786951,-0.1082555228575702,20.0
gene_ko_441imported_2seeds,416,100,KO: EG10744,EG10744,KO,8,0.0002225489160497595,1.185348272120597,0.021254578991313305,20.0
gene_ko_441imported_2seeds,416,101,KO: EG10744,EG10744,KO,8,0.00020225948967723717,0.8161614256384356,-0.02539288975570285,20.0
gene_ko_441imported_2seeds,417,100,KO: G6877,G6877,KO,8,0.0002075857953708644,1.2891688019803005,0.0317497088934355,20.0
gene_ko_441imported_2seeds,417,101,KO: G6877,G6877,KO,8,0.0001854666628832604,0.805742053375419,-0.026998952591248404,20.0
gene_ko_441imported_2seeds,418,100,KO: EG11067,EG11067,KO,8,0.00012508945317561714,0.6844679120526848,-0.047389189161077296,20.0
gene_ko_441imported_2seeds,418,101,KO: EG11067,EG11067,KO,8,0.00014545264315032544,0.4315312714587523,-0.10505191244618986,20.0
gene_ko_441imported_2seeds,419,100,KO: EG10884,EG10884,KO,6,0.00039978196014028026,10.776083520649737,0.3962215316158524,20.0
gene_ko_441imported_2seeds,419,101,KO: EG10884,EG10884,KO,7,0.00013262482495277772,0.30948657701108706,-0.16754865110195719,20.0
gene_ko_441imported_2seeds,420,100,KO: G7138,G7138,KO,8,0.0001985216145867887,1.198529773001586,0.022636952058845153,20.0
gene_ko_441imported_2seeds,420,101,KO: G7138,G7138,KO,8,0.00018359102198143833,0.7657164439020187,-0.033367919430977375,20.0
gene_ko_441imported_2seeds,421,100,KO: EG10449,EG10449,KO,6,0.00011065086952399441,1.02543143018376,0.004185571921668481,20.0
gene_ko_441imported_2seeds,421,101,KO: EG10449,EG10449,KO,6,0.00012775204398267315,0.6380323858048136,-0.07489437257935248,20.0
gene_ko_441imported_2seeds,422,100,KO: EG10946,EG10946,KO,8,0.00020362039731982478,1.4103691299859151,0.042981433055522066,20.0
gene_ko_441imported_2seeds,422,101,KO: EG10946,EG10946,KO,8,0.0001918549112363862,0.7850681534639041,-0.030248093158637496,20.0
gene_ko_441imported_2seeds,423,100,KO: G7948,G7948,KO,8,0.0002125992741154551,1.1951836320452442,0.022287480070172533,20.0
gene_ko_441imported_2seeds,423,101,KO: G7948,G7948,KO,8,0.00021716996597541957,0.8879000534823315,-0.014862011838652975,20.0
gene_ko_441imported_2seeds,424,100,KO: G7544,G7544,KO,8,0.00018808599147428424,1.2202126355834013,0.024878141877497185,20.0
gene_ko_441imported_2seeds,424,101,KO: G7544,G7544,KO,8,0.00022372819585895814,0.8216989816393312,-0.024547644172458312,20.0
gene_ko_441imported_2seeds,425,100,KO: G6261,G6261,KO,8,0.00020869050285795383,1.232468441941412,0.026127377711400834,20.0
gene_ko_441imported_2seeds,425,101,KO: G6261,G6261,KO,8,0.00018784670433631158,0.6468712117174668,-0.05445100735346604,20.0
gene_ko_441imported_2seeds,426,100,KO: EG10586,EG10586,KO,8,0.0001370510057831925,0.8435840209152613,-0.021261971512350167,20.0
gene_ko_441imported_2seeds,426,101,KO: EG10586,EG10586,KO,8,0.00014089464791145414,0.4908339643588263,-0.08895617081307909,20.0
gene_ko_441imported_2seeds,427,100,KO: EG10965,EG10965,KO,8,0.00021674633851832665,1.13796047011634,0.01615469985292991,20.0
gene_ko_441imported_2seeds,427,101,KO: EG10965,EG10965,KO,8,0.0002080550582414521,0.7437018509419062,-0.037014382805909615,20.0
gene_ko_441imported_2seeds,428,100,KO: EG10444,EG10444,KO,6,0.00011645203695569716,1.0242746096907,0.00399744403188292,20.0
gene_ko_441imported_2seeds,428,101,KO: EG10444,EG10444,KO,6,0.00012337477162106765,0.6039059848343286,-0.08405612456841703,20.0
gene_ko_441imported_2seeds,429,100,KO: EG11121,EG11121,KO,8,0.0001960413688924644,1.1192696428143154,0.014084545995528039,20.0
gene_ko_441imported_2seeds,429,101,KO: EG11121,EG11121,KO,8,0.00020488074790698502,0.7864423961706077,-0.03002947498624932,20.0
gene_ko_441imported_2seeds,430,100,KO: EG11074,EG11074,KO,8,0.00020715579824867776,1.1604251250080007,0.01859830313176885,20.0
gene_ko_441imported_2seeds,430,101,KO: EG11074,EG11074,KO,8,0.00020967247353771386,0.8950278250983871,-0.013862558961893215,20.0
gene_ko_441imported_2seeds,431,100,KO: G7892,G7892,KO,8,0.0002043654567736334,1.3189100871752035,0.0346007129991661,20.0
gene_ko_441imported_2seeds,431,101,KO: G7892,G7892,KO,8,0.00020611167187903665,0.8917173827085089,-0.014325754016710698,20.0
gene_ko_441imported_2seeds,432,100,KO: EG10408,EG10408,KO,8,0.00019628902758888242,0.9913202027728671,-0.0010897107589246113,20.0
gene_ko_441imported_2seeds,432,101,KO: EG10408,EG10408,KO,8,0.00018182936930206234,0.6622095802182387,-0.0515216483394568,20.0
gene_ko_441imported_2seeds,433,100,KO: EG10882,EG10882,KO,6,0.0003559365487673948,4.698299834127871,0.2578667843089414,20.0
gene_ko_441imported_2seeds,433,101,KO: EG10882,EG10882,KO,6,0.0003611724141935147,5.035871026258838,0.2694310842500774,20.0
gene_ko_441imported_2seeds,434,100,KO: EG11621,EG11621,KO,8,0.00021339584171696524,1.3379550024010132,0.036392791331000346,20.0
gene_ko_441imported_2seeds,434,101,KO: EG11621,EG11621,KO,8,0.00020974308929939983,0.8136430987050055,-0.025779182850983906,20.0
gene_ko_441imported_2seeds,435,100,KO: EG10082,EG10082,KO,8,0.00019246045457612868,1.2121605097551709,0.024050539083742162,20.0
gene_ko_441imported_2seeds,435,101,KO: EG10082,EG10082,KO,8,0.00020344013331868437,0.7837806083375365,-0.03045326676217204,20.0
gene_ko_441imported_2seeds,436,100,KO: EG10900,EG10900,KO,4,0.0003726955731724136,8.122728258492565,0.5236665225414912,20.0
gene_ko_441imported_2seeds,436,101,KO: EG10900,EG10900,KO,5,0.0006567791425413069,11.94828273471817,0.49611751276867927,20.0
gene_ko_441imported_2seeds,437,100,KO: EG11001,EG11001,KO,7,0.00012784280099669668,0.9661511348148139,-0.00491928610680979,20.0
gene_ko_441imported_2seeds,437,101,KO: EG11001,EG11001,KO,8,0.0001243913702112161,0.41218001030265455,-0.11078688835540654,20.0
gene_ko_441imported_2seeds,438,100,KO: EG10023,EG10023,KO,8,0.00019187855611717237,1.1323383951475625,0.015535608843919704,20.0
gene_ko_441imported_2seeds,438,101,KO: EG10023,EG10023,KO,8,0.00021597255886061134,0.7052539936706268,-0.043649658292888686,20.0
gene_ko_441imported_2seeds,439,100,KO: G6770,G6770,KO,8,0.000213970260047957,1.1821805653929103,0.020920083739580445,20.0
gene_ko_441imported_2seeds,439,101,KO: G6770,G6770,KO,8,0.00020374003723108865,0.9436649524321619,-0.0072480123884778175,20.0
gene_ko_441imported_2seeds,440,100,KO: EG10131,EG10131,KO,8,0.00019167536397040756,2.7952796324413742,0.12849151862347044,20.0
gene_ko_441imported_2seeds,440,101,KO: EG10131,EG10131,KO,8,0.00020563437217882354,0.8714370382062812,-0.017201457743603335,20.0
gene_ko_441imported_2seeds,441,100,KO: EG10088,EG10088,KO,8,0.00019865558928374528,1.2657011645780893,0.0294532811152229,20.0
gene_ko_441imported_2seeds,441,101,KO: EG10088,EG10088,KO,8,0.00018331242119658082,0.7780751184895109,-0.031366525767037245,20.0
