label,variant,generation,duration_s,mRNA_initial,mRNA_final,mRNA_change_pct,protein_initial,protein_final,protein_change_pct,total_tl_initiations,total_tc_initiations
V1_G1,1,1,2520.0,0,3,300.0,416,516,24.03846153846154,0,0
V1_G2,1,2,2810.0,1,4,300.0,255,557,118.43137254901961,0,2
V1_G3,1,3,2780.0,1,2,100.0,278,567,103.9568345323741,0,3
V1_G4,1,4,2740.0,1,4,300.0,272,755,177.5735294117647,0,0
V1_G5,1,5,2600.0,1,5,400.0,400,587,46.75,0,3
V1_G6,1,6,2850.0,4,2,-50.0,284,712,150.70422535211267,0,3
V1_G7,1,7,2690.0,0,5,500.0,362,765,111.32596685082873,0,1
V1_G8,1,8,2880.0,0,0,0.0,382,532,39.26701570680628,0,2
