label,variant,generation,duration_s,mRNA_initial,mRNA_final,mRNA_change_pct,protein_initial,protein_final,protein_change_pct,total_tl_initiations,total_tc_initiations
V1_G1,1,1,2520.0,0,4,400.0,138,161,16.666666666666664,106,8
V1_G2,1,2,2810.0,0,5,500.0,68,91,33.82352941176471,114,10
V1_G3,1,3,2780.0,2,4,100.0,57,96,68.42105263157895,143,7
V1_G4,1,4,2740.0,3,3,0.0,49,126,157.14285714285714,181,5
V1_G5,1,5,2600.0,4,2,-50.0,70,117,67.14285714285714,142,4
V1_G6,1,6,2850.0,1,2,100.0,58,108,86.20689655172413,132,11
V1_G7,1,7,2690.0,0,5,500.0,57,84,47.368421052631575,99,12
V1_G8,1,8,2880.0,2,0,-100.0,38,82,115.78947368421053,128,15
