label,variant,generation,duration_s,mRNA_initial,mRNA_final,mRNA_change_pct,protein_initial,protein_final,protein_change_pct,total_tl_initiations,total_tc_initiations
V1_G1,1,1,2520.0,1,1,0.0,294,535,81.97278911564626,0,0
V1_G2,1,2,2810.0,1,0,-100.0,271,579,113.6531365313653,0,0
V1_G3,1,3,2780.0,0,1,100.0,310,405,30.64516129032258,0,0
V1_G4,1,4,2740.0,0,0,0.0,219,271,23.74429223744292,0,1
V1_G5,1,5,2600.0,0,0,0.0,127,146,14.960629921259844,0,0
V1_G6,1,6,2850.0,0,0,0.0,80,302,277.5,0,0
V1_G7,1,7,2690.0,0,0,0.0,152,268,76.31578947368422,0,0
V1_G8,1,8,2880.0,0,1,100.0,125,666,432.8,0,0
