label,variant,generation,duration_s,mRNA_initial,mRNA_final,mRNA_change_pct,protein_initial,protein_final,protein_change_pct,total_tl_initiations,total_tc_initiations
V1_G1,1,1,2520.0,2,0,-100.0,649,1123,73.03543913713405,0,1
V1_G2,1,2,2810.0,0,1,100.0,544,559,2.7573529411764706,0,1
V1_G3,1,3,2780.0,0,1,100.0,292,1105,278.4246575342466,0,1
V1_G4,1,4,2740.0,1,2,100.0,558,1326,137.63440860215056,0,1
V1_G5,1,5,2600.0,2,1,-50.0,666,1037,55.70570570570571,0,1
V1_G6,1,6,2850.0,1,0,-100.0,524,1071,104.38931297709924,0,2
V1_G7,1,7,2690.0,0,2,200.0,552,1026,85.86956521739131,0,0
V1_G8,1,8,2880.0,0,1,100.0,501,1166,132.73453093812375,0,0
