label,variant,generation,duration_s,mRNA_initial,mRNA_final,mRNA_change_pct,protein_initial,protein_final,protein_change_pct,total_tl_initiations,total_tc_initiations
V1_G1,1,1,2520.0,1,2,100.0,536,745,38.992537313432834,0,2
V1_G2,1,2,2810.0,2,0,-100.0,342,502,46.783625730994146,0,2
V1_G3,1,3,2780.0,0,0,0.0,256,381,48.828125,0,2
V1_G4,1,4,2740.0,0,1,100.0,178,400,124.7191011235955,0,2
V1_G5,1,5,2600.0,1,2,100.0,196,294,50.0,0,3
V1_G6,1,6,2850.0,0,3,300.0,145,390,168.9655172413793,0,2
V1_G7,1,7,2690.0,1,0,-100.0,204,386,89.2156862745098,0,1
V1_G8,1,8,2880.0,0,0,0.0,188,435,131.38297872340425,0,3
