label,variant,generation,duration_s,mRNA_initial,mRNA_final,mRNA_change_pct,protein_initial,protein_final,protein_change_pct,total_tl_initiations,total_tc_initiations
V1_G1,1,1,2520.0,2,3,50.0,5668,8950,57.90402258292167,41,2
V1_G2,1,2,2810.0,2,6,200.0,4414,8658,96.14861803352967,42,7
V1_G3,1,3,2780.0,3,4,33.33333333333333,4322,9776,126.19157797316059,41,2
V1_G4,1,4,2740.0,2,9,350.0,4912,9937,102.30048859934853,49,4
V1_G5,1,5,2600.0,6,8,33.33333333333333,4925,9262,88.06091370558376,42,4
V1_G6,1,6,2850.0,5,9,80.0,4768,12366,159.35402684563758,33,8
V1_G7,1,7,2690.0,2,2,0.0,6161,9723,57.81528972569389,30,3
V1_G8,1,8,2880.0,1,3,200.0,4854,8442,73.91841779975277,27,7
