label,variant,generation,duration_s,mRNA_initial,mRNA_final,mRNA_change_pct,protein_initial,protein_final,protein_change_pct,total_tl_initiations,total_tc_initiations
V1_G1,1,1,2520.0,1,0,-100.0,178,187,5.056179775280898,16,0
V1_G2,1,2,2810.0,0,0,0.0,84,66,-21.428571428571427,12,0
V1_G3,1,3,2780.0,0,1,100.0,35,253,622.8571428571429,5,0
V1_G4,1,4,2740.0,0,2,200.0,117,351,200.0,10,0
V1_G5,1,5,2600.0,1,0,-100.0,186,186,0.0,6,1
V1_G6,1,6,2850.0,0,2,200.0,91,161,76.92307692307693,11,0
V1_G7,1,7,2690.0,1,0,-100.0,77,277,259.7402597402597,8,0
V1_G8,1,8,2880.0,0,0,0.0,143,179,25.174825174825177,22,0
