label,variant,generation,duration_s,mRNA_initial,mRNA_final,mRNA_change_pct,protein_initial,protein_final,protein_change_pct,total_tl_initiations,total_tc_initiations
V1_G1,1,1,2520.0,1,0,-100.0,669,955,42.75037369207772,1,2
V1_G2,1,2,2810.0,0,3,300.0,472,823,74.36440677966102,17,1
V1_G3,1,3,2780.0,1,2,100.0,409,661,61.61369193154034,8,2
V1_G4,1,4,2740.0,1,2,100.0,346,1088,214.45086705202314,0,1
V1_G5,1,5,2600.0,2,0,-100.0,579,1038,79.27461139896373,0,0
V1_G6,1,6,2850.0,0,1,100.0,528,1074,103.40909090909092,4,1
V1_G7,1,7,2690.0,0,1,100.0,545,1241,127.70642201834863,10,6
V1_G8,1,8,2880.0,0,1,100.0,639,1148,79.65571205007824,1,2
