label,variant,generation,duration_s,mRNA_initial,mRNA_final,mRNA_change_pct,protein_initial,protein_final,protein_change_pct,total_tl_initiations,total_tc_initiations
V1_G1,1,1,2520.0,0,1,100.0,104,579,456.7307692307692,0,0
V1_G2,1,2,2810.0,1,1,0.0,304,934,207.23684210526315,0,1
V1_G3,1,3,2780.0,1,1,0.0,475,671,41.26315789473684,0,0
V1_G4,1,4,2740.0,0,0,0.0,334,316,-5.389221556886228,0,0
V1_G5,1,5,2600.0,0,2,200.0,159,270,69.81132075471697,0,0
V1_G6,1,6,2850.0,0,0,0.0,142,225,58.45070422535211,0,0
V1_G7,1,7,2690.0,0,0,0.0,108,152,40.74074074074074,0,1
V1_G8,1,8,2880.0,0,0,0.0,70,67,-4.285714285714286,0,0
