label,variant,generation,duration_s,mRNA_initial,mRNA_final,mRNA_change_pct,protein_initial,protein_final,protein_change_pct,total_tl_initiations,total_tc_initiations
V1_G1,1,1,2520.0,0,2,200.0,78,112,43.58974358974359,0,0
V1_G2,1,2,2810.0,0,0,0.0,56,94,67.85714285714286,0,1
V1_G3,1,3,2780.0,0,0,0.0,57,176,208.7719298245614,0,0
V1_G4,1,4,2740.0,0,3,300.0,83,331,298.79518072289153,0,0
V1_G5,1,5,2600.0,0,0,0.0,165,179,8.484848484848486,0,0
V1_G6,1,6,2850.0,0,0,0.0,87,99,13.793103448275861,0,0
V1_G7,1,7,2690.0,0,1,100.0,46,72,56.52173913043478,0,0
V1_G8,1,8,2880.0,0,1,100.0,36,68,88.88888888888889,0,0
