label,variant,generation,duration_s,mRNA_initial,mRNA_final,mRNA_change_pct,protein_initial,protein_final,protein_change_pct,total_tl_initiations,total_tc_initiations
V1_G1,1,1,2520.0,2,3,50.0,3,4,33.33333333333333,1689,2
V1_G2,1,2,2810.0,1,0,-100.0,3,5,66.66666666666666,1783,1
V1_G3,1,3,2780.0,0,3,300.0,1,3,200.0,2109,0
V1_G4,1,4,2740.0,1,5,400.0,3,0,-100.0,1916,0
V1_G5,1,5,2600.0,2,3,50.0,5,3,-40.0,2052,1
V1_G6,1,6,2850.0,3,5,66.66666666666666,4,3,-25.0,1974,1
V1_G7,1,7,2690.0,4,3,-25.0,1,2,100.0,1697,0
V1_G8,1,8,2880.0,2,2,0.0,1,6,500.0,1713,1
