label,variant,generation,duration_s,mRNA_initial,mRNA_final,mRNA_change_pct,protein_initial,protein_final,protein_change_pct,total_tl_initiations,total_tc_initiations
V1_G1,1,1,2520.0,1,0,-100.0,189,531,180.95238095238096,0,1
V1_G2,1,2,2810.0,0,0,0.0,264,376,42.42424242424242,0,0
V1_G3,1,3,2780.0,0,0,0.0,185,359,94.05405405405406,0,1
V1_G4,1,4,2740.0,0,0,0.0,179,200,11.731843575418994,0,1
V1_G5,1,5,2600.0,0,1,100.0,93,354,280.6451612903226,0,0
V1_G6,1,6,2850.0,1,0,-100.0,191,380,98.95287958115183,0,1
V1_G7,1,7,2690.0,0,1,100.0,190,304,60.0,0,1
V1_G8,1,8,2880.0,0,2,200.0,156,260,66.66666666666666,0,0
