label,variant,generation,duration_s,mRNA_initial,mRNA_final,mRNA_change_pct,protein_initial,protein_final,protein_change_pct,total_tl_initiations,total_tc_initiations
V1_G1,1,1,2520.0,2,5,150.0,4,16,300.0,18,7
V1_G2,1,2,2810.0,3,3,0.0,14,34,142.85714285714286,5,2
V1_G3,1,3,2780.0,2,7,250.0,19,3,-84.21052631578947,8,8
V1_G4,1,4,2740.0,4,4,0.0,7,23,228.57142857142856,0,4
V1_G5,1,5,2600.0,3,8,166.66666666666669,18,8,-55.55555555555556,3,7
V1_G6,1,6,2850.0,4,5,25.0,16,37,131.25,12,10
V1_G7,1,7,2690.0,3,3,0.0,28,9,-67.85714285714286,0,9
V1_G8,1,8,2880.0,2,6,200.0,7,28,300.0,1,5
