label,variant,generation,duration_s,mRNA_initial,mRNA_final,mRNA_change_pct,protein_initial,protein_final,protein_change_pct,total_tl_initiations,total_tc_initiations
V1_G1,1,1,2520.0,0,0,0.0,828,1169,41.18357487922705,0,0
V1_G2,1,2,2810.0,0,2,200.0,589,1255,113.07300509337861,0,3
V1_G3,1,3,2780.0,0,0,0.0,644,1523,136.49068322981367,0,0
V1_G4,1,4,2740.0,0,2,200.0,728,1113,52.88461538461539,0,2
V1_G5,1,5,2600.0,2,1,-50.0,567,1123,98.05996472663139,0,1
V1_G6,1,6,2850.0,1,2,100.0,576,1212,110.41666666666667,0,0
V1_G7,1,7,2690.0,2,4,100.0,599,1468,145.07512520868113,0,3
V1_G8,1,8,2880.0,2,1,-50.0,750,1169,55.86666666666667,0,0
