label,variant,generation,duration_s,mRNA_initial,mRNA_final,mRNA_change_pct,protein_initial,protein_final,protein_change_pct,total_tl_initiations,total_tc_initiations
V1_G1,1,1,2520.0,0,0,0.0,87,443,409.1954022988506,37,1
V1_G2,1,2,2810.0,0,0,0.0,243,331,36.21399176954733,28,0
V1_G3,1,3,2780.0,0,0,0.0,174,173,-0.5747126436781609,36,0
V1_G4,1,4,2740.0,0,0,0.0,86,97,12.790697674418606,34,0
V1_G5,1,5,2600.0,0,1,100.0,55,72,30.909090909090907,49,0
V1_G6,1,6,2850.0,0,0,0.0,24,39,62.5,25,0
V1_G7,1,7,2690.0,0,0,0.0,23,23,0.0,35,0
V1_G8,1,8,2880.0,0,0,0.0,11,292,2554.5454545454545,20,0
