label,variant,generation,duration_s,mRNA_initial,mRNA_final,mRNA_change_pct,protein_initial,protein_final,protein_change_pct,total_tl_initiations,total_tc_initiations
V1_G1,1,1,2520.0,0,0,0.0,83,103,24.096385542168676,0,0
V1_G2,1,2,2810.0,0,0,0.0,48,47,-2.083333333333333,0,0
V1_G3,1,3,2780.0,0,0,0.0,22,22,0.0,0,0
V1_G4,1,4,2740.0,0,1,100.0,10,264,2540.0,0,0
V1_G5,1,5,2600.0,1,2,100.0,123,265,115.44715447154472,0,0
V1_G6,1,6,2850.0,1,2,100.0,135,345,155.55555555555557,0,0
V1_G7,1,7,2690.0,1,0,-100.0,184,309,67.93478260869566,0,0
V1_G8,1,8,2880.0,0,0,0.0,157,163,3.821656050955414,0,0
