label,variant,generation,duration_s,mRNA_initial,mRNA_final,mRNA_change_pct,protein_initial,protein_final,protein_change_pct,total_tl_initiations,total_tc_initiations
V1_G1,1,1,2520.0,0,0,0.0,219,344,57.077625570776256,9,0
V1_G2,1,2,2810.0,0,0,0.0,165,385,133.33333333333331,21,0
V1_G3,1,3,2780.0,0,1,100.0,199,317,59.2964824120603,8,0
V1_G4,1,4,2740.0,1,0,-100.0,155,337,117.41935483870967,0,0
V1_G5,1,5,2600.0,0,0,0.0,174,341,95.97701149425288,0,1
V1_G6,1,6,2850.0,0,0,0.0,185,177,-4.324324324324325,0,0
V1_G7,1,7,2690.0,0,0,0.0,100,221,121.0,0,1
V1_G8,1,8,2880.0,1,0,-100.0,126,210,66.66666666666666,0,2
