label,variant,generation,duration_s,mRNA_initial,mRNA_final,mRNA_change_pct,protein_initial,protein_final,protein_change_pct,total_tl_initiations,total_tc_initiations
V1_G1,1,1,2520.0,2,4,100.0,9968,16903,69.57263242375602,0,6
V1_G2,1,2,2810.0,4,8,100.0,8520,16694,95.93896713615024,0,2
V1_G3,1,3,2780.0,3,7,133.33333333333331,8327,15970,91.78575717545334,0,7
V1_G4,1,4,2740.0,3,11,266.66666666666663,7973,16700,109.45691709519629,0,4
V1_G5,1,5,2600.0,4,11,175.0,8367,14273,70.58682920999163,0,7
V1_G6,1,6,2850.0,6,15,150.0,7089,15945,124.92594159966144,0,9
V1_G7,1,7,2690.0,6,7,16.666666666666664,7931,18196,129.42882360358087,0,4
V1_G8,1,8,2880.0,4,12,200.0,9183,16796,82.90319067842753,0,4
