label,variant,generation,duration_s,mRNA_initial,mRNA_final,mRNA_change_pct,protein_initial,protein_final,protein_change_pct,total_tl_initiations,total_tc_initiations
V0_G1,0,1,2520.0,0,3,300.0,138,172,24.637681159420293,115,7
V0_G2,0,2,2800.0,3,5,66.66666666666666,99,129,30.303030303030305,122,9
V0_G3,0,3,2890.0,2,4,100.0,65,80,23.076923076923077,99,9
V0_G4,0,4,2910.0,3,6,100.0,42,71,69.04761904761905,155,9
V0_G5,0,5,3260.0,1,4,300.0,44,83,88.63636363636364,173,12
V0_G6,0,6,3140.0,2,4,100.0,43,94,118.6046511627907,88,15
V0_G7,0,7,2950.0,1,4,300.0,43,96,123.25581395348837,155,6
V0_G8,0,8,2920.0,1,4,300.0,48,82,70.83333333333334,92,9
