label,variant,generation,duration_s,mRNA_initial,mRNA_final,mRNA_change_pct,protein_initial,protein_final,protein_change_pct,total_tl_initiations,total_tc_initiations
V0_G1,0,1,2520.0,0,1,100.0,294,368,25.170068027210885,0,1
V0_G2,0,2,2800.0,1,0,-100.0,193,339,75.64766839378238,0,0
V0_G3,0,3,2890.0,0,2,200.0,173,476,175.14450867052022,0,1
V0_G4,0,4,2910.0,2,0,-100.0,238,397,66.80672268907563,0,0
V0_G5,0,5,3260.0,0,1,100.0,195,556,185.12820512820514,0,1
V0_G6,0,6,3140.0,0,0,0.0,271,491,81.18081180811808,0,1
V0_G7,0,7,2950.0,0,0,0.0,234,314,34.18803418803419,0,0
V0_G8,0,8,2920.0,0,1,100.0,149,325,118.12080536912752,0,0
