label,variant,generation,duration_s,mRNA_initial,mRNA_final,mRNA_change_pct,protein_initial,protein_final,protein_change_pct,total_tl_initiations,total_tc_initiations
V0_G1,0,1,2520.0,2,3,50.0,5668,9195,62.22653493295696,33,2
V0_G2,0,2,2800.0,1,7,600.0,4614,8815,91.048981361075,36,8
V0_G3,0,3,2890.0,2,1,-50.0,4425,8403,89.89830508474577,21,4
V0_G4,0,4,2910.0,0,7,700.0,4217,8068,91.32084420203937,34,2
V0_G5,0,5,3260.0,6,7,16.666666666666664,4070,9464,132.53071253071255,56,4
V0_G6,0,6,3140.0,4,5,25.0,4750,8866,86.65263157894736,28,4
V0_G7,0,7,2950.0,3,3,0.0,4450,9664,117.1685393258427,34,3
V0_G8,0,8,2920.0,2,5,150.0,4900,8357,70.55102040816327,30,6
