label,variant,generation,duration_s,mRNA_initial,mRNA_final,mRNA_change_pct,protein_initial,protein_final,protein_change_pct,total_tl_initiations,total_tc_initiations
V0_G1,0,1,2520.0,2,9,350.0,9968,17941,79.98595505617978,0,4
V0_G2,0,2,2800.0,4,7,75.0,9009,15916,76.66777666777666,0,7
V0_G3,0,3,2890.0,2,10,400.0,7921,16198,104.49438202247192,0,6
V0_G4,0,4,2910.0,6,12,100.0,7976,16048,101.20361083249749,0,7
V0_G5,0,5,3260.0,4,14,250.0,8023,14808,84.56936308114172,0,8
V0_G6,0,6,3140.0,8,17,112.5,7405,18320,147.40040513166778,0,4
V0_G7,0,7,2950.0,7,14,100.0,9161,20652,125.43390459556818,0,5
V0_G8,0,8,2920.0,9,18,100.0,10393,18680,79.73636101221976,0,6
