label,variant,generation,duration_s,mRNA_initial,mRNA_final,mRNA_change_pct,protein_initial,protein_final,protein_change_pct,total_tl_initiations,total_tc_initiations
V1_G1,1,1,2360.0,1,0,-100.0,536,480,-10.44776119402985,0,0
V1_G2,1,2,1970.0,0,0,0.0,209,186,-11.004784688995215,0,0
V1_G3,1,3,1780.0,0,0,0.0,100,165,65.0,0,0
V1_G4,1,4,1980.0,0,2,200.0,84,364,333.33333333333337,0,0
V1_G5,1,5,1910.0,1,0,-100.0,192,635,230.72916666666666,0,1
V1_G6,1,6,1750.0,0,0,0.0,323,269,-16.718266253869967,0,0
V1_G7,1,7,2010.0,0,2,200.0,126,451,257.93650793650795,0,3
V1_G8,1,8,1920.0,1,0,-100.0,231,345,49.35064935064935,0,1
