label,variant,generation,duration_s,mRNA_initial,mRNA_final,mRNA_change_pct,protein_initial,protein_final,protein_change_pct,total_tl_initiations,total_tc_initiations
V1_G1,1,1,2520.0,2,7,250.0,9968,17234,72.89325842696628,0,8
V1_G2,1,2,2730.0,4,5,25.0,8669,15786,82.09712769638944,0,2
V1_G3,1,3,2970.0,2,13,550.0,7950,13591,70.9559748427673,0,5
V1_G4,1,4,2880.0,6,9,50.0,6871,14241,107.26240721874545,0,3
V1_G5,1,5,3180.0,3,8,166.66666666666669,7179,12657,76.30589218554115,0,10
V1_G6,1,6,3120.0,3,8,166.66666666666669,6411,14205,121.57229761347683,0,6
V1_G7,1,7,3300.0,3,6,100.0,7081,14791,108.88292614037564,0,5
V1_G8,1,8,3200.0,2,9,350.0,7453,12556,68.46907285656782,0,7
