label,variant,generation,duration_s,mRNA_initial,mRNA_final,mRNA_change_pct,protein_initial,protein_final,protein_change_pct,total_tl_initiations,total_tc_initiations
V1_G1,1,1,2520.0,0,0,0.0,65,94,44.61538461538462,0,0
V1_G2,1,2,2730.0,0,1,100.0,48,129,168.75,41,0
V1_G3,1,3,2970.0,0,2,200.0,73,164,124.65753424657535,50,1
V1_G4,1,4,2880.0,0,0,0.0,83,147,77.10843373493977,43,0
V1_G5,1,5,3180.0,0,1,100.0,65,116,78.46153846153847,16,1
V1_G6,1,6,3120.0,0,0,0.0,66,84,27.27272727272727,32,1
V1_G7,1,7,3300.0,0,0,0.0,41,141,243.90243902439025,0,2
V1_G8,1,8,3200.0,0,0,0.0,69,95,37.68115942028986,0,0
