label,variant,generation,duration_s,mRNA_initial,mRNA_final,mRNA_change_pct,protein_initial,protein_final,protein_change_pct,total_tl_initiations,total_tc_initiations
V1_G1,1,1,2520.0,0,1,100.0,448,666,48.660714285714285,0,2
V1_G2,1,2,2730.0,1,0,-100.0,357,547,53.221288515406165,0,1
V1_G3,1,3,2970.0,0,0,0.0,272,670,146.3235294117647,0,1
V1_G4,1,4,2880.0,0,0,0.0,330,460,39.39393939393939,0,1
V1_G5,1,5,3180.0,0,1,100.0,231,545,135.93073593073592,0,0
V1_G6,1,6,3120.0,1,0,-100.0,282,410,45.39007092198582,0,0
V1_G7,1,7,3300.0,0,0,0.0,211,388,83.88625592417061,0,0
V1_G8,1,8,3200.0,0,1,100.0,182,275,51.098901098901095,0,1
