label,variant,generation,duration_s,mRNA_initial,mRNA_final,mRNA_change_pct,protein_initial,protein_final,protein_change_pct,total_tl_initiations,total_tc_initiations
V1_G1,1,1,2520.0,1,0,-100.0,86,101,17.441860465116278,0,0
V1_G2,1,2,2730.0,0,0,0.0,51,85,66.66666666666666,0,2
V1_G3,1,3,2970.0,0,0,0.0,40,169,322.5,0,1
V1_G4,1,4,2880.0,0,0,0.0,85,153,80.0,0,3
V1_G5,1,5,3180.0,0,0,0.0,68,142,108.8235294117647,0,2
V1_G6,1,6,3120.0,0,0,0.0,77,102,32.467532467532465,0,2
V1_G7,1,7,3300.0,0,0,0.0,53,61,15.09433962264151,0,1
V1_G8,1,8,3200.0,0,0,0.0,29,85,193.10344827586206,0,1
