label,variant,generation,duration_s,mRNA_initial,mRNA_final,mRNA_change_pct,protein_initial,protein_final,protein_change_pct,total_tl_initiations,total_tc_initiations
V1_G1,1,1,2520.0,1,0,-100.0,189,268,41.7989417989418,0,0
V1_G2,1,2,2730.0,0,0,0.0,131,310,136.64122137404578,0,0
V1_G3,1,3,2970.0,0,1,100.0,158,373,136.0759493670886,0,2
V1_G4,1,4,2880.0,1,1,0.0,194,222,14.432989690721648,0,1
V1_G5,1,5,3180.0,0,0,0.0,108,220,103.7037037037037,0,1
V1_G6,1,6,3120.0,0,1,100.0,104,159,52.88461538461539,0,1
V1_G7,1,7,3300.0,1,0,-100.0,84,151,79.76190476190477,0,0
V1_G8,1,8,3200.0,0,0,0.0,76,138,81.57894736842105,0,1
