label,variant,generation,duration_s,mRNA_initial,mRNA_final,mRNA_change_pct,protein_initial,protein_final,protein_change_pct,total_tl_initiations,total_tc_initiations
V1_G1,1,1,2520.0,0,0,0.0,828,1136,37.19806763285024,0,1
V1_G2,1,2,2730.0,0,2,200.0,594,996,67.67676767676768,0,4
V1_G3,1,3,2970.0,0,1,100.0,485,1062,118.96907216494846,0,3
V1_G4,1,4,2880.0,0,0,0.0,530,968,82.64150943396227,0,0
V1_G5,1,5,3180.0,0,1,100.0,469,1429,204.6908315565032,0,3
V1_G6,1,6,3120.0,0,0,0.0,702,1096,56.12535612535613,0,3
V1_G7,1,7,3300.0,0,3,300.0,519,1271,144.89402697495183,0,1
V1_G8,1,8,3200.0,1,0,-100.0,622,1005,61.575562700964625,0,2
