label,variant,generation,duration_s,mRNA_initial,mRNA_final,mRNA_change_pct,protein_initial,protein_final,protein_change_pct,total_tl_initiations,total_tc_initiations
V1_G1,1,1,2520.0,2,7,250.0,4,15,275.0,9,5
V1_G2,1,2,2730.0,3,6,100.0,17,10,-41.17647058823529,20,8
V1_G3,1,3,2970.0,3,10,233.33333333333334,12,5,-58.333333333333336,0,3
V1_G4,1,4,2880.0,3,7,133.33333333333331,22,35,59.09090909090909,0,6
V1_G5,1,5,3180.0,6,6,0.0,4,24,500.0,1,2
V1_G6,1,6,3120.0,1,4,300.0,20,5,-75.0,0,6
V1_G7,1,7,3300.0,4,2,-50.0,10,1,-90.0,4,4
V1_G8,1,8,3200.0,2,6,200.0,10,28,180.0,2,3
