label,variant,generation,duration_s,mRNA_initial,mRNA_final,mRNA_change_pct,protein_initial,protein_final,protein_change_pct,total_tl_initiations,total_tc_initiations
V1_G1,1,1,2520.0,0,0,0.0,207,387,86.95652173913044,0,1
V1_G2,1,2,2730.0,0,0,0.0,191,283,48.167539267015705,0,0
V1_G3,1,3,2970.0,0,1,100.0,147,403,174.14965986394557,0,0
V1_G4,1,4,2880.0,0,0,0.0,201,254,26.368159203980102,0,0
V1_G5,1,5,3180.0,0,0,0.0,137,148,8.02919708029197,0,2
V1_G6,1,6,3120.0,0,0,0.0,77,203,163.63636363636365,0,0
V1_G7,1,7,3300.0,0,0,0.0,84,186,121.42857142857142,0,0
V1_G8,1,8,3200.0,0,0,0.0,90,413,358.8888888888889,0,1
