label,variant,generation,duration_s,mRNA_initial,mRNA_final,mRNA_change_pct,protein_initial,protein_final,protein_change_pct,total_tl_initiations,total_tc_initiations
V1_G1,1,1,2520.0,0,0,0.0,33,113,242.42424242424244,0,0
V1_G2,1,2,2730.0,0,0,0.0,49,45,-8.16326530612245,0,0
V1_G3,1,3,2970.0,0,0,0.0,21,94,347.61904761904765,0,0
V1_G4,1,4,2880.0,0,0,0.0,43,40,-6.976744186046512,0,0
V1_G5,1,5,3180.0,0,0,0.0,20,20,0.0,0,0
V1_G6,1,6,3120.0,0,0,0.0,6,6,0.0,0,0
V1_G7,1,7,3300.0,0,0,0.0,5,5,0.0,0,0
V1_G8,1,8,3200.0,0,0,0.0,3,69,2200.0,0,0
