label,variant,generation,duration_s,mRNA_initial,mRNA_final,mRNA_change_pct,protein_initial,protein_final,protein_change_pct,total_tl_initiations,total_tc_initiations
V1_G1,1,1,2520.0,0,2,200.0,138,167,21.014492753623188,197,10
V1_G2,1,2,2730.0,0,3,300.0,88,109,23.863636363636363,103,4
V1_G3,1,3,2970.0,3,2,-33.33333333333333,48,100,108.33333333333333,131,5
V1_G4,1,4,2880.0,3,5,66.66666666666666,47,75,59.57446808510638,93,9
V1_G5,1,5,3180.0,2,4,100.0,32,68,112.5,117,9
V1_G6,1,6,3120.0,3,1,-66.66666666666666,38,71,86.8421052631579,99,9
V1_G7,1,7,3300.0,0,0,0.0,40,72,80.0,66,7
V1_G8,1,8,3200.0,0,2,200.0,33,50,51.515151515151516,65,12
