label,variant,generation,duration_s,mRNA_initial,mRNA_final,mRNA_change_pct,protein_initial,protein_final,protein_change_pct,total_tl_initiations,total_tc_initiations
V1_G1,1,1,2520.0,0,0,0.0,104,166,59.61538461538461,0,0
V1_G2,1,2,2730.0,0,0,0.0,82,280,241.46341463414635,0,0
V1_G3,1,3,2970.0,0,1,100.0,146,257,76.02739726027397,0,0
V1_G4,1,4,2880.0,0,0,0.0,129,271,110.07751937984496,0,0
V1_G5,1,5,3180.0,0,0,0.0,140,132,-5.714285714285714,0,0
V1_G6,1,6,3120.0,0,0,0.0,66,59,-10.606060606060606,0,0
V1_G7,1,7,3300.0,0,0,0.0,31,28,-9.67741935483871,0,0
V1_G8,1,8,3200.0,0,0,0.0,10,204,1939.9999999999998,0,0
