label,variant,generation,duration_s,mRNA_initial,mRNA_final,mRNA_change_pct,protein_initial,protein_final,protein_change_pct,total_tl_initiations,total_tc_initiations
V1_G1,1,1,2520.0,0,0,0.0,416,736,76.92307692307693,0,2
V1_G2,1,2,2730.0,0,1,100.0,345,539,56.231884057971016,0,2
V1_G3,1,3,2970.0,0,0,0.0,257,478,85.99221789883269,0,3
V1_G4,1,4,2880.0,0,2,200.0,235,546,132.3404255319149,0,2
V1_G5,1,5,3180.0,1,3,200.0,272,603,121.69117647058823,0,2
V1_G6,1,6,3120.0,0,0,0.0,311,701,125.40192926045015,0,0
V1_G7,1,7,3300.0,0,2,200.0,366,704,92.34972677595628,0,4
V1_G8,1,8,3200.0,0,1,100.0,356,685,92.41573033707866,0,0
