label,variant,generation,duration_s,mRNA_initial,mRNA_final,mRNA_change_pct,protein_initial,protein_final,protein_change_pct,total_tl_initiations,total_tc_initiations
V1_G1,1,1,2520.0,1,0,-100.0,178,449,152.24719101123597,16,0
V1_G2,1,2,2730.0,0,3,300.0,221,324,46.60633484162896,13,0
V1_G3,1,3,2970.0,0,1,100.0,164,453,176.21951219512195,13,0
V1_G4,1,4,2880.0,1,0,-100.0,222,309,39.189189189189186,15,0
V1_G5,1,5,3180.0,0,0,0.0,152,261,71.71052631578947,13,1
V1_G6,1,6,3120.0,0,0,0.0,136,244,79.41176470588235,6,0
V1_G7,1,7,3300.0,0,0,0.0,122,133,9.01639344262295,7,1
V1_G8,1,8,3200.0,0,3,300.0,64,234,265.625,13,2
