label,variant,generation,duration_s,mRNA_initial,mRNA_final,mRNA_change_pct,protein_initial,protein_final,protein_change_pct,total_tl_initiations,total_tc_initiations
V1_G1,1,1,2520.0,2,0,-100.0,649,1417,118.33590138674886,0,0
V1_G2,1,2,2730.0,0,0,0.0,686,1026,49.56268221574344,0,0
V1_G3,1,3,2970.0,0,3,300.0,516,577,11.821705426356589,0,1
V1_G4,1,4,2880.0,1,2,100.0,272,1040,282.3529411764706,0,1
V1_G5,1,5,3180.0,2,2,0.0,516,1248,141.86046511627907,0,0
V1_G6,1,6,3120.0,2,0,-100.0,657,1099,67.27549467275495,0,3
V1_G7,1,7,3300.0,0,0,0.0,562,1336,137.72241992882562,0,1
V1_G8,1,8,3200.0,0,2,200.0,696,1176,68.96551724137932,0,1
