label,variant,generation,duration_s,mRNA_initial,mRNA_final,mRNA_change_pct,protein_initial,protein_final,protein_change_pct,total_tl_initiations,total_tc_initiations
V1_G1,1,1,2520.0,2,6,200.0,5668,10279,81.3514467184192,58,4
V1_G2,1,2,2730.0,3,1,-66.66666666666666,5189,8302,59.99229138562343,28,4
V1_G3,1,3,2970.0,1,8,700.0,4119,9160,122.38407380432143,30,5
V1_G4,1,4,2880.0,3,2,-33.33333333333333,4553,7599,66.90094443224248,23,5
V1_G5,1,5,3180.0,2,7,250.0,3878,8741,125.39969056214544,36,4
V1_G6,1,6,3120.0,2,3,50.0,4359,9301,113.37462720807525,23,9
V1_G7,1,7,3300.0,1,2,100.0,4666,7125,52.70038576939563,27,3
V1_G8,1,8,3200.0,0,10,1000.0,3522,8399,138.47245883021012,13,6
