label,variant,generation,duration_s,mRNA_initial,mRNA_final,mRNA_change_pct,protein_initial,protein_final,protein_change_pct,total_tl_initiations,total_tc_initiations
V1_G1,1,1,2520.0,0,0,0.0,294,292,-0.6802721088435374,0,0
V1_G2,1,2,2730.0,0,0,0.0,146,464,217.80821917808217,0,0
V1_G3,1,3,2970.0,0,0,0.0,217,355,63.594470046082954,0,1
V1_G4,1,4,2880.0,0,0,0.0,168,170,1.1904761904761905,0,0
V1_G5,1,5,3180.0,0,0,0.0,85,168,97.6470588235294,0,0
V1_G6,1,6,3120.0,0,0,0.0,80,256,220.00000000000003,0,1
V1_G7,1,7,3300.0,0,0,0.0,141,164,16.312056737588655,0,0
V1_G8,1,8,3200.0,0,0,0.0,81,299,269.1358024691358,0,1
