label,variant,generation,duration_s,mRNA_initial,mRNA_final,mRNA_change_pct,protein_initial,protein_final,protein_change_pct,total_tl_initiations,total_tc_initiations
V1_G1,1,1,2520.0,1,0,-100.0,536,702,30.970149253731343,0,4
V1_G2,1,2,2730.0,1,2,100.0,328,427,30.182926829268293,0,0
V1_G3,1,3,2970.0,0,0,0.0,218,615,182.11009174311928,0,3
V1_G4,1,4,2880.0,0,1,100.0,297,501,68.68686868686868,0,4
V1_G5,1,5,3180.0,1,0,-100.0,238,366,53.78151260504202,0,1
V1_G6,1,6,3120.0,0,0,0.0,199,292,46.733668341708544,0,1
V1_G7,1,7,3300.0,0,1,100.0,141,278,97.16312056737588,0,0
V1_G8,1,8,3200.0,1,0,-100.0,154,304,97.40259740259741,0,4
