label,variant,generation,duration_s,mRNA_initial,mRNA_final,mRNA_change_pct,protein_initial,protein_final,protein_change_pct,total_tl_initiations,total_tc_initiations
V1_G1,1,1,2520.0,1,1,0.0,669,1170,74.88789237668162,5,1
V1_G2,1,2,2730.0,1,3,200.0,600,1133,88.83333333333333,0,0
V1_G3,1,3,2970.0,1,1,0.0,568,1275,124.4718309859155,0,2
V1_G4,1,4,2880.0,1,2,100.0,631,975,54.516640253565775,0,3
V1_G5,1,5,3180.0,1,0,-100.0,507,893,76.13412228796844,0,4
V1_G6,1,6,3120.0,0,0,0.0,457,836,82.93216630196937,1,2
V1_G7,1,7,3300.0,0,1,100.0,401,852,112.46882793017457,24,0
V1_G8,1,8,3200.0,1,0,-100.0,430,725,68.6046511627907,2,1
