tu,ridge_full,ridge_A_train,ridge_B_train,enet_full,enet_A_train,enet_B_train,abs_ridge_full,abs_ridge_A_train,abs_ridge_B_train,abs_enet_full,abs_enet_A_train,abs_enet_B_train,ridge_mean,ridge_std,enet_mean,enet_std,ridge_score,enet_score
tu_available__EG10901_RNA[c],0.6933730509951765,0.6424292226756665,0.6536663812733615,0.7700460711376611,0.0,0.0,0.6933730509951765,0.6424292226756665,0.6536663812733615,0.7700460711376611,0.0,0.0,0.6631562183147349,0.026764924178218675,0.2566820237125537,0.44458630645974234,0.6631562183147349,0.2566820237125537
tu_available__TU0-13557[c],0.6933730509951767,0.6424292226756647,0.6536663812733599,0.7700497968354781,0.0,0.0,0.6933730509951767,0.6424292226756647,0.6536663812733599,0.7700497968354781,0.0,0.0,0.6631562183147337,0.02676492417821972,0.25668326561182603,0.44458845749237996,0.6631562183147337,0.25668326561182603
tu_available__EG10383_RNA[c],0.6933730509951714,0.642429222675666,0.6536663812733614,0.7700459442220764,0.0,0.0,0.6933730509951714,0.642429222675666,0.6536663812733614,0.7700459442220764,0.0,0.0,0.6631562183147329,0.026764924178215983,0.2566819814073588,0.4445862331849953,0.6631562183147329,0.2566819814073588
tu_available__TU0-1021[c],0.6933730509951714,0.6424292226756663,0.6536663812733613,0.7700466992154058,0.0,0.0,0.6933730509951714,0.6424292226756663,0.6536663812733613,0.7700466992154058,0.0,0.0,0.6631562183147329,0.02676492417821592,0.25668223307180194,0.4445866690805973,0.6631562183147329,0.25668223307180194
tu_available__TU0-14255[c],0.6933730509951767,0.6424292226756636,0.6536663812733582,0.7700526275364202,0.0,0.0,0.6933730509951767,0.6424292226756636,0.6536663812733582,0.7700526275364202,0.0,0.0,0.6631562183147328,0.026764924178220444,0.25668420917880674,0.4445900917983308,0.6631562183147328,0.25668420917880674
tu_available__TU0-13519[c],0.6933730509951728,0.6424292226756645,0.6536663812733601,0.7700494533627601,0.0,0.0,0.6933730509951728,0.6424292226756645,0.6536663812733601,0.7700494533627601,0.0,0.0,0.6631562183147325,0.026764924178217575,0.25668315112092005,0.4445882591883137,0.6631562183147325,0.25668315112092005
tu_available__TU0-13080[c],0.693373050995172,0.6424292226756654,0.6536663812733603,0.7700478029177021,0.0,0.0,0.693373050995172,0.6424292226756654,0.6536663812733603,0.7700478029177021,0.0,0.0,0.6631562183147325,0.026764924178216753,0.2566826009725674,0.4445873063034152,0.6631562183147325,0.2566826009725674
tu_available__TU0-13093[c],0.6933730509951722,0.642429222675665,0.6536663812733603,0.7700480435833532,0.0,0.0,0.6933730509951722,0.642429222675665,0.6536663812733603,0.7700480435833532,0.0,0.0,0.6631562183147325,0.02676492417821701,0.2566826811944511,0.4445874452517936,0.6631562183147325,0.2566826811944511
tu_available__TU0-13593[c],0.6933730509951728,0.6424292226756644,0.6536663812733597,0.7700501367939869,0.0,0.0,0.6933730509951728,0.6424292226756644,0.6536663812733597,0.7700501367939869,0.0,0.0,0.6631562183147324,0.026764924178217676,0.256683378931329,0.4445886537675165,0.6631562183147324,0.256683378931329
tu_available__TU0-13642[c],0.693373050995173,0.6424292226756644,0.6536663812733599,0.7700502493386371,0.0,0.0,0.693373050995173,0.6424292226756644,0.6536663812733599,0.7700502493386371,0.0,0.0,0.6631562183147324,0.026764924178217783,0.25668341644621234,0.4445887187452006,0.6631562183147324,0.25668341644621234
tu_available__TU0-13444[c],0.6933730509951722,0.6424292226756645,0.6536663812733602,0.7700492224111065,0.0,0.0,0.6933730509951722,0.6424292226756645,0.6536663812733602,0.7700492224111065,0.0,0.0,0.6631562183147324,0.026764924178217242,0.2566830741370355,0.44458812584831436,0.6631562183147324,0.2566830741370355
tu_available__TU0-13135[c],0.6933730509951721,0.6424292226756648,0.6536663812733603,0.7700484014939288,0.0,0.0,0.6933730509951721,0.6424292226756648,0.6536663812733603,0.7700484014939288,0.0,0.0,0.6631562183147324,0.02676492417821703,0.25668280049797626,0.4445876518915609,0.6631562183147324,0.25668280049797626
tu_available__TU0-13935[c],0.6933730509951732,0.6424292226756639,0.6536663812733587,0.7700513538067663,0.0,0.0,0.6933730509951732,0.6424292226756639,0.6536663812733587,0.7700513538067663,0.0,0.0,0.663156218314732,0.026764924178218276,0.25668378460225544,0.4445893564101722,0.663156218314732,0.25668378460225544
tu_available__TU0-14004[c],0.6933730509951731,0.6424292226756637,0.653666381273359,0.7700516778248859,0.0,0.0,0.6933730509951731,0.6424292226756637,0.653666381273359,0.7700516778248859,0.0,0.0,0.6631562183147319,0.02676492417821826,0.2566838926082953,0.4445895434821208,0.6631562183147319,0.2566838926082953
tu_available__TU0-14042[c],0.693373050995173,0.6424292226756638,0.6536663812733587,0.7700517847974958,0.0,0.0,0.693373050995173,0.6424292226756638,0.6536663812733587,0.7700517847974958,0.0,0.0,0.6631562183147318,0.026764924178218193,0.2566839282658319,0.44458960524278607,0.6631562183147318,0.2566839282658319
tu_available__TU0-42202[c],0.6933730509951771,0.6424292226756615,0.6536663812733559,0.7700569603883325,0.0,0.0,0.6933730509951771,0.6424292226756615,0.6536663812733559,0.7700569603883325,0.0,0.0,0.6631562183147315,0.02676492417822193,0.2566856534627775,0.4445925933715487,0.6631562183147315,0.2566856534627775
tu_available__TU0-42628[c],0.6933730509951767,0.6424292226756609,0.6536663812733557,0.7700575764119525,0.0,0.0,0.6933730509951767,0.6424292226756609,0.6536663812733557,0.7700575764119525,0.0,0.0,0.6631562183147311,0.02676492417822191,0.25668585880398415,0.4445929490329516,0.6631562183147311,0.25668585880398415
tu_available__TU0-45156[c],0.6933730509951767,0.6424292226756608,0.6536663812733553,0.7700576632132056,0.0,0.0,0.6933730509951767,0.6424292226756608,0.6536663812733553,0.7700576632132056,0.0,0.0,0.6631562183147309,0.026764924178222033,0.2566858877377352,0.44459299914767836,0.6631562183147309,0.2566858877377352
tu_available__TU0-5522[c],0.6933730509951763,0.6424292226756602,0.653666381273355,0.7700585986104909,0.0,0.0,0.6933730509951763,0.6424292226756602,0.653666381273355,0.7700585986104909,0.0,0.0,0.6631562183147305,0.02676492417822216,0.2566861995368303,0.44459353919955286,0.6631562183147305,0.2566861995368303
tu_available__TU0-6660[c],0.693373050995177,0.6424292226756595,0.6536663812733543,0.7700601330509385,0.0,0.0,0.693373050995177,0.6424292226756595,0.6536663812733543,0.7700601330509385,0.0,0.0,0.6631562183147303,0.02676492417822291,0.2566867110169795,0.4445944251091583,0.6631562183147303,0.2566867110169795
tu_available__TU0-7842[c],0.693373050995177,0.6424292226756593,0.653666381273354,0.7700605972377098,0.0,0.0,0.693373050995177,0.6424292226756593,0.653666381273354,0.7700605972377098,0.0,0.0,0.6631562183147302,0.026764924178223057,0.25668686574590327,0.4445946931075158,0.6631562183147302,0.25668686574590327
tu_available__TU0-6653[c],0.6933730509951763,0.6424292226756596,0.653666381273354,0.7700600547509427,0.0,0.0,0.6933730509951763,0.6424292226756596,0.653666381273354,0.7700600547509427,0.0,0.0,0.66315621831473,0.026764924178222557,0.25668668491698093,0.44459437990263473,0.66315621831473,0.25668668491698093
tu_available__TU0-8323[c],0.6933730509951759,0.6424292226756594,0.6536663812733539,0.7700609014157188,0.0,0.0,0.6933730509951759,0.6424292226756594,0.6536663812733539,0.7700609014157188,0.0,0.0,0.6631562183147297,0.026764924178222408,0.2566869671385729,0.44459486872477116,0.6631562183147297,0.2566869671385729
tu_available__TU0-8477[c],0.6933730509951763,0.6424292226756588,0.6536663812733534,0.7700612757984695,0.0,0.0,0.6933730509951763,0.6424292226756588,0.6536663812733534,0.7700612757984695,0.0,0.0,0.6631562183147295,0.026764924178222953,0.2566870919328232,0.444595084874753,0.6631562183147295,0.2566870919328232
tu_available__TU0-14399[c],0.6933730509951657,0.6424292226756635,0.6536663812733582,0.7700529376664487,0.0,0.0,0.6933730509951657,0.6424292226756635,0.6536663812733582,0.7700529376664487,0.0,0.0,0.6631562183147292,0.026764924178214286,0.2566843125554829,0.44459027085198616,0.6631562183147292,0.2566843125554829
tu_available__TU0-14257[c],0.693373050995165,0.6424292226756634,0.6536663812733583,0.7700527312668687,0.0,0.0,0.693373050995165,0.6424292226756634,0.6536663812733583,0.7700527312668687,0.0,0.0,0.6631562183147289,0.02676492417821393,0.2566842437556229,0.44459015168713323,0.6631562183147289,0.2566842437556229
tu_available__TU00055[c],0.693373050995176,0.6424292226756579,0.6536663812733525,0.7700629173482665,0.0,0.0,0.693373050995176,0.6424292226756579,0.6536663812733525,0.7700629173482665,0.0,0.0,0.6631562183147288,0.02676492417822327,0.25668763911608883,0.4445960326239702,0.6631562183147288,0.25668763911608883
tu_available__TU0-14467[c],0.6933730509951657,0.6424292226756627,0.6536663812733577,0.7700534475292228,0.0,0.0,0.6933730509951657,0.6424292226756627,0.6536663812733577,0.7700534475292228,0.0,0.0,0.6631562183147287,0.026764924178214668,0.2566844825097409,0.4445905652213962,0.6631562183147287,0.2566844825097409
tu_available__TU0-14658[c],0.6933730509951664,0.6424292226756623,0.6536663812733571,0.7700543435814261,0.0,0.0,0.6933730509951664,0.6424292226756623,0.6536663812733571,0.7700543435814261,0.0,0.0,0.6631562183147287,0.026764924178215393,0.2566847811938087,0.4445910825573769,0.6631562183147287,0.2566847811938087
tu_available__TU0-14634[c],0.6933730509951661,0.6424292226756625,0.6536663812733574,0.7700539487423116,0.0,0.0,0.6933730509951661,0.6424292226756625,0.6536663812733574,0.7700539487423116,0.0,0.0,0.6631562183147287,0.026764924178215063,0.25668464958077053,0.4445908545969079,0.6631562183147287,0.25668464958077053
tu_available__TU0-14654[c],0.6933730509951666,0.6424292226756625,0.6536663812733569,0.7700542453780507,0.0,0.0,0.6933730509951666,0.6424292226756625,0.6536663812733569,0.7700542453780507,0.0,0.0,0.6631562183147287,0.02676492417821541,0.25668474845935024,0.44459102585963167,0.6631562183147287,0.25668474845935024
tu_available__TU0-198747[c],0.693373050995167,0.642429222675662,0.6536663812733567,0.770055495837662,0.0,0.0,0.693373050995167,0.642429222675662,0.6536663812733567,0.770055495837662,0.0,0.0,0.6631562183147286,0.02676492417821585,0.25668516527922064,0.4445917478128249,0.6631562183147286,0.25668516527922064
tu_available__TU0-42478[c],0.693373050995168,0.6424292226756612,0.6536663812733563,0.7700571379078799,0.0,0.0,0.693373050995168,0.6424292226756612,0.6536663812733563,0.7700571379078799,0.0,0.0,0.6631562183147285,0.02676492417821684,0.25668571263595996,0.4445926958625072,0.6631562183147285,0.25668571263595996
tu_available__TU0-6481[c],0.6933730509951697,0.6424292226756598,0.6536663812733551,0.7700592570376174,0.0,0.0,0.6933730509951697,0.6424292226756598,0.6536663812733551,0.7700592570376174,0.0,0.0,0.6631562183147283,0.026764924178218512,0.25668641901253914,0.44459391934263154,0.6631562183147283,0.25668641901253914
tu_available__TU0-6482[c],0.6933730509951695,0.64242922267566,0.6536663812733547,0.7700593380754768,0.0,0.0,0.6933730509951695,0.64242922267566,0.6536663812733547,0.7700593380754768,0.0,0.0,0.6631562183147282,0.02676492417821842,0.25668644602515894,0.4445939661298615,0.6631562183147282,0.25668644602515894
tu_available__TU00352[c],0.693373050995177,0.6424292226756563,0.6536663812733507,0.7700657169952768,0.0,0.0,0.693373050995177,0.6424292226756563,0.6536663812733507,0.7700657169952768,0.0,0.0,0.663156218314728,0.02676492417822479,0.25668857233175896,0.44459764900092524,0.663156218314728,0.25668857233175896
tu_available__TU0-7341[c],0.6933730509951704,0.6424292226756596,0.6536663812733541,0.7700605205369638,0.0,0.0,0.6933730509951704,0.6424292226756596,0.6536663812733541,0.7700605205369638,0.0,0.0,0.663156218314728,0.026764924178219213,0.25668684017898796,0.4445946488243193,0.663156218314728,0.25668684017898796
tu_available__TU0-5501[c],0.6933730509951692,0.6424292226756605,0.6536663812733544,0.770058515027225,0.0,0.0,0.6933730509951692,0.6424292226756605,0.6536663812733544,0.770058515027225,0.0,0.0,0.663156218314728,0.02676492417821812,0.25668617167574165,0.4445934909427319,0.663156218314728,0.25668617167574165
tu_available__TU00336[c],0.6933730509951765,0.6424292226756566,0.6536663812733511,0.7700652994309685,0.0,0.0,0.6933730509951765,0.6424292226756566,0.6536663812733511,0.7700652994309685,0.0,0.0,0.663156218314728,0.02676492417822435,0.25668843314365614,0.4445974079200594,0.663156218314728,0.25668843314365614
tu_available__TU00348[c],0.6933730509951771,0.6424292226756563,0.6536663812733509,0.7700655987177438,0.0,0.0,0.6933730509951771,0.6424292226756563,0.6536663812733509,0.7700655987177438,0.0,0.0,0.663156218314728,0.026764924178224833,0.2566885329059146,0.44459758071335975,0.663156218314728,0.2566885329059146
tu_available__TU00340[c],0.693373050995177,0.6424292226756564,0.6536663812733507,0.7700654197651338,0.0,0.0,0.693373050995177,0.6424292226756564,0.6536663812733507,0.7700654197651338,0.0,0.0,0.663156218314728,0.02676492417822475,0.25668847325504457,0.4445974773950222,0.663156218314728,0.25668847325504457
tu_available__TU00337[c],0.6933730509951765,0.6424292226756567,0.653666381273351,0.7700653597017658,0.0,0.0,0.6933730509951765,0.6424292226756567,0.653666381273351,0.7700653597017658,0.0,0.0,0.663156218314728,0.026764924178224327,0.2566884532339219,0.4445974427174205,0.663156218314728,0.2566884532339219
tu_available__TU00185[c],0.6933730509951754,0.6424292226756574,0.6536663812733513,0.7700645599530676,0.0,0.0,0.6933730509951754,0.6424292226756574,0.6536663812733513,0.7700645599530676,0.0,0.0,0.663156218314728,0.026764924178223386,0.2566881866510225,0.4445969809822943,0.663156218314728,0.2566881866510225
tu_available__TU0-6409[c],0.6933730509951692,0.6424292226756605,0.6536663812733546,0.7700590122461807,0.0,0.0,0.6933730509951692,0.6424292226756605,0.6536663812733546,0.7700590122461807,0.0,0.0,0.663156218314728,0.02676492417821808,0.25668633741539354,0.44459377801222977,0.663156218314728,0.25668633741539354
tu_available__TU0-5061[c],0.6933730509951692,0.6424292226756603,0.6536663812733544,0.7700582625477369,0.0,0.0,0.6933730509951692,0.6424292226756603,0.6536663812733544,0.7700582625477369,0.0,0.0,0.6631562183147279,0.026764924178218207,0.2566860875159123,0.4445933451736314,0.6631562183147279,0.2566860875159123
tu_available__TU00346[c],0.6933730509951763,0.6424292226756565,0.6536663812733509,0.7700654796217818,0.0,0.0,0.6933730509951763,0.6424292226756565,0.6536663812733509,0.7700654796217818,0.0,0.0,0.6631562183147279,0.02676492417822431,0.2566884932072606,0.444597511953274,0.6631562183147279,0.2566884932072606
tu_available__TU0-6501[c],0.6933730509951693,0.64242922267566,0.6536663812733546,0.770059499317929,0.0,0.0,0.6933730509951693,0.64242922267566,0.6536663812733546,0.770059499317929,0.0,0.0,0.6631562183147279,0.026764924178218318,0.256686499772643,0.4445940592232347,0.6631562183147279,0.256686499772643
tu_available__TU0-6441[c],0.6933730509951695,0.6424292226756598,0.6536663812733546,0.7700591757207458,0.0,0.0,0.6933730509951695,0.6424292226756598,0.6536663812733546,0.7700591757207458,0.0,0.0,0.6631562183147279,0.02676492417821853,0.2566863919069153,0.44459387239431386,0.6631562183147279,0.2566863919069153
tu_available__TU0-6562[c],0.6933730509951697,0.6424292226756597,0.6536663812733544,0.7700598182289623,0.0,0.0,0.6933730509951697,0.6424292226756597,0.6536663812733544,0.7700598182289623,0.0,0.0,0.6631562183147279,0.02676492417821867,0.25668660607632077,0.4445942433466057,0.6631562183147279,0.25668660607632077
tu_available__TU0-6886[c],0.6933730509951702,0.6424292226756595,0.6536663812733542,0.7700602888454163,0.0,0.0,0.6933730509951702,0.6424292226756595,0.6536663812733542,0.7700602888454163,0.0,0.0,0.6631562183147279,0.026764924178219112,0.2566867629484721,0.4445945150571421,0.6631562183147279,0.2566867629484721
tu_available__TU0-7281[c],0.6933730509951702,0.6424292226756595,0.6536663812733537,0.7700604435719324,0.0,0.0,0.6933730509951702,0.6424292226756595,0.6536663812733537,0.7700604435719324,0.0,0.0,0.6631562183147278,0.02676492417821919,0.25668681452397746,0.44459460438853776,0.6631562183147278,0.25668681452397746
tu_available__TU0-6506[c],0.6933730509951693,0.6424292226756598,0.6536663812733543,0.770059579524398,0.0,0.0,0.6933730509951693,0.6424292226756598,0.6536663812733543,0.770059579524398,0.0,0.0,0.6631562183147278,0.02676492417821846,0.2566865265081327,0.44459410553046114,0.6631562183147278,0.2566865265081327
tu_available__TU00351[c],0.6933730509951764,0.6424292226756565,0.6536663812733507,0.7700656579584638,0.0,0.0,0.6933730509951764,0.6424292226756565,0.6536663812733507,0.7700656579584638,0.0,0.0,0.6631562183147278,0.026764924178224393,0.25668855265282126,0.4445976149160054,0.6631562183147278,0.25668855265282126
tu_available__TU00347[c],0.6933730509951764,0.6424292226756565,0.6536663812733507,0.7700655392724174,0.0,0.0,0.6933730509951764,0.6424292226756565,0.6536663812733507,0.7700655392724174,0.0,0.0,0.6631562183147278,0.026764924178224393,0.2566885130908058,0.4445975463925845,0.6631562183147278,0.2566885130908058
tu_available__TU00054[c],0.6933730509951714,0.6424292226756585,0.6536663812733527,0.7700628486470545,0.0,0.0,0.6933730509951714,0.6424292226756585,0.6536663812733527,0.7700628486470545,0.0,0.0,0.6631562183147276,0.026764924178220444,0.25668761621568487,0.44459599295930696,0.6631562183147276,0.25668761621568487
tu_available__TU0-8472[c],0.6933730509951705,0.6424292226756589,0.6536663812733533,0.7700611268178433,0.0,0.0,0.6933730509951705,0.6424292226756589,0.6536663812733533,0.7700611268178433,0.0,0.0,0.6631562183147276,0.02676492417821967,0.25668704227261446,0.4445949988607484,0.6631562183147276,0.25668704227261446
tu_available__TU00334[c],0.6933730509951757,0.6424292226756568,0.6536663812733506,0.7700652389520316,0.0,0.0,0.6933730509951757,0.6424292226756568,0.6536663812733506,0.7700652389520316,0.0,0.0,0.6631562183147276,0.02676492417822384,0.2566884129840105,0.44459737300252894,0.6631562183147276,0.2566884129840105
tu_available__TU00004[c],0.6933730509951715,0.6424292226756588,0.6536663812733526,0.7700622904366027,0.0,0.0,0.6933730509951715,0.6424292226756588,0.6536663812733526,0.7700622904366027,0.0,0.0,0.6631562183147276,0.026764924178220396,0.25668743014553425,0.4445956706763523,0.6631562183147276,0.25668743014553425
tu_available__TU00058[c],0.6933730509951721,0.6424292226756583,0.6536663812733526,0.7700631220378982,0.0,0.0,0.6933730509951721,0.6424292226756583,0.6536663812733526,0.7700631220378982,0.0,0.0,0.6631562183147276,0.026764924178220923,0.2566877073459661,0.4445961508015841,0.6631562183147276,0.2566877073459661
tu_available__TU00056[c],0.6933730509951719,0.6424292226756585,0.6536663812733525,0.7700629858132753,0.0,0.0,0.6933730509951719,0.6424292226756585,0.6536663812733525,0.7700629858132753,0.0,0.0,0.6631562183147276,0.026764924178220732,0.25668766193775844,0.4445960721522614,0.6631562183147276,0.25668766193775844
tu_available__TU361[c],0.6933730509951769,0.6424292226756557,0.6536663812733504,0.7700662392650307,0.0,0.0,0.6933730509951769,0.6424292226756557,0.6536663812733504,0.7700662392650307,0.0,0.0,0.6631562183147276,0.026764924178225003,0.2566887464216769,0.44459795053350826,0.6631562183147276,0.2566887464216769
tu_available__TU00357[c],0.6933730509951758,0.6424292226756565,0.6536663812733502,0.7700657758288796,0.0,0.0,0.6933730509951758,0.6424292226756565,0.6536663812733502,0.7700657758288796,0.0,0.0,0.6631562183147275,0.026764924178224115,0.25668859194295984,0.4445976829685217,0.6631562183147275,0.25668859194295984
tu_available__TU00090[c],0.6933730509951722,0.6424292226756579,0.6536663812733522,0.7700636574249656,0.0,0.0,0.6933730509951722,0.6424292226756579,0.6536663812733522,0.7700636574249656,0.0,0.0,0.6631562183147275,0.026764924178221194,0.25668788580832186,0.4445964599074517,0.6631562183147275,0.25668788580832186
tu_available__TU0-8492[c],0.693373050995171,0.6424292226756585,0.6536663812733531,0.7700613499051648,0.0,0.0,0.693373050995171,0.6424292226756585,0.6536663812733531,0.7700613499051648,0.0,0.0,0.6631562183147275,0.026764924178220132,0.25668711663505495,0.44459512766027354,0.6631562183147275,0.25668711663505495
tu_available__TU00008[c],0.6933730509951713,0.6424292226756583,0.6536663812733524,0.7700623610567284,0.0,0.0,0.6933730509951713,0.6424292226756583,0.6536663812733524,0.7700623610567284,0.0,0.0,0.6631562183147274,0.026764924178220524,0.25668745368557616,0.4445957114489009,0.6631562183147274,0.25668745368557616
tu_available__TU00061[c],0.6933730509951721,0.6424292226756578,0.6536663812733523,0.7700632573273292,0.0,0.0,0.6933730509951721,0.6424292226756578,0.6536663812733523,0.7700632573273292,0.0,0.0,0.6631562183147274,0.026764924178221156,0.2566877524424431,0.4445962289109735,0.6631562183147274,0.2566877524424431
tu_available__TU00057[c],0.6933730509951723,0.6424292226756577,0.6536663812733519,0.7700630540428848,0.0,0.0,0.6933730509951723,0.6424292226756577,0.6536663812733519,0.7700630540428848,0.0,0.0,0.6631562183147274,0.026764924178221402,0.2566876846809616,0.44459611154464485,0.6631562183147274,0.2566876846809616
tu_available__TU0-8493[c],0.6933730509951707,0.6424292226756587,0.6536663812733529,0.7700614237572719,0.0,0.0,0.6933730509951707,0.6424292226756587,0.6536663812733529,0.7700614237572719,0.0,0.0,0.6631562183147274,0.0267649241782199,0.256687141252424,0.4445951702988074,0.6631562183147274,0.256687141252424
tu_available__TU00060[c],0.6933730509951718,0.6424292226756577,0.6536663812733524,0.7700631897991139,0.0,0.0,0.6933730509951718,0.6424292226756577,0.6536663812733524,0.7700631897991139,0.0,0.0,0.6631562183147274,0.02676492417822099,0.25668772993303796,0.44459618992354033,0.6631562183147274,0.25668772993303796
tu_available__TU00281[c],0.693373050995174,0.6424292226756569,0.6536663812733509,0.7700651173668778,0.0,0.0,0.693373050995174,0.6424292226756569,0.6536663812733509,0.7700651173668778,0.0,0.0,0.6631562183147274,0.02676492417822282,0.2566883724556259,0.4445973028053077,0.6631562183147274,0.2566883724556259
tu_available__TU00094[c],0.6933730509951722,0.6424292226756577,0.6536663812733519,0.7700637233450273,0.0,0.0,0.6933730509951722,0.6424292226756577,0.6536663812733519,0.7700637233450273,0.0,0.0,0.6631562183147273,0.02676492417822134,0.2566879077816758,0.444596497966417,0.6631562183147273,0.2566879077816758
tu_available__TU00082[c],0.6933730509951718,0.6424292226756579,0.6536663812733521,0.7700635249015664,0.0,0.0,0.6933730509951718,0.6424292226756579,0.6536663812733521,0.7700635249015664,0.0,0.0,0.6631562183147273,0.026764924178220965,0.25668784163385544,0.4445963833950315,0.6631562183147273,0.25668784163385544
tu_available__TU00192[c],0.6933730509951732,0.642429222675657,0.6536663812733512,0.7700646227684741,0.0,0.0,0.6933730509951732,0.642429222675657,0.6536663812733512,0.7700646227684741,0.0,0.0,0.6631562183147272,0.02676492417822228,0.25668820758949135,0.4445970172487862,0.6631562183147272,0.25668820758949135
tu_available__TU00178[c],0.6933730509951728,0.6424292226756575,0.6536663812733515,0.7700643702026835,0.0,0.0,0.6933730509951728,0.6424292226756575,0.6536663812733515,0.7700643702026835,0.0,0.0,0.6631562183147272,0.026764924178221797,0.2566881234008945,0.444596871429859,0.6631562183147272,0.2566881234008945
tu_available__TU00256[c],0.6933730509951733,0.642429222675657,0.653666381273351,0.7700649949405645,0.0,0.0,0.6933730509951733,0.642429222675657,0.653666381273351,0.7700649949405645,0.0,0.0,0.6631562183147272,0.02676492417822238,0.25668833164685484,0.4445972321224427,0.6631562183147272,0.25668833164685484
tu_available__TU00484[c],0.693373050995174,0.6424292226756563,0.65366638127335,0.7700659511173638,0.0,0.0,0.693373050995174,0.6424292226756563,0.65366638127335,0.7700659511173638,0.0,0.0,0.6631562183147267,0.026764924178223237,0.2566886503724546,0.4445977841713752,0.6631562183147267,0.2566886503724546
tu_available__TU00112[c],0.2797717502788935,0.24283000155002563,0.2381486303555552,0.358151559218789,0.0,0.0,0.2797717502788935,0.24283000155002563,0.2381486303555552,0.358151559218789,0.0,0.0,0.2535834607281581,0.022800190597009752,0.11938385307292966,0.20677889912565203,0.2535834607281581,0.11938385307292966
tu_available__TU00067[c],0.6933852528648898,0.0,0.0,0.7765621961746296,0.0,0.0,0.6933852528648898,0.0,0.0,0.7765621961746296,0.0,0.0,0.23112841762162994,0.40032616239366087,0.2588540653915432,0.44834839300390944,0.23112841762162994,0.2588540653915432
tu_available__TU0-1[c],0.6933852528648888,0.0,0.0,0.7765545808341894,0.0,0.0,0.6933852528648888,0.0,0.0,0.7765545808341894,0.0,0.0,0.2311284176216296,0.4003261623936603,0.2588515269447298,0.4483439962850562,0.2311284176216296,0.2588515269447298
tu_available__TU0-6512[c],0.6933852528648885,0.0,0.0,0.7765585434519385,0.0,0.0,0.6933852528648885,0.0,0.0,0.7765585434519385,0.0,0.0,0.2311284176216295,0.4003261623936601,0.2588528478173128,0.44834628410348043,0.2311284176216295,0.2588528478173128
tu_available__TU00205[c],0.693385252864888,0.0,0.0,0.7765635522931102,0.0,0.0,0.693385252864888,0.0,0.0,0.7765635522931102,0.0,0.0,0.2311284176216293,0.4003261623936598,0.25885451743103677,0.44834917595927926,0.2311284176216293,0.25885451743103677
tu_available__TU0-13651[c],-0.20379676574819777,-0.22799514462968232,-0.24397691626304782,-0.07937964865159984,-0.0,-0.0,0.20379676574819777,0.22799514462968232,0.24397691626304782,0.07937964865159984,0.0,0.0,-0.225256275546976,0.020229611383765004,-0.026459882883866612,0.045829861517179084,0.225256275546976,0.026459882883866612
tu_available__TU0-45222[c],-0.18828136067974138,-0.24570728675286171,-0.19518035903565004,-0.06392012628638336,-0.0,-0.0,0.18828136067974138,0.24570728675286171,0.19518035903565004,0.06392012628638336,0.0,0.0,-0.2097230021560844,0.031353637716142406,-0.021306708762127785,0.036904302118078304,0.2097230021560844,0.021306708762127785
tu_available__TU0-3901[c],-0.17972028561413894,-0.20050677858958535,-0.2240813777224258,-0.05539524460657252,-0.0,-0.0,0.17972028561413894,0.20050677858958535,0.2240813777224258,0.05539524460657252,0.0,0.0,-0.20143614730871673,0.022195144016699975,-0.01846508153552417,0.03198245938542981,0.20143614730871673,0.01846508153552417
tu_available__TU0-13210[c],-0.1787905512986969,-0.18045446255701017,-0.2425983313198508,-0.05447727047435696,-0.0,-0.0,0.1787905512986969,0.18045446255701017,0.2425983313198508,0.05447727047435696,0.0,0.0,-0.2006144483918526,0.03636862616944416,-0.018159090158118986,0.03145246677308604,0.2006144483918526,0.018159090158118986
tu_available__TU0-5402[c],-0.17864469308298384,-0.1806780756543381,-0.24208161259930183,-0.054322214772756824,-0.0,-0.0,0.17864469308298384,0.1806780756543381,0.24208161259930183,0.054322214772756824,0.0,0.0,-0.20046812711220793,0.03605267385311114,-0.018107404924252276,0.03136294532202782,0.20046812711220793,0.018107404924252276
tu_available__TU00183[c],-0.17436413480712215,-0.1916650963122802,-0.22242411377553908,-0.050053133634525085,-0.0,-0.0,0.17436413480712215,0.1916650963122802,0.22242411377553908,0.050053133634525085,0.0,0.0,-0.19615111496498047,0.02434201444263499,-0.01668437787817503,0.028898190177677367,0.19615111496498047,0.01668437787817503
tu_available__TU0-42602[c],-0.17329853956696098,-0.21511554378514353,-0.1964941083089759,-0.04899892150866268,-0.0,-0.0,0.17329853956696098,0.21511554378514353,0.1964941083089759,0.04899892150866268,0.0,0.0,-0.1949693972203601,0.02095015556920008,-0.016332973836220895,0.02828954052302774,0.1949693972203601,0.016332973836220895
tu_available__TU00009[c],-0.17034052091706117,-0.26450893288954286,-0.14046108279930963,-0.04604795240153832,-0.0,-0.0,0.17034052091706117,0.26450893288954286,0.14046108279930963,0.04604795240153832,0.0,0.0,-0.1917701788686379,0.0647409449880323,-0.01534931746717944,0.026585797714659222,0.1917701788686379,0.01534931746717944
tu_available__TU0-13837[c],-0.16944684418789555,-0.23437774689852386,-0.16928475730734088,-0.04516943987295927,-0.0,-0.0,0.16944684418789555,0.23437774689852386,0.16928475730734088,0.04516943987295927,0.0,0.0,-0.19103644946458678,0.03753475210364342,-0.015056479957653092,0.02607858826979765,0.19103644946458678,0.015056479957653092
tu_available__TU21[c],-0.1692029500743093,-0.19236212132808245,-0.21146742247648515,-0.04491133365961375,-0.0,-0.0,0.1692029500743093,0.19236212132808245,0.21146742247648515,0.04491133365961375,0.0,0.0,-0.19101083129295895,0.021164614228183772,-0.014970444553204584,0.0259295705780431,0.19101083129295895,0.014970444553204584
tu_available__TU0-14431[c],-0.16548094934995813,-0.23704093950321087,-0.15870497328271702,-0.04121751366174418,-0.0,-0.0,0.16548094934995813,0.23704093950321087,0.15870497328271702,0.04121751366174418,0.0,0.0,-0.18707562071196202,0.043403666600291976,-0.013739171220581393,0.023796942607935075,0.18707562071196202,0.013739171220581393
tu_available__TU0-5186[c],-0.1648363385385584,-0.19565228008504834,-0.19945522652439282,-0.04057033077943335,-0.0,-0.0,0.1648363385385584,0.19565228008504834,0.19945522652439282,0.04057033077943335,0.0,0.0,-0.18664794838266652,0.01898487143487747,-0.013523443593144452,0.023423291396618005,0.18664794838266652,0.013523443593144452
tu_available__TU344[c],-0.16404480897299456,-0.18667427878035828,-0.20700062511147194,-0.03977419838799517,-0.0,-0.0,0.16404480897299456,0.18667427878035828,0.20700062511147194,0.03977419838799517,0.0,0.0,-0.1859065709549416,0.021488195980807066,-0.013258066129331723,0.022963644146110587,0.1859065709549416,0.013258066129331723
tu_available__TU0-13917[c],-0.16400652482596118,-0.22566293685367783,-0.1673315159434997,-0.03975100754922655,-0.0,-0.0,0.16400652482596118,0.22566293685367783,0.1673315159434997,0.03975100754922655,0.0,0.0,-0.18566699254104624,0.03467737825409056,-0.013250335849742183,0.022950254909104795,0.18566699254104624,0.013250335849742183
tu_available__TU0-8818[c],-0.1635696397010879,-0.17096615065696139,-0.22200870019204452,-0.03930507438976209,-0.0,-0.0,0.1635696397010879,0.17096615065696139,0.22200870019204452,0.03930507438976209,0.0,0.0,-0.1855148301833646,0.03182026091561648,-0.013101691463254031,0.02269279527944741,0.1855148301833646,0.013101691463254031
tu_available__TU0-8101[c],-0.16323130112571183,-0.1799754922304935,-0.21218783150852183,-0.03896944468094349,-0.0,-0.0,0.16323130112571183,0.1799754922304935,0.21218783150852183,0.03896944468094349,0.0,0.0,-0.18513154162157572,0.024882204499867153,-0.01298981489364783,0.02249901937671295,0.18513154162157572,0.01298981489364783
tu_available__TU0-14640[c],-0.16185053210131167,-0.20717594843262527,-0.18182382352730572,-0.0376010159147434,-0.0,-0.0,0.16185053210131167,0.20717594843262527,0.18182382352730572,0.0376010159147434,0.0,0.0,-0.18361676802041424,0.022715838722535724,-0.012533671971581133,0.021708956660180505,0.18361676802041424,0.012533671971581133
tu_available__TU0-14070[c],-0.16144332828799227,-0.15606856421555287,-0.23291490038584436,-0.0371976314721452,-0.0,-0.0,0.16144332828799227,0.15606856421555287,0.23291490038584436,0.0371976314721452,0.0,0.0,-0.1834755976297965,0.0428999477267947,-0.012399210490715067,0.021476062543659528,0.1834755976297965,0.012399210490715067
tu_available__TU00109[c],-0.16158541147462802,-0.1928118867765458,-0.1958841011715897,-0.03732723682893053,-0.0,-0.0,0.16158541147462802,0.1928118867765458,0.1958841011715897,0.03732723682893053,0.0,0.0,-0.18342713314092118,0.018977756172243954,-0.012442412276310176,0.021550890231287954,0.18342713314092118,0.012442412276310176
tu_available__TU0-3581[c],-0.15979651385966898,-0.16800134427885374,-0.21752695658022264,-0.03555328691045931,-0.0,-0.0,0.15979651385966898,0.16800134427885374,0.21752695658022264,0.03555328691045931,0.0,0.0,-0.18177493823958177,0.031232753995189648,-0.01185109563681977,0.02052669976832968,0.18177493823958177,0.01185109563681977
tu_available__TU0-13286[c],-0.15962606459053907,-0.1761821916907634,-0.2088808133495214,-0.035390806970396156,-0.0,-0.0,0.15962606459053907,0.1761821916907634,0.2088808133495214,0.035390806970396156,0.0,0.0,-0.18156302321027465,0.025064368727511215,-0.01179693565679872,0.020432891931196306,0.18156302321027465,0.01179693565679872
tu_available__TU0-13539[c],-0.15998258601925783,-0.26943591475386613,-0.11488937419465048,-0.0357451773005505,-0.0,-0.0,0.15998258601925783,0.26943591475386613,0.11488937419465048,0.0357451773005505,0.0,0.0,-0.1814359583225915,0.0794754281969868,-0.011915059100183499,0.02063748773670373,0.1814359583225915,0.011915059100183499
tu_available__TU0-13580[c],-0.1588071086034389,-0.19856311858114423,-0.18452667459428124,-0.03457404432824056,-0.0,-0.0,0.1588071086034389,0.19856311858114423,0.18452667459428124,0.03457404432824056,0.0,0.0,-0.1806323005929548,0.020162085556397844,-0.011524681442746853,0.01996133379988374,0.1806323005929548,0.011524681442746853
tu_available__TU0-14290[c],-0.1588071086034373,-0.19856311858114367,-0.18452667459428082,-0.034571233547864816,-0.0,-0.0,0.1588071086034373,0.19856311858114367,0.18452667459428082,0.034571233547864816,0.0,0.0,-0.18063230059295396,0.02016208555639843,-0.01152374451595494,0.019959710995077172,0.18063230059295396,0.01152374451595494
tu_available__TU0-14693[c],-0.15880710860343747,-0.19856311858114326,-0.18452667459428035,-0.03456962674193877,-0.0,-0.0,0.15880710860343747,0.19856311858114326,0.18452667459428035,0.03456962674193877,0.0,0.0,-0.18063230059295368,0.020162085556398108,-0.011523208913979592,0.019958783305243234,0.18063230059295368,0.011523208913979592
tu_available__TU0-198743[c],-0.15880710860343744,-0.19856311858114314,-0.18452667459428032,-0.03456885575295663,-0.0,-0.0,0.15880710860343744,0.19856311858114314,0.18452667459428032,0.03456885575295663,0.0,0.0,-0.18063230059295363,0.02016208555639807,-0.01152295191765221,0.019958338174546855,0.18063230059295363,0.01152295191765221
tu_available__TU0-8772[c],-0.15857246927467208,-0.2268851429199601,-0.1552996466540835,-0.0343285977823884,-0.0,-0.0,0.15857246927467208,0.2268851429199601,0.1552996466540835,0.0343285977823884,0.0,0.0,-0.18025241961623853,0.04041826324840726,-0.0114428659274628,0.019819625170564334,0.18025241961623853,0.0114428659274628
tu_available__TU0-6485[c],-0.1575720861845323,-0.1617879977004064,-0.21941945296897364,-0.03333467014872657,-0.0,-0.0,0.1575720861845323,0.1617879977004064,0.21941945296897364,0.03333467014872657,0.0,0.0,-0.1795931789513041,0.03455492083734665,-0.01111155671624219,0.019245780783714667,0.1795931789513041,0.01111155671624219
tu_available__TU0-12833[c],-0.15755481263304846,-0.16432816507190606,-0.2168056051541794,-0.03332981505375176,-0.0,-0.0,0.15755481263304846,0.16432816507190606,0.2168056051541794,0.03332981505375176,0.0,0.0,-0.17956286095304463,0.032430480609121605,-0.011109938351250586,0.01924297769332402,0.17956286095304463,0.011109938351250586
tu_available__TU00047[c],-0.15756188592179982,-0.21807630023151034,-0.16223827654665524,-0.03332115066518511,-0.0,-0.0,0.15756188592179982,0.21807630023151034,0.16223827654665524,0.03332115066518511,0.0,0.0,-0.1792921542333218,0.03366934277537449,-0.01110705022172837,0.0192379753062527,0.1792921542333218,0.01110705022172837
tu_available__TU0-13132[c],-0.15762149042275908,-0.25019809418593475,-0.12973686928776168,-0.033395008879843924,-0.0,-0.0,0.15762149042275908,0.25019809418593475,0.12973686928776168,0.033395008879843924,0.0,0.0,-0.1791854846321518,0.06305934554599422,-0.01113166962661464,0.019280617366367832,0.1791854846321518,0.01113166962661464
tu_available__TU0-13565[c],-0.15538291555270475,-0.1839199390314131,-0.19259724590524865,-0.031163947282901186,-0.0,-0.0,0.15538291555270475,0.1839199390314131,0.19259724590524865,0.031163947282901186,0.0,0.0,-0.1773000334964555,0.019470335330083282,-0.01038798242763373,0.017992513352794306,0.1773000334964555,0.01038798242763373
tu_available__TU00128[c],-0.15463073945770184,-0.16089460287650645,-0.21448589689919517,-0.030400703681442504,-0.0,-0.0,0.15463073945770184,0.16089460287650645,0.21448589689919517,0.030400703681442504,0.0,0.0,-0.17667041307780115,0.0328985882480836,-0.010133567893814168,0.017551854454034878,0.17667041307780115,0.010133567893814168
tu_available__EG12663_RNA[c],-0.1542959661123523,-0.12392563029177958,-0.25136320841398707,-0.03008502327806515,-0.0,-0.0,0.1542959661123523,0.12392563029177958,0.25136320841398707,0.03008502327806515,0.0,0.0,-0.17652826827270632,0.06656418349176527,-0.010028341092688383,0.017369596288167075,0.17652826827270632,0.010028341092688383
tu_available__TU0-14192[c],-0.15448714199331268,-0.17041198854409645,-0.2045358166779796,-0.030269218706377797,-0.0,-0.0,0.15448714199331268,0.17041198854409645,0.2045358166779796,0.030269218706377797,0.0,0.0,-0.17647831573846293,0.025569859280894322,-0.010089739568792598,0.017475941568286878,0.17647831573846293,0.010089739568792598
tu_available__TU0-1962[c],-0.15387323572262765,-0.17760739068841508,-0.19600979773977403,-0.029655416980872148,-0.0,-0.0,0.15387323572262765,0.17760739068841508,0.19600979773977403,0.029655416980872148,0.0,0.0,-0.17583014138360556,0.02112442723424212,-0.00988513899362405,0.017121562976837132,0.17583014138360556,0.00988513899362405
tu_available__TU00146[c],-0.15342968705997495,-0.2053412415785733,-0.16696521825752805,-0.02920449120780109,-0.0,-0.0,0.15342968705997495,0.2053412415785733,0.16696521825752805,0.02920449120780109,0.0,0.0,-0.1752453822986921,0.026928111900870286,-0.009734830402600364,0.016861220860370018,0.1752453822986921,0.009734830402600364
tu_available__TU0-6630[c],-0.15274472213735227,-0.1809427931794947,-0.1903817334733149,-0.02852646128822076,-0.0,-0.0,0.15274472213735227,0.1809427931794947,0.1903817334733149,0.02852646128822076,0.0,0.0,-0.1746897495967206,0.019582174831001255,-0.00950882042940692,0.016469760103781695,0.1746897495967206,0.00950882042940692
tu_available__TU0-5961[c],-0.15285011993096093,-0.22319766754714565,-0.1476810904273273,-0.028632639953346518,-0.0,-0.0,0.15285011993096093,0.22319766754714565,0.1476810904273273,0.028632639953346518,0.0,0.0,-0.17457629263514463,0.04218658898574736,-0.009544213317782173,0.016531062384674246,0.17457629263514463,0.009544213317782173
tu_available__TU00238[c],-0.15220079630805383,-0.15026172284436665,-0.2204583374191878,-0.027979861093005657,-0.0,-0.0,0.15220079630805383,0.15026172284436665,0.2204583374191878,0.027979861093005657,0.0,0.0,-0.17430695219053613,0.03998002964439812,-0.009326620364335219,0.016154180333935154,0.17430695219053613,0.009326620364335219
tu_available__TU0-8793[c],-0.15050644728514798,-0.13108241758553069,-0.23657040697180348,-0.026295368942852303,-0.0,-0.0,0.15050644728514798,0.13108241758553069,0.23657040697180348,0.026295368942852303,0.0,0.0,-0.17271975728082736,0.05614269615820667,-0.008765122980950767,0.015181638337596302,0.17271975728082736,0.008765122980950767
tu_available__TU0-13106[c],-0.1504887341474613,-0.17520686357984883,-0.19172674052111371,-0.026291498505364486,-0.0,-0.0,0.1504887341474613,0.17520686357984883,0.19172674052111371,0.026291498505364486,0.0,0.0,-0.17247411274947463,0.02075437876073462,-0.008763832835121495,0.01517940373947083,0.17247411274947463,0.008763832835121495
tu_available__TU0-14158[c],-0.14926440844885175,-0.15740687399604755,-0.20737146360393455,-0.025068021427787242,-0.0,-0.0,0.14926440844885175,0.15740687399604755,0.20737146360393455,0.025068021427787242,0.0,0.0,-0.17134758201627795,0.03146211960084612,-0.008356007142595748,0.01447302891938427,0.17134758201627795,0.008356007142595748
tu_available__TU0-45229[c],-0.14937792432993624,-0.1804169067596718,-0.184230129028092,-0.025175380521797658,-0.0,-0.0,0.14937792432993624,0.1804169067596718,0.184230129028092,0.025175380521797658,0.0,0.0,-0.17134165337256668,0.019116464398801884,-0.008391793507265885,0.01453501272121114,0.17134165337256668,0.008391793507265885
tu_available__TU0-13741[c],-0.14921898307334888,-0.15869328257922305,-0.20597490848718727,-0.025024400077306167,-0.0,-0.0,0.14921898307334888,0.15869328257922305,0.20597490848718727,0.025024400077306167,0.0,0.0,-0.17129572471325305,0.030404357059498528,-0.008341466692435389,0.014447844120941607,0.17129572471325305,0.008341466692435389
tu_available__TU00013[c],-0.14910325900740687,-0.25366661661228324,-0.10929943484725592,-0.02489727278382765,-0.0,-0.0,0.14910325900740687,0.25366661661228324,0.10929943484725592,0.02489727278382765,0.0,0.0,-0.17068977015564868,0.07456509833936374,-0.00829909092794255,0.014374447143830437,0.17068977015564868,0.00829909092794255
tu_available__TU0-8773[c],-0.14834573124260406,-0.13909027007744298,-0.2241477536614793,-0.024143548274526187,-0.0,-0.0,0.14834573124260406,0.13909027007744298,0.2241477536614793,0.024143548274526187,0.0,0.0,-0.17052791832717543,0.04666616489817163,-0.008047849424842062,0.01393928409549042,0.17052791832717543,0.008047849424842062
tu_available__TU0-13066[c],-0.14828406266630914,-0.18476745020358687,-0.17763999672788391,-0.02409631113046272,-0.0,-0.0,0.14828406266630914,0.18476745020358687,0.17763999672788391,0.02409631113046272,0.0,0.0,-0.17023050319925995,0.019337394791228677,-0.00803210371015424,0.013912011717649626,0.17023050319925995,0.00803210371015424
tu_available__TU0-8346[c],-0.14842917365403052,-0.225650334783222,-0.13641147373394158,-0.02422753471237776,-0.0,-0.0,0.14842917365403052,0.225650334783222,0.13641147373394158,0.02422753471237776,0.0,0.0,-0.17016366072373135,0.04842710528702329,-0.00807584490412592,0.013987773687992299,0.17016366072373135,0.00807584490412592
tu_available__TU0-45225[c],-0.1475754206447173,-0.1973250426000289,-0.16348053708941632,-0.023380322974456053,-0.0,-0.0,0.1475754206447173,0.1973250426000289,0.16348053708941632,0.023380322974456053,0.0,0.0,-0.16946033344472086,0.025408161966429022,-0.007793440991485351,0.013498635763042593,0.16946033344472086,0.007793440991485351
tu_available__TU00184[c],-0.14525249538420318,-0.20091497102679065,-0.15522218928937698,-0.021060308290325402,-0.0,-0.0,0.14525249538420318,0.20091497102679065,0.15522218928937698,0.021060308290325402,0.0,0.0,-0.16712988523345693,0.02968034224344296,-0.0070201027634418005,0.01215917466063588,0.16712988523345693,0.0070201027634418005
tu_available__TU0-14819[c],-0.14512595560454739,-0.18264180358068094,-0.17352736221363582,-0.020944145974742926,-0.0,-0.0,0.14512595560454739,0.18264180358068094,0.17352736221363582,0.020944145974742926,0.0,0.0,-0.16709837379962136,0.019566773657471993,-0.006981381991580975,0.012092108316464645,0.16709837379962136,0.006981381991580975
tu_available__TU0-6408[c],-0.14478100053386808,-0.21582135717752238,-0.13914844007541843,-0.020596305622595745,-0.0,-0.0,0.14478100053386808,0.21582135717752238,0.13914844007541843,0.020596305622595745,0.0,0.0,-0.16658359926226965,0.0427340500973205,-0.006865435207531915,0.011891282595517456,0.16658359926226965,0.006865435207531915
tu_available__TU0-14547[c],-0.14430065111859763,-0.199110125891102,-0.15516488258258598,-0.02012309851409747,-0.0,-0.0,0.14430065111859763,0.199110125891102,0.15516488258258598,0.02012309851409747,0.0,0.0,-0.16619188653076186,0.029020953520934888,-0.006707699504699156,0.011618076344043533,0.16619188653076186,0.006707699504699156
tu_available__TU00046[c],-0.14378045461687386,-0.1600529146630375,-0.193794600606488,-0.019596064986899687,-0.0,-0.0,0.14378045461687386,0.1600529146630375,0.193794600606488,0.019596064986899687,0.0,0.0,-0.16587598996213312,0.02551048518201511,-0.006532021662299895,0.011313793395243936,0.16587598996213312,0.006532021662299895
tu_available__TU0-13084[c],-0.14251317086691842,-0.16226836903153885,-0.18902828276708944,-0.01834874326338227,-0.0,-0.0,0.14251317086691842,0.16226836903153885,0.18902828276708944,0.01834874326338227,0.0,0.0,-0.1646032742218489,0.023345293861015342,-0.006116247754460757,0.010593651862405087,0.1646032742218489,0.006116247754460757
tu_available__TU0-6021[c],-0.1425553417544806,-0.2004000861370442,-0.1503891636114779,-0.018379817759340968,-0.0,-0.0,0.1425553417544806,0.2004000861370442,0.1503891636114779,0.018379817759340968,0.0,0.0,-0.16444819716766756,0.031380661745278426,-0.0061266059197803225,0.010611592731011773,0.16444819716766756,0.0061266059197803225
tu_available__TU0-8473[c],-0.14232094050286812,-0.1649704094493044,-0.18590263066537865,-0.018144019892691668,-0.0,-0.0,0.14232094050286812,0.1649704094493044,0.18590263066537865,0.018144019892691668,0.0,0.0,-0.16439799353918375,0.0217964830726401,-0.006048006630897222,0.01047545476922746,0.16439799353918375,0.006048006630897222
tu_available__TU0-14511[c],-0.14204360283778986,-0.15358970895260018,-0.19690903703064727,-0.01787536712746217,-0.0,-0.0,0.14204360283778986,0.15358970895260018,0.19690903703064727,0.01787536712746217,0.0,0.0,-0.16418078294034577,0.028925457705162038,-0.005958455709154056,0.01032034802290367,0.16418078294034577,0.005958455709154056
tu_available__TU00078[c],-0.14203434716459107,-0.22241841238644153,-0.126994925808866,-0.017856339997458868,-0.0,-0.0,0.14203434716459107,0.22241841238644153,0.126994925808866,0.017856339997458868,0.0,0.0,-0.16381589511996622,0.05130533423684533,-0.0059521133324862896,0.010309362704274358,0.16381589511996622,0.0059521133324862896
tu_available__TU00162[c],-0.14131815008938886,-0.13539524285731022,-0.2139449926913756,-0.017142219293080255,-0.0,-0.0,0.14131815008938886,0.13539524285731022,0.2139449926913756,0.017142219293080255,0.0,0.0,-0.16355279521269153,0.043741289219317366,-0.0057140730976934185,0.00989706492336748,0.16355279521269153,0.0057140730976934185
tu_available__TU0-8360[c],-0.14142279335229588,-0.18662273172439267,-0.16213113740277252,-0.01724968981858586,-0.0,-0.0,0.14142279335229588,0.18662273172439267,0.16213113740277252,0.01724968981858586,0.0,0.0,-0.16339222082648702,0.022626342076471677,-0.005749896606195287,0.009959113060198095,0.16339222082648702,0.005749896606195287
tu_available__TU0-13987[c],-0.1409495006863809,-0.1376928861317352,-0.21087968156207382,-0.016787811595284814,-0.0,-0.0,0.1409495006863809,0.1376928861317352,0.21087968156207382,0.016787811595284814,0.0,0.0,-0.16317402279339663,0.04134638791363137,-0.005595937198428272,0.009692447543642407,0.16317402279339663,0.005595937198428272
tu_available__TU0-14792[c],-0.1408113526388426,-0.13487871857136285,-0.21346314771539662,-0.016647258882258365,-0.0,-0.0,0.1408113526388426,0.13487871857136285,0.21346314771539662,0.016647258882258365,0.0,0.0,-0.1630510729752007,0.04375879336148314,-0.005549086294086122,0.009611299396941256,0.1630510729752007,0.005549086294086122
tu_available__TU0-198714[c],-0.140711576166802,-0.2057667743817301,-0.1412780063270351,-0.01654731161326984,-0.0,-0.0,0.140711576166802,0.2057667743817301,0.1412780063270351,0.01654731161326984,0.0,0.0,-0.16258545229185573,0.03739719433130926,-0.005515770537756613,0.009553594814285962,0.16258545229185573,0.005515770537756613
tu_available__TU0-14629[c],-0.14050505679572742,-0.23199679519706226,-0.11423125295093826,-0.016342903595054196,-0.0,-0.0,0.14050505679572742,0.23199679519706226,0.11423125295093826,0.016342903595054196,0.0,0.0,-0.16224436831457598,0.06181932532886508,-0.005447634531684732,0.009435579789944642,0.16224436831457598,0.005447634531684732
tu_available__TU0-1921[c],-0.1400388095734675,-0.16086198718690947,-0.1855429861420367,-0.015877579892442876,-0.0,-0.0,0.1400388095734675,0.16086198718690947,0.1855429861420367,0.015877579892442876,0.0,0.0,-0.16214792763413788,0.022779327325916452,-0.005292526630814292,0.009166925024981685,0.16214792763413788,0.005292526630814292
tu_available__TU0-13823[c],-0.13958277885428727,-0.14960300181296296,-0.19607094942959438,-0.015427434650135262,-0.0,-0.0,0.13958277885428727,0.14960300181296296,0.19607094942959438,0.015427434650135262,0.0,0.0,-0.16175224336561486,0.03014019585976111,-0.005142478216711754,0.008907033548160954,0.16175224336561486,0.005142478216711754
tu_available__TU0-13514[c],-0.13984577857147462,-0.25190032698510295,-0.09270999681388925,-0.01569082863223173,-0.0,-0.0,0.13984577857147462,0.25190032698510295,0.09270999681388925,0.01569082863223173,0.0,0.0,-0.16148536745682227,0.08177159751619234,-0.00523027621074391,0.009059104134627276,0.16148536745682227,0.00523027621074391
tu_available__TU0-1547[c],-0.13905164946565207,-0.1270455155234607,-0.21792344276160064,-0.014894547387135443,-0.0,-0.0,0.13905164946565207,0.1270455155234607,0.21792344276160064,0.014894547387135443,0.0,0.0,-0.16134020258357112,0.04936885774294245,-0.004964849129045147,0.008599370943420285,0.16134020258357112,0.004964849129045147
tu_available__TU0-12924[c],-0.13911863588533116,-0.1594306202538837,-0.18516930140758775,-0.014968799350560905,-0.0,-0.0,0.13911863588533116,0.1594306202538837,0.18516930140758775,0.014968799350560905,0.0,0.0,-0.16123951918226753,0.023078562244223947,-0.0049895997835203015,0.008642240334491834,0.16123951918226753,0.0049895997835203015
tu_available__TU0-8806[c],-0.13883920344312312,-0.12932446645019022,-0.21518729577267998,-0.014675696424329589,-0.0,-0.0,0.13883920344312312,0.12932446645019022,0.21518729577267998,0.014675696424329589,0.0,0.0,-0.1611169885553311,0.047067304436785404,-0.004891898808109863,0.008473017281131916,0.1611169885553311,0.004891898808109863
tu_available__TU0-198873[c],-0.1391924785111389,-0.20228016966697857,-0.1418021033621848,-0.015033944642191212,-0.0,-0.0,0.1391924785111389,0.20228016966697857,0.1418021033621848,0.015033944642191212,0.0,0.0,-0.16109158384676742,0.03569421853560424,-0.005011314880730404,0.00867985198615103,0.16109158384676742,0.005011314880730404
tu_available__TU0-36414[c],-0.13825195504020607,-0.1374726712842075,-0.2057466392217287,-0.014096522173012193,-0.0,-0.0,0.13825195504020607,0.1374726712842075,0.2057466392217287,0.014096522173012193,0.0,0.0,-0.1604904218487141,0.03919497071026145,-0.0046988407243373975,0.008138630871226118,0.1604904218487141,0.0046988407243373975
tu_available__TU0-13350[c],-0.13832343294826133,-0.21292797066737315,-0.12926351946247977,-0.014175047718271539,-0.0,-0.0,0.13832343294826133,0.21292797066737315,0.12926351946247977,0.014175047718271539,0.0,0.0,-0.16017164102603806,0.04591234306819211,-0.004725015906090513,0.008183967615919862,0.16017164102603806,0.004725015906090513
tu_available__TU00017[c],-0.1372576677831477,-0.19010697404687063,-0.15032195131275897,-0.013099983356461576,-0.0,-0.0,0.1372576677831477,0.19010697404687063,0.15032195131275897,0.013099983356461576,0.0,0.0,-0.15922886438092576,0.027527479333242736,-0.0043666611188205254,0.007563278917232709,0.15922886438092576,0.0043666611188205254
tu_available__TU0-42571[c],-0.13678904476154047,-0.12143611696312842,-0.21912681801296374,-0.0126386008611383,-0.0,-0.0,0.13678904476154047,0.12143611696312842,0.21912681801296374,0.0126386008611383,0.0,0.0,-0.15911732657921088,0.05253363108142304,-0.004212866953712767,0.0072968996093584326,0.15911732657921088,0.004212866953712767
tu_available__TU0-0[c],-0.13642221567641205,-0.15011912013009288,-0.18927071833029643,-0.012284134656661037,-0.0,-0.0,0.13642221567641205,0.15011912013009288,0.18927071833029643,0.012284134656661037,0.0,0.0,-0.15860401804560045,0.0274269243202158,-0.004094711552220346,0.007092248450784861,0.15860401804560045,0.004094711552220346
tu_available__TU0-3862[c],-0.136541504391275,-0.19300640623844598,-0.14595544347588035,-0.012392874311751765,-0.0,-0.0,0.136541504391275,0.19300640623844598,0.14595544347588035,0.012392874311751765,0.0,0.0,-0.15850111803520045,0.030250896643966466,-0.004130958103917255,0.0071550293199230805,0.15850111803520045,0.004130958103917255
tu_available__TU0-8745[c],-0.13550007355359658,-0.17538472676883146,-0.1617822769778149,-0.011350563583283825,-0.0,-0.0,0.13550007355359658,0.17538472676883146,0.1617822769778149,0.011350563583283825,0.0,0.0,-0.1575556924334143,0.020275463082457843,-0.003783521194427942,0.00655325094026288,0.1575556924334143,0.003783521194427942
tu_available__TU0-13984[c],-0.13504208359457337,-0.1419567704877313,-0.194818998706062,-0.010904625436451423,-0.0,-0.0,0.13504208359457337,0.1419567704877313,0.194818998706062,0.010904625436451423,0.0,0.0,-0.15727261759612224,0.03269940786233345,-0.003634875145483808,0.00629578843114727,0.15727261759612224,0.003634875145483808
tu_available__TU0-6623[c],-0.134852863228947,-0.1428590184782215,-0.1935270177355064,-0.010707742594686128,-0.0,-0.0,0.134852863228947,0.1428590184782215,0.1935270177355064,0.010707742594686128,0.0,0.0,-0.1570796331475583,0.03181718895416783,-0.0035692475315620424,0.006182118069455259,0.1570796331475583,0.0035692475315620424
tu_available__TU00467[c],-0.1346272336442458,-0.12594272387335048,-0.21025751436561924,-0.010477038819638266,-0.0,-0.0,0.1346272336442458,0.12594272387335048,0.21025751436561924,0.010477038819638266,0.0,0.0,-0.1569424906277385,0.04637589885509803,-0.0034923462732127553,0.006048921182828312,0.1569424906277385,0.0034923462732127553
tu_available__TU5[c],-0.13474580891353993,-0.17434016205716132,-0.16134524866942976,-0.01059472647552967,-0.0,-0.0,0.13474580891353993,0.17434016205716132,0.16134524866942976,0.01059472647552967,0.0,0.0,-0.15681040654671033,0.020182958034538522,-0.003531575491843223,0.00611686818263751,0.15681040654671033,0.003531575491843223
tu_available__TU0-14151[c],-0.13441587374863218,-0.1768004569488988,-0.15819164147245088,-0.010280225852207987,-0.0,-0.0,0.13441587374863218,0.1768004569488988,0.15819164147245088,0.010280225852207987,0.0,0.0,-0.1564693240566606,0.02124471713687032,-0.0034267419507359956,0.005935291163102431,0.1564693240566606,0.0034267419507359956
tu_available__TU0-2302[c],-0.13431182660553692,-0.1937050341676377,-0.14081838589249665,-0.0101729433266505,-0.0,-0.0,0.13431182660553692,0.1937050341676377,0.14081838589249665,0.0101729433266505,0.0,0.0,-0.15627841555522373,0.032575261533992296,-0.0033909811088835002,0.005873351568092473,0.15627841555522373,0.0033909811088835002
tu_available__TU00147[c],-0.13394040533742274,-0.19800952194888938,-0.13570961456863564,-0.009794729583872721,-0.0,-0.0,0.13394040533742274,0.19800952194888938,0.13570961456863564,0.009794729583872721,0.0,0.0,-0.15588651395164924,0.036490318954177675,-0.003264909861290907,0.005654989761888506,0.15588651395164924,0.003264909861290907
tu_available__TU0-14417[c],-0.13356591602729326,-0.14913791181722577,-0.1845952199525134,-0.009432907642611161,-0.0,-0.0,0.13356591602729326,0.14913791181722577,0.1845952199525134,0.009432907642611161,0.0,0.0,-0.15576634926567748,0.02615243013620627,-0.0031443025475370538,0.005446091766702432,0.15576634926567748,0.0031443025475370538
tu_available__TU0-12942[c],-0.13357090340375977,-0.19939198598921903,-0.1335719774706305,-0.009443598396043232,-0.0,-0.0,0.13357090340375977,0.19939198598921903,0.1335719774706305,0.009443598396043232,0.0,0.0,-0.15551162228786977,0.03800150969646368,-0.0031478661320144107,0.005452264076074279,0.15551162228786977,0.0031478661320144107
tu_available__TU0-5561[c],-0.13244404351649505,-0.18851365284974853,-0.14238128344618406,-0.008309974727088781,-0.0,-0.0,0.13244404351649505,0.18851365284974853,0.14238128344618406,0.008309974727088781,0.0,0.0,-0.15444632660414256,0.029918626681358,-0.0027699915756962605,0.004797766145643694,0.15444632660414256,0.0027699915756962605
tu_available__TU0-8765[c],-0.13211064215101534,-0.15765368140392008,-0.17305761244880288,-0.007974900075524748,-0.0,-0.0,0.13211064215101534,0.15765368140392008,0.17305761244880288,0.007974900075524748,0.0,0.0,-0.1542739786679128,0.020681643722871866,-0.002658300025174916,0.00460431070536458,0.1542739786679128,0.002658300025174916
tu_available__TU102[c],-0.13183210500441161,-0.1639603137308623,-0.16610010333233138,-0.007693207826889354,-0.0,-0.0,0.13183210500441161,0.1639603137308623,0.16610010333233138,0.007693207826889354,0.0,0.0,-0.15396417402253512,0.019196771451259063,-0.002564402608963118,0.004441675609786305,0.15396417402253512,0.002564402608963118
tu_available__TU00157[c],-0.1315211505823024,-0.12364305668613514,-0.20642490523825766,-0.007385289723512578,-0.0,-0.0,0.1315211505823024,0.12364305668613514,0.20642490523825766,0.007385289723512578,0.0,0.0,-0.15386303750223174,0.04569002676497158,-0.0024617632411708594,0.004263899009913363,0.15386303750223174,0.0024617632411708594
tu_available__TU0-41760[c],-0.13119644627445237,-0.12546971112887745,-0.20392514881814983,-0.007069462139067415,-0.0,-0.0,0.13119644627445237,0.12546971112887745,0.20392514881814983,0.007069462139067415,0.0,0.0,-0.15353043540715988,0.04373693209049702,-0.002356487379689138,0.00408155586901644,0.15353043540715988,0.002356487379689138
tu_available__TU00012[c],-0.13113084657349072,-0.15728527238504622,-0.17148609651543695,-0.006998320559000177,-0.0,-0.0,0.13113084657349072,0.15728527238504622,0.17148609651543695,0.006998320559000177,0.0,0.0,-0.1533007384913246,0.020470562577318187,-0.0023327735196667257,0.004040482258614044,0.1533007384913246,0.0023327735196667257
tu_available__TU0-6422[c],-0.13130404946883747,-0.19185886366194646,-0.13672046139089936,-0.007174223626306669,-0.0,-0.0,0.13130404946883747,0.19185886366194646,0.13672046139089936,0.007174223626306669,0.0,0.0,-0.15329445817389442,0.03350737840405508,-0.0023914078754355564,0.0041420399418747285,0.15329445817389442,0.0023914078754355564
tu_available__TU00321[c],-0.1308676710700425,-0.14406653746943363,-0.1843871543463348,-0.006733543037614384,-0.0,-0.0,0.1308676710700425,0.14406653746943363,0.1843871543463348,0.006733543037614384,0.0,0.0,-0.153107120961937,0.02788158684426024,-0.002244514345871461,0.0038876128853665946,0.153107120961937,0.002244514345871461
tu_available__TU0-8121[c],-0.13085131324261673,-0.15355373835623246,-0.17472039389524277,-0.006721604508405903,-0.0,-0.0,0.13085131324261673,0.15355373835623246,0.17472039389524277,0.006721604508405903,0.0,0.0,-0.1530418151646973,0.021939020222931007,-0.002240534836135301,0.0038807201723143506,0.1530418151646973,0.002240534836135301
tu_available__TU0-42616[c],-0.1301856211284997,-0.1496591034388243,-0.17735350301828734,-0.006061967197862267,-0.0,-0.0,0.1301856211284997,0.1496591034388243,0.17735350301828734,0.006061967197862267,0.0,0.0,-0.15239940919520378,0.02370304257307643,-0.002020655732620756,0.003499878393504461,0.15239940919520378,0.002020655732620756
tu_available__TU0-3123[c],-0.13014683743629982,-0.14993458556405068,-0.17699673518421935,-0.006024869235089565,-0.0,-0.0,0.13014683743629982,0.14993458556405068,0.17699673518421935,0.006024869235089565,0.0,0.0,-0.1523593860615233,0.023518885450570067,-0.002008289745029855,0.003478459874711256,0.1523593860615233,0.002008289745029855
tu_available__TU0-13182[c],-0.13014263850226776,-0.20685042382214752,-0.11919021174195145,-0.00602812942369081,-0.0,-0.0,0.13014263850226776,0.20685042382214752,0.11919021174195145,0.00602812942369081,0.0,0.0,-0.15206109135545556,0.047763920767607645,-0.0020093764745636035,0.0034803421454777926,0.15206109135545556,0.0020093764745636035
tu_available__TU0-8726[c],-0.12996094922938367,-0.19495794458832025,-0.1309062652763676,-0.005834131357066975,-0.0,-0.0,0.12996094922938367,0.19495794458832025,0.1309062652763676,0.005834131357066975,0.0,0.0,-0.15194171969802384,0.037256141889178335,-0.0019447104523556585,0.0033683373094902545,0.15194171969802384,0.0019447104523556585
tu_available__TU0-8862[c],-0.12991989962728087,-0.22302014822509325,-0.1023275081746594,-0.005792600509207575,-0.0,-0.0,0.12991989962728087,0.22302014822509325,0.1023275081746594,0.005792600509207575,0.0,0.0,-0.15175585200901118,0.06323990000702714,-0.001930866836402525,0.0033443594632989564,0.15175585200901118,0.001930866836402525
tu_available__TU00368[c],-0.12883363379780297,-0.1510964216504604,-0.1732091837608071,-0.0047071555572868375,-0.0,-0.0,0.12883363379780297,0.1510964216504604,0.1732091837608071,0.0047071555572868375,0.0,0.0,-0.15104641306969013,0.022187817248963043,-0.001569051852428946,0.0027176775281169984,0.15104641306969013,0.001569051852428946
tu_available__TU0-14642[c],-0.12876252124244697,-0.16501073216014545,-0.15893795208995112,-0.00464802101206846,-0.0,-0.0,0.12876252124244697,0.16501073216014545,0.15893795208995112,0.00464802101206846,0.0,0.0,-0.15090373516418118,0.019413775518719558,-0.0015493403373561534,0.0026835361825167624,0.15090373516418118,0.0015493403373561534
tu_available__TU0-4181[c],-0.12846029454130786,-0.18130830907776133,-0.1417875704180721,-0.00434439364468676,-0.0,-0.0,0.12846029454130786,0.18130830907776133,0.1417875704180721,0.00434439364468676,0.0,0.0,-0.15051872467904712,0.02748459479704959,-0.0014481312148955866,0.0025082368402256,0.15051872467904712,0.0014481312148955866
tu_available__TU00111[c],-0.12799539902856927,-0.12781594722724698,-0.19518603670069856,-0.003874323672475875,-0.0,-0.0,0.12799539902856927,0.12781594722724698,0.19518603670069856,0.003874323672475875,0.0,0.0,-0.15033246098550493,0.03884443964798829,-0.001291441224158625,0.002236841815231686,0.15033246098550493,0.001291441224158625
tu_available__TU0-3645[c],-0.12808402688895815,-0.1497549491330092,-0.17308291524418756,-0.003970023665355597,-0.0,-0.0,0.12808402688895815,0.1497549491330092,0.17308291524418756,0.003970023665355597,0.0,0.0,-0.15030729708871832,0.02250452853315822,-0.001323341221785199,0.0022920942318822384,0.15030729708871832,0.001323341221785199
tu_available__TU0-13018[c],-0.12811111662384006,-0.2101836262286005,-0.11177122630843458,-0.004005862648867712,-0.0,-0.0,0.12811111662384006,0.2101836262286005,0.11177122630843458,0.004005862648867712,0.0,0.0,-0.1500219897202917,0.052738172933827314,-0.0013352875496225707,0.0023127858786604408,0.1500219897202917,0.0013352875496225707
tu_available__TU0-8828[c],-0.1276934018466603,-0.14599640852777648,-0.17612403669135748,-0.003575265736460665,-0.0,-0.0,0.1276934018466603,0.14599640852777648,0.17612403669135748,0.003575265736460665,0.0,0.0,-0.14993794902193144,0.02445472150660065,-0.0011917552454868883,0.00206418063537001,0.14993794902193144,0.0011917552454868883
tu_available__TU0-6884[c],-0.12690873034393407,-0.12110537913077334,-0.19984277614811732,-0.0027957358211416522,-0.0,-0.0,0.12690873034393407,0.12110537913077334,0.19984277614811732,0.0027957358211416522,0.0,0.0,-0.1492856285409416,0.043879819985457334,-0.0009319119403805508,0.0016141188289192125,0.1492856285409416,0.0009319119403805508
tu_available__TU0-45181[c],-0.12690043527811917,-0.13270679701120172,-0.18804503339576148,-0.0027899359933848717,-0.0,-0.0,0.12690043527811917,0.13270679701120172,0.18804503339576148,0.0027899359933848717,0.0,0.0,-0.14921742189502749,0.03375079288376498,-0.0009299786644616239,0.0016107702968025815,0.14921742189502749,0.0009299786644616239
tu_available__TU0-14120[c],-0.12690066565085084,-0.19129509447117407,-0.12854891870694501,-0.0027959174938323034,-0.0,-0.0,0.12690066565085084,0.19129509447117407,0.12854891870694501,0.0027959174938323034,0.0,0.0,-0.14891489294298996,0.03671158258249505,-0.0009319724979441011,0.0016142237176960644,0.14891489294298996,0.0009319724979441011
tu_available__TU0-3602[c],-0.12671261913285717,-0.16474282367931226,-0.15513940567683915,-0.0026043985097478615,-0.0,-0.0,0.12671261913285717,0.16474282367931226,0.15513940567683915,0.0026043985097478615,0.0,0.0,-0.1488649494963362,0.019776266450776094,-0.0008681328365826205,0.001503650180679988,0.1488649494963362,0.0008681328365826205
tu_available__TU0-13713[c],-0.12673035625502468,-0.19479357397175012,-0.12465801031873942,-0.002627827931215161,-0.0,-0.0,0.12673035625502468,0.19479357397175012,0.12465801031873942,0.002627827931215161,0.0,0.0,-0.1487273135151714,0.03990800569760308,-0.000875942643738387,0.0015171771634710906,0.1487273135151714,0.000875942643738387
tu_available__TU0-4682[c],-0.1268267345549211,-0.21571042548258484,-0.10360827580358734,-0.0027161081358253046,-0.0,-0.0,0.1268267345549211,0.21571042548258484,0.10360827580358734,0.0027161081358253046,0.0,0.0,-0.14871514528036442,0.059169670302675906,-0.0009053693786084349,0.001568145763366872,0.14871514528036442,0.0009053693786084349
tu_available__TU0-42451[c],-0.12604562346901693,-0.1376667755356606,-0.18131071315428798,-0.0019393152233572416,-0.0,-0.0,0.12604562346901693,0.1376667755356606,0.18131071315428798,0.0019393152233572416,0.0,0.0,-0.14834103738632184,0.029137817935161594,-0.0006464384077857472,0.0011196641662488426,0.14834103738632184,0.0006464384077857472
tu_available__TU0-7162[c],-0.12626390511433871,-0.19680291839566105,-0.12169125692034348,-0.002153388474650836,-0.0,-0.0,0.12626390511433871,0.19680291839566105,0.12169125692034348,0.002153388474650836,0.0,0.0,-0.14825269347678108,0.04210784407485008,-0.0007177961582169453,0.0012432594155094977,0.14825269347678108,0.0007177961582169453
tu_available__TU67[c],-0.12480338355722442,-0.14238020316020183,-0.17405742780443278,-0.0006928441564109372,-0.0,-0.0,0.12480338355722442,0.14238020316020183,0.17405742780443278,0.0006928441564109372,0.0,0.0,-0.14708033817395302,0.02496114321374538,-0.00023094805213697909,0.00040001376021031376,0.14708033817395302,0.00023094805213697909
tu_available__TU0-13335[c],-0.12380585755124018,-0.15846102206775728,-0.15574646876139492,-0.0,-0.0,-0.0,0.12380585755124018,0.15846102206775728,0.15574646876139492,0.0,0.0,0.0,-0.14600444946013078,0.019272397670408538,0.0,0.0,0.14600444946013078,0.0
tu_available__TU0-12831[c],-0.12364396956278323,-0.15723573822040152,-0.15666927750900894,-0.0,-0.0,-0.0,0.12364396956278323,0.15723573822040152,0.15666927750900894,0.0,0.0,0.0,-0.14584966176406455,0.019232779155335892,0.0,0.0,0.14584966176406455,0.0
tu_available__TU0-14366[c],-0.12370991106408197,-0.17525834774280852,-0.13849821334688497,-0.0,-0.0,-0.0,0.12370991106408197,0.17525834774280852,0.13849821334688497,0.0,0.0,0.0,-0.1458221573845918,0.026543180823062,0.0,0.0,0.1458221573845918,0.0
tu_available__TU0-14018[c],-0.12400456196675862,-0.25137436719115475,-0.061787298016529074,-0.0,-0.0,-0.0,0.12400456196675862,0.25137436719115475,0.061787298016529074,0.0,0.0,0.0,-0.14572207572481413,0.09664135761892821,0.0,0.0,0.14572207572481413,0.0
tu_available__TU0-13189[c],-0.12359230677638887,-0.17572343872027654,-0.13779237864108626,-0.0,-0.0,-0.0,0.12359230677638887,0.17572343872027654,0.13779237864108626,0.0,0.0,0.0,-0.14570270804591723,0.026950764607102645,0.0,0.0,0.14570270804591723,0.0
tu_available__TU0-14537[c],-0.12302165011963617,-0.12957866483972963,-0.1835193337963281,-0.0,-0.0,-0.0,0.12302165011963617,0.12957866483972963,0.1835193337963281,0.0,0.0,0.0,-0.14537321625189795,0.033197790939985615,0.0,0.0,0.14537321625189795,0.0
tu_available__TU0-14783[c],-0.12306172930336062,-0.19826622768161956,-0.11384651827662537,-0.0,-0.0,-0.0,0.12306172930336062,0.19826622768161956,0.11384651827662537,0.0,0.0,0.0,-0.14505815842053518,0.046309329561504985,0.0,0.0,0.14505815842053518,0.0
tu_available__TU0-12810[c],-0.12201960090220978,-0.12009658820596228,-0.19115858127612562,-0.0,-0.0,-0.0,0.12201960090220978,0.12009658820596228,0.19115858127612562,0.0,0.0,0.0,-0.14442492346143257,0.040483954525380776,0.0,0.0,0.14442492346143257,0.0
tu_available__TU0-13785[c],-0.12198926207763304,-0.15968597199558973,-0.15089521102536727,-0.0,-0.0,-0.0,0.12198926207763304,0.15968597199558973,0.15089521102536727,0.0,0.0,0.0,-0.14419014836619667,0.019722547594243408,0.0,0.0,0.14419014836619667,0.0
tu_available__TU0-12947[c],-0.12167332337291899,-0.10309154141303865,-0.20773962844643495,-0.0,-0.0,-0.0,0.12167332337291899,0.10309154141303865,0.20773962844643495,0.0,0.0,0.0,-0.14416816441079752,0.05583295563488369,0.0,0.0,0.14416816441079752,0.0
tu_available__TU0-4961[c],-0.12191072415054713,-0.16654223653047578,-0.1437766988584304,-0.0,-0.0,-0.0,0.12191072415054713,0.16654223653047578,0.1437766988584304,0.0,0.0,0.0,-0.14407655317981774,0.0223172670546927,0.0,0.0,0.14407655317981774,0.0
tu_available__TU0-12838[c],-0.12117693837099561,-0.1320830800500723,-0.1773129435574236,-0.0,-0.0,-0.0,0.12117693837099561,0.1320830800500723,0.1773129435574236,0.0,0.0,0.0,-0.1435243206594972,0.0297655717160738,0.0,0.0,0.1435243206594972,0.0
tu_available__TU0-901[c],-0.12119939486941826,-0.17174249574777964,-0.13708329441834424,-0.0,-0.0,-0.0,0.12119939486941826,0.17174249574777964,0.13708329441834424,0.0,0.0,0.0,-0.1433417283451807,0.02584622328334426,0.0,0.0,0.1433417283451807,0.0
tu_available__TU00106[c],-0.1207924772858973,-0.1337719450289967,-0.17483445024502572,-0.0,-0.0,-0.0,0.1207924772858973,0.1337719450289967,0.17483445024502572,0.0,0.0,0.0,-0.14313295751997324,0.028210904389454727,0.0,0.0,0.14313295751997324,0.0
tu_available__TU0-14474[c],-0.12079933306277162,-0.1517608755438039,-0.15658025729305364,-0.0,-0.0,-0.0,0.12079933306277162,0.1517608755438039,0.15658025729305364,0.0,0.0,0.0,-0.14304682196654306,0.019416994669717177,0.0,0.0,0.14304682196654306,0.0
tu_available__TU0-12827[c],-0.12047247989104537,-0.11007481108892621,-0.1982635157115957,-0.0,-0.0,-0.0,0.12047247989104537,0.11007481108892621,0.1982635157115957,0.0,0.0,0.0,-0.14293693556385575,0.0481954430653237,0.0,0.0,0.14293693556385575,0.0
tu_available__TU0-8343[c],-0.12019397580338553,-0.06431564298215225,-0.24417903128886076,-0.0,-0.0,-0.0,0.12019397580338553,0.06431564298215225,0.24417903128886076,0.0,0.0,0.0,-0.14289621669146618,0.09205570823853229,0.0,0.0,0.14289621669146618,0.0
tu_available__TU00218[c],-0.12022507559266873,-0.13716683748610445,-0.17026020582563803,-0.0,-0.0,-0.0,0.12022507559266873,0.13716683748610445,0.17026020582563803,0.0,0.0,0.0,-0.1425507063014704,0.025448341732288805,0.0,0.0,0.1425507063014704,0.0
tu_available__TU862[c],-0.11947039598725973,-0.1612519149419393,-0.14430313492885388,-0.0,-0.0,-0.0,0.11947039598725973,0.1612519149419393,0.14430313492885388,0.0,0.0,0.0,-0.14167514861935096,0.021014365695215816,0.0,0.0,0.14167514861935096,0.0
tu_available__TU0-14415[c],-0.1194220322469719,-0.16114574249948932,-0.14431491467407473,-0.0,-0.0,-0.0,0.1194220322469719,0.16114574249948932,0.14431491467407473,0.0,0.0,0.0,-0.14162756314017866,0.020991269447297775,0.0,0.0,0.14162756314017866,0.0
tu_available__TU0-13078[c],-0.11879591262538028,-0.14593601840127052,-0.15851710837232047,-0.0,-0.0,-0.0,0.11879591262538028,0.14593601840127052,0.15851710837232047,0.0,0.0,0.0,-0.14108301313299043,0.02030042100529323,0.0,0.0,0.14108301313299043,0.0
tu_available__TU0-6649[c],-0.1183286367048791,-0.08774367750331936,-0.21668368898641263,-0.0,-0.0,-0.0,0.1183286367048791,0.08774367750331936,0.21668368898641263,0.0,0.0,0.0,-0.14091866773153702,0.06737294536128045,0.0,0.0,0.14091866773153702,0.0
tu_available__TU0-13100[c],-0.11758032095171904,-0.14708710480068277,-0.1549343069617095,-0.0,-0.0,-0.0,0.11758032095171904,0.14708710480068277,0.1549343069617095,0.0,0.0,0.0,-0.13986724423803712,0.019695808122965546,0.0,0.0,0.13986724423803712,0.0
tu_available__TU0-12921[c],-0.1175991184526204,-0.18484510318619973,-0.11662828628740951,-0.0,-0.0,-0.0,0.1175991184526204,0.18484510318619973,0.11662828628740951,0.0,0.0,0.0,-0.13969083597540988,0.039107755168007415,0.0,0.0,0.13969083597540988,0.0
tu_available__TU0-42461[c],-0.11711330356365565,-0.10829484666343124,-0.19340056523207677,-0.0,-0.0,-0.0,0.11711330356365565,0.10829484666343124,0.19340056523207677,0.0,0.0,0.0,-0.13960290515305454,0.04679831693564197,0.0,0.0,0.13960290515305454,0.0
tu_available__TU00373[c],-0.1162095881922267,-0.15365436483277317,-0.14554329424601412,-0.0,-0.0,-0.0,0.1162095881922267,0.15365436483277317,0.14554329424601412,0.0,0.0,0.0,-0.1384690824236713,0.019699268491384005,0.0,0.0,0.1384690824236713,0.0
tu_available__TU0-45231[c],-0.11614193250685975,-0.14410589039737018,-0.15510544769809329,-0.0,-0.0,-0.0,0.11614193250685975,0.14410589039737018,0.15510544769809329,0.0,0.0,0.0,-0.1384510902007744,0.020087843412420762,0.0,0.0,0.1384510902007744,0.0
tu_available__TU0-4802[c],-0.11643303441413355,-0.24152760436408524,-0.05675149538103085,-0.0,-0.0,-0.0,0.11643303441413355,0.24152760436408524,0.05675149538103085,0.0,0.0,0.0,-0.13823737805308323,0.09429806288505321,0.0,0.0,0.13823737805308323,0.0
tu_available__TU00006[c],-0.11595537025914468,-0.1610321339559893,-0.13754633491645465,-0.0,-0.0,-0.0,0.11595537025914468,0.1610321339559893,0.13754633491645465,0.0,0.0,0.0,-0.1381779463771962,0.022545018432533995,0.0,0.0,0.1381779463771962,0.0
tu_available__TU0-1601[c],-0.1156636189995301,-0.15278504720396116,-0.14534192627453063,-0.0,-0.0,-0.0,0.1156636189995301,0.15278504720396116,0.14534192627453063,0.0,0.0,0.0,-0.13793019749267396,0.019639256621268395,0.0,0.0,0.13793019749267396,0.0
tu_available__TU0-6631[c],-0.11562207281054873,-0.18189891430923663,-0.11569421601781853,-0.0,-0.0,-0.0,0.11562207281054873,0.18189891430923663,0.11569421601781853,0.0,0.0,0.0,-0.13773840104586796,0.03824414334148052,0.0,0.0,0.13773840104586796,0.0
tu_available__TU0-14313[c],-0.11477580162973974,-0.19892409454628718,-0.09672461091026723,-0.0,-0.0,-0.0,0.11477580162973974,0.19892409454628718,0.09672461091026723,0.0,0.0,0.0,-0.13680816902876472,0.054545875405675646,0.0,0.0,0.13680816902876472,0.0
tu_available__TU0-42499[c],-0.11454884836286743,-0.1795134317270691,-0.1159855165955848,-0.0,-0.0,-0.0,0.11454884836286743,0.1795134317270691,0.1159855165955848,0.0,0.0,0.0,-0.13668259889517378,0.0370995442655034,0.0,0.0,0.13668259889517378,0.0
tu_available__TU0-4562[c],-0.11357086101574095,-0.12352757361236386,-0.17089725909389789,-0.0,-0.0,-0.0,0.11357086101574095,0.12352757361236386,0.17089725909389789,0.0,0.0,0.0,-0.13599856457400092,0.030630429164929335,0.0,0.0,0.13599856457400092,0.0
tu_available__TU0-3501[c],-0.11350937343901661,-0.13075015721927866,-0.1634406067920423,-0.0,-0.0,-0.0,0.11350937343901661,0.13075015721927866,0.1634406067920423,0.0,0.0,0.0,-0.1359000458167792,0.02536085626440038,0.0,0.0,0.1359000458167792,0.0
tu_available__TU0-13087[c],-0.1132580762692696,-0.15097306778657382,-0.14240517203310044,-0.0,-0.0,-0.0,0.1132580762692696,0.15097306778657382,0.14240517203310044,0.0,0.0,0.0,-0.1355454386963146,0.019771117883833483,0.0,0.0,0.1355454386963146,0.0
tu_available__TU0-13792[c],-0.1132750938935396,-0.17174818734416045,-0.12134177564880966,-0.0,-0.0,-0.0,0.1132750938935396,0.17174818734416045,0.12134177564880966,0.0,0.0,0.0,-0.1354550189621699,0.031688537234114175,0.0,0.0,0.1354550189621699,0.0
tu_available__TU00039[c],-0.11194347007377278,-0.16160492720965666,-0.12899800154474017,-0.0,-0.0,-0.0,0.11194347007377278,0.16160492720965666,0.12899800154474017,0.0,0.0,0.0,-0.13418213294272321,0.025233340939686783,0.0,0.0,0.13418213294272321,0.0
tu_available__TU0-8610[c],-0.1117953688493043,-0.15899393852187807,-0.13135537441737583,-0.0,-0.0,-0.0,0.1117953688493043,0.15899393852187807,0.13135537441737583,0.0,0.0,0.0,-0.13404822726285273,0.023714232796355546,0.0,0.0,0.13404822726285273,0.0
tu_available__TU00169[c],-0.11137702515449804,-0.1284910627564696,-0.16150039695008095,-0.0,-0.0,-0.0,0.11137702515449804,0.1284910627564696,0.16150039695008095,0.0,0.0,0.0,-0.13378949495368286,0.025478287576893948,0.0,0.0,0.13378949495368286,0.0
tu_available__TU00258[c],-0.11134433422960148,-0.18599293565753441,-0.10304217558625929,-0.0,-0.0,-0.0,0.11134433422960148,0.18599293565753441,0.10304217558625929,0.0,0.0,0.0,-0.1334598151577984,0.04568400181261099,0.0,0.0,0.1334598151577984,0.0
tu_available__TU0-14176[c],-0.11113890856252125,-0.1489744571541593,-0.1402266135966724,-0.0,-0.0,-0.0,0.11113890856252125,0.1489744571541593,0.1402266135966724,0.0,0.0,0.0,-0.13344665977111766,0.01980802904670331,0.0,0.0,0.13344665977111766,0.0
tu_available__TU872[c],-0.11070643339589813,-0.12422659598596979,-0.16449934180012493,-0.0,-0.0,-0.0,0.11070643339589813,0.12422659598596979,0.16449934180012493,0.0,0.0,0.0,-0.13314412372733095,0.027983226661874486,0.0,0.0,0.13314412372733095,0.0
tu_available__TU0-14538[c],-0.1107532095712596,-0.1680075597433448,-0.1201325426037511,-0.0,-0.0,-0.0,0.1107532095712596,0.1680075597433448,0.1201325426037511,0.0,0.0,0.0,-0.1329644373061185,0.030708440120696814,0.0,0.0,0.1329644373061185,0.0
tu_available__TU0-8301[c],-0.1109877612646299,-0.23629923832677135,-0.051247923819357534,-0.0,-0.0,-0.0,0.1109877612646299,0.23629923832677135,0.051247923819357534,0.0,0.0,0.0,-0.13284497447025292,0.09444204877631304,0.0,0.0,0.13284497447025292,0.0
tu_available__TU524[c],-0.11061106622731055,-0.16522609643221503,-0.12267486381560361,-0.0,-0.0,-0.0,0.11061106622731055,0.16522609643221503,0.12267486381560361,0.0,0.0,0.0,-0.1328373421583764,0.028690718980554523,0.0,0.0,0.1328373421583764,0.0
tu_available__TU0-14521[c],-0.10938284107576847,-0.13941900566782423,-0.14644307611135313,-0.0,-0.0,-0.0,0.10938284107576847,0.13941900566782423,0.14644307611135313,0.0,0.0,0.0,-0.13174830761831527,0.0196848917103511,0.0,0.0,0.13174830761831527,0.0
tu_available__TU0-1881[c],-0.10922291688012842,-0.17314439730107503,-0.11187728041384426,-0.0,-0.0,-0.0,0.10922291688012842,0.17314439730107503,0.11187728041384426,0.0,0.0,0.0,-0.13141486486501588,0.03616319703014881,0.0,0.0,0.13141486486501588,0.0
tu_available__TU0-1063[c],-0.10904913724013782,-0.17137031966915325,-0.1133337767772164,-0.0,-0.0,-0.0,0.10904913724013782,0.17137031966915325,0.1133337767772164,0.0,0.0,0.0,-0.13125107789550247,0.034810267226210105,0.0,0.0,0.13125107789550247,0.0
tu_available__TU0-6652[c],-0.10884615847555763,-0.13380792436405917,-0.1510754227034252,-0.0,-0.0,-0.0,0.10884615847555763,0.13380792436405917,0.1510754227034252,0.0,0.0,0.0,-0.13124316851434734,0.021231136774398987,0.0,0.0,0.13124316851434734,0.0
tu_available__TU0-14254[c],-0.10846521039957308,-0.11455258330169459,-0.16987280240620387,-0.0,-0.0,-0.0,0.10846521039957308,0.11455258330169459,0.16987280240620387,0.0,0.0,0.0,-0.13096353203582387,0.03383360042589128,0.0,0.0,0.13096353203582387,0.0
tu_available__TU0-13885[c],-0.10866509229047203,-0.1924332254313638,-0.09118171977983863,-0.0,-0.0,-0.0,0.10866509229047203,0.1924332254313638,0.09118171977983863,0.0,0.0,0.0,-0.13076001250055816,0.05412121555815946,0.0,0.0,0.13076001250055816,0.0
tu_available__TU0-14472[c],-0.10835719090663816,-0.1605221083786458,-0.12297612672265182,-0.0,-0.0,-0.0,0.10835719090663816,0.1605221083786458,0.12297612672265182,0.0,0.0,0.0,-0.1306184753359786,0.026909083465645117,0.0,0.0,0.1306184753359786,0.0
tu_available__TU0-7521[c],-0.1079408708375173,-0.15387667981413136,-0.12889786649483406,-0.0,-0.0,-0.0,0.1079408708375173,0.15387667981413136,0.12889786649483406,0.0,0.0,0.0,-0.1302384723821609,0.02299722928295593,0.0,0.0,0.1302384723821609,0.0
tu_available__TU0-14496[c],-0.10779297945877607,-0.12701872436116785,-0.15587851541551614,-0.0,-0.0,-0.0,0.10779297945877607,0.12701872436116785,0.15587851541551614,0.0,0.0,0.0,-0.1302300730784867,0.024203083739472223,0.0,0.0,0.1302300730784867,0.0
tu_available__TU0-14394[c],-0.10762130297784671,-0.10581640842399652,-0.1770686158993759,-0.0,-0.0,-0.0,0.10762130297784671,0.10581640842399652,0.1770686158993759,0.0,0.0,0.0,-0.13016877576707306,0.040626477381312594,0.0,0.0,0.13016877576707306,0.0
tu_available__TU582[c],-0.10682810603997503,-0.12103906685720431,-0.1600348690538588,-0.0,-0.0,-0.0,0.10682810603997503,0.12103906685720431,0.1600348690538588,0.0,0.0,0.0,-0.12930068065034606,0.02754869514975564,0.0,0.0,0.12930068065034606,0.0
tu_available__TU0-13209[c],-0.10687530272220094,-0.1475467842991755,-0.13320993253228758,-0.0,-0.0,-0.0,0.10687530272220094,0.1475467842991755,0.13320993253228758,0.0,0.0,0.0,-0.12921067318455468,0.020628570234370754,0.0,0.0,0.12921067318455468,0.0
tu_available__TU0-12963[c],-0.1065966024847507,-0.14937621961683833,-0.13079870504739954,-0.0,-0.0,-0.0,0.1065966024847507,0.14937621961683833,0.13079870504739954,0.0,0.0,0.0,-0.12892384238299617,0.021451345948442998,0.0,0.0,0.12892384238299617,0.0
tu_available__TU0-42509[c],-0.10410205933598338,-0.08585155513504449,-0.19035461365942385,-0.0,-0.0,-0.0,0.10410205933598338,0.08585155513504449,0.19035461365942385,0.0,0.0,0.0,-0.12676940937681724,0.05581737076074735,0.0,0.0,0.12676940937681724,0.0
tu_available__TU0-14099[c],-0.10434350394184633,-0.14001825415918118,-0.13582763689892088,-0.0,-0.0,-0.0,0.10434350394184633,0.14001825415918118,0.13582763689892088,0.0,0.0,0.0,-0.12672979833331613,0.019499998735683602,0.0,0.0,0.12672979833331613,0.0
tu_available__EG12662_RNA[c],-0.10434565785877838,-0.18028955917274883,-0.09493629652897705,-0.0,-0.0,-0.0,0.10434565785877838,0.18028955917274883,0.09493629652897705,0.0,0.0,0.0,-0.12652383785350144,0.04679955781727988,0.0,0.0,0.12652383785350144,0.0
tu_available__TU00003[c],-0.10365594454561629,-0.14651499474575314,-0.12786485339818138,-0.0,-0.0,-0.0,0.10365594454561629,0.14651499474575314,0.12786485339818138,0.0,0.0,0.0,-0.12601193089651694,0.02148952157127616,0.0,0.0,0.12601193089651694,0.0
tu_available__TU0-14506[c],-0.1032952141465078,-0.09735375985382559,-0.17707189535642479,-0.0,-0.0,-0.0,0.1032952141465078,0.09735375985382559,0.17707189535642479,0.0,0.0,0.0,-0.12590695645225272,0.04440960987870477,0.0,0.0,0.12590695645225272,0.0
tu_available__TU00455[c],-0.10309162775395202,-0.14412087876297786,-0.12917548833770973,-0.0,-0.0,-0.0,0.10309162775395202,0.14412087876297786,0.12917548833770973,0.0,0.0,0.0,-0.12546266495154654,0.02076508253566651,0.0,0.0,0.12546266495154654,0.0
tu_available__TU841[c],-0.10273093839901616,-0.1068325540494625,-0.16632563988342813,-0.0,-0.0,-0.0,0.10273093839901616,0.1068325540494625,0.16632563988342813,0.0,0.0,0.0,-0.12529637744396893,0.035591517177278494,0.0,0.0,0.12529637744396893,0.0
tu_available__TU0-14161[c],-0.10257100231102555,-0.13536058985764018,-0.1370377492570193,-0.0,-0.0,-0.0,0.10257100231102555,0.13536058985764018,0.1370377492570193,0.0,0.0,0.0,-0.12498978047522835,0.019433332876646087,0.0,0.0,0.12498978047522835,0.0
tu_available__TU0-14143[c],-0.10218189783847213,-0.2158215439801678,-0.05455676892516879,-0.0,-0.0,-0.0,0.10218189783847213,0.2158215439801678,0.05455676892516879,0.0,0.0,0.0,-0.12418673691460291,0.08285373633976725,0.0,0.0,0.12418673691460291,0.0
tu_available__TU0-42482[c],-0.10133039977193768,-0.1280912653814467,-0.1419562320130872,0.0,-0.0,-0.0,0.10133039977193768,0.1280912653814467,0.1419562320130872,0.0,0.0,0.0,-0.12379263238882386,0.02065122866866413,0.0,0.0,0.12379263238882386,0.0
tu_available__TU0-45147[c],-0.10133039977193761,-0.12809126538144663,-0.14195623201308707,0.0,-0.0,-0.0,0.10133039977193761,0.12809126538144663,0.14195623201308707,0.0,0.0,0.0,-0.12379263238882376,0.0206512286686641,0.0,0.0,0.12379263238882376,0.0
tu_available__TU0-45291[c],-0.10133039977193771,-0.1280912653814465,-0.14195623201308694,0.0,-0.0,-0.0,0.10133039977193771,0.1280912653814465,0.14195623201308694,0.0,0.0,0.0,-0.12379263238882371,0.020651228668663972,0.0,0.0,0.12379263238882371,0.0
tu_available__TU0-14162[c],-0.10106830583420781,-0.13434640528448466,-0.1350836658132166,0.0,-0.0,-0.0,0.10106830583420781,0.13434640528448466,0.1350836658132166,0.0,0.0,0.0,-0.12349945897730302,0.019429445740127255,0.0,0.0,0.12349945897730302,0.0
tu_available__TU0-42568[c],-0.10084843569301641,-0.1258394907652376,-0.1432858514206164,0.0,-0.0,-0.0,0.10084843569301641,0.1258394907652376,0.1432858514206164,0.0,0.0,0.0,-0.12332459262629014,0.021330192167353972,0.0,0.0,0.12332459262629014,0.0
tu_available__TU0-7981[c],-0.10095255209919118,-0.15323679093940384,-0.11567057002501424,0.0,-0.0,-0.0,0.10095255209919118,0.15323679093940384,0.11567057002501424,0.0,0.0,0.0,-0.12328663768786975,0.026961338482334212,0.0,0.0,0.12328663768786975,0.0
tu_available__TU0-14049[c],-0.10073799394562008,-0.1365986211324189,-0.13214061535772517,0.0,-0.0,-0.0,0.10073799394562008,0.1365986211324189,0.13214061535772517,0.0,0.0,0.0,-0.1231590768119214,0.019544747927383543,0.0,0.0,0.1231590768119214,0.0
tu_available__TU0-14356[c],-0.1002149766107351,-0.1366203654273664,-0.13107994844925647,0.0,-0.0,-0.0,0.1002149766107351,0.1366203654273664,0.13107994844925647,0.0,0.0,0.0,-0.12263843016245267,0.01961587385161208,0.0,0.0,0.12263843016245267,0.0
tu_available__TU00001[c],-0.10002749533172559,-0.12936408853596237,-0.13807642463507575,0.0,-0.0,-0.0,0.10002749533172559,0.12936408853596237,0.13807642463507575,0.0,0.0,0.0,-0.1224893361675879,0.019934315146944163,0.0,0.0,0.1224893361675879,0.0
tu_available__TU0-13627[c],-0.09919347994519061,-0.1443326840476017,-0.12121962382864665,0.0,-0.0,-0.0,0.09919347994519061,0.1443326840476017,0.12121962382864665,0.0,0.0,0.0,-0.12158192927381299,0.0225717829529809,0.0,0.0,0.12158192927381299,0.0
tu_available__TU0-13284[c],-0.09910284703819452,-0.1281925529927989,-0.13742999495144387,0.0,-0.0,-0.0,0.09910284703819452,0.1281925529927989,0.13742999495144387,0.0,0.0,0.0,-0.12157513166081242,0.020002131526534756,0.0,0.0,0.12157513166081242,0.0
tu_available__TU00144[c],-0.09928804569763136,-0.17296658900051154,-0.0923296017049549,0.0,-0.0,-0.0,0.09928804569763136,0.17296658900051154,0.0923296017049549,0.0,0.0,0.0,-0.12152807880103261,0.04468271740120813,0.0,0.0,0.12152807880103261,0.0
tu_available__TU0-14225[c],-0.09834367899319284,-0.11424238482912415,-0.1500889043574094,0.0,-0.0,-0.0,0.09834367899319284,0.11424238482912415,0.1500889043574094,0.0,0.0,0.0,-0.1208916560599088,0.02650569170808028,0.0,0.0,0.1208916560599088,0.0
tu_available__TU0-13637[c],-0.0981559378002578,-0.15585203844543377,-0.10746138180503449,0.0,-0.0,-0.0,0.0981559378002578,0.15585203844543377,0.10746138180503449,0.0,0.0,0.0,-0.1204897860169087,0.030976030969857234,0.0,0.0,0.1204897860169087,0.0
tu_available__TU0-5981[c],-0.09757670754498239,-0.09521043259585175,-0.16789288335889643,0.0,-0.0,-0.0,0.09757670754498239,0.09521043259585175,0.16789288335889643,0.0,0.0,0.0,-0.1202266744999102,0.041297099347594554,0.0,0.0,0.1202266744999102,0.0
tu_available__TU00219[c],-0.09775929535113094,-0.13320758841294159,-0.12966924547886496,0.0,-0.0,-0.0,0.09775929535113094,0.13320758841294159,0.12966924547886496,0.0,0.0,0.0,-0.12021204308097917,0.019524968070266744,0.0,0.0,0.12021204308097917,0.0
tu_available__TU0-12962[c],-0.0977257324322343,-0.13345361041823223,-0.12935276166405948,0.0,-0.0,-0.0,0.0977257324322343,0.13345361041823223,0.12935276166405948,0.0,0.0,0.0,-0.12017736817150866,0.01955150123783201,0.0,0.0,0.12017736817150866,0.0
tu_available__TU0-7163[c],-0.0969696096363095,-0.1357286501236606,-0.1255409763798157,0.0,-0.0,-0.0,0.0969696096363095,0.1357286501236606,0.1255409763798157,0.0,0.0,0.0,-0.11941307871326194,0.020093012522612096,0.0,0.0,0.11941307871326194,0.0
tu_available__TU0-3741[c],-0.0960962012093565,-0.15154798158266317,-0.10774202593271948,0.0,-0.0,-0.0,0.0960962012093565,0.15154798158266317,0.10774202593271948,0.0,0.0,0.0,-0.11846206957491305,0.029238920780532595,0.0,0.0,0.11846206957491305,0.0
tu_available__TU0-14396[c],-0.09604882112372558,-0.14867129760077682,-0.1105692208265044,0.0,-0.0,-0.0,0.09604882112372558,0.14867129760077682,0.1105692208265044,0.0,0.0,0.0,-0.11842977985033559,0.027177611167462888,0.0,0.0,0.11842977985033559,0.0
tu_available__TU0-45255[c],-0.09610567665947019,-0.16085508774514914,-0.0983094507748014,0.0,-0.0,-0.0,0.09610567665947019,0.16085508774514914,0.0983094507748014,0.0,0.0,0.0,-0.11842340505980692,0.03676343192249644,0.0,0.0,0.11842340505980692,0.0
tu_available__TU0-13077[c],-0.095417195951346,-0.13385316967412114,-0.12436281488132635,0.0,-0.0,-0.0,0.095417195951346,0.13385316967412114,0.12436281488132635,0.0,0.0,0.0,-0.11787772683559783,0.020021820452324098,0.0,0.0,0.11787772683559783,0.0
tu_available__TU00209[c],-0.09349433311524677,-0.076819719896671,-0.17846209605314514,0.0,-0.0,-0.0,0.09349433311524677,0.076819719896671,0.17846209605314514,0.0,0.0,0.0,-0.11625871635502098,0.05451106324315304,0.0,0.0,0.11625871635502098,0.0
tu_available__TU0-14536[c],-0.0936575461816677,-0.1411104177970664,-0.11349882260813204,0.0,-0.0,-0.0,0.0936575461816677,0.1411104177970664,0.11349882260813204,0.0,0.0,0.0,-0.11608892886228872,0.023832231199422852,0.0,0.0,0.11608892886228872,0.0
tu_available__TU0-14571[c],-0.09134582915515803,-0.13340934228080953,-0.11672877622521026,0.0,-0.0,-0.0,0.09134582915515803,0.13340934228080953,0.11672877622521026,0.0,0.0,0.0,-0.11382798255372595,0.02118125910000056,0.0,0.0,0.11382798255372595,0.0
tu_available__TU0-13373[c],-0.09102311030644415,-0.11822782691161134,-0.1315048041999408,0.0,-0.0,-0.0,0.09102311030644415,0.11822782691161134,0.1315048041999408,0.0,0.0,0.0,-0.11358524713933209,0.020636304061729973,0.0,0.0,0.11358524713933209,0.0
tu_available__TU0-6569[c],-0.0908579038269571,-0.10521527738903853,-0.14439102292471356,0.0,-0.0,-0.0,0.0908579038269571,0.10521527738903853,0.14439102292471356,0.0,0.0,0.0,-0.11348806804690308,0.027708807427157207,0.0,0.0,0.11348806804690308,0.0
tu_available__TU0-14513[c],-0.09090653527484083,-0.14279187541303373,-0.10632845778042155,0.0,-0.0,-0.0,0.09090653527484083,0.14279187541303373,0.10632845778042155,0.0,0.0,0.0,-0.11334228948943204,0.02664427718564971,0.0,0.0,0.11334228948943204,0.0
tu_available__TU00270[c],-0.09046151120299725,-0.09520461236025084,-0.15376974036232352,0.0,-0.0,-0.0,0.09046151120299725,0.09520461236025084,0.15376974036232352,0.0,0.0,0.0,-0.11314528797519052,0.03526164844363932,0.0,0.0,0.11314528797519052,0.0
tu_available__TU0-14291[c],-0.0898335607691196,-0.12306877742160344,-0.12422664931877449,0.0,-0.0,-0.0,0.0898335607691196,0.12306877742160344,0.12422664931877449,0.0,0.0,0.0,-0.11237632916983249,0.01953119228845746,0.0,0.0,0.11237632916983249,0.0
tu_available__TU0-13069[c],-0.08990815777002503,-0.1476129734486308,-0.09945008440932494,0.0,-0.0,-0.0,0.08990815777002503,0.1476129734486308,0.09945008440932494,0.0,0.0,0.0,-0.11232373854266026,0.030931531908135794,0.0,0.0,0.11232373854266026,0.0
tu_available__TU0-4929[c],-0.08823987952482377,-0.0923983933981717,-0.15220784175140767,0.0,-0.0,-0.0,0.08823987952482377,0.0923983933981717,0.15220784175140767,0.0,0.0,0.0,-0.11094870489146773,0.03579190676995497,0.0,0.0,0.11094870489146773,0.0
tu_available__TU0-13929[c],-0.08772079051621673,-0.11505187004843391,-0.12817239104668612,0.0,-0.0,-0.0,0.08772079051621673,0.11505187004843391,0.12817239104668612,0.0,0.0,0.0,-0.11031501720377894,0.020637619230984592,0.0,0.0,0.11031501720377894,0.0
tu_available__TU0-4444[c],-0.08776457716721782,-0.1280610900594744,-0.11504844313240381,0.0,-0.0,-0.0,0.08776457716721782,0.1280610900594744,0.11504844313240381,0.0,0.0,0.0,-0.11029137011969868,0.02056512935906569,0.0,0.0,0.11029137011969868,0.0
tu_available__TU0-42684[c],-0.08657224473971402,-0.12580726450647883,-0.11496952609944833,0.0,-0.0,-0.0,0.08657224473971402,0.12580726450647883,0.11496952609944833,0.0,0.0,0.0,-0.10911634511521373,0.02026182345570755,0.0,0.0,0.10911634511521373,0.0
tu_available__TU0-13499[c],-0.08633790737278779,-0.1293034651671472,-0.11095378786476923,0.0,-0.0,-0.0,0.08633790737278779,0.1293034651671472,0.11095378786476923,0.0,0.0,0.0,-0.10886505346823473,0.021558800933251347,0.0,0.0,0.10886505346823473,0.0
tu_available__TU0-14787[c],-0.08588783464376457,-0.10451278803575122,-0.1352350513039815,0.0,-0.0,-0.0,0.08588783464376457,0.10451278803575122,0.1352350513039815,0.0,0.0,0.0,-0.10854522466116577,0.024919517589252937,0.0,0.0,0.10854522466116577,0.0
tu_available__TU0-13848[c],-0.08533133969398903,-0.15580576795971504,-0.08204182960478629,0.0,-0.0,-0.0,0.08533133969398903,0.15580576795971504,0.08204182960478629,0.0,0.0,0.0,-0.10772631241949678,0.04167050219207359,0.0,0.0,0.10772631241949678,0.0
tu_available__TU101[c],-0.08491780585644616,-0.13871821381120444,-0.09857310850577891,0.0,-0.0,-0.0,0.08491780585644616,0.13871821381120444,0.09857310850577891,0.0,0.0,0.0,-0.1074030427244765,0.027965993237403522,0.0,0.0,0.1074030427244765,0.0
tu_available__TU0-13807[c],-0.08363434804751328,-0.09062560623052948,-0.14486264384275543,0.0,-0.0,-0.0,0.08363434804751328,0.09062560623052948,0.14486264384275543,0.0,0.0,0.0,-0.10637419937359939,0.03351476825202404,0.0,0.0,0.10637419937359939,0.0
tu_available__TU0-6425[c],-0.08340402928486605,-0.053361778717530596,-0.18224680277847155,0.0,-0.0,-0.0,0.08340402928486605,0.053361778717530596,0.18224680277847155,0.0,0.0,0.0,-0.10633753692695606,0.0674336465451386,0.0,0.0,0.10633753692695606,0.0
tu_available__TU00444[c],-0.08284361059952394,-0.08225630126834901,-0.1517914826257143,0.0,-0.0,-0.0,0.08284361059952394,0.08225630126834901,0.1517914826257143,0.0,0.0,0.0,-0.10563046483119576,0.03997769260390117,0.0,0.0,0.10563046483119576,0.0
tu_available__TU0-13783[c],-0.0806518330460313,-0.06603320585909243,-0.16391374083786445,0.0,-0.0,-0.0,0.0806518330460313,0.06603320585909243,0.16391374083786445,0.0,0.0,0.0,-0.10353292658099607,0.052799698038431125,0.0,0.0,0.10353292658099607,0.0
tu_available__TU00313[c],-0.080226181134087,-0.08487605140139166,-0.14393353957684885,0.0,-0.0,-0.0,0.080226181134087,0.08487605140139166,0.14393353957684885,0.0,0.0,0.0,-0.10301192403744251,0.035515338758653675,0.0,0.0,0.10301192403744251,0.0
tu_available__TU0-7861[c],-0.07879291539371694,-0.10767278550707543,-0.11793727737653742,0.0010478456575650572,-0.0,-0.0,0.07879291539371694,0.10767278550707543,0.11793727737653742,0.0010478456575650572,0.0,0.0,-0.10146765942577658,0.020296501201540414,0.00034928188585501906,0.0006049739724643663,0.10146765942577658,0.00034928188585501906
tu_available__TU0-13215[c],-0.07860082288976303,-0.20597329963364253,-0.017731394300461115,0.0012272358095199356,-0.0,-0.0,0.07860082288976303,0.20597329963364253,0.017731394300461115,0.0012272358095199356,0.0,0.0,-0.10076850560795554,0.09605887959313,0.00040907860317331186,0.0007085449249854831,0.10076850560795554,0.00040907860317331186
tu_available__TU0-3426[c],-0.07717865057003896,-0.1212009672195053,-0.10099383456277654,0.0026508992456648456,-0.0,-0.0,0.07717865057003896,0.1212009672195053,0.10099383456277654,0.0026508992456648456,0.0,0.0,-0.09979115078410694,0.02203578741502278,0.0008836330818882818,0.0015304973930791745,0.09979115078410694,0.0008836330818882818
tu_available__TU0-12812[c],-0.07693928576940534,-0.09975864916312482,-0.12229324525944223,0.002880179754276107,-0.0,-0.0,0.07693928576940534,0.09975864916312482,0.12229324525944223,0.002880179754276107,0.0,0.0,-0.09966372673065747,0.022677128743672906,0.0009600599180920356,0.0016628725564458205,0.09966372673065747,0.0009600599180920356
tu_available__TU0-14121[c],-0.07609887845408257,-0.06687216579594112,-0.15402071172351736,0.003722311356396235,-0.0,-0.0,0.07609887845408257,0.06687216579594112,0.15402071172351736,0.003722311356396235,0.0,0.0,-0.09899725199118035,0.047874511979821385,0.0012407704521320783,0.0021490774636229674,0.09899725199118035,0.0012407704521320783
tu_available__EG10982_RNA[c],-0.0759199935266501,-0.08929615454311667,-0.13089386935180472,0.003894559896065286,-0.0,-0.0,0.0759199935266501,0.08929615454311667,0.13089386935180472,0.003894559896065286,0.0,0.0,-0.09870333914052383,0.02866885238978273,0.001298186632021762,0.002248525204368414,0.09870333914052383,0.001298186632021762
tu_available__TU0-13440[c],-0.07558331784787548,-0.17612630825109435,-0.0420490607358303,0.004232769482743192,-0.0,-0.0,0.07558331784787548,0.17612630825109435,0.0420490607358303,0.004232769482743192,0.0,0.0,-0.09791956227826672,0.0697736192035212,0.0014109231609143972,0.0024437906002794147,0.09791956227826672,0.0014109231609143972
tu_available__TU0-13839[c],-0.073795760018971,-0.12337390137924155,-0.092069614345148,0.006014947917615673,-0.0,-0.0,0.073795760018971,0.12337390137924155,0.092069614345148,0.006014947917615673,0.0,0.0,-0.09641309191445352,0.02507284134738298,0.0020049826392052245,0.0034727317993969876,0.09641309191445352,0.0020049826392052245
tu_available__TU0-13736[c],-0.07337312225939294,-0.13648090352706568,-0.07792016270706685,0.006435418067182794,-0.0,-0.0,0.07337312225939294,0.13648090352706568,0.07792016270706685,0.006435418067182794,0.0,0.0,-0.09592472949784182,0.035196183502259365,0.002145139355727598,0.0037154903534357673,0.09592472949784182,0.002145139355727598
tu_available__TU00220[c],-0.0726845097662127,-0.06057499741465469,-0.15363539525947975,0.007135443657589738,-0.0,-0.0,0.0726845097662127,0.06057499741465469,0.15363539525947975,0.007135443657589738,0.0,0.0,-0.09563163414678237,0.05059631705729461,0.0023784812191965793,0.004119650316496843,0.09563163414678237,0.0023784812191965793
tu_available__TU0-198711[c],-0.07175321091630284,-0.07499008339945194,-0.13714750349932114,0.008053151506343698,-0.0,-0.0,0.07175321091630284,0.07499008339945194,0.13714750349932114,0.008053151506343698,0.0,0.0,-0.09463026593835865,0.036856559161559464,0.002684383835447899,0.0046494891900123745,0.09463026593835865,0.002684383835447899
tu_available__TU164[c],-0.07182063259153164,-0.12076705059807574,-0.09079475444407054,0.007997050453052709,-0.0,-0.0,0.07182063259153164,0.12076705059807574,0.09079475444407054,0.007997050453052709,0.0,0.0,-0.0944608125445593,0.02467828894828318,0.002665683484350903,0.004617099231793,0.0944608125445593,0.002665683484350903
tu_available__TU00254[c],-0.07114919384056807,-0.09179282644630861,-0.11888484182168062,0.00866461382224082,-0.0,-0.0,0.07114919384056807,0.09179282644630861,0.11888484182168062,0.00866461382224082,0.0,0.0,-0.0939422873695191,0.023940304065309618,0.002888204607413607,0.0050025171226948896,0.0939422873695191,0.002888204607413607
tu_available__TU00280[c],-0.06705073238880077,-0.128142034442398,-0.0738335742973113,0.012746462062905469,-0.0,-0.0,0.06705073238880077,0.128142034442398,0.0738335742973113,0.012746462062905469,0.0,0.0,-0.0896754470428367,0.03348522802244339,0.004248820687635157,0.0073591733032338244,0.0896754470428367,0.004248820687635157
tu_available__TU0-4201[c],-0.06497597996898252,-0.11030904851427834,-0.08782306414000178,0.01480455714625631,-0.0,-0.0,0.06497597996898252,0.11030904851427834,0.08782306414000178,0.01480455714625631,0.0,0.0,-0.08770269754108755,0.022666773965911487,0.004934852382085437,0.008547415053624278,0.08770269754108755,0.004934852382085437
tu_available__TU0-13010[c],-0.06447288375596628,-0.08838498844108049,-0.10908797854651041,0.015296166599297892,-0.0,-0.0,0.06447288375596628,0.08838498844108049,0.10908797854651041,0.015296166599297892,0.0,0.0,-0.08731528358118573,0.022326774781812334,0.005098722199765964,0.008831245903674,0.08731528358118573,0.005098722199765964
tu_available__EG10214_RNA[c],-0.06401218341572848,-0.027562819975201148,-0.16993821356871205,0.015753363737003506,-0.0,-0.0,0.06401218341572848,0.027562819975201148,0.16993821356871205,0.015753363737003506,0.0,0.0,-0.08717107231988057,0.07395903444936887,0.005251121245667835,0.009095208794201063,0.08717107231988057,0.005251121245667835
tu_available__TU0-45265[c],-0.06407488232179105,-0.1825660349232622,-0.012656540665356906,0.015703196769052845,-0.0,-0.0,0.06407488232179105,0.1825660349232622,0.012656540665356906,0.015703196769052845,0.0,0.0,-0.08643248597013674,0.08713326511968135,0.005234398923017615,0.009066244881750321,0.08643248597013674,0.005234398923017615
tu_available__TU0-12797[c],-0.0630530254428071,-0.10979092206094548,-0.08453070184190062,0.016709611661675446,-0.0,-0.0,0.0630530254428071,0.10979092206094548,0.08453070184190062,0.016709611661675446,0.0,0.0,-0.08579154978188441,0.023394444815335303,0.005569870553891815,0.009647298790922429,0.08579154978188441,0.005569870553891815
tu_available__TU00087[c],-0.06173688366864351,-0.13558220299821916,-0.05572604913368555,0.01803714670929835,-0.0,-0.0,0.06173688366864351,0.13558220299821916,0.05572604913368555,0.01803714670929835,0.0,0.0,-0.08434837860018274,0.044471463937993824,0.006012382236432783,0.010413751508026174,0.08434837860018274,0.006012382236432783
tu_available__TU0-42569[c],-0.060983608611798586,-0.09156198587178392,-0.09893287541422814,0.0187809807031395,-0.0,-0.0,0.060983608611798586,0.09156198587178392,0.09893287541422814,0.0187809807031395,0.0,0.0,-0.08382615663260355,0.020122599315789545,0.0062603269010465005,0.010843204264602757,0.08382615663260355,0.0062603269010465005
tu_available__TU0-14454[c],-0.05587394564274439,-0.06858824181283703,-0.11211622289213495,0.023865796790814138,-0.0,-0.0,0.05587394564274439,0.06858824181283703,0.11211622289213495,0.023865796790814138,0.0,0.0,-0.07885947011590545,0.02949444075905906,0.007955265596938045,0.013778924201601449,0.07885947011590545,0.007955265596938045
tu_available__TU0-13883[c],-0.05507460037203714,-0.12154325279761928,-0.05675296241221916,0.02465976924029356,-0.0,-0.0,0.05507460037203714,0.12154325279761928,0.05675296241221916,0.02465976924029356,0.0,0.0,-0.07779027186062519,0.03790048456734039,0.008219923080097854,0.014237324409037539,0.07779027186062519,0.008219923080097854
tu_available__TU0-13552[c],-0.054009340938736536,-0.05340617058412306,-0.12383100416748895,0.025719225491381656,-0.0,-0.0,0.054009340938736536,0.05340617058412306,0.12383100416748895,0.025719225491381656,0.0,0.0,-0.07708217189678285,0.040486799609565714,0.008573075163793886,0.014849001760797884,0.07708217189678285,0.008573075163793886
tu_available__EG10016_RNA[c],-0.052393170416625924,-0.074113335000385,-0.09959350103809107,0.027324802726127667,-0.0,-0.0,0.052393170416625924,0.074113335000385,0.09959350103809107,0.027324802726127667,0.0,0.0,-0.07536666881836733,0.023625112421708786,0.009108267575375889,0.01577598220948323,0.07536666881836733,0.009108267575375889
tu_available__TU0-14509[c],-0.04955199889184434,-0.0451541180185443,-0.12335978578281251,0.030162231712242082,-0.0,-0.0,0.04955199889184434,0.0451541180185443,0.12335978578281251,0.030162231712242082,0.0,0.0,-0.07268863423106704,0.04393756409644146,0.010054077237414027,0.017414172598422834,0.07268863423106704,0.010054077237414027
tu_available__TU0-1002[c],-0.04916833871404783,-0.02895496076097608,-0.13904821711385038,0.03053735121676992,-0.0,-0.0,0.04916833871404783,0.02895496076097608,0.13904821711385038,0.03053735121676992,0.0,0.0,-0.07239050552962477,0.05860531586215355,0.01017911707225664,0.01763074794534026,0.07239050552962477,0.01017911707225664
tu_available__TU0-14159[c],-0.04406110017166704,-0.05249252185143498,-0.10500402462686347,0.035629578906118925,-0.0,-0.0,0.04406110017166704,0.05249252185143498,0.10500402462686347,0.035629578906118925,0.0,0.0,-0.06718588221665517,0.033021676810916376,0.011876526302039642,0.020570746972560772,0.06718588221665517,0.011876526302039642
tu_available__TU0-14459[c],-0.04170838079944905,-0.05651650152645955,-0.0962457327514576,0.03797361819797088,-0.0,-0.0,0.04170838079944905,0.05651650152645955,0.0962457327514576,0.03797361819797088,0.0,0.0,-0.06482353835912207,0.02820169915428362,0.012657872732656962,0.02192407868870256,0.06482353835912207,0.012657872732656962
tu_available__TU00116[c],-0.03828280548334611,-0.0492866716852458,-0.09678528284021538,0.04139584369576949,-0.0,-0.0,0.03828280548334611,0.0492866716852458,0.09678528284021538,0.04139584369576949,0.0,0.0,-0.06145158666960243,0.031090574643374138,0.013798614565256497,0.02389990150108419,0.06145158666960243,0.013798614565256497
tu_available__TU0-198746[c],-0.1266926327785644,0.0,0.0,-0.00905978182276532,0.0,0.0,0.1266926327785644,0.0,0.0,0.00905978182276532,0.0,0.0,-0.0422308775928548,0.07314602563904657,-0.003019927274255107,0.005230667474172836,0.0422308775928548,0.003019927274255107
tu_available__TU0-6635[c],-0.11470775349108348,0.0,0.0,-0.0,0.0,0.0,0.11470775349108348,0.0,0.0,0.0,0.0,0.0,-0.038235917830361156,0.06622655235621429,0.0,0.0,0.038235917830361156,0.0
tu_available__TU0-8574[c],-0.012982757197259874,-0.05599039934346693,-0.03973787260324368,0.06659009186887446,-0.0,-0.0,0.012982757197259874,0.05599039934346693,0.03973787260324368,0.06659009186887446,0.0,0.0,-0.03623700971465683,0.021716499521505877,0.022196697289624822,0.03844580746585658,0.03623700971465683,0.022196697289624822
tu_available__TU00117[c],-0.10803110174505809,0.0,0.0,-0.0,0.0,0.0,0.10803110174505809,0.0,0.0,0.0,0.0,0.0,-0.036010367248352694,0.062371785673361144,0.0,0.0,0.036010367248352694,0.0
tu_available__TU0-5162[c],-0.10662524137027703,0.0,0.0,-0.0,0.0,0.0,0.10662524137027703,0.0,0.0,0.0,0.0,0.0,-0.03554174712342568,0.06156011180753825,0.0,0.0,0.03554174712342568,0.0
tu_available__TU00115[c],-0.10615017460087807,0.0,0.0,-0.0,0.0,0.0,0.10615017460087807,0.0,0.0,0.0,0.0,0.0,-0.035383391533626025,0.06128583188034273,0.0,0.0,0.035383391533626025,0.0
tu_available__TU00101[c],-0.10064266366680483,0.0,0.0,0.0,0.0,0.0,0.10064266366680483,0.0,0.0,0.0,0.0,0.0,-0.03354755455560161,0.05810606895999074,0.0,0.0,0.03354755455560161,0.0
tu_available__TU00214[c],-0.09011777595772327,0.0,0.0,0.0,0.0,0.0,0.09011777595772327,0.0,0.0,0.0,0.0,0.0,-0.030039258652574424,0.05202952220796192,0.0,0.0,0.030039258652574424,0.0
