Gene ID (EcoCyc)	Gene locus ID	Gene name	RNA type	Category	Macklin et al. (2020)	Latest version (20220602)	Description	Belongs in metabolism	proposed category	reaction flux in sim?	enzyme present in sim?	general enzyme	Activity expected	Imported_Category
G0-16636	b4759	3'ETS-<i>leuZ</i>	miscRNA	Uncategorized	False	False								
G0-16718	b4634	aaaD	pseudo	Uncategorized	False	False								
G0-16720	b4693	aaaE	pseudo	Uncategorized	False	False								
G7686	b3241	aaeA	mRNA	Unclear/under-characterized	False	True								
G7685	b3240	aaeB	mRNA	Unclear/under-characterized	False	True								
G7688	b3243	aaeR	mRNA	Transcription regulation	False	False								
G7687	b3242	aaeX	mRNA	Unknown function	False	False								
EG11679	b2836	aas	mRNA	Metabolism	True	True								
EG11112	b0885	aat	mRNA	Protein maturation peptide addition	True	True								Protein maturation peptide addition
G6670	b1338	abgA	mRNA	Unknown function	False	True								
G6669	b1337	abgB	mRNA	Unknown function	False	True								
G6671	b1339	abgR	mRNA	Transcription regulation	False	False								
EG12853	b1336	abgT	mRNA	Uncategorized	False	True								
G7363	b2628	abpA	mRNA	Unknown function	False	False								
G7362	b2627	abpB	mRNA	Unknown function	False	False								
G6384	b0715	abrB	mRNA	Unknown function	False	False								
EG11647	b0185	accA	mRNA	Metabolism	True	True								Metabolism
EG10275	b3255	accB	mRNA	Metabolism	False	False								
EG10276	b3256	accC	mRNA	Metabolism	True	True								
EG10217	b2316	accD	mRNA	Metabolism	True	True								
EG10022	b4015	aceA	mRNA	Metabolism	False	True	glyoxylate cycle	y					y	Metabolism
EG10023	b4014	aceB	mRNA	Metabolism	False	True	glyoxylate cycle	y					y	Metabolism
EG10024	b0114	aceE	mRNA	Metabolism	True	True								Metabolism
EG10025	b0115	aceF	mRNA	Metabolism	True	True								Metabolism
EG10026	b4016	aceK	mRNA	Phosphorylation regulation	False	True								
G0-17105	b4830	aceK-int	miscRNA	Uncategorized	False	False								
EG10027	b2296	ackA	mRNA	Metabolism	True	True								Metabolism
G14		ackB	phantom	Uncategorized	False	False								
EG11325	b1276	acnA	mRNA	Metabolism	True	True								
EG12316	b0118	acnB	mRNA	Uncategorized	True	True								
EG11095	b0404	acpH	mRNA	Metabolism	True	True								
EG50003	b1094	acpP	mRNA	Uncategorized	False	False								
EG10247	b2563	acpS	mRNA	Metabolism	True	True								
EG12221	b3475	acpT	mRNA	Metabolism	True	True								
EG11703	b0463	acrA	mRNA	Metabolism	True	True								
EG11704	b0462	acrB	mRNA	Metabolism	True	True								
EG10014	b2470	acrD	mRNA	Metabolism	False	True	antibiotic pump	m					n	
EG10266	b3265	acrE	mRNA	Metabolism	False	True	antibiotic pump	m					n	
EG10267	b3266	acrF	mRNA	Metabolism	False	True	antibiotic pump	m					n	
EG12116	b0464	acrR	mRNA	Uncategorized	False	False								
G6396	b0762	acrZ	mRNA	Stress response	False	False								
EG11448	b4069	acs	mRNA	Metabolism	True	True								
EG11942	b4067	actP	mRNA	Metabolism	False	True	acetate transport	y					c	
G7484	b2865	actS	mRNA	Unclear/under-characterized	False	False								
EG10029	b2213	ada	mRNA	Transcription regulation	False	True								
EG10030	b1623	add	mRNA	Metabolism	True	True								Metabolism
EG11692	b3665	adeD	mRNA	Metabolism	True	True								Metabolism
EG11724	b3714	adeP	mRNA	Metabolism	False	True	adenine transport	y					c	
EG11691	b3664	adeQ	mRNA	Unknown function	False	True								
EG10031	b1241	adhE	mRNA	Metabolism	True	True								Metabolism
G6775	b1478	adhP	mRNA	Metabolism	True	True								Metabolism
EG11501	b4117	adiA	mRNA	Metabolism	True	True								
EG12462	b4115	adiC	mRNA	Metabolism	False	True	transport, acid resistance	y					y	
EG11966	b4116	adiY	mRNA	Transcription regulation	False	False								
EG10032	b0474	adk	mRNA	Metabolism	True	True								Metabolism
EG12409	b2468	aegA	mRNA	Unclear/under-characterized	False	False								
G7595	b3072	aer	mRNA	Transcription regulation	False	False								
EG11101	b0476	aes	mRNA	Metabolism	False	True	general fatty acid degradation	m	generic reactions will have to be tackled in a smart way			x	y	
G6137	b0263	afuB	pseudo	Uncategorized	False	False								
EG12340	b0262	afuC	mRNA	Uncategorized	False	False								
EG12766	b3135	agaA	pseudo	Uncategorized	False	False								
EG12769	b3138	agaB	mRNA	Unclear/under-characterized	False	False								
EG12770	b3139	agaC	mRNA	Unclear/under-characterized	False	False								
G7635	b3140	agaD	mRNA	Unclear/under-characterized	False	False								
G7636	b3141	agaI	mRNA	Metabolism	False	False								
G7630	b3131	agaR	mRNA	Transcription regulation	False	False								
G7634	b3136	agaS	mRNA	Metabolism	False	True	enzyme, only in some strains	m					y	
G7632	b3133	agaV	mRNA	Metabolism	False	False								
G7633	b3134	agaW	pseudo	Uncategorized	False	False								
EG10033	b1002	agp	mRNA	Metabolism	False	True	phosphatase	y					y	
G0-10751	b4712	agrA	miscRNA	Uncategorized	False	False								
G0-10752	b4713	agrB	miscRNA	Uncategorized	False	False								
EG11384	b0605	ahpC	mRNA	Metabolism	False	True	general peroxidase	m	generic reactions will have to be tackled in a smart way			x	n	
EG11385	b0606	ahpF	mRNA	Metabolism	False	True	antibiotic pump	n	Antibiotics			x	n	
EG11436	b4269	ahr	mRNA	Unknown function	True	True								
EG11811	b4187	aidB	mRNA	Unclear/under-characterized	True	True								
G7165	b2252	ais	mRNA	Unknown function	False	False								
G7184	b2290	alaA	mRNA	Metabolism	True	True								
G0-9281		alaB	mRNA	Uncategorized	False	False								
G7242	b2379	alaC	mRNA	Metabolism	True	True								
G7399	b2670	alaE	mRNA	Metabolism	True	True								Metabolism
EG10034	b2697	alaS	mRNA	tRNA synthetase	True	True								tRNA synthetase
EG30008	b3853	alaT	tRNA	tRNA	False	True								
EG30009	b3276	alaU	tRNA	tRNA	False	True								
EG30010	b0203	alaV	tRNA	tRNA	False	True								
EG30011	b2397	alaW	tRNA	tRNA	False	True								
EG30012	b2396	alaX	tRNA	tRNA	False	True								
EG10035	b1415	aldA	mRNA	Metabolism	True	True								Metabolism
EG12292	b3588	aldB	mRNA	Metabolism	True	True								
EG11222	b2068	alkA	mRNA	DNA Repair	False	False								
EG10037	b2212	alkB	mRNA	DNA Repair	False	True								
G6275	b0505	allA	mRNA	Metabolism	False	True	purine utilization	y					c	
G6281	b0512	allB	mRNA	Metabolism	True	True								
G6285	b0516	allC	mRNA	Metabolism	True	True								
G6286	b0517	allD	mRNA	Metabolism	False	True	purine utilization	y					c	
G6284	b0515	allE	mRNA	Metabolism	True	True								
G6276	b0506	allR	mRNA	Transcription regulation	False	False								
G6274	b0504	allS	mRNA	Transcription regulation	False	False								
G0-17106	b4831	allZ	miscRNA	Uncategorized	False	False								
EG12112	b2624	alpA	mRNA	Transcription regulation	False	False								
EG10001	b4053	alr	mRNA	Metabolism	True	True								Metabolism
EG11959	b4087	alsA	mRNA	Metabolism	True	True								
EG12458	b4088	alsB	mRNA	Metabolism	True	True								
EG11958	b4086	alsC	mRNA	Metabolism	True	True								
EG11957	b4085	alsE	mRNA	Metabolism	True	True								Metabolism
EG11956	b4084	alsK	mRNA	Metabolism	True	True								
G7821	b4089	alsR	mRNA	Transcription regulation	False	False								
G7607	b3088	alx	mRNA	Unknown function	False	False								
EG11823	b2435	amiA	mRNA	Metabolism	False	False								
EG11363	b4169	amiB	mRNA	Metabolism	False	False								
G7458	b2817	amiC	mRNA	Metabolism	False	False								
G6452	b0867	amiD	mRNA	Cell structure membrane	False	True								
EG10039	b1982	amn	mRNA	Metabolism	True	True								Metabolism
EG10040	b4150	ampC	mRNA	Antibiotic resistance	False	True								
EG10041	b0110	ampD	mRNA	Metabolism	False	True	cell wall recycling	y					y	
EG10042	b0111	ampE	mRNA	Unclear/under-characterized	False	False								
EG12183	b0433	ampG	mRNA	Uncategorized	False	True								
EG12867	b0376	ampH	mRNA	Uncategorized	False	True								
EG11821	b0451	amtB	mRNA	Metabolism	True	True								
EG11387	b1927	amyA	mRNA	Metabolism	False	False								
G6880	b1640	anmK	mRNA	Metabolism	False	True	cell wall recycling	y					y	
EG10045	b1767	ansA	mRNA	Metabolism	True	True								Metabolism
EG10046	b2957	ansB	mRNA	Metabolism	True	True								Metabolism
G6764	b1453	ansP	mRNA	Metabolism	True	True								
EG10047	b0050	apaG	mRNA	Unknown function	False	False								
EG10048	b0049	apaH	mRNA	Metabolism	True	True								Metabolism
EG11934	b4055	aphA	mRNA	Metabolism	True	True								Metabolism
EG10049	b0980	appA	mRNA	Metabolism	True	True								Metabolism
EG11379	b0979	appB	mRNA	Metabolism	True	True								Metabolism
EG11380	b0978	appC	mRNA	Metabolism	True	True								
G0-10588	b4592	appX	mRNA	Unknown function	False	True								
EG10050	b0564	appY	mRNA	Transcription regulation	False	False								
EG10051	b0469	apt	mRNA	Metabolism	True	True								Metabolism
EG13270	b0875	aqpZ	mRNA	Uncategorized	True	True								
EG10052	b0062	araA	mRNA	Metabolism	True	True								Metabolism
EG10053	b0063	araB	mRNA	Metabolism	True	True								Metabolism
EG10054	b0064	araC	mRNA	Transcription regulation	True	True								Transcription regulation
EG10055	b0061	araD	mRNA	Metabolism	True	True								Metabolism
EG10056	b2841	araE	mRNA	Metabolism	True	True								Metabolism
EG10057	b1901	araF	mRNA	Metabolism	True	True								Metabolism
EG10058	b1900	araG	mRNA	Metabolism	True	True								Metabolism
EG10059	b1898	araH	mRNA	Metabolism	True	True								Metabolism
EG10060	b0396	araJ	mRNA	Unclear/under-characterized	False	False								
EG10061	b4401	arcA	mRNA	Transcription regulation	True	True								Transcription regulation
EG10062	b3210	arcB	mRNA	Phosphorylation regulation	False	False								
G0-8871	b4450	arcZ	miscRNA	Uncategorized	False	False								
G0-10465	b4550	arfA	mRNA	Translation	False	False								
EG12354	b0191	arfB	mRNA	Uncategorized	False	True								
EG10063	b2818	argA	mRNA	Metabolism	True	True								Metabolism
EG10064	b3959	argB	mRNA	Metabolism	True	True								Metabolism
EG10065	b3958	argC	mRNA	Metabolism	True	True								Metabolism
EG10066	b3359	argD	mRNA	Metabolism	True	True								Metabolism
EG11286	b3957	argE	mRNA	Metabolism	True	True								Metabolism
EG10067	b0273	argF	mRNA	Metabolism	True	True								
EG10068	b3172	argG	mRNA	Metabolism	True	True								Metabolism
EG11223	b3960	argH	mRNA	Metabolism	True	True								Metabolism
EG10069	b4254	argI	mRNA	Metabolism	True	True								Metabolism
EG11445	b2918	argK	mRNA	Unclear/under-characterized	False	True								
G0-17012	b4766	argL	mRNA	Uncategorized	False	False								
EG11159	b2923	argO	mRNA	Metabolism	False	True	arg transport	y					n	
EG10490	b2916	argP	mRNA	Transcription regulation	True	True								
EG30013	b2691	argQ	tRNA	tRNA	False	True								
EG10070	b3237	argR	mRNA	Transcription regulation	True	True								Transcription regulation
EG10071	b1876	argS	mRNA	tRNA synthetase	True	True								tRNA synthetase
EG10072	b2310	argT	mRNA	Metabolism	True	True								Metabolism
EG30014	b0536	argU	tRNA	tRNA	False	True								
EG30015	b2694	argV	tRNA	tRNA	False	True								
EG30016	b2348	argW	tRNA	tRNA	False	True								
EG30017	b3796	argX	tRNA	tRNA	False	True								
EG30018	b2693	argY	tRNA	tRNA	False	True								
EG30019	b2692	argZ	tRNA	tRNA	False	True								
G6606	b1166	ariR	mRNA	Stress response	False	False								
G7168	b2255	arnA	mRNA	Metabolism	True	True								
G7166	b2253	arnB	mRNA	Metabolism	True	True								
G7167	b2254	arnC	mRNA	Metabolism	False	True	polymyxin res	m					n	
G7169	b2256	arnD	mRNA	Metabolism	False	True	polymyxin res	m					n	
G0-10460	b4544	arnE	mRNA	Metabolism	False	True	polymyxin res	m					n	
G7171	b2258	arnF	mRNA	Metabolism	False	True	polymyxin res	m					n	
G7170	b2257	arnT	mRNA	Metabolism	False	True	polymyxin res	m					n	
EG10073	b0908	aroA	mRNA	Metabolism	True	True								Metabolism
EG10074	b3389	aroB	mRNA	Metabolism	True	True								Metabolism
EG10075	b2329	aroC	mRNA	Metabolism	True	True								Metabolism
EG10076	b1693	aroD	mRNA	Metabolism	True	True								Metabolism
EG10077	b3281	aroE	mRNA	Metabolism	True	True								Metabolism
EG10078	b2601	aroF	mRNA	Metabolism	True	True								Metabolism
EG10079	b0754	aroG	mRNA	Metabolism	True	True								Metabolism
EG10080	b1704	aroH	mRNA	Metabolism	True	True								Metabolism
EG10081	b3390	aroK	mRNA	Metabolism	True	True								Metabolism
EG10082	b0388	aroL	mRNA	Metabolism	True	True								Metabolism
EG10083	b0390	aroM	mRNA	Unknown function	False	False								
EG10084	b0112	aroP	mRNA	Metabolism	True	True								Metabolism
EG11208	b4017	arpA	mRNA	Unknown function	False	False								
G6926	b1721	arpB	pseudo	Uncategorized	False	False								
G0-10694	b4704	arrS	miscRNA	Uncategorized	False	False								
EG12236	b3502	arsB	mRNA	Metabolism	True	True								
EG12237	b3503	arsC	mRNA	Metabolism	True	True								
EG12235	b3501	arsR	mRNA	Transcription regulation	False	False								
EG11625	b0863	artI	mRNA	Metabolism	False	False								
EG11628	b0860	artJ	mRNA	Metabolism	True	True								
EG11627	b0861	artM	mRNA	Metabolism	True	True								
EG11624	b0864	artP	mRNA	Metabolism	True	True								
EG11626	b0862	artQ	mRNA	Metabolism	True	True								
EG10085	b2716	ascB	mRNA	Unknown function	False	True								
EG10086	b2715	ascF	mRNA	Metabolism	False	True	pts rare carbon	y					c	
EG10087	b2714	ascG	mRNA	Transcription regulation	False	False								
EG10088	b3433	asd	mRNA	Metabolism	True	True								Metabolism
EG10089	b3801	aslA	mRNA	Unclear/under-characterized	False	False								
EG10090	b3800	aslB	mRNA	Unclear/under-characterized	False	False								
EG11361	b2064	asmA	mRNA	Unclear/under-characterized	False	False								
EG10091	b3744	asnA	mRNA	Metabolism	True	True								Metabolism
EG10092	b0674	asnB	mRNA	Metabolism	True	True								Metabolism
EG10093	b3743	asnC	mRNA	Transcription regulation	False	False								
EG10094	b0930	asnS	mRNA	tRNA synthetase	True	True								tRNA synthetase
EG30020	b1977	asnT	tRNA	tRNA	False	True								
EG30021	b1986	asnU	tRNA	tRNA	False	True								
EG30022	b1989	asnV	tRNA	tRNA	False	True								
G7069	b1984	asnW	tRNA	tRNA	False	True								
EG10095	b4139	aspA	mRNA	Metabolism	True	True								Metabolism
EG10096	b0928	aspC	mRNA	Metabolism	True	True								Metabolism
EG10097	b1866	aspS	mRNA	tRNA synthetase	True	True								tRNA synthetase
EG30023	b3760	aspT	tRNA	tRNA	False	True								
EG30024	b0206	aspU	tRNA	tRNA	False	True								
EG30025	b0216	aspV	tRNA	tRNA	False	True								
G0-17100	b4825	aspX	miscRNA	Uncategorized	False	False								
G6855	b1597	asr	mRNA	Stress response	False	False								
G6943	b1747	astA	mRNA	Metabolism	True	True								Metabolism
G6941	b1745	astB	mRNA	Metabolism	True	True								Metabolism
G6944	b1748	astC	mRNA	Metabolism	True	True								
G6942	b1746	astD	mRNA	Metabolism	True	True								
G6940	b1744	astE	mRNA	Metabolism	True	True								
EG11670	b2222	atoA	mRNA	Metabolism	True	True								
EG11672	b2224	atoB	mRNA	Metabolism	True	True								
EG11668	b2220	atoC	mRNA	Transcription regulation	False	False								
EG11669	b2221	atoD	mRNA	Metabolism	True	True								
EG11671	b2223	atoE	mRNA	Metabolism	False	True	acetoacetate trans	y					c	
EG11667	b2219	atoS	mRNA	Phosphorylation regulation	False	False								
EG10098	b3734	atpA	mRNA	Metabolism	True	True								Metabolism
EG10099	b3738	atpB	mRNA	Metabolism	True	True								Metabolism
EG10100	b3731	atpC	mRNA	Metabolism	True	True								Metabolism
EG10101	b3732	atpD	mRNA	Metabolism	True	True								Metabolism
EG10102	b3737	atpE	mRNA	Metabolism	True	True								Metabolism
EG10103	b3736	atpF	mRNA	Metabolism	True	True								Metabolism
EG10104	b3733	atpG	mRNA	Metabolism	True	True								Metabolism
EG10105	b3735	atpH	mRNA	Metabolism	True	True								Metabolism
EG10106	b3739	atpI	mRNA	Metabolism	False	False								
EG10107	b3572	avtA	mRNA	Metabolism	True	True								Metabolism
G6731	b1412	azoR	mRNA	Stress response	True	True								Stress response
G0-10653	b4663	azuC	mRNA	Uncategorized	False	False								
G6089	b0100	b0100	phantom	Uncategorized	False	False								
G6090	b0105	b0105	phantom	Uncategorized	False	False								
G6091	b0165	b0165	phantom	Uncategorized	False	False								
G6179	b0309	b0309	phantom	Uncategorized	False	False								
G6388	b0725	b0725	phantom	Uncategorized	False	False								
G6553	b1052	b1052	phantom	Uncategorized	False	False								
G6687	b1364	b1364	phantom	Uncategorized	False	False								
G7149	b2191	b2191	phantom	Uncategorized	False	False								
G7386	b2651	b2651	phantom	Uncategorized	False	False								
G7692	b3254	b3254	phantom	Uncategorized	False	False								
G0-16677	b4700	b4700	phantom	Uncategorized	False	False								
EG11665	b3057	bacA	mRNA	Metabolism	False	True	cell wall synthesis	y					y	
EG11618	b2079	baeR	mRNA	Transcription regulation	True	True								
EG11617	b2078	baeS	mRNA	Phosphorylation regulation	False	False								
G6093	b0177	bamA	mRNA	Protein maturation translocation	False	False								
G7320	b2512	bamB	mRNA	Cell structure membrane	False	False								
EG10658	b2477	bamC	mRNA	Antibiotic resistance	False	False								
G7352	b2595	bamD	mRNA	Cell structure membrane	False	False								
EG10952	b2617	bamE	mRNA	Cell structure membrane	False	False								
EG11367	b2786	barA	mRNA	Phosphorylation regulation	False	False								
EG11615	b4113	basR	mRNA	Transcription regulation	True	True								
EG11614	b4112	basS	mRNA	Phosphorylation regulation	False	True								
EG11360	b3570	bax	mRNA	Unknown function	False	False								
G0-17040	b4794	baxL	mRNA	Uncategorized	False	False								
EG10108	b2480	bcp	mRNA	Metabolism	False	True	thio redox, oxidative stress	m	generic reactions will have to be tackled in a smart way			x	n	
EG11419	b2182	bcr	mRNA	Antibiotic resistance	False	True								
EG12260	b3533	bcsA	mRNA	Unclear/under-characterized	False	False								
EG12259	b3532	bcsB	mRNA	Unclear/under-characterized	False	False								
EG12257	b3530	bcsC	mRNA	Unclear/under-characterized	False	False								
EG12263	b3536	bcsE	mRNA	Unknown function	False	False								
EG12264	b3537	bcsF	mRNA	Unknown function	False	False								
EG12265	b3538	bcsG	mRNA	Unknown function	False	True								
EG12261	b3534	bcsQ	pseudo	Uncategorized	False	False								
EG12258	b3531	bcsZ	mRNA	Metabolism	False	False								
G7880	b4249	bdcA	mRNA	Unknown function	False	False								
G7882	b4251	bdcR	mRNA	Unknown function	False	False								
G6776	b1481	bdm	mRNA	Unclear/under-characterized	False	False								
G6595	b1151	beeE	mRNA	Uncategorized	False	False								
G7311	b2494	bepA	mRNA	Unclear/under-characterized	False	True								
EG10109	b0311	betA	mRNA	Metabolism	True	True								Metabolism
EG10110	b0312	betB	mRNA	Metabolism	True	True								Metabolism
EG10111	b0313	betI	mRNA	Transcription regulation	False	False								
EG10112	b0314	betT	mRNA	Metabolism	True	True								Metabolism
EG11181	b3337	bfd	mRNA	Iron storage protein	False	False								
EG10113	b3336	bfr	mRNA	Iron storage protein	False	False								
G495	b2901	bglA	mRNA	Metabolism	False	True	glucosidase, more evidence needed	m					y	
EG10114	b3721	bglB	mRNA	Metabolism	False	True	glucosidase, more evidence needed	m					y	
EG10115	b3722	bglF	mRNA	Metabolism	True	True								Metabolism
EG10116	b3723	bglG	mRNA	Transcription anti-termination	False	False								
EG11364	b3720	bglH	mRNA	Metabolism	False	False								
G7948	b4366	bglJ	mRNA	Transcription regulation	True	True								Transcription regulation
EG12013	b2132	bglX	mRNA	Metabolism	False	True	glucosidase, more evidence needed	m					y	
G6570	b1112	bhsA	mRNA	Stress response	False	False								
G0-17107	b4832	bhsB	miscRNA	Uncategorized	False	False								
G6851	b1593	bidA	mRNA	Unknown function	False	True								
EG10117	b0774	bioA	mRNA	Metabolism	True	True								Metabolism
EG10118	b0775	bioB	mRNA	Metabolism	True	True								Metabolism
EG10119	b0777	bioC	mRNA	Metabolism	True	True								Metabolism
EG10120	b0778	bioD	mRNA	Metabolism	True	True								Metabolism
EG10121	b0776	bioF	mRNA	Metabolism	True	True								Metabolism
EG10122	b3412	bioH	mRNA	Metabolism	True	True								Metabolism
EG11471	b3827	bioP	mRNA	Unknown function	False	True								
EG11837	b3871	bipA	mRNA	Unclear/under-characterized	False	False								
EG10123	b3973	birA	mRNA	Transcription regulation	True	True								Transcription regulation
EG10124	b3551	bisC	mRNA	Metabolism	True	True								Metabolism
G7837	b4149	blc	mRNA	Unknown function	False	False								
G0-9561	b4409	blr	mRNA	Antibiotic resistance	False	False								
G6603	b1163	bluF	mRNA	Stress response	False	False								
G6602	b1162	bluR	mRNA	Transcription regulation	False	False								
EG10125	b0435	bolA	mRNA	Transcription regulation	False	False								
G6312	b0557	borD	mRNA	Cell structure membrane	False	False								
EG12168	b0401	brnQ	mRNA	Uncategorized	True	True								
G7852	b4189	bsmA	mRNA	Unclear/under-characterized	False	False								
G6436	b0836	bssR	mRNA	Unclear/under-characterized	False	False								
G6557	b1060	bssS	mRNA	Unclear/under-characterized	False	False								
EG12006	b2125	btsR	mRNA	Antibiotic resistance	False	False								
EG12007	b2126	btsS	mRNA	Unknown function	False	False								
G7942	b4354	btsT	mRNA	Unknown function	False	True								
EG10126	b3966	btuB	mRNA	Metabolism	False	True	vit b uptake	y					c	
EG10127	b1711	btuC	mRNA	Metabolism	False	True	vit b uptake	y					c	
EG10128	b1709	btuD	mRNA	Metabolism	False	True	vit b uptake	y					c	
EG10129	b1710	btuE	mRNA	Metabolism	True	True								
EG12334	b0158	btuF	mRNA	Uncategorized	False	True								
EG10130	b1270	btuR	mRNA	Metabolism	False	True	vit b uptake	y					c	
G0-8896		C0067	phantom	Uncategorized	False	False								
G0-8897	b4806	C0293	miscRNA	Uncategorized	False	False								
G0-8898		C0299	phantom	Uncategorized	False	False								
G0-8902		C0362	phantom	Uncategorized	False	False								
G0-8903		C0465	phantom	Uncategorized	False	False								
G0-8907		C0614	phantom	Uncategorized	False	False								
G0-8911		C0664	phantom	Uncategorized	False	False								
G0-8912		C0719	phantom	Uncategorized	False	False								
EG10131	b4131	cadA	mRNA	Metabolism	True	True								Metabolism
EG10132	b4132	cadB	mRNA	Metabolism	True	True								Metabolism
EG10133	b4133	cadC	mRNA	Transcription regulation	False	False								
EG11560	b0039	caiA	mRNA	Metabolism	False	True	carnitine metabolism	y					c	
EG11559	b0038	caiB	mRNA	Metabolism	False	True	carnitine metabolism	y					c	
EG11558	b0037	caiC	mRNA	Metabolism	False	True	carnitine metabolism	y					c	
EG11557	b0036	caiD	mRNA	Metabolism	False	True	carnitine metabolism	y					c	
EG12608	b0035	caiE	mRNA	Uncategorized	False	False								
G6088	b0034	caiF	mRNA	Transcription regulation	False	False								
EG11561	b0040	caiT	mRNA	Metabolism	False	True	carnitine metabolism	y					c	
EG12319	b0126	can	mRNA	Uncategorized	True	True								Uncategorized
EG10134	b0032	carA	mRNA	Metabolism	True	True								Metabolism
EG10135	b0033	carB	mRNA	Metabolism	True	True								Metabolism
G7425	b2755	cas1	mRNA	Immunity	False	False								
EG12845	b2754	cas2	mRNA	Unclear/under-characterized	False	False								
EG12634	b2761	cas3	mRNA	Immunity	False	False								
G7430	b2760	casA	mRNA	Immunity	False	False								
G7429	b2759	casB	mRNA	Immunity	False	False								
G7428	b2758	casC	mRNA	Immunity	False	False								
G7427	b2757	casD	mRNA	Immunity	False	False								
G7426	b2756	casE	mRNA	Immunity	False	False								
G7084	b2004	cbeA	mRNA	Unclear/under-characterized	False	False								
G7071	b1987	cbl	mRNA	Transcription regulation	False	False								
EG12193	b1000	cbpA	mRNA	Uncategorized	False	False								
EG12194	b0999	cbpM	mRNA	Uncategorized	False	False								
EG11714	b3690	cbrA	mRNA	Unknown function	False	False								
EG11726	b3716	cbrB	mRNA	Unknown function	False	False								
EG11727	b3717	cbrC	mRNA	Antibiotic resistance	False	False								
G7085	b2005	cbtA	mRNA	Toxin/antitoxin	False	False								
EG10136	b3056	cca	mRNA	tRNA modification	False	False								
EG12059	b2201	ccmA	mRNA	Metabolism	False	True	t1 cyt c gen	m					y	
EG12058	b2200	ccmB	mRNA	Metabolism	False	True	t1 cyt c gen	m					y	
EG12057	b2199	ccmC	mRNA	Metabolism	False	True	t1 cyt c gen	m					y	
EG12169	b2198	ccmD	mRNA	Metabolism	False	True	t1 cyt c gen	m					y	
EG12055	b2197	ccmE	mRNA	Metabolism	False	True	t1 cyt c gen	m					y	
EG12054	b2196	ccmF	mRNA	Metabolism	False	True	t1 cyt c gen	m					y	
EG12053	b2195	ccmG	mRNA	Metabolism	False	True	t1 cyt c gen	m					y	
EG12052	b2194	ccmH	mRNA	Metabolism	False	True	t1 cyt c gen	m					y	
EG12244	b3518	ccp	mRNA	Unknown function	False	True								
EG12335	b0162	cdaR	mRNA	Uncategorized	False	False								
EG10137	b2143	cdd	mRNA	Metabolism	True	True								Metabolism
G6971	b1785	cdgI	mRNA	Unknown function	False	False								
EG10138	b3918	cdh	mRNA	Metabolism	True	True								Metabolism
EG10139	b0175	cdsA	mRNA	Metabolism	True	True								Metabolism
EG12406	b0796	cecR	mRNA	Uncategorized	False	False								
G6936	b1731	cedA	mRNA	Unclear/under-characterized	False	False								
EG11531	b1661	cfa	mRNA	Metabolism	False	True	unsat fatty acid methyl	m					y	
EG11753	b1216	chaA	mRNA	Metabolism	True	True								
EG12402	b1217	chaB	mRNA	Uncategorized	False	False								
EG12403	b1218	chaC	mRNA	Uncategorized	False	True								
EG10142	b1736	chbA	mRNA	Metabolism	False	True	cellobiose transport	y					c	
EG10140	b1738	chbB	mRNA	Metabolism	False	True	cellobiose transport	y					c	
EG10141	b1737	chbC	mRNA	Metabolism	False	True	cellobiose transport	y					c	
EG10144	b1734	chbF	mRNA	Metabolism	False	True	cellobiose metabolism	y					c	
EG12198	b1733	chbG	mRNA	Uncategorized	False	True								
EG10143	b1735	chbR	mRNA	Transcription regulation	False	False								
EG10146	b1888	cheA	mRNA	Phosphorylation regulation	False	False								
EG10147	b1883	cheB	mRNA	Covalent modification regulation	False	False								
EG10148	b1884	cheR	mRNA	Covalent modification regulation	True	True								Covalent modification regulation
EG10149	b1887	cheW	mRNA	Physical interaction regulation	False	False								
EG10150	b1882	cheY	mRNA	Physical interaction regulation	False	False								
EG10151	b1881	cheZ	mRNA	Phosphorylation regulation	False	True								
EG11237	b3338	chiA	mRNA	Unclear/under-characterized	False	False								
G6370	b0681	chiP	mRNA	Cell structure membrane	False	True								
G6371	b0682	chiQ	mRNA	Unknown function	False	False								
G0-9382	b4585	chiX	miscRNA	Uncategorized	False	False								
G0-17083	b4808	chiZ	miscRNA	Uncategorized	False	False								
G6937	b1741	cho	mRNA	DNA Repair	False	False								
EG12096	b4225	chpB	mRNA	Toxin/antitoxin	False	False								
EG11250	b4224	chpS	mRNA	Toxin/antitoxin	False	False								
EG10155	b2155	cirA	mRNA	Metabolism	False	False								
G6344	b0618	citC	mRNA	Covalent modification regulation	True	True								
G6343	b0617	citD	mRNA	Metabolism	False	False								
G6342	b0616	citE	mRNA	Metabolism	False	False								
G6341	b0615	citF	mRNA	Metabolism	False	False								
G6339	b0613	citG	mRNA	Metabolism	False	True	citrate lyase prosthetic group syn	m					y	
G6338	b0612	citT	mRNA	Metabolism	False	True	citrate transport, anaerobic	y					c	
G6340	b0614	citX	mRNA	Metabolism	False	True	citrate lyase prosthetic group syn	m					y	
EG12331	b0155	clcA	mRNA	Uncategorized	True	True								
G6850	b1592	clcB	mRNA	Metabolism	False	True	chloride transport, acid resistance	y					n	
EG10156	b0882	clpA	mRNA	Protein maturation chaperone	False	True								
EG10157	b2592	clpB	mRNA	Protein maturation chaperone	False	False								
EG10158	b0437	clpP	mRNA	Protein Decay	False	True								
G6463	b0881	clpS	mRNA	Protein Decay	False	False								
EG10159	b0438	clpX	mRNA	Protein maturation chaperone	False	True								
EG11608	b1249	clsA	mRNA	Metabolism	True	True								
G6406	b0789	clsB	mRNA	Metabolism	True	True								
G6551	b1046	clsC	mRNA	Unknown function	True	True								
EG11265	b0910	cmk	mRNA	Metabolism	True	True								
G7020	b1870	cmoA	mRNA	tRNA modification	False	True								
G7021	b1871	cmoB	mRNA	tRNA modification	False	True								
EG12167	b0921	cmoM	mRNA	Uncategorized	False	True								
EG11792	b2933	cmtA	mRNA	Unknown function	False	True								
EG11791	b2934	cmtB	mRNA	Unknown function	False	True								
G6268	b0492	cnoX	mRNA	Protein maturation chaperone	False	False								
G6869	b1625	cnu	mRNA	Unclear/under-characterized	False	False								
EG10922	b3974	coaA	mRNA	Metabolism	True	True								
EG11190	b3634	coaD	mRNA	Metabolism	True	True								
EG12312	b0103	coaE	mRNA	Uncategorized	True	True								Uncategorized
G6577	b1120	cobB	mRNA	Covalent modification regulation	False	False								
G6349	b0638	cobC	mRNA	Metabolism	False	True	vit b12 biosynthesis, putative	y					y	
EG12150	b1992	cobS	mRNA	Uncategorized	False	True								
EG12151	b1991	cobT	mRNA	Uncategorized	False	True								
EG13238	b1993	cobU	mRNA	Uncategorized	False	True								
EG11326	b0337	codA	mRNA	Metabolism	True	True								
EG11327	b0336	codB	mRNA	Metabolism	False	True	cytosine transport	y					c	
G6246	b0446	cof	mRNA	Metabolism	True	True								
G6569	b1111	comR	mRNA	Transcription regulation	False	False								
G6260	b0484	copA	mRNA	Metabolism	True	True								
EG11463	b3816	corA	mRNA	Metabolism	True	True								Metabolism
G7579	b3032	cpdA	mRNA	Metabolism	True	True								Metabolism
EG10160	b4213	cpdB	mRNA	Metabolism	False	True	cyclic phosphadiesterase, broad	m					y	
EG12854	b0742	cpoB	mRNA	Uncategorized	False	False								
EG10161	b2049	cpsB	mRNA	Metabolism	True	True								Metabolism
EG10162	b2048	cpsG	mRNA	Metabolism	True	True								Metabolism
EG10163	b3911	cpxA	mRNA	Phosphorylation regulation	False	True								
G7816	b3913	cpxP	mRNA	Unclear/under-characterized	False	False								
G0-16649	b4716	cpxQ	miscRNA	Uncategorized	False	False								
EG10020	b3912	cpxR	mRNA	Transcription regulation	False	False								
EG10338	b0080	cra	mRNA	Transcription regulation	False	False								
EG12209	b0624	crcB	mRNA	Uncategorized	False	True								
EG11217	b4397	creA	mRNA	Unknown function	False	False								
EG11218	b4398	creB	mRNA	Transcription regulation	False	False								
EG10730	b4399	creC	mRNA	Phosphorylation regulation	False	False								
EG10145	b4400	creD	mRNA	Unknown function	False	False								
EG11092	b0240	crl	pseudo	Transcription regulation	False	False								
EG10164	b3357	crp	mRNA	Transcription regulation	False	True								Transcription regulation
EG10165	b2417	crr	mRNA	Metabolism	True	True								
G7454	b2810	csdA	mRNA	Metabolism	True	True								Metabolism
G7455	b2811	csdE	mRNA	Sulfur metabolism	False	False								
EG11489	b1042	csgA	mRNA	External structure	False	False								
G6547	b1041	csgB	mRNA	External structure	False	False								
G6548	b1043	csgC	mRNA	External structure	False	False								
G6546	b1040	csgD	mRNA	Transcription regulation	False	False								
G6545	b1039	csgE	mRNA	External structure	False	False								
G6544	b1038	csgF	mRNA	External structure	False	False								
G6543	b1037	csgG	mRNA	External structure	False	False								
G7329	b2535	csiE	mRNA	Unknown function	False	False								
EG10166	b3556	cspA	mRNA	Stress response	False	False								
EG12203	b1557	cspB	mRNA	Uncategorized	False	False								
EG12204	b1823	cspC	mRNA	Uncategorized	False	False								
EG11111	b0880	cspD	mRNA	Toxin/antitoxin	False	False								
EG12179	b0623	cspE	mRNA	Uncategorized	False	False								
EG12205	b1558	cspF	mRNA	Uncategorized	False	False								
G6511	b0990	cspG	mRNA	Stress response	False	False								
G6510	b0989	cspH	mRNA	Unclear/under-characterized	False	False								
G6825	b1552	cspI	mRNA	Stress response	False	False								
EG11849	b3884	csqR	mRNA	Unknown function	False	False								
EG11447	b2696	csrA	mRNA	Post-Transcription regulation	False	False								
G0-8785	b4408	csrB	miscRNA	Uncategorized	False	False								
G0-8874	b4457	csrC	miscRNA	Uncategorized	False	False								
EG10018	b3252	csrD	mRNA	RNA decay	False	False								
EG10167	b0598	cstA	mRNA	Unclear/under-characterized	False	True								
EG12318	b0123	cueO	mRNA	Uncategorized	True	True								
G6263	b0487	cueR	mRNA	Transcription regulation	False	False								
G6760	b1449	curA	mRNA	Metabolism	False	True	curcumin met, unknown further path	y					c	
EG12367	b0575	cusA	mRNA	Uncategorized	False	True								
G6322	b0574	cusB	mRNA	Metabolism	False	True	copper/silver efflux	y					f	
G6320	b0572	cusC	mRNA	Metabolism	False	True	copper/silver efflux	y					f	
G6321	b0573	cusF	mRNA	Metabolism	False	True	copper/silver efflux	y					f	
G6319	b0571	cusR	mRNA	Transcription regulation	False	False								
G6318	b0570	cusS	mRNA	Stress response	False	True								
EG12177	b4137	cutA	mRNA	Unclear/under-characterized	False	False								
G7024	b1874	cutC	mRNA	Unclear/under-characterized	False	False								
EG10169	b2313	cvpA	mRNA	Unclear/under-characterized	False	False								
G6620	b1191	cvrA	mRNA	Metabolism	False	False								
EG10170	b3806	cyaA	mRNA	Metabolism	True	True								
G0-8878	b4438	cyaR	miscRNA	Uncategorized	False	False								
EG11653	b3807	cyaY	mRNA	Metabolism	False	False								
EG10172	b1418	cybB	mRNA	Metabolism	False	True	aux respiratory chain 	m					y	
EG50008	b4236	cybC	pseudo	Uncategorized	False	False								
EG12504	b4208	cycA	mRNA	Metabolism	True	True								Metabolism
EG10173	b0733	cydA	mRNA	Metabolism	True	True								
EG10174	b0734	cydB	mRNA	Metabolism	True	True								
EG10012	b0886	cydC	mRNA	Metabolism	True	True								Metabolism
EG11405	b0887	cydD	mRNA	Metabolism	True	True								
G0-10594	b4602	cydH	mRNA	Unknown function	False	True								
G0-10441	b4515	cydX	mRNA	Unknown function	True	True								Unknown function
EG11421	b0338	cynR	mRNA	Transcription regulation	False	False								
EG10175	b0340	cynS	mRNA	Metabolism	False	True	cyanate/cyanide utilization	y					c	
EG10176	b0339	cynT	mRNA	Metabolism	True	True								
EG10177	b0341	cynX	mRNA	Metabolism	False	True	cyanate transport	y					c	
EG10178	b0432	cyoA	mRNA	Metabolism	True	True								Metabolism
EG10179	b0431	cyoB	mRNA	Metabolism	True	True								
EG10180	b0430	cyoC	mRNA	Metabolism	True	True								
EG10181	b0429	cyoD	mRNA	Metabolism	True	True								
EG10182	b0428	cyoE	mRNA	Metabolism	True	True								Metabolism
EG10183	b2422	cysA	mRNA	Metabolism	True	True								Metabolism
EG10184	b1275	cysB	mRNA	Transcription regulation	False	False								
EG10185	b2750	cysC	mRNA	Metabolism	True	True								Metabolism
EG10186	b2752	cysD	mRNA	Metabolism	True	True								Metabolism
EG10187	b3607	cysE	mRNA	Metabolism	True	True								Metabolism
EG10188	b3368	cysG	mRNA	Metabolism	True	True								Metabolism
EG10189	b2762	cysH	mRNA	Metabolism	True	True								Metabolism
EG10190	b2763	cysI	mRNA	Metabolism	True	True								Metabolism
EG10191	b2764	cysJ	mRNA	Metabolism	True	True								Metabolism
EG10192	b2414	cysK	mRNA	Metabolism	True	True								Metabolism
EG10193	b2421	cysM	mRNA	Metabolism	True	True								Metabolism
EG10194	b2751	cysN	mRNA	Metabolism	True	True								Metabolism
EG10195	b2425	cysP	mRNA	Metabolism	True	True								Metabolism
EG10043	b4214	cysQ	mRNA	Metabolism	True	True								Metabolism
EG10196	b0526	cysS	mRNA	tRNA synthetase	True	True								tRNA synthetase
G7991	b1910	cysT	tRNA	tRNA	False	True								
EG10197	b2424	cysU	mRNA	Metabolism	True	True								Metabolism
EG10198	b2423	cysW	mRNA	Metabolism	True	True								Metabolism
EG10003	b2413	cysZ	mRNA	Unknown function	False	True								
EG10200	b3934	cytR	mRNA	Transcription regulation	True	True								Transcription regulation
G7622	b3109	cyuA	mRNA	Uncategorized	False	True								
EG12754	b3110	cyuP	mRNA	Unknown function	False	False								
EG10201	b0632	dacA	mRNA	Metabolism	False	True	antibiotic resistance	m					n	
EG10202	b3182	dacB	mRNA	Metabolism	False	True	antibiotic resistance	m					n	
EG10203	b0839	dacC	mRNA	Metabolism	False	True	antibiotic resistance	m					n	
EG11893	b2010	dacD	mRNA	Metabolism	False	True	antibiotic resistance	m					n	
EG11407	b1189	dadA	mRNA	Metabolism	True	True								
EG11408	b1190	dadX	mRNA	Metabolism	True	True								
EG10204	b3387	dam	mRNA	DNA Methylation	False	True								
EG11183	b3388	damX	mRNA	Cytokinesis	False	False								
EG10205	b2478	dapA	mRNA	Metabolism	True	True								Metabolism
EG10206	b0031	dapB	mRNA	Metabolism	True	True								Metabolism
EG10207	b0166	dapD	mRNA	Metabolism	True	True								Metabolism
EG10208	b2472	dapE	mRNA	Metabolism	True	True								Metabolism
EG10209	b3809	dapF	mRNA	Metabolism	True	True								Metabolism
EG12392	b1206	dauA	mRNA	Uncategorized	True	True								
EG10210	b1343	dbpA	mRNA	rRNA maturation	False	False								
EG11418	b2065	dcd	mRNA	Metabolism	True	True								
EG10211	b1961	dcm	mRNA	DNA Methylation	False	True								
EG10212	b1538	dcp	mRNA	Protein Decay	False	True								
G7767	b3472	dcrB	mRNA	Unclear/under-characterized	False	False								
EG20044	b3528	dctA	mRNA	Metabolism	True	True								
EG11889	b3507	dctR	mRNA	Transcription regulation	False	False								
EG11225	b4138	dcuA	mRNA	Metabolism	True	True								
EG10006	b4123	dcuB	mRNA	Metabolism	True	True								Metabolism
G6347	b0621	dcuC	mRNA	Metabolism	False	True	succinate/fumarate transport	y					c	
G7679	b3227	dcuD	mRNA	Unknown function	False	False								
G7826	b4124	dcuR	mRNA	Transcription regulation	True	True								Transcription regulation
G7827	b4125	dcuS	mRNA	Phosphorylation regulation	False	False								
G7038	b1919	dcyD	mRNA	Metabolism	True	True								
EG10213	b0381	ddlA	mRNA	Metabolism	True	True								
EG10214	b0092	ddlB	mRNA	Metabolism	True	True								Metabolism
G6781	b1487	ddpA	mRNA	Metabolism	False	False	dipeptide transporter protein							
G6780	b1486	ddpB	mRNA	Metabolism	False	False	dipeptide transporter protein							
G6779	b1485	ddpC	mRNA	Metabolism	False	False	dipeptide transporter protein							
G6778	b1484	ddpD	mRNA	Metabolism	False	False	dipeptide transporter protein							
G6777	b1483	ddpF	mRNA	Metabolism	False	False	dipeptide transporter protein							
G6782	b1488	ddpX	mRNA	Metabolism	True	True								
EG10215	b3162	deaD	mRNA	Ribosome assembly	False	False								
G6247	b0447	decR	mRNA	Transcription regulation	False	False								
EG10216	b2317	dedA	mRNA	Unknown function	False	False								
EG10218	b2314	dedD	mRNA	Cytokinesis	False	False								
EG11440	b3287	def	mRNA	Protein maturation side-chain modification	True	True								
EG10463	b0161	degP	mRNA	Stress response chaperone	False	True								
G7682	b3234	degQ	mRNA	Protein Decay	False	True								
EG11652	b3235	degS	mRNA	Protein Decay	False	True								
EG10219	b4382	deoA	mRNA	Metabolism	True	True								
EG10220	b4383	deoB	mRNA	Metabolism	True	True								Metabolism
EG10221	b4381	deoC	mRNA	Metabolism	True	True								Metabolism
EG10222	b4384	deoD	mRNA	Metabolism	True	True								
EG10223	b0840	deoR	mRNA	Transcription regulation	False	False								
G7319	b2511	der	mRNA	Translation	False	True								
EG10004	b3639	dfp	mRNA	Metabolism	True	True								Metabolism
EG11257	b0385	dgcC	mRNA	Unclear/under-characterized	False	True								
EG12396	b2067	dgcE	mRNA	Uncategorized	False	True								
G6808	b1522	dgcF	mRNA	Unknown function	False	False								
G6434	b0834	dgcI	mRNA	Unknown function	False	False								
G6972	b1786	dgcJ	mRNA	Unknown function	False	True								
G6673	b1341	dgcM	mRNA	Transcription regulation	False	True								
EG12880	b2604	dgcN	mRNA	Unclear/under-characterized	False	True								
G6980	b1794	dgcP	mRNA	Metabolism	False	True	prod of reg for biofilm formation, lifestyle	m					y	
G7049	b1956	dgcQ	mRNA	Unknown function	False	True								
G6532	b1025	dgcT	mRNA	Unknown function	False	True								
EG11643	b1535	dgcZ	mRNA	Unclear/under-characterized	False	True								
G26		dgd	mRNA	Uncategorized	False	False								
EG10224	b4042	dgkA	mRNA	Metabolism	True	True								
EG20049	b3692	dgoA	mRNA	Metabolism	True	True								Metabolism
GB4478	b3692	dgoD	mRNA	Metabolism	False	True	galactonate metabolism (carbon source)	y					c	
EG20051	b3693	dgoK	mRNA	Metabolism	False	True	galactonate metabolism (carbon source)	y					c	
G7789	b3695	dgoR	mRNA	Uncategorized	False	False								
EG20053	b3691	dgoT	mRNA	Metabolism	False	True	galactonate metabolism (carbon source)	y					c	
EG10225	b0160	dgt	mRNA	Metabolism	True	True								
G6627	b1200	dhaK	mRNA	Metabolism	True	True								Metabolism
G6626	b1199	dhaL	mRNA	Metabolism	True	True								Metabolism
EG12399	b1198	dhaM	mRNA	Uncategorized	True	True								
G6628	b1201	dhaR	mRNA	Transcription regulation	False	False								
EG12780	b3149	diaA	mRNA	Replication Initiation	False	False								
EG10226	b1570	dicA	mRNA	Transcription regulation	False	False								
EG10227	b1575	dicB	mRNA	Cytokinesis	False	False								
EG10228	b1569	dicC	mRNA	Transcription regulation	False	False								
EG31115	b1574	dicF	miscRNA	Uncategorized	False	False								
G6785	b1491	digH	mRNA	Unknown function	False	False								
G6115	b0231	dinB	mRNA	DNA Repair	False	False								
EG11193	b3645	dinD	mRNA	Unknown function	False	False								
EG11491	b4044	dinF	mRNA	Unknown function	False	False								
EG11357	b0799	dinG	mRNA	Unclear/under-characterized	False	False								
G6558	b1061	dinI	mRNA	Physical interaction regulation	False	False								
G6110	b0226	dinJ	mRNA	Toxin/antitoxin	False	False								
G0-9981	b4613	dinQ	mRNA	Unknown function	False	False								
EG11570	b0055	djlA	mRNA	Protein maturation chaperone	False	False								
G6353	b0646	djlB	mRNA	Unclear/under-characterized	False	False								
G6356	b0649	djlC	mRNA	Protein maturation chaperone	False	False								
G7565	b3012	dkgA	mRNA	Metabolism	True	True								Metabolism
EG11648	b0207	dkgB	mRNA	Metabolism	True	True								
EG10230	b0145	dksA	mRNA	Transcription	False	False								
EG10231	b2133	dld	mRNA	Metabolism	True	True								
G6986	b1800	dmlA	mRNA	Metabolism	True	True								
G6985	b1799	dmlR	mRNA	Transcription regulation	False	False								
EG10232	b0894	dmsA	mRNA	Metabolism	True	True								
EG10233	b0895	dmsB	mRNA	Metabolism	True	True								
EG10234	b0896	dmsC	mRNA	Metabolism	True	True								
G6849	b1591	dmsD	mRNA	Metabolism	False	False								
EG10235	b3702	dnaA	mRNA	Replication Initiation	True	True								
EG10236	b4052	dnaB	mRNA	Replication	False	False								
EG10237	b4361	dnaC	mRNA	Replication Initiation	False	False								
EG10238	b0184	dnaE	mRNA	Replication	False	False								
EG10239	b3066	dnaG	mRNA	Replication	False	False								
EG10240	b0015	dnaJ	mRNA	Protein maturation chaperone	False	False								
EG10241	b0014	dnaK	mRNA	Protein maturation chaperone	False	True								
EG10242	b3701	dnaN	mRNA	Replication	False	False								
EG10243	b0215	dnaQ	mRNA	Replication	False	False								
EG10244	b4362	dnaT	mRNA	Replication	False	False								
EG10245	b0470	dnaX	mRNA	Replication	False	False								
G7644	b3150	dolP	mRNA	Unknown function	False	False								
G6784	b1490	dosC	mRNA	Metabolism	False	True	cdGMP, stress response (oxygen)	y					n	
G6783	b1489	dosP	mRNA	Metabolism	False	True	cdGMP, stress response (oxygen)	y					n	
G6108	b0224	dpaA	mRNA	Unclear/under-characterized	False	True								
G6346	b0620	dpiA	mRNA	Transcription regulation	False	False								
G6345	b0619	dpiB	mRNA	Phosphorylation regulation	False	False								
EG10248	b3544	dppA	mRNA	Metabolism	True	True								
EG12625	b3543	dppB	mRNA	Metabolism	True	True								Metabolism
EG12626	b3542	dppC	mRNA	Metabolism	True	True								
EG12627	b3541	dppD	mRNA	Metabolism	True	True								Metabolism
EG12628	b3540	dppF	mRNA	Metabolism	True	True								
EG11415	b0812	dps	mRNA	Stress response	False	False								
G7051	b1963	drpB	mRNA	Unknown function	False	False								
EG11297	b3860	dsbA	mRNA	Metabolism	False	True	disulfide bond formation, generic disulfide reduction	n	Generic / Protein maturation			x	y	
EG11393	b1185	dsbB	mRNA	Metabolism	False	True	disulfide bond formation, generic disulfide reduction	n	Generic / Protein maturation			x	y	
EG11070	b2893	dsbC	mRNA	Metabolism	False	False								
EG12178	b4136	dsbD	mRNA	Metabolism	False	True	disulfide bond formation, generic disulfide reduction	n	Generic / Protein maturation			x	y	
G6333	b0604	dsbG	mRNA	Metabolism	False	True	disulfide bond formation, generic disulfide reduction	n	Generic / Protein maturation			x	y	
EG10249	b2366	dsdA	mRNA	Metabolism	True	True								
EG13161	b2364	dsdC	mRNA	Uncategorized	False	False								
EG10250	b2365	dsdX	mRNA	Metabolism	False	True	disulfide bond formation, generic disulfide reduction	n	Generic / Protein maturation			x	y	
G7047	b1954	dsrA	miscRNA	Uncategorized	False	False								
G7045	b1952	dsrB	mRNA	Unknown function	False	False								
EG11852	b3887	dtd	mRNA	tRNA modification	False	True								
G6877	b1634	dtpA	mRNA	Metabolism	True	True								Metabolism
EG12232	b3496	dtpB	mRNA	Metabolism	True	True								
EG12469	b4130	dtpC	mRNA	Metabolism	True	True								
G6378	b0709	dtpD	mRNA	Metabolism	True	True								
EG11932	b4049	dusA	mRNA	tRNA modification	False	True								
EG11311	b3260	dusB	mRNA	tRNA modification	False	True								
EG12022	b2140	dusC	mRNA	tRNA modification	False	True								
EG10251	b3640	dut	mRNA	Metabolism	True	True								
EG12715	b0173	dxr	mRNA	Uncategorized	True	True								Uncategorized
G6237	b0420	dxs	mRNA	Metabolism	True	True								Metabolism
EG12161	b0297	eaeH	pseudo	Uncategorized	False	False								
EG11639	b1533	eamA	mRNA	Metabolism	True	True								
EG12445	b2578	eamB	mRNA	Metabolism	True	True								
EG10252	b3076	ebgA	mRNA	Metabolism	False	False								
EG10253	b3077	ebgC	mRNA	Metabolism	False	False								
EG10254	b3075	ebgR	mRNA	Transcription regulation	False	False								
G0-41	b4410	ecnA	mRNA	Toxin/antitoxin	False	False								
G0-9562	b4411	ecnB	mRNA	Toxin/antitoxin	False	False								
EG10255	b2209	eco	mRNA	Physical interaction regulation	False	False								
G6164	b0293	ecpA	mRNA	Unclear/under-characterized	False	False								
G6163	b0292	ecpB	mRNA	Unclear/under-characterized	False	False								
G6162	b0291	ecpC	mRNA	Unknown function	False	False								
G6161	b0290	ecpD	mRNA	Unknown function	False	False								
G6160	b0289	ecpE	mRNA	Unknown function	False	False								
EG10256	b1850	eda	mRNA	Metabolism	True	True								
EG10257	b1851	edd	mRNA	Metabolism	True	True								
EG11735	b1019	efeB	mRNA	Metabolism	True	True								
G6527	b1018	efeO	mRNA	Metabolism	False	False								
G6525	b1016	efeU	pseudo	Uncategorized	False	False								
EG12099	b4147	efp	mRNA	Translation	False	False								
G7174	b2267	elaA	mRNA	Unknown function	False	False								
G7173	b2266	elaB	mRNA	Unknown function	False	False								
G7176	b2269	elaD	mRNA	Protein Decay	False	True								
EG11383	b3209	elbB	mRNA	Unknown function	False	True								
G6480	b0938	elfA	mRNA	Unclear/under-characterized	False	False								
G6482	b0940	elfC	mRNA	Unclear/under-characterized	False	False								
G6481	b0939	elfD	mRNA	Unclear/under-characterized	False	False								
G6483	b0941	elfG	mRNA	Unknown function	False	False								
EG12166	b0920	elyC	mRNA	Uncategorized	False	False								
EG11354	b2685	emrA	mRNA	Antibiotic resistance	False	True								
EG11439	b2686	emrB	mRNA	Antibiotic resistance	False	True								
EG11693	b3673	emrD	mRNA	Antibiotic resistance	False	True								
EG10629	b0543	emrE	mRNA	Antibiotic resistance	True	True								Antibiotic resistance
G7233	b2368	emrK	mRNA	Unclear/under-characterized	False	True								
EG13283	b2367	emrY	mRNA	Uncategorized	False	True								
G6622	b1193	emtA	mRNA	Metabolism	True	True								
EG11336	b2945	endA	mRNA	Unclear/under-characterized	False	False								
EG10258	b2779	eno	mRNA	Metabolism	True	True								
EG10259	b0596	entA	mRNA	Metabolism	True	True								
EG10260	b0595	entB	mRNA	Metabolism	False	False								
EG10261	b0593	entC	mRNA	Metabolism	True	True								
EG10262	b0583	entD	mRNA	Metabolism	True	True								Metabolism
EG10263	b0594	entE	mRNA	Metabolism	True	True								
EG10264	b0586	entF	mRNA	Metabolism	False	False								
EG11105	b0597	entH	mRNA	Metabolism	False	True	enterobactin gen	m					y	
EG11104	b0591	entS	mRNA	Metabolism	False	True	enterobactin gen	m					y	
EG12297	b3613	envC	mRNA	Unclear/under-characterized	False	False								
EG11741	b3264	envR	mRNA	Transcription regulation	False	False								
EG10268	b0566	envY	mRNA	Transcription regulation	False	False								
EG10269	b3404	envZ	mRNA	Phosphorylation regulation	False	True								
EG10368	b2927	epd	mRNA	Metabolism	True	True								
EG11211	b4155	epmA	mRNA	Covalent modification regulation	False	True								
G7836	b4146	epmB	mRNA	Covalent modification regulation	True	True								Covalent modification regulation
G7201	b2326	epmC	mRNA	Unknown function	False	True								
EG11613	b4114	eptA	mRNA	Unclear/under-characterized	False	True								
EG12267	b3546	eptB	mRNA	Metabolism	True	True								
EG11914	b3955	eptC	mRNA	Unknown function	False	True								
EG10270	b2566	era	mRNA	Unclear/under-characterized	False	False								
EG12332	b0156	erpA	mRNA	Uncategorized	False	False								
G0-10737	b4707	esrE	miscRNA	Uncategorized	False	False								
G6309	b0554	essD	mRNA	Prophage	False	False								
G6829	b1556	essQ	mRNA	Unknown function	False	False								
EG11826	b0981	etk	mRNA	Phosphorylation regulation	True	True								
G6503	b0982	etp	mRNA	Phosphorylation regulation	True	True								Phosphorylation regulation
EG12343	b4391	ettA	mRNA	Unknown function	False	False								
G7281	b2451	eutA	mRNA	Protein maturation rule	False	False								
EG50006	b2441	eutB	mRNA	Uncategorized	True	True								Uncategorized
EG50007	b2440	eutC	mRNA	Uncategorized	True	True								
G7288	b2458	eutD	mRNA	Metabolism	True	True								
G7285	b2455	eutE	mRNA	Metabolism	False	True	antibiotic pump	n	Antibiotics				n	
G7283	b2453	eutG	mRNA	Metabolism	False	False								
G7282	b2452	eutH	mRNA	Metabolism	False	False								
G7284	b2454	eutJ	mRNA	Protein maturation chaperone	False	False								
G7270	b2438	eutK	mRNA	Cell structure microcompartment protein	False	False								
G7271	b2439	eutL	mRNA	Cell structure microcompartment protein	False	False								
G7287	b2457	eutM	mRNA	Cell structure microcompartment protein	False	False								
G7286	b2456	eutN	mRNA	Cell structure microcompartment protein	False	False								
G7291	b2461	eutP	mRNA	Unknown function	False	False								
G7290	b2460	eutQ	mRNA	Unknown function	False	False								
EG12190	b2437	eutR	mRNA	Transcription regulation	False	False								
G7292	b2462	eutS	mRNA	Cell structure microcompartment protein	False	False								
G7289	b2459	eutT	mRNA	Unknown function	False	False								
EG11609	b2369	evgA	mRNA	Transcription regulation	False	False								
G0-17027	b4781	evgL	mRNA	Uncategorized	False	False								
EG11610	b2370	evgS	mRNA	Phosphorylation regulation	False	False								
EG10271	b3006	exbB	mRNA	Metabolism	False	True	metal transport	y					f	
EG10272	b3005	exbD	mRNA	Metabolism	False	True	metal transport	y					f	
G6295	b0539	exoD	pseudo	Uncategorized	False	False								
G7016	b1844	exoX	mRNA	DNA Repair	False	False								
EG12739	b3094	exuR	mRNA	Transcription regulation	False	False								
EG12738	b3093	exuT	mRNA	Metabolism	True	True								
G0-10696	b4690	eyeA	miscRNA	Uncategorized	False	False								
EG10273	b0954	fabA	mRNA	Metabolism	True	True								
EG10274	b2323	fabB	mRNA	Metabolism	True	True								
EG11317	b1092	fabD	mRNA	Metabolism	True	True								
EG12606	b1095	fabF	mRNA	Uncategorized	True	True								
EG11318	b1093	fabG	mRNA	Metabolism	True	True								Metabolism
EG10277	b1091	fabH	mRNA	Metabolism	True	True								
EG11528	b1288	fabI	mRNA	Metabolism	True	True								
EG11394	b3963	fabR	mRNA	Transcription regulation	False	False								
EG11853	b3888	fabY	mRNA	Unknown function	False	False								
EG11284	b0180	fabZ	mRNA	Metabolism	True	True								
EG10278	b3845	fadA	mRNA	Metabolism	True	True								
EG10279	b3846	fadB	mRNA	Metabolism	True	True								
EG11530	b1805	fadD	mRNA	Metabolism	True	True								
G6105	b0221	fadE	mRNA	Metabolism	True	True								Metabolism
G36	b3081	fadH	mRNA	Metabolism	False	True	fatty acid chain modification	m	generic reactions will have to be tackled in a smart way			x	y	
G7213	b2342	fadI	mRNA	Metabolism	True	True								
G7212	b2341	fadJ	mRNA	Metabolism	True	True								
EG12357	b1701	fadK	mRNA	Uncategorized	True	True								
EG10280	b2344	fadL	mRNA	Metabolism	True	True								
G6244	b0443	fadM	mRNA	Metabolism	True	True								
EG10281	b1187	fadR	mRNA	Transcription regulation	False	False								
EG11158	b2912	fau	mRNA	Metabolism	True	True								
EG10282	b2925	fbaA	mRNA	Metabolism	True	True								
G7129	b2097	fbaB	mRNA	Metabolism	True	True								
EG10283	b4232	fbp	mRNA	Metabolism	True	True								
EG11788	b2052	fcl	mRNA	Metabolism	False	True	cell wall component biosynthesis	y					y	
EG11859	b3895	fdhD	mRNA	Protein maturation rule	False	True								
EG10284	b3891	fdhE	mRNA	Unclear/under-characterized	False	False								
EG10285	b4079	fdhF	mRNA	Metabolism	True	True								
EG11227	b1474	fdnG	mRNA	Metabolism	True	True								Metabolism
EG11228	b1475	fdnH	mRNA	Metabolism	True	True								
EG11229	b1476	fdnI	mRNA	Metabolism	True	True								
EG11858	b3894	fdoG	mRNA	Metabolism	True	True								
EG11857	b3893	fdoH	mRNA	Metabolism	True	True								
EG11856	b3892	fdoI	mRNA	Metabolism	True	True								
G6287	b0518	fdrA	mRNA	Unknown function	False	True								
EG11328	b2525	fdx	mRNA	Metabolism	False	False								
G7961	b1385	feaB	mRNA	Metabolism	True	True								
G6706	b1384	feaR	mRNA	Transcription regulation	False	False								
EG10286	b4291	fecA	mRNA	Metabolism	False	True	metal transport	y					f	
EG10287	b4290	fecB	mRNA	Metabolism	False	True	metal transport	y					f	
EG10288	b4289	fecC	mRNA	Metabolism	False	True	metal transport	y					f	
EG10289	b4288	fecD	mRNA	Metabolism	False	True	metal transport	y					f	
EG10290	b4287	fecE	mRNA	Metabolism	False	True	metal transport	y					f	
EG10291	b4293	fecI	mRNA	Transcription	False	False								
EG10292	b4292	fecR	mRNA	Physical interaction regulation	False	False								
EG12101	b3408	feoA	mRNA	Metabolism	False	False								
EG12102	b3409	feoB	mRNA	Metabolism	True	True								
EG12933	b3410	feoC	mRNA	Unclear/under-characterized	False	False								
EG10293	b0584	fepA	mRNA	Metabolism	False	True	metal transport	y					f	
EG10294	b0592	fepB	mRNA	Metabolism	False	True	metal transport	y					f	
EG10295	b0588	fepC	mRNA	Metabolism	False	True	metal transport	y					f	
EG10296	b0590	fepD	mRNA	Metabolism	False	True	metal transport	y					f	
EG10297	b0587	fepE	mRNA	Iron storage protein	False	False								
EG10298	b0589	fepG	mRNA	Metabolism	False	True	metal transport	y					f	
EG10299	b0585	fes	mRNA	Metabolism	True	True								Metabolism
G6266	b0490	fetA	mRNA	Unknown function	False	False								
G6267	b0491	fetB	mRNA	Unknown function	False	False								
EG10300	b2610	ffh	mRNA	Protein maturation translocation	False	False								
EG30027	b0455	ffs	miscRNA	Uncategorized	False	False								
EG10301	b2731	fhlA	mRNA	Transcription regulation	False	False								
EG10302	b0150	fhuA	mRNA	Metabolism	False	True	metal transport	y					f	
EG10303	b0153	fhuB	mRNA	Metabolism	False	True	metal transport	y					f	
EG10304	b0151	fhuC	mRNA	Metabolism	False	True	metal transport	y					f	
EG10305	b0152	fhuD	mRNA	Metabolism	False	True	metal transport	y					f	
EG10306	b1102	fhuE	mRNA	Metabolism	False	True	metal transport	y					f	
G7949	b4367	fhuF	mRNA	Metabolism	False	False								
EG10307	b3361	fic	mRNA	Unclear/under-characterized	False	False								
EG11873	b3915	fieF	mRNA	Metabolism	True	True								
EG10308	b4314	fimA	mRNA	External structure	False	False								
EG10309	b4312	fimB	mRNA	Recombination	False	False								
EG10310	b4316	fimC	mRNA	Protein maturation chaperone	False	False								
EG10311	b4317	fimD	mRNA	Protein maturation chaperone	False	False								
EG10312	b4313	fimE	mRNA	Recombination	False	False								
EG10313	b4318	fimF	mRNA	External structure	False	False								
EG10314	b4319	fimG	mRNA	External structure	False	False								
EG10315	b4320	fimH	mRNA	External structure	False	False								
EG11974	b4315	fimI	mRNA	External structure	False	False								
EG11103	b0535	fimZ	mRNA	Transcription regulation	False	False								
EG10317	b3261	fis	mRNA	Transcription regulation	True	True								
G6414	b0805	fiu	mRNA	Metabolism	False	True	metal transport	y					f	
EG11562	b0041	fixA	mRNA	Metabolism	False	False								
EG11563	b0042	fixB	mRNA	Metabolism	False	False								
EG11564	b0043	fixC	mRNA	Unknown function	False	False								
EG11565	b0044	fixX	mRNA	Unknown function	False	False								
G7865	b4207	fklB	mRNA	Protein maturation side-chain modification	True	True								Protein maturation side-chain modification
G7716	b3347	fkpA	mRNA	Stress response chaperone	True	True								Stress response chaperone
EG11080	b0028	fkpB	mRNA	Protein maturation side-chain modification	True	True								
EG10318	b0684	fldA	mRNA	Metabolism	False	False								
EG12697	b2895	fldB	mRNA	Metabolism	False	False								
G357	b1072	flgA	mRNA	External structure	False	False								
G358	b1073	flgB	mRNA	External structure	False	False								
G359	b1074	flgC	mRNA	External structure	False	False								
G360	b1075	flgD	mRNA	External structure	False	False								
G361	b1076	flgE	mRNA	External structure	False	False								
G362	b1077	flgF	mRNA	External structure	False	False								
G363	b1078	flgG	mRNA	External structure	False	False								
G364	b1079	flgH	mRNA	External structure	False	False								
G365	b1080	flgI	mRNA	External structure	False	False								
G366	b1081	flgJ	mRNA	External structure	False	False								
EG11967	b1082	flgK	mRNA	Uncategorized	False	False								
EG11545	b1083	flgL	mRNA	External structure	False	False								
G369	b1071	flgM	mRNA	Physical interaction regulation	False	False								
G6562	b1070	flgN	mRNA	Protein maturation chaperone	False	False								
G0-17101	b4826	flgO	miscRNA	Uncategorized	False	False								
G370	b1879	flhA	mRNA	External structure	False	False								
G7028	b1880	flhB	mRNA	External structure	False	False								
EG10319	b1891	flhC	mRNA	Transcription regulation	False	False								
EG10320	b1892	flhD	mRNA	Transcription regulation	False	False								
G7027	b1878	flhE	mRNA	Unknown function	False	False								
EG11355	b1922	fliA	mRNA	Transcription	False	False								
EG10321	b1923	fliC	mRNA	External structure	False	False								
EG10841	b1924	fliD	mRNA	External structure	False	False								
EG11346	b1937	fliE	mRNA	External structure	False	False								
EG11347	b1938	fliF	mRNA	External structure	False	False								
EG11654	b1939	fliG	mRNA	External structure	False	False								
EG11656	b1940	fliH	mRNA	Physical interaction regulation	False	False								
G377	b1941	fliI	mRNA	External structure	False	False								
G378	b1942	fliJ	mRNA	External structure	False	False								
G379	b1943	fliK	mRNA	External structure	False	False								
EG10322	b1944	fliL	mRNA	External structure	False	False								
EG10323	b1945	fliM	mRNA	External structure	False	False								
EG10324	b1946	fliN	mRNA	External structure	False	False								
EG11224	b1947	fliO	mRNA	Protein maturation translocation	False	False								
EG11975	b1948	fliP	mRNA	External structure	False	False								
EG11976	b1949	fliQ	mRNA	External structure	False	False								
EG11977	b1950	fliR	mRNA	External structure	False	False								
EG11388	b1925	fliS	mRNA	Protein maturation chaperone	False	False								
EG11389	b1926	fliT	mRNA	Protein maturation chaperone	False	False								
G0-17102	b4827	fliX	miscRNA	Uncategorized	False	False								
EG11356	b1921	fliZ	mRNA	Unclear/under-characterized	False	False								
EG10229	b2321	flk	mRNA	Unclear/under-characterized	False	False								
G7080	b2000	flu	mRNA	Cell structure membrane	False	False								
G6833	b1566	flxA	mRNA	Unknown function	False	False								
EG11268	b3288	fmt	mRNA	Metabolism	True	True								Metabolism
EG10325	b1334	fnr	mRNA	Transcription regulation	True	True								
G0-10677	b4699	fnrS	miscRNA	Uncategorized	False	False								
EG11258	b0904	focA	mRNA	Metabolism	True	True								
G7309	b2492	focB	mRNA	Metabolism	False	True	formate transport	y					c	
EG10326	b0048	folA	mRNA	Metabolism	True	True								
EG11673	b3058	folB	mRNA	Metabolism	True	True								Metabolism
EG10327	b2315	folC	mRNA	Metabolism	True	True								
EG10328	b0529	folD	mRNA	Metabolism	True	True								
EG11375	b2153	folE	mRNA	Metabolism	True	True								Metabolism
EG11374	b0142	folK	mRNA	Metabolism	True	True								
G6862	b1606	folM	mRNA	Metabolism	True	True								
EG50011	b3177	folP	mRNA	Metabolism	True	True								Metabolism
G7195	b2303	folX	mRNA	Metabolism	True	True								
EG10628	b3924	fpr	mRNA	Metabolism	True	True								
G7237	b2374	frc	mRNA	Metabolism	True	True								
EG10330	b4154	frdA	mRNA	Metabolism	True	True								Metabolism
EG10331	b4153	frdB	mRNA	Metabolism	True	True								
EG10332	b4152	frdC	mRNA	Metabolism	True	True								
EG10333	b4151	frdD	mRNA	Metabolism	True	True								
EG10334	b3844	fre	mRNA	Metabolism	True	True								
EG12908	b3370	frlA	mRNA	Metabolism	False	True	psicoselysine transport? carbon source	y					c	
G7723	b3371	frlB	mRNA	Metabolism	True	True								Metabolism
G7724	b3373	frlC	mRNA	Uncategorized	True	True								
G7726	b3374	frlD	mRNA	Metabolism	True	True								Metabolism
G7727	b3375	frlR	mRNA	Transcription regulation	False	False								
EG50010	b0356	frmA	mRNA	Uncategorized	True	True								
G6208	b0355	frmB	mRNA	Metabolism	True	True								
G6209	b0357	frmR	mRNA	Transcription regulation	False	False								
EG10335	b0172	frr	mRNA	Translation	False	False								
EG11091	b0239	frsA	mRNA	Physical interaction regulation	False	False								
EG10336	b2167	fruA	mRNA	Metabolism	False	True	fructose transport (pts)	y					c	
G7990	b2169	fruB	mRNA	Metabolism	False	True	fructose transport (pts)	y					c	
EG10337	b2168	fruK	mRNA	Metabolism	False	True	fructose met	y					c	
EG11273	b0079	fruL	phantom	Uncategorized	False	False								
EG11864	b3900	frvA	mRNA	Unknown function	False	False								
EG11863	b3899	frvB	mRNA	Unknown function	False	False								
EG11861	b3897	frvR	mRNA	Unclear/under-characterized	False	False								
EG11862	b3898	frvX	mRNA	Unknown function	False	False								
EG11909	b3950	frwB	mRNA	Unclear/under-characterized	False	False								
EG11908	b3949	frwC	mRNA	Unclear/under-characterized	False	False								
EG11912	b3953	frwD	mRNA	Unclear/under-characterized	False	False								
G7246	b2383	fryA	mRNA	Unknown function	False	False								
G7250	b2387	fryB	mRNA	Unknown function	False	False								
G7249	b2386	fryC	mRNA	Unknown function	False	False								
G6428	b0825	fsaA	mRNA	Metabolism	False	True	fructose, unknown role	m					c	
EG11905	b3946	fsaB	mRNA	Metabolism	False	True	fructose, unknown role	m					c	
G6256	b0479	fsr	mRNA	Antibiotic resistance	False	True								
EG10921	b1905	ftnA	mRNA	Iron storage protein	False	True								
G7033	b1902	ftnB	mRNA	Unclear/under-characterized	False	False								
EG12073	b2214	ftp	mRNA	Unclear/under-characterized	False	True								
EG10339	b0094	ftsA	mRNA	Cytokinesis	False	False								
G7424	b2748	ftsB	mRNA	Cytokinesis	False	False								
EG10340	b3463	ftsE	mRNA	Cytokinesis	False	False								
EG11506	b3178	ftsH	mRNA	Protein Decay	False	True								
EG10341	b0084	ftsI	mRNA	Metabolism	False	True	peptidoglycan syn, antibiotic target	n	Cell wall / antibiotics				y	
G6464	b0890	ftsK	mRNA	Cytokinesis	False	False								
EG11086	b0083	ftsL	mRNA	Cytokinesis	False	False								
EG11529	b3933	ftsN	mRNA	Cytokinesis	False	False								
G0-17085	b4810	ftsO	miscRNA	Uncategorized	False	False								
EG11376	b3017	ftsP	mRNA	Unclear/under-characterized	False	False								
EG10342	b0093	ftsQ	mRNA	Cytokinesis	False	False								
EG10344	b0089	ftsW	mRNA	Cytokinesis	True	True								
EG10345	b3462	ftsX	mRNA	Cytokinesis	False	False								
EG10346	b3464	ftsY	mRNA	Protein maturation translocation	False	False								
EG10347	b0095	ftsZ	mRNA	Cytokinesis	False	False								
EG10348	b2800	fucA	mRNA	Metabolism	True	True								
EG10349	b2802	fucI	mRNA	Metabolism	True	True								
EG10350	b2803	fucK	mRNA	Metabolism	True	True								Metabolism
EG10351	b2799	fucO	mRNA	Metabolism	True	True								
EG10352	b2801	fucP	mRNA	Metabolism	True	True								
EG10353	b2805	fucR	mRNA	Transcription regulation	False	False								
EG10355	b2804	fucU	mRNA	Metabolism	True	True								
EG10356	b1612	fumA	mRNA	Metabolism	True	True								Metabolism
EG10357	b4122	fumB	mRNA	Metabolism	True	True								
EG10358	b1611	fumC	mRNA	Metabolism	True	True								Metabolism
G6903	b1675	fumD	mRNA	Unknown function	False	True								
EG11162	b2929	fumE	mRNA	Unknown function	False	True								
EG10359	b0683	fur	mRNA	Transcription regulation	False	False								
EG10360	b3340	fusA	mRNA	Translation	False	False								
G7832	b4140	fxsA	mRNA	Unclear/under-characterized	False	False								
EG11329	b2661	gabD	mRNA	Metabolism	True	True								
EG11330	b2663	gabP	mRNA	Metabolism	True	True								
EG10361	b2662	gabT	mRNA	Metabolism	True	True								Metabolism
EG50009	b3517	gadA	mRNA	Metabolism	True	True								
EG11490	b1493	gadB	mRNA	Metabolism	True	True								Metabolism
G6786	b1492	gadC	mRNA	Metabolism	True	True								
EG11544	b3512	gadE	mRNA	Transcription regulation	False	False								
G0-16680	b4718	gadF	miscRNA	Uncategorized	False	False								
EG12242	b3515	gadW	mRNA	Transcription regulation	False	False								
EG12243	b3516	gadX	mRNA	Transcription regulation	False	False								
G0-8914	b4452	gadY	miscRNA	Uncategorized	False	False								
EG10362	b0759	galE	mRNA	Metabolism	True	True								
G7093	b2042	galF	mRNA	Metabolism	False	False								
EG10363	b0757	galK	mRNA	Metabolism	True	True								
EG11698	b0756	galM	mRNA	Metabolism	True	True								
EG12148	b2943	galP	mRNA	Metabolism	True	True								
EG10364	b2837	galR	mRNA	Transcription regulation	False	False								
EG10365	b2151	galS	mRNA	Transcription regulation	False	False								
EG10366	b0758	galT	mRNA	Metabolism	True	True								
EG11319	b1236	galU	mRNA	Metabolism	False	True	galactose deg, cell envelope biosyn	y					y	
EG10367	b1779	gapA	mRNA	Metabolism	True	True								
G8205	b1416	gapC	pseudo	Uncategorized	False	False								
EG12522	b3128	garD	mRNA	Metabolism	False	True	galactarate metabolism	y					c	
EG11175	b3124	garK	mRNA	Metabolism	True	True								
EG10016	b3126	garL	mRNA	Metabolism	True	True								Metabolism
EG12760	b3127	garP	mRNA	Metabolism	False	True	galactarate metabolism	y					c	
EG11176	b3125	garR	mRNA	Metabolism	True	True								
EG12414	b2094	gatA	mRNA	Uncategorized	False	True								
EG12415	b2093	gatB	mRNA	Uncategorized	False	True								
EG12416	b2092	gatC	pseudo	Uncategorized	False	False								
EG12417	b2091	gatD	mRNA	Uncategorized	False	True								
EG12162	b2090	gatR	pseudo	Uncategorized	False	False								
EG12419	b2096	gatY	mRNA	Uncategorized	True	True								Uncategorized
G7128	b2095	gatZ	mRNA	Metabolism	True	True								
EG10369	b0124	gcd	mRNA	Metabolism	False	True	unknown glucose-related function	m					n	
EG11583	b0507	gcl	mRNA	Metabolism	True	True								
EG11795	b2808	gcvA	mRNA	Transcription regulation	False	False								
G0-8867	b4443	gcvB	miscRNA	Uncategorized	False	False								
EG10371	b2904	gcvH	mRNA	Metabolism	False	False								
EG11810	b2903	gcvP	mRNA	Metabolism	True	True								Metabolism
EG11149	b2479	gcvR	mRNA	Transcription regulation	False	False								
EG11442	b2905	gcvT	mRNA	Metabolism	True	True								
EG10372	b1761	gdhA	mRNA	Metabolism	True	True								
EG11616	b4148	gdx	mRNA	Unclear/under-characterized	False	True								
G6508	b0987	gfcA	mRNA	Cell structure membrane	False	False								
G6507	b0986	gfcB	mRNA	Cell structure membrane	False	False								
G6506	b0985	gfcC	mRNA	Cell structure membrane	False	False								
G6505	b0984	gfcD	mRNA	Cell structure membrane	False	False								
G6504	b0983	gfcE	mRNA	Cell structure membrane	False	False								
EG10374	b3447	ggt	mRNA	Metabolism	False	False								
G7830	b4128	ghoS	mRNA	Unknown function	False	False								
G0-10472	b4559	ghoT	mRNA	Unknown function	False	False								
G6539	b1033	ghrA	mRNA	Metabolism	True	True								
EG12272	b3553	ghrB	mRNA	Metabolism	True	True								
EG11939	b4064	ghxP	mRNA	Unknown function	True	True								
G7503	b2885	ghxQ	mRNA	Uncategorized	True	True								
G7394	b2659	glaH	mRNA	Unknown function	False	True								
EG12386	b2664	glaR	mRNA	Transcription regulation	False	False								
G7542	b2975	glcA	mRNA	Metabolism	True	True								Metabolism
EG20080	b2976	glcB	mRNA	Metabolism	False	True	glycol met, glyoxylate shuttle	y					c	
G7546	b2980	glcC	mRNA	Transcription regulation	False	False								
G7545	b2979	glcD	mRNA	Metabolism	True	True								
G7544	b2978	glcE	mRNA	Unclear/under-characterized	True	True								Unclear/under-characterized
G0-8601	b2978	glcF	mRNA	Uncategorized	True	True								
G7543	b2977	glcG	mRNA	Unknown function	False	False								
EG11904	b3945	gldA	mRNA	Metabolism	True	True								
EG11981	b2036	glf	mRNA	Metabolism	True	True								
EG10377	b3429	glgA	mRNA	Metabolism	False	False	glycogen metabolism							
EG10378	b3432	glgB	mRNA	Metabolism	False	False	glycogen metabolism							
EG10379	b3430	glgC	mRNA	Metabolism	True	True								
EG10380	b3428	glgP	mRNA	Metabolism	False	False	glycogen metabolism							
EG11381	b3049	glgS	mRNA	Unclear/under-characterized	False	False								
EG10381	b3431	glgX	mRNA	Metabolism	False	False								
EG12957	b2388	glk	mRNA	Uncategorized	True	True								Uncategorized
EG11553	b3176	glmM	mRNA	Metabolism	True	True								
EG10382	b3729	glmS	mRNA	Metabolism	True	True								
EG11198	b3730	glmU	mRNA	Metabolism	True	True								Metabolism
G0-8910	b4441	glmY	miscRNA	Uncategorized	False	False								
G0-8873	b4456	glmZ	miscRNA	Uncategorized	False	False								
EG10383	b3870	glnA	mRNA	Metabolism	True	True								Metabolism
EG10384	b2553	glnB	mRNA	Covalent modification regulation	False	False								
EG11411	b0167	glnD	mRNA	Covalent modification regulation	False	True								
EG11602	b3053	glnE	mRNA	Unclear/under-characterized	False	True								
EG10385	b3868	glnG	mRNA	Transcription regulation	False	False								
EG10386	b0811	glnH	mRNA	Metabolism	True	True								Metabolism
EG12191	b0450	glnK	mRNA	Uncategorized	False	False								
EG10387	b3869	glnL	mRNA	Phosphorylation regulation	False	False								
EG10388	b0810	glnP	mRNA	Metabolism	True	True								
EG10389	b0809	glnQ	mRNA	Metabolism	True	True								
EG10390	b0680	glnS	mRNA	tRNA synthetase	True	True								tRNA synthetase
EG30028	b0670	glnU	tRNA	tRNA	False	True								
EG30029	b0665	glnV	tRNA	tRNA	False	True								
EG30030	b0668	glnW	tRNA	tRNA	False	True								
EG30031	b0664	glnX	tRNA	tRNA	False	True								
G6891	b1651	gloA	mRNA	Metabolism	True	True								
G6099	b0212	gloB	mRNA	Metabolism	True	True								
G6475	b0927	gloC	mRNA	Unknown function	True	True								
EG10391	b2241	glpA	mRNA	Metabolism	True	True								
EG10392	b2242	glpB	mRNA	Metabolism	True	True								
EG10393	b2243	glpC	mRNA	Metabolism	True	True								
EG10394	b3426	glpD	mRNA	Metabolism	True	True								
EG10395	b3425	glpE	mRNA	Metabolism	True	True								
EG10396	b3927	glpF	mRNA	Metabolism	True	True								
EG10397	b3424	glpG	mRNA	Protein Decay	False	False								
EG10398	b3926	glpK	mRNA	Metabolism	True	True								
EG10399	b2239	glpQ	mRNA	Metabolism	True	True								
EG10400	b3423	glpR	pseudo	Transcription regulation	False	False								
EG10401	b2240	glpT	mRNA	Metabolism	False	True	phosphate utilization, glycerol-phosphate uptake	y					c	
EG11517	b3925	glpX	mRNA	Metabolism	True	True								
G7345	b2556	glrK	mRNA	Phosphorylation regulation	False	False								
EG11285	b2554	glrR	mRNA	Transcription regulation	False	False								
G6261	b0485	glsA	mRNA	Metabolism	True	True								Metabolism
G6810	b1524	glsB	mRNA	Metabolism	True	True								
EG10402	b0720	gltA	mRNA	Metabolism	True	True								Metabolism
EG10403	b3212	gltB	mRNA	Metabolism	True	True								
EG10404	b3213	gltD	mRNA	Metabolism	True	True								
EG11514	b3214	gltF	mRNA	Unknown function	False	False								
G6359	b0655	gltI	mRNA	Metabolism	True	True								
EG12661	b0654	gltJ	mRNA	Uncategorized	True	True								
EG12662	b0653	gltK	mRNA	Uncategorized	True	True								Uncategorized
EG12663	b0652	gltL	mRNA	Uncategorized	True	True								Uncategorized
EG10405	b4077	gltP	mRNA	Metabolism	True	True								
EG10406	b3653	gltS	mRNA	Metabolism	False	True	glutamate transport	y					c	
EG30032	b3969	gltT	tRNA	tRNA	False	True								
EG30033	b3757	gltU	tRNA	tRNA	False	True								
EG30034	b4008	gltV	tRNA	tRNA	False	True								
EG30035	b2590	gltW	tRNA	tRNA	False	True								
EG10407	b2400	gltX	mRNA	tRNA synthetase	True	True								tRNA synthetase
EG11362	b0144	gluQ	mRNA	tRNA modification	False	True								
EG11709	b3682	glvB	mRNA	Uncategorized	False	False								
EG11710	b3683	glvC	mRNA	Uncategorized	False	False								
EG11708	b4556	glvG	pseudo	Uncategorized	False	False								
G6283	b0514	glxK	mRNA	Metabolism	True	True								Metabolism
G6278	b0509	glxR	mRNA	Metabolism	True	True								
EG10408	b2551	glyA	mRNA	Metabolism	True	True								Metabolism
EG10409	b3560	glyQ	mRNA	tRNA synthetase	True	True								tRNA synthetase
EG10410	b3559	glyS	mRNA	tRNA synthetase	True	True								tRNA synthetase
EG30036	b3978	glyT	tRNA	tRNA	False	True								
EG30037	b2864	glyU	tRNA	tRNA	False	True								
EG30038	b4163	glyV	tRNA	tRNA	False	True								
EG30039	b1911	glyW	tRNA	tRNA	False	True								
EG30040	b4164	glyX	tRNA	tRNA	False	True								
EG30041	b4165	glyY	tRNA	tRNA	False	True								
EG11787	b2053	gmd	mRNA	Metabolism	False	True	cell wall biosyn	y					y	
G6106	b0222	gmhA	mRNA	Metabolism	True	True								
EG11736	b0200	gmhB	mRNA	Metabolism	True	True								Metabolism
EG10965	b3648	gmk	mRNA	Metabolism	True	True								Metabolism
EG11789	b2051	gmm	mRNA	Metabolism	False	True	cell wall biosyn	y					y	
EG10411	b2029	gnd	mRNA	Metabolism	True	True								
G0-16693		gndA	mRNA	Uncategorized	False	False								
G0-9662	b4517	gnsA	mRNA	Unclear/under-characterized	False	False								
G6823	b1550	gnsB	mRNA	Metabolism	False	False								
EG12629	b3437	gntK	mRNA	Metabolism	True	True								
EG12563	b4321	gntP	mRNA	Metabolism	True	True								Metabolism
EG12630	b3438	gntR	mRNA	Transcription regulation	False	False								
EG12380	b3415	gntT	mRNA	Metabolism	False	True	gluconate transport	y					c	
EG12631	b3435	gntU	mRNA	Metabolism	False	True	gluconate transport	y					c	
EG10412	b3500	gor	mRNA	Metabolism	True	True								
EG11871	b3385	gph	mRNA	Metabolism	False	True	dsb repair byproduct recovery	y					n	
EG11699	b0755	gpmA	mRNA	Metabolism	True	True								Metabolism
EG12296	b3612	gpmM	mRNA	Metabolism	True	True								
EG10413	b3779	gpp	mRNA	Metabolism	True	True								
G7558	b3001	gpr	mRNA	Metabolism	True	True								
EG20091	b3608	gpsA	mRNA	Metabolism	True	True								
EG10414	b0238	gpt	mRNA	Metabolism	True	True								
EG11784	b2579	grcA	mRNA	Metabolism	False	False								
EG10415	b3181	greA	mRNA	Transcription	False	False								
EG11578	b3406	greB	mRNA	Transcription	False	False								
EG10599	b4143	groL	mRNA	Stress response chaperone	False	True								
EG10600	b4142	groS	mRNA	Stress response chaperone	False	True								
EG10416	b2614	grpE	mRNA	Protein maturation chaperone	False	False								
EG10417	b0849	grxA	mRNA	Metabolism	False	True	disulfide reduction	n	Generic / Osmotic stress				y	
EG12688	b1064	grxB	mRNA	Uncategorized	False	True								
EG12294	b3610	grxC	mRNA	Metabolism	False	True	mysterious disulfide reduction	n	Generic / Osmotic stress				y	
EG12181	b1654	grxD	mRNA	Uncategorized	False	False								
EG10418	b2688	gshA	mRNA	Metabolism	True	True								
EG10419	b2947	gshB	mRNA	Metabolism	True	True								
G6429	b0829	gsiA	mRNA	Metabolism	True	True								
G6430	b0830	gsiB	mRNA	Metabolism	True	True								
G6431	b0831	gsiC	mRNA	Metabolism	True	True								
G6432	b0832	gsiD	mRNA	Metabolism	True	True								
EG11102	b0477	gsk	mRNA	Metabolism	True	True								Metabolism
G7701	b3323	gspA	mRNA	Protein maturation translocation	False	False								
EG11263	b3322	gspB	mRNA	Replication Initiation	False	False								
G7702	b3324	gspC	mRNA	Unclear/under-characterized	False	True								
G7703	b3325	gspD	mRNA	Unclear/under-characterized	False	True								
G7704	b3326	gspE	mRNA	Protein maturation translocation	False	True								
G7705	b3327	gspF	mRNA	Unclear/under-characterized	False	True								
G7706	b3328	gspG	mRNA	Unclear/under-characterized	False	True								
G7707	b3329	gspH	mRNA	Unclear/under-characterized	False	True								
G7708	b3330	gspI	mRNA	Protein maturation translocation	False	True								
G7709	b3331	gspJ	mRNA	Protein maturation translocation	False	True								
G7710	b3332	gspK	mRNA	Protein maturation translocation	False	True								
G7711	b3333	gspL	mRNA	Unclear/under-characterized	False	True								
EG12173	b3334	gspM	mRNA	Unclear/under-characterized	False	True								
EG11359	b3335	gspO	mRNA	Protein maturation peptidase	False	True								
EG12882	b2988	gss	mRNA	Metabolism	True	True								
G6878	b1635	gstA	mRNA	Metabolism	False	False								
G6438	b0838	gstB	mRNA	Metabolism	False	False								
EG10420	b2507	guaA	mRNA	Metabolism	True	True								Metabolism
EG10421	b2508	guaB	mRNA	Metabolism	True	True								Metabolism
EG10422	b0104	guaC	mRNA	Metabolism	True	True								
G7502	b2883	guaD	mRNA	Metabolism	True	True								
G7445	b2787	gudD	mRNA	Metabolism	False	True	putative sugar transport	y					c	
G7447	b2789	gudP	mRNA	Metabolism	False	True	putative sugar transport	y					c	
G7446	b2788	gudX	mRNA	Metabolism	False	False								
EG10972	b2706	gutM	mRNA	Transcription regulation	False	False								
EG10973	b2708	gutQ	mRNA	Metabolism	True	True								
EG10423	b2231	gyrA	mRNA	Supercoiling	False	False								
EG10424	b3699	gyrB	mRNA	Supercoiling	False	False								
G7335	b2541	hcaB	mRNA	Metabolism	False	True	3-phenylpropanoate metabolism	y					c	
G7334	b2540	hcaC	mRNA	Metabolism	False	True	3-phenylpropanoate metabolism	y					c	
G7336	b2542	hcaD	mRNA	Metabolism	False	True	3-phenylpropanoate metabolism	y					c	
M009	b2538	hcaE	mRNA	Metabolism	False	True	3-phenylpropanoate metabolism	y					c	
M015	b2539	hcaF	mRNA	Metabolism	False	True	3-phenylpropanoate metabolism	y					c	
G7331	b2537	hcaR	mRNA	Transcription regulation	False	False								
G7330	b2536	hcaT	mRNA	Metabolism	False	True	3-phenylpropanoate metabolism	y					c	
G7055	b1967	hchA	mRNA	Stress response chaperone	True	True								
G6457	b0873	hcp	mRNA	Metabolism	False	True	nitric oxide toxicity (pathogen resistance?)	y					n	
G6456	b0872	hcr	mRNA	Metabolism	False	True	nitric oxide toxicity (pathogen resistance?)	y					n	
EG12692	b0599	hcxA	mRNA	Uncategorized	False	False								
EG11581	b0801	hcxB	mRNA	Unknown function	False	True								
G7313	b2496	hda	mRNA	Replication	False	False								
EG11398	b3510	hdeA	mRNA	Stress response chaperone	False	False								
EG11399	b3509	hdeB	mRNA	Stress response chaperone	False	False								
EG11495	b3511	hdeD	mRNA	Unclear/under-characterized	False	False								
EG11449	b3762	hdfR	mRNA	Transcription regulation	False	False								
EG10425	b1619	hdhA	mRNA	Metabolism	True	True								
EG10426	b0962	helD	mRNA	Recombination	False	False								
EG10427	b1210	hemA	mRNA	Metabolism	True	True								
EG10428	b0369	hemB	mRNA	Metabolism	True	True								
EG10429	b3805	hemC	mRNA	Metabolism	True	True								
EG10430	b3804	hemD	mRNA	Metabolism	True	True								
EG11543	b3997	hemE	mRNA	Metabolism	True	True								
EG12189	b2436	hemF	mRNA	Metabolism	True	True								
EG11485	b3850	hemG	mRNA	Metabolism	True	True								
EG10431	b0475	hemH	mRNA	Metabolism	False	True	heme biosynthesis	y					y	
EG10432	b0154	hemL	mRNA	Metabolism	True	True								
EG11836	b3867	hemN	mRNA	Metabolism	True	True								
G7531	b2955	hemW	mRNA	Unknown function	False	False								
EG10433	b3803	hemX	mRNA	Metabolism	False	False								
EG10434	b3802	hemY	mRNA	Unknown function	False	False								
EG10435	b4175	hflC	mRNA	Physical interaction regulation	False	True								
EG11345	b1132	hflD	mRNA	Phage interaction	False	False								
EG10436	b4174	hflK	mRNA	Physical interaction regulation	False	True								
EG10437	b4173	hflX	mRNA	Unknown function	False	True								
EG10438	b4172	hfq	mRNA	Post-transcription regulation	False	False								
EG10439	b0460	hha	mRNA	Supercoiling	False	False								
G0-10451	b4532	hicA	mRNA	Toxin/antitoxin	False	False								
G6749	b1438	hicB	mRNA	Toxin/antitoxin	False	False								
G7601	b3082	higA	mRNA	Toxin/antitoxin	False	False								
G7602	b3083	higB	mRNA	Toxin/antitoxin	False	False								
EG12172	b1103	hinT	mRNA	Uncategorized	False	True								
EG10443	b1507	hipA	mRNA	Toxin/antitoxin	False	True								
EG10442	b1508	hipB	mRNA	Toxin/antitoxin	False	True								
EG10444	b2024	hisA	mRNA	Metabolism	True	True								Metabolism
EG10445	b2022	hisB	mRNA	Metabolism	True	True								Metabolism
EG10446	b2021	hisC	mRNA	Metabolism	True	True								Metabolism
EG10447	b2020	hisD	mRNA	Metabolism	True	True								Metabolism
EG10448	b2025	hisF	mRNA	Metabolism	True	True								Metabolism
EG10449	b2019	hisG	mRNA	Metabolism	True	True								Metabolism
EG10450	b2023	hisH	mRNA	Metabolism	True	True								Metabolism
EG10451	b2026	hisI	mRNA	Metabolism	True	True								Metabolism
EG12124	b2309	hisJ	mRNA	Metabolism	True	True								
EG11269	b2018	hisL	mRNA	Transcription regulation	False	False								
EG10007	b2307	hisM	mRNA	Metabolism	True	True								Metabolism
EG10452	b2306	hisP	mRNA	Metabolism	True	True								
EG12125	b2308	hisQ	mRNA	Metabolism	True	True								
EG30042	b3797	hisR	tRNA	tRNA	False	True								
EG10453	b2514	hisS	mRNA	tRNA synthetase	True	True								tRNA synthetase
G7058	b1970	hiuH	mRNA	Unknown function	False	True								
G7590	b3052	hldE	mRNA	Metabolism	True	True								
G6619	b1182	hlyE	mRNA	Pathogenicity	False	False								
EG10456	b2552	hmp	mRNA	Metabolism	False	True	nitric oxide toxicity (pathogen resistance?)	y					n	
EG10457	b1237	hns	mRNA	Chromosome condensation	True	True								
EG12106	b0107	hofB	mRNA	Uncategorized	False	False								
EG11798	b0106	hofC	mRNA	Unknown function	False	False								
G7739	b3395	hofM	mRNA	Unclear/under-characterized	False	False								
G7738	b3394	hofN	mRNA	Unclear/under-characterized	False	False								
G7737	b3393	hofO	mRNA	Unclear/under-characterized	False	False								
G7736	b3392	hofP	mRNA	Unclear/under-characterized	False	False								
EG12113	b3391	hofQ	mRNA	Unclear/under-characterized	False	False								
G0-9613	b4455	hokA	mRNA	Toxin/antitoxin	False	False								
G0-9610	b4428	hokB	mRNA	Toxin/antitoxin	False	False								
G0-9563	b4412	hokC	mRNA	Toxin/antitoxin	False	False								
EG11130	b1562	hokD	mRNA	Toxin/antitoxin	False	False								
G0-9582	b4415	hokE	mRNA	Toxin/antitoxin	False	False								
EG11412	b0640	holA	mRNA	Replication	False	False								
EG11500	b1099	holB	mRNA	Replication	False	False								
EG11413	b4259	holC	mRNA	Replication	False	False								
EG11414	b4372	holD	mRNA	Replication	False	False								
EG11505	b1842	holE	mRNA	Replication	False	False								
EG11681	b3203	hpf	mRNA	Stress response	False	False								
G7057	b1969	hprR	mRNA	Unknown function	False	False								
G7056	b1968	hprS	mRNA	Unknown function	False	False								
EG20098	b0125	hpt	mRNA	Uncategorized	True	True								
G6732	b1413	hrpA	mRNA	Post-Transcription regulation	False	False								
EG12329	b0148	hrpB	mRNA	Uncategorized	False	False								
EG12130	b2526	hscA	mRNA	Protein maturation chaperone	False	True								
EG12131	b2527	hscB	mRNA	Protein maturation chaperone	False	False								
G6357	b0650	hscC	mRNA	Metabolism	False	False								
EG10458	b4349	hsdM	mRNA	Restriction-modification system	False	False								
EG10459	b4350	hsdR	mRNA	Restriction-modification system	False	False								
EG10460	b4348	hsdS	mRNA	Restriction-modification system	False	False								
G6702	b1379	hslJ	mRNA	Antibiotic resistance	False	False								
G7744	b3401	hslO	mRNA	Stress response chaperone	False	False								
G7743	b3400	hslR	mRNA	Stress response	False	False								
EG11881	b3931	hslU	mRNA	Protein Decay	False	True								
EG11676	b3932	hslV	mRNA	Protein Decay	False	True								
G6500	b0966	hspQ	mRNA	Unclear/under-characterized	False	False								
EG11732	b3754	hsrA	mRNA	Unclear/under-characterized	False	False								
EG10461	b0473	htpG	mRNA	Stress response chaperone	False	True								
EG10462	b1829	htpX	mRNA	Stress response	False	False								
EG11972	b0139	htrE	mRNA	Uncategorized	False	False								
EG11188	b3618	htrL	mRNA	Unknown function	False	False								
EG10466	b4000	hupA	mRNA	Supercoiling	False	False								
EG10467	b0440	hupB	mRNA	Supercoiling	False	False								
G7187	b2293	hxpA	mRNA	Metabolism	True	True								
G6932	b1727	hxpB	mRNA	Metabolism	False	True	sugar related phosphatase, unknown function	y					n	
EG10468	b0972	hyaA	mRNA	Metabolism	False	True	Hydrogen cycling/oxidation for energy, important for low-O2 conditions	y					c	
EG10469	b0973	hyaB	mRNA	Metabolism	False	True	Hydrogen cycling/oxidation for energy, important for low-O2 conditions	y					c	
EG10470	b0974	hyaC	mRNA	Metabolism	False	True	Hydrogen cycling/oxidation for energy, important for low-O2 conditions	y					c	
EG10471	b0975	hyaD	mRNA	Protein maturation peptidase	False	False								
EG10472	b0976	hyaE	mRNA	Protein maturation chaperone	False	False								
EG10473	b0977	hyaF	mRNA	Protein maturation rule	False	False								
EG11799	b2996	hybA	mRNA	Metabolism	False	True	Hydrogen cycling/oxidation for energy, important for low-O2 conditions	y					c	
EG11800	b2995	hybB	mRNA	Metabolism	False	True	Hydrogen cycling/oxidation for energy, important for low-O2 conditions	y					c	
EG11801	b2994	hybC	mRNA	Metabolism	False	True	Hydrogen cycling/oxidation for energy, important for low-O2 conditions	y					c	
EG11802	b2993	hybD	mRNA	Protein maturation peptidase	False	False								
EG11803	b2992	hybE	mRNA	Protein maturation rule	False	False								
EG11804	b2991	hybF	mRNA	Protein maturation rule	False	False								
EG11805	b2990	hybG	mRNA	Protein maturation chaperone	False	False								
G7554	b2997	hybO	mRNA	Metabolism	False	True	Hydrogen cycling/oxidation for energy, important for low-O2 conditions	y					c	
EG10474	b2725	hycA	mRNA	Transcription regulation	False	False								
EG10475	b2724	hycB	mRNA	Metabolism	True	True								
EG10476	b2723	hycC	mRNA	Metabolism	True	True								
EG10477	b2722	hycD	mRNA	Metabolism	True	True								
EG10478	b2721	hycE	mRNA	Metabolism	True	True								
EG10479	b2720	hycF	mRNA	Metabolism	True	True								
EG10480	b2719	hycG	mRNA	Metabolism	True	True								
EG10481	b2718	hycH	mRNA	Protein maturation rule	False	False								
G7414	b2717	hycI	mRNA	Protein maturation peptidase	False	False								
EG11552	b2713	hydN	mRNA	Metabolism	False	False								
EG11150	b2481	hyfA	mRNA	Metabolism	False	False								
EG11282	b2482	hyfB	mRNA	Metabolism	False	False								
G7300	b2483	hyfC	mRNA	Metabolism	False	False								
G7301	b2484	hyfD	mRNA	Metabolism	False	False								
G7302	b2485	hyfE	mRNA	Metabolism	False	False								
G7303	b2486	hyfF	mRNA	Metabolism	False	False								
G7304	b2487	hyfG	mRNA	Metabolism	False	False								
G7305	b2488	hyfH	mRNA	Metabolism	False	False								
G7306	b2489	hyfI	mRNA	Metabolism	False	False								
G7307	b2490	hyfJ	mRNA	Metabolism	False	False								
G7308	b2491	hyfR	mRNA	Transcription regulation	False	False								
G6277	b0508	hyi	mRNA	Metabolism	True	True								
EG10483	b2726	hypA	mRNA	Protein maturation rule	False	True								
EG10484	b2727	hypB	mRNA	Protein maturation cofactor addition	False	True								
EG10485	b2728	hypC	mRNA	Protein maturation rule	False	True								
EG10486	b2729	hypD	mRNA	Protein maturation rule	False	True								
EG10487	b2730	hypE	mRNA	Protein maturation rule	False	True								
EG11551	b2712	hypF	mRNA	Protein maturation side-chain modification	True	True								
G7924	b4327	hypT	mRNA	Transcription regulation	False	False								
G7492	b2873	hyuA	mRNA	Unclear/under-characterized	False	False								
EG12407	b0828	iaaA	mRNA	Uncategorized	False	False								
G7925	b4328	iadA	mRNA	Protein maturation side-chain modification	False	True								
EG10488	b2753	iap	mRNA	Protein maturation peptidase	False	True								
G7657	b3190	ibaG	mRNA	Unknown function	False	False								
EG11534	b3687	ibpA	mRNA	Stress response	False	False								
EG11535	b3686	ibpB	mRNA	Stress response	False	False								
G0-10633	b4667	ibsA	mRNA	Unclear/under-characterized	False	False								
G0-10632	b4668	ibsB	mRNA	Unclear/under-characterized	False	False								
G0-10631	b4665	ibsC	mRNA	Unclear/under-characterized	False	False								
G0-10630	b4664	ibsD	mRNA	Unclear/under-characterized	False	False								
G0-10629	b4666	ibsE	mRNA	Unclear/under-characterized	False	False								
EG10489	b1136	icd	mRNA	Metabolism	True	True								
G0-10556	b4519	icdC	pseudo	Uncategorized	False	False								
EG10491	b4018	iclR	mRNA	Transcription regulation	False	False								
G7508	b2889	idi	mRNA	Metabolism	True	True								
G0-16685	b4722	idlP	mRNA	Uncategorized	False	False								
G7893	b4267	idnD	mRNA	Metabolism	True	True								Metabolism
EG12152	b4268	idnK	mRNA	Metabolism	True	True								
G7892	b4266	idnO	mRNA	Metabolism	True	True								Metabolism
G7891	b4264	idnR	mRNA	Transcription regulation	False	False								
EG12539	b4265	idnT	mRNA	Metabolism	False	True	Idonate/gluconate transport	y					c	
G7741	b3398	igaA	mRNA	Unclear/under-characterized	False	False								
EG10440	b1712	ihfA	mRNA	Supercoiling	True	True								
EG10441	b0912	ihfB	mRNA	Supercoiling	True	True								
EG10492	b0026	ileS	mRNA	tRNA synthetase	True	True								tRNA synthetase
EG30043	b3852	ileT	tRNA	tRNA	False	True								
EG30044	b3277	ileU	tRNA	tRNA	False	True								
EG30045	b0202	ileV	tRNA	tRNA	False	True								
EG30046	b3069	ileX	tRNA	tRNA	False	True								
G7387	b2652	ileY	tRNA	tRNA	False	True								
EG10493	b3772	ilvA	mRNA	Metabolism	True	True								
EG10494	b3671	ilvB	mRNA	Metabolism	True	True								
EG10495	b3774	ilvC	mRNA	Metabolism	True	True								Metabolism
EG10496	b3771	ilvD	mRNA	Metabolism	True	True								Metabolism
EG10497	b3770	ilvE	mRNA	Metabolism	True	True								Metabolism
G8221	b3767	ilvG	pseudo	Uncategorized	True	True								
EG10499	b0078	ilvH	mRNA	Metabolism	True	True								
EG10500	b0077	ilvI	mRNA	Metabolism	True	True								
EG11270	b3766	ilvL	mRNA	Transcription regulation	False	False								
EG10501	b3769	ilvM	mRNA	Metabolism	True	True								
EG10502	b3670	ilvN	mRNA	Metabolism	True	True								
G0-10641	b4669	ilvX	mRNA	Unknown function	False	False								
EG10503	b3773	ilvY	mRNA	Transcription regulation	False	False								
EG11422	b2237	inaA	mRNA	Unknown function	False	False								
EG10504	bypA1	infA	mRNA	Uncategorized	False	False								
EG10505	b3168	infB	mRNA	Translation	False	False								
EG10506	b1718	infC	mRNA	Translation	False	False								
G6086	b0022	insA1	mRNA	Insertion	False	False								
G6139	b0265	insA2	mRNA	Insertion	False	False								
G6146	b0275	insA3	mRNA	Insertion	False	False								
G0-10430	b4516	insA4	mRNA	Insertion	False	False								
G7030	b1894	insA5	mRNA	Insertion	False	False								
G7761	b3444	insA6	mRNA	Insertion	False	False								
G7908	b4294	insA7	mRNA	Transcription regulation	False	False								
G0-16638	b4709	insA9	mRNA	Uncategorized	False	False								
G0-10535		insAB1	mRNA	Uncategorized	False	False								
G0-10537		insAB2	mRNA	Uncategorized	False	False								
G0-10538		insAB3	mRNA	Uncategorized	False	False								
G0-10536		insAB4	mRNA	Uncategorized	False	False								
G0-10539		insAB5	mRNA	Uncategorized	False	False								
G0-10540		insAB6	mRNA	Uncategorized	False	False								
G6085	b0021	insB1	mRNA	Insertion	False	False								
G6138	b0264	insB2	mRNA	Insertion	False	False								
G6145	b0274	insB3	mRNA	Insertion	False	False								
G6509	b0988	insB4	mRNA	Insertion	False	False								
G7029	b1893	insB5	mRNA	Insertion	False	False								
G7762	b3445	insB6	mRNA	Insertion	False	False								
G0-10569	b4563	insB7	pseudo	Uncategorized	False	False								
G0-16637	b4710	insB9	mRNA	Uncategorized	False	False								
G6212	b0360	insC1	mRNA	Transcription regulation	False	False								
G6724	b1403	insC2	mRNA	Transcription regulation	False	False								
G7077	b1997	insC3	mRNA	Transcription regulation	False	False								
G7481	b2861	insC4	mRNA	Transcription regulation	False	False								
G7583	b3044	insC5	mRNA	Transcription regulation	False	False								
G7894	b4272	insC6	mRNA	Transcription regulation	False	False								
G0-10541		insCD1	mRNA	Uncategorized	False	False								
G0-10542		insCD2	mRNA	Uncategorized	False	False								
G0-10543		insCD3	mRNA	Uncategorized	False	False								
G0-10544		insCD4	mRNA	Uncategorized	False	False								
G0-10545		insCD5	mRNA	Uncategorized	False	False								
G0-10546		insCD6	mRNA	Uncategorized	False	False								
G6213	b0361	insD1	mRNA	Insertion	False	False								
G6723	b1402	insD2	mRNA	Insertion	False	False								
G7076	b1996	insD3	mRNA	Insertion	False	False								
G7480	b2860	insD4	mRNA	Insertion	False	False								
G7584	b3045	insD5	mRNA	Insertion	False	False								
G7895	b4273	insD6	mRNA	Insertion	False	False								
G6836	b1578	insD7	pseudo	Uncategorized	False	False								
G6168	b0298	insE1	mRNA	Insertion	False	False								
G6224	b0373	insE2	mRNA	Insertion	False	False								
G6296	b0540	insE3	mRNA	Insertion	False	False								
G6534	b1027	insE4	mRNA	Insertion	False	False								
G7125	b2088	insE5	mRNA	Insertion	False	False								
G0-10525		insEF1	mRNA	Uncategorized	False	False								
G0-10529		insEF2	mRNA	Uncategorized	False	False								
G0-10530		insEF3	mRNA	Uncategorized	False	False								
G0-10531		insEF4	mRNA	Uncategorized	False	False								
G0-10528		insEF5	mRNA	Uncategorized	False	False								
G6169	b0299	insF1	mRNA	Insertion	False	False								
G6223	b0372	insF2	mRNA	Insertion	False	False								
G6297	b0541	insF3	mRNA	Insertion	False	False								
G6533	b1026	insF4	mRNA	Insertion	False	False								
G7126	b2089	insF5	mRNA	Insertion	False	False								
G7900	b4278	insG	mRNA	Insertion	False	False								
G6134	b0259	insH1	mRNA	Insertion	False	False								
G7672	b3218	insH10	mRNA	Insertion	False	False								
G7769	b3505	insH11	mRNA	Insertion	False	False								
G6308	b0552	insH2	mRNA	Insertion	False	False								
G0-16639	b4711	insH21	mRNA	Uncategorized	False	False								
G6360	b0656	insH3	mRNA	Insertion	False	False								
G6667	b1331	insH4	mRNA	Insertion	False	False								
G6693	b1370	insH5	mRNA	Insertion	False	False								
G7074	b1994	insH6	mRNA	Insertion	False	False								
G7092	b2030	insH7	mRNA	Insertion	False	False								
G7150	b2192	insH8	mRNA	Insertion	False	False								
G7548	b2982	insH9	mRNA	Insertion	False	False								
G6131	b0256	insI1	mRNA	Insertion	False	False								
G6725	b1404	insI2	mRNA	Insertion	False	False								
G0-16679	b4708	insI2	pseudo	Uncategorized	False	False								
G7905	b4284	insI3	mRNA	Insertion	False	False								
G7776	b3557	insJ	mRNA	Insertion	False	False								
G0-10624		insJK	mRNA	Uncategorized	False	False								
G7777	b3558	insK	mRNA	Insertion	False	False								
G6083	b0016	insL1	mRNA	Insertion	False	False								
G6327	b0582	insL2	mRNA	Insertion	False	False								
G7255	b2394	insL3	mRNA	Insertion	False	False								
G0-10567	b4561	insM	pseudo	Uncategorized	False	False								
G6130	b0255	insN	pseudo	Uncategorized	False	False								
G7904	b4283	insO	pseudo	Uncategorized	False	False								
G6743	b1432	insQ	mRNA	Unknown function	False	False								
G0-10433	b4505	insX	pseudo	Uncategorized	False	False								
G6632	b1240	insZ	pseudo	Uncategorized	False	False								
EG11783	b2622	intA	mRNA	Prophage	False	False								
EG12364	b4271	intB	pseudo	Uncategorized	False	False								
EG10507	b0537	intD	mRNA	Prophage	False	False								
EG12370	b1140	intE	mRNA	Uncategorized	False	False								
G6152	b0281	intF	mRNA	Unknown function	False	False								
G7044	b1936	intG	pseudo	Uncategorized	False	False								
G6837	b1579	intQ	pseudo	Uncategorized	False	False								
G6676	b1345	intR	mRNA	Prophage	False	False								
G7218	b2349	intS	mRNA	Phage interaction	False	False								
G7272	b2442	intZ	mRNA	Unknown function	False	False								
G0-17079		ipeX	miscRNA	Uncategorized	False	False								
G6226	b0375	iprA	mRNA	Unknown function	False	False								
G7923	b4326	iraD	mRNA	Physical interaction regulation	False	False								
G6600	b1160	iraM	mRNA	Stress response	False	False								
EG11256	b0382	iraP	mRNA	Stress response	False	False								
G0-10716	b4706	iroK	mRNA	Uncategorized	False	False								
G0-8908		IS128	phantom	Uncategorized	False	False								
EG12132	b2528	iscA	mRNA	Metabolism	False	False								
G7326	b2531	iscR	mRNA	Transcription regulation	False	False								
G7325	b2530	iscS	mRNA	Metabolism	True	True								Metabolism
G7324	b2529	iscU	mRNA	Metabolism	False	True	Iron-sulfur cluster assembly	m					y	
EG12311	b2524	iscX	mRNA	Sulfur metabolism	False	False								
EG10508	b0421	ispA	mRNA	Metabolism	True	True								
EG10017	b3187	ispB	mRNA	Metabolism	True	True								Metabolism
G7423	b2747	ispD	mRNA	Metabolism	True	True								Metabolism
EG11294	b1208	ispE	mRNA	Metabolism	True	True								
EG11816	b2746	ispF	mRNA	Metabolism	True	True								
EG10370	b2515	ispG	mRNA	Metabolism	True	True								
EG11081	b0029	ispH	mRNA	Metabolism	True	True								
G6092	b0174	ispU	mRNA	Metabolism	True	True								Metabolism
G0-17084	b4809	ispZ	miscRNA	Uncategorized	False	False								
G0-8904	b4434	isrB	phantom	Unknown function	False	False								
G0-8905	b4435	isrC	miscRNA	Uncategorized	False	False								
G0-10201	b4616	istR	miscRNA	Uncategorized	False	False								
G0-10202		istR-1	phantom	Uncategorized	False	False								
EG11275	b3672	ivbL	mRNA	Transcription regulation	False	False								
G6104	b0220	ivy	mRNA	Extracellular toxin resistance	False	False								
G6596	b1152	jayE	pseudo	Uncategorized	False	False								
EG10509	b1732	katE	mRNA	Metabolism	True	True								
EG10511	b3942	katG	mRNA	Metabolism	True	True								
EG12768	b3137	kbaY	mRNA	Metabolism	True	True								
G7631	b3132	kbaZ	mRNA	Metabolism	True	True								
EG10512	b3617	kbl	mRNA	Metabolism	True	True								
G7395	b2665	kbp	mRNA	Unknown function	False	False								
EG11606	b1250	kch	mRNA	Metabolism	True	True								
EG12253	b3526	kdgK	mRNA	Metabolism	True	True								
G7003	b1827	kdgR	mRNA	Transcription regulation	False	False								
EG11869	b3909	kdgT	mRNA	Metabolism	False	True	KDG transport	y					c	
EG10513	b0698	kdpA	mRNA	Metabolism	True	True								
EG10514	b0697	kdpB	mRNA	Metabolism	True	True								
EG10515	b0696	kdpC	mRNA	Metabolism	True	True								
EG10516	b0695	kdpD	mRNA	Phosphorylation regulation	False	False								
EG10517	b0694	kdpE	mRNA	Transcription regulation	False	False								
G0-10439	b4513	kdpF	mRNA	Metabolism	True	True								
EG10518	b1215	kdsA	mRNA	Metabolism	True	True								
EG10519	b0918	kdsB	mRNA	Metabolism	True	True								
G7663	b3198	kdsC	mRNA	Metabolism	True	True								Metabolism
G7662	b3197	kdsD	mRNA	Metabolism	True	True								Metabolism
EG12361	b2842	kduD	mRNA	Unclear/under-characterized	True	True								
G7463	b2843	kduI	mRNA	Unclear/under-characterized	False	True								
EG20110	b3350	kefB	mRNA	Metabolism	True	True								
EG10521	b0047	kefC	mRNA	Metabolism	True	True								
EG11568	b0046	kefF	mRNA	Physical interaction regulation	True	True								
G7717	b3351	kefG	mRNA	Unclear/under-characterized	False	False								
EG10522	b2587	kgtP	mRNA	Metabolism	False	True	alpha-kg transport	y					c	
EG12155	b1352	kilR	mRNA	Uncategorized	False	False								
G0-17108	b4833	kilS	miscRNA	Uncategorized	False	False								
G7928	b4331	kptA	mRNA	tRNA modification	False	False								
EG11541	b3747	kup	mRNA	Metabolism	True	True								
EG10524	b0342	lacA	mRNA	Metabolism	True	True								
EG10525	b0345	lacI	mRNA	Transcription regulation	False	False								
EG10526	b0343	lacY	mRNA	Metabolism	True	True								Metabolism
EG10527	b0344	lacZ	mRNA	Metabolism	True	True								
G6114	b0230	lafU	pseudo	Uncategorized	False	False								
EG10528	b4036	lamB	mRNA	Metabolism	False	True	outer membrane generic sugar/ion transport. lambda receptor	y				x	y	
G6637	b1279	lapA	mRNA	Unknown function	False	False								
EG12691	b1280	lapB	mRNA	Uncategorized	False	False								
EG12049	b2188	lapC	mRNA	Unknown function	False	False								
G6621	b1192	ldcA	mRNA	Metabolism	False	True	Murein (wall) recycling	y					y	
G6094	b0186	ldcC	mRNA	Metabolism	True	True								
G592	b1380	ldhA	mRNA	Metabolism	True	True								
G0-9602	b4419	ldrA	mRNA	Toxin/antitoxin	False	False								
G0-9605	b4421	ldrB	mRNA	Toxin/antitoxin	False	False								
G0-9607	b4423	ldrC	mRNA	Toxin/antitoxin	False	False								
G0-9041	b4453	ldrD	mRNA	Toxin/antitoxin	False	False								
G7073	b1990	ldtA	mRNA	Metabolism	False	True	Cell wall construction	m					y	
G6422	b0819	ldtB	mRNA	Cell structure membrane	False	True								
G6571	b1113	ldtC	mRNA	Cell structure membrane	False	True								
EG11253	b0925	ldtD	mRNA	Cell structure membrane	False	True								
G6904	b1678	ldtE	mRNA	Metabolism	False	True	Cell wall maturation	m					y	
EG10529	b2569	lepA	mRNA	Translation	False	False								
EG10530	b2568	lepB	mRNA	Protein maturation translocation	False	False								
G7006	b1833	letA	mRNA	Unknown function	False	False								
G7007	b1834	letB	mRNA	Unknown function	False	False								
EG11226	b0074	leuA	mRNA	Metabolism	True	True								Metabolism
EG11577	b0073	leuB	mRNA	Metabolism	True	True								Metabolism
EG11576	b0072	leuC	mRNA	Metabolism	True	True								Metabolism
EG11575	b0071	leuD	mRNA	Metabolism	True	True								Metabolism
G6984	b1798	leuE	mRNA	Metabolism	True	True								
EG11280	b0075	leuL	mRNA	Transcription regulation	False	False								
EG10531	b0076	leuO	mRNA	Transcription regulation	True	True								
EG30047	b4369	leuP	tRNA	tRNA	False	True								
EG30048	b4370	leuQ	tRNA	tRNA	False	True								
EG10532	b0642	leuS	mRNA	tRNA synthetase	True	True								tRNA synthetase
EG30049	b3798	leuT	tRNA	tRNA	False	True								
EG30050	b3174	leuU	tRNA	tRNA	False	True								
EG30051	b4368	leuV	tRNA	tRNA	False	True								
EG30052	b0672	leuW	tRNA	tRNA	False	True								
EG30053	b4270	leuX	tRNA	tRNA	False	True								
EG30054	b1909	leuZ	tRNA	tRNA	False	True								
EG10533	b4043	lexA	mRNA	Transcription regulation	True	True								
G6113	b0229	lfhA	pseudo	Uncategorized	False	False								
G7945	b4358	lgoD	mRNA	Metabolism	False	True	Galactonate metabolism	y					c	
G7944	b4357	lgoR	mRNA	Transcription regulation	False	False								
EG12587	b4356	lgoT	mRNA	Metabolism	False	True	Galactonate metabolism	y					c	
EG12128	b2828	lgt	mRNA	Protein maturation side-chain modification	False	True								
EG12387	b2660	lhgD	mRNA	Metabolism	True	True								
EG11548	b1653	lhr	mRNA	Unclear/under-characterized	False	True								
EG10534	b2411	ligA	mRNA	Metabolism	False	True	DNA ligase	n	DNA replication / repair				y	
EG11334	b3647	ligB	mRNA	DNA Repair	False	True								
EG11306	b0628	lipA	mRNA	Metabolism	True	True								
EG11591	b0630	lipB	mRNA	Metabolism	True	True								
EG10535	b1139	lit	mRNA	Prophage	False	False								
EG10536	b3454	livF	mRNA	Metabolism	True	True								
EG10537	b3455	livG	mRNA	Metabolism	True	True								Metabolism
EG10538	b3457	livH	mRNA	Metabolism	True	True								
EG10539	b3460	livJ	mRNA	Metabolism	True	True								Metabolism
EG10540	b3458	livK	mRNA	Metabolism	True	True								
EG10541	b3456	livM	mRNA	Metabolism	True	True								
EG11963	b3605	lldD	mRNA	Metabolism	True	True								Metabolism
EG11961	b3603	lldP	mRNA	Metabolism	True	True								
EG11962	b3604	lldR	mRNA	Transcription regulation	False	False								
EG10168	b0657	lnt	mRNA	Metabolism	False	True	lipoprotein maturation	n	Generic, Protein maturation (lipoprotein)				y	
EG11291	b2936	loiP	mRNA	Unknown function	False	True								
G6465	b0891	lolA	mRNA	Protein maturation translocation	False	False								
EG11293	b1209	lolB	mRNA	Protein maturation translocation	False	True								
G6573	b1116	lolC	mRNA	Metabolism	False	True	lipoprotein maturation	n	Generic, Protein maturation (lipoprotein)				y	
G6574	b1117	lolD	mRNA	Metabolism	False	True	lipoprotein maturation	n	Generic, Protein maturation (lipoprotein)				y	
G6575	b1118	lolE	mRNA	Metabolism	False	True	lipoprotein maturation	n	Generic, Protein maturation (lipoprotein)				y	
G6692	b1369	lomR	pseudo	Uncategorized	False	False								
EG10542	b0439	lon	mRNA	Protein Decay	False	True								
EG10543	b0116	lpd	mRNA	Metabolism	True	True								
EG11796	b4386	lplA	mRNA	Metabolism	True	True								Metabolism
EG12455	b2835	lplT	mRNA	Metabolism	False	True	transport for recycling of membrane components	m					y	
G7642	b3147	lpoA	mRNA	Cell structure membrane	False	False								
G6565	b1105	lpoB	mRNA	Cell structure membrane	False	False								
EG10544	b1677	lpp	mRNA	Metabolism	False	False								
G7665	b3200	lptA	mRNA	Metabolism	True	True								Metabolism
EG11680	b3201	lptB	mRNA	Metabolism	True	True								
G7664	b3199	lptC	mRNA	Metabolism	True	True								Metabolism
EG11569	b0054	lptD	mRNA	Cell structure membrane	True	True								
EG10855	b0641	lptE	mRNA	Cell structure membrane	True	True								
G7888	b4261	lptF	mRNA	Metabolism	True	True								Metabolism
G7889	b4262	lptG	mRNA	Metabolism	True	True								Metabolism
EG10545	b0181	lpxA	mRNA	Metabolism	True	True								
EG10546	b0182	lpxB	mRNA	Metabolism	True	True								
EG10265	b0096	lpxC	mRNA	Metabolism	True	True								
EG10316	b0179	lpxD	mRNA	Metabolism	True	True								
EG12666	b0524	lpxH	mRNA	Uncategorized	True	True								Uncategorized
EG11409	b0915	lpxK	mRNA	Metabolism	True	True								
EG10464	b1054	lpxL	mRNA	Metabolism	True	True								Metabolism
EG10614	b1855	lpxM	mRNA	Metabolism	True	True								
G7241	b2378	lpxP	mRNA	Metabolism	True	True								
G7146	b2174	lpxT	mRNA	Metabolism	True	True								
EG12123	b2289	lrhA	mRNA	Transcription regulation	False	True								
EG10547	b0889	lrp	mRNA	Transcription regulation	True	True								
EG10548	b0027	lspA	mRNA	Protein maturation translocation	False	True								
G6800	b1513	lsrA	mRNA	Unclear/under-characterized	True	True								Unclear/under-characterized
G6803	b1516	lsrB	mRNA	Unclear/under-characterized	True	True								
G6801	b1514	lsrC	mRNA	Unclear/under-characterized	True	True								
G6802	b1515	lsrD	mRNA	Unclear/under-characterized	True	True								
G6804	b1517	lsrF	mRNA	Unclear/under-characterized	True	True								
G6805	b1518	lsrG	mRNA	Transcription regulation	True	True								
G6798	b1511	lsrK	mRNA	Stress response	True	True								
G6799	b1512	lsrR	mRNA	Transcription regulation	False	False								
G6455	b0870	ltaE	mRNA	Metabolism	True	True								
EG12712	b2687	luxS	mRNA	Metabolism	True	True								Metabolism
EG10549	b2838	lysA	mRNA	Metabolism	True	True								Metabolism
EG10550	b4024	lysC	mRNA	Metabolism	True	True								
G6458	b0874	lysO	mRNA	Unknown function	True	True								
EG11337	b2156	lysP	mRNA	Metabolism	True	True								
G6392	b0749	lysQ	tRNA	tRNA	False	True								
EG10551	b2839	lysR	mRNA	Transcription regulation	False	False								
EG10552	b2890	lysS	mRNA	tRNA synthetase	True	True								
EG30055	b0743	lysT	tRNA	tRNA	False	True								
EG10553	b4129	lysU	mRNA	tRNA synthetase	True	True								
EG30056	b2404	lysV	tRNA	tRNA	False	True								
EG30057	b0745	lysW	tRNA	tRNA	False	True								
G6390	b0747	lysY	tRNA	tRNA	False	True								
G6391	b0748	lysZ	tRNA	tRNA	False	True								
EG12284	b3580	lyxK	mRNA	Metabolism	True	True								
G58	b0459	maa	mRNA	Metabolism	True	True								Metabolism
G6461	b0878	macA	mRNA	Antibiotic resistance	False	True								
G6462	b0879	macB	mRNA	Antibiotic resistance	False	True								
EG10948	b1479	maeA	mRNA	Metabolism	True	True								
G7293	b2463	maeB	mRNA	Metabolism	True	True								Metabolism
EG11288	b0394	mak	mRNA	Metabolism	True	True								Metabolism
EG10554	b4034	malE	mRNA	Metabolism	False	True	maltose transport	y					c	
EG10555	b4033	malF	mRNA	Metabolism	False	True	maltose transport	y					c	
EG10556	b4032	malG	mRNA	Metabolism	False	True	maltose transport	y					c	
G0-17082	b4807	malH	miscRNA	Uncategorized	False	False								
EG10557	b1620	malI	mRNA	Transcription regulation	False	False								
EG10558	b4035	malK	mRNA	Metabolism	False	True	maltose transport	y					c	
EG10559	b4037	malM	mRNA	Unknown function	False	False								
EG10560	b3417	malP	mRNA	Metabolism	True	True								Metabolism
EG10561	b3416	malQ	mRNA	Metabolism	True	True								
EG11316	b3571	malS	mRNA	Metabolism	False	False								
EG10562	b3418	malT	mRNA	Transcription regulation	False	False								
EG10563	b1621	malX	mRNA	Metabolism	False	True	facilitated diffusion sugars	y				x	c	
EG10564	b1622	malY	mRNA	Metabolism	True	True								
EG10565	b0403	malZ	mRNA	Metabolism	True	True								Metabolism
EG10566	b1613	manA	mRNA	Metabolism	True	True								Metabolism
EG10567	b1817	manX	mRNA	Metabolism	True	True								
EG10568	b1818	manY	mRNA	Metabolism	True	True								
EG10569	b1819	manZ	mRNA	Metabolism	True	True								
EG11450	b3764	maoP	mRNA	Unknown function	False	False								
EG10570	b0168	map	mRNA	Protein maturation peptidase	False	True								
EG11434	b1531	marA	mRNA	Transcription regulation	False	True								
EG11599	b1532	marB	mRNA	Antibiotic resistance	False	False								
EG11637	b1529	marC	mRNA	Unknown function	False	False								
EG11435	b1530	marR	mRNA	Transcription regulation	False	True								
G6165	b0294	matA	mRNA	Transcription regulation	False	False								
EG12855	b0956	matP	mRNA	Uncategorized	False	False								
EG10571	b2783	mazE	mRNA	Toxin/antitoxin	False	False								
EG11249	b2782	mazF	mRNA	Toxin/antitoxin	False	False								
EG10572	b2781	mazG	mRNA	Metabolism	True	True								
EG11509	b0012	mbiA	mRNA	Uncategorized	False	False								
G0-8899	b4426	mcaS	miscRNA	Uncategorized	False	False								
G6415	b0806	mcbA	mRNA	Metabolism	False	False								
G6761	b1450	mcbR	mRNA	Transcription regulation	False	False								
EG10573	b1159	mcrA	mRNA	Restriction-modification system	False	False								
EG10574	b4346	mcrB	mRNA	Restriction-modification system	False	False								
EG10575	b4345	mcrC	mRNA	Restriction-modification system	False	False								
EG12656	b3028	mdaB	mRNA	Metabolism	True	True								
G6440	b0842	mdfA	mRNA	Metabolism	True	True								
EG10576	b3236	mdh	mRNA	Metabolism	True	True								
G6248	b0448	mdlA	mRNA	Unknown function	False	False								
EG11622	b0449	mdlB	mRNA	Unknown function	False	False								
G7113	b2074	mdtA	mRNA	Antibiotic resistance	False	True								
G7114	b2075	mdtB	mRNA	Antibiotic resistance	False	True								
G7115	b2076	mdtC	mRNA	Antibiotic resistance	False	True								
EG12136	b2077	mdtD	mRNA	Uncategorized	False	False								
EG12240	b3513	mdtE	mRNA	Antibiotic resistance	False	True								
EG12241	b3514	mdtF	mRNA	Antibiotic resistance	False	True								
EG11343	b1053	mdtG	mRNA	Antibiotic resistance	False	True								
G6559	b1065	mdtH	mRNA	Unknown function	False	False								
G6857	b1599	mdtI	mRNA	Metabolism	True	True								
G6858	b1600	mdtJ	mRNA	Metabolism	True	True								
EG12400	b1663	mdtK	mRNA	Uncategorized	False	True								
EG11720	b3710	mdtL	mRNA	Antibiotic resistance	False	True								
EG12576	b4337	mdtM	mRNA	Antibiotic resistance	True	True								
EG11954	b4082	mdtN	mRNA	Antibiotic resistance	False	True								
EG11953	b4081	mdtO	mRNA	Antibiotic resistance	False	True								
EG11952	b4080	mdtP	mRNA	Antibiotic resistance	False	True								
EG12020	b2138	mdtQ	pseudo	Uncategorized	False	False								
G0-17023	b4777	mdtU	mRNA	Uncategorized	False	False								
EG10577	b4119	melA	mRNA	Metabolism	False	True	melibiose metabolism	y					c	
EG10578	b4120	melB	mRNA	Metabolism	False	True	melibiose transport	y					c	
EG11230	b4118	melR	mRNA	Transcription regulation	False	False								
EG11880	b3930	menA	mRNA	Metabolism	True	True								
EG11368	b2262	menB	mRNA	Metabolism	True	True								
EG11532	b2261	menC	mRNA	Metabolism	True	True								
EG10579	b2264	menD	mRNA	Metabolism	True	True								
EG12437	b2260	menE	mRNA	Uncategorized	True	True								Uncategorized
EG12362	b2265	menF	mRNA	Uncategorized	True	True								
EG12438	b2263	menH	mRNA	Uncategorized	True	True								
G6912	b1686	menI	mRNA	Metabolism	True	True								
EG10580	b2328	mepA	mRNA	Metabolism	False	True	cell wall crosslink degradation	n	Cell wall				y	
G6892	b1655	mepH	mRNA	Unknown function	False	True								
G6474	b0926	mepK	mRNA	Unknown function	False	True								
EG10013	b1856	mepM	mRNA	Unclear/under-characterized	False	True								
G7147	b2175	mepS	mRNA	Unclear/under-characterized	True	True								
EG10581	b4013	metA	mRNA	Metabolism	True	True								Metabolism
EG10582	b3939	metB	mRNA	Metabolism	True	True								Metabolism
EG10583	b3008	metC	mRNA	Metabolism	True	True								
EG10584	b3829	metE	mRNA	Metabolism	True	True								
EG10585	b3941	metF	mRNA	Metabolism	True	True								Metabolism
EG10586	b2114	metG	mRNA	tRNA synthetase	True	True								tRNA synthetase
EG10587	b4019	metH	mRNA	Metabolism	True	True								
EG11737	b0198	metI	mRNA	Metabolism	True	True								
EG10588	b3938	metJ	mRNA	Transcription regulation	True	True								
EG10589	b2942	metK	mRNA	Metabolism	True	True								
EG10590	b3940	metL	mRNA	Metabolism	True	True								
EG11621	b0199	metN	mRNA	Metabolism	True	True								Metabolism
EG11504	b0197	metQ	mRNA	Metabolism	True	True								
EG10591	b3828	metR	mRNA	Transcription regulation	False	False								
EG30058	b0673	metT	tRNA	tRNA	False	True								
EG30059	b0666	metU	tRNA	tRNA	False	True								
EG30060	b2816	metV	tRNA	tRNA	False	True								
EG31117	b2815	metW	tRNA	tRNA	False	True								
EG30061	b3171	metY	tRNA	tRNA	False	True								
EG30062	b2814	metZ	tRNA	tRNA	False	True								
EG11619	b1114	mfd	mRNA	Transcription	False	False								
EG10592	b2149	mglA	mRNA	Metabolism	False	True	galactose active transport	y					c	
EG10593	b2150	mglB	mRNA	Metabolism	False	True	galactose active transport	y					c	
EG10594	b2148	mglC	mRNA	Metabolism	False	True	galactose active transport	y					c	
G7002	b1826	mgrB	mRNA	Stress response	False	False								
G0-10671	b4698	mgrR	miscRNA	Uncategorized	False	False								
G6497	b0963	mgsA	mRNA	Metabolism	True	True								Metabolism
EG12525	b4242	mgtA	mRNA	Metabolism	True	True								
G0-10689	b4702	mgtL	mRNA	Transcription regulation	False	False								
G0-8892	b4599	mgtS	mRNA	Unknown function	False	False								
G0-17021	b4775	mgtT	mRNA	Uncategorized	False	False								
M010	b0347	mhpA	mRNA	Metabolism	False	True	3-phenylpropanoate metabolism	y					c	
M011	b0348	mhpB	mRNA	Metabolism	False	True	3-phenylpropanoate metabolism	y					c	
M012	b0349	mhpC	mRNA	Metabolism	False	True	3-phenylpropanoate metabolism	y					c	
M013	b0350	mhpD	mRNA	Metabolism	True	True								
G6205	b0352	mhpE	mRNA	Metabolism	True	True								
M014	b0351	mhpF	mRNA	Metabolism	True	True								
G6201	b0346	mhpR	mRNA	Transcription regulation	False	False								
G6206	b0353	mhpT	mRNA	Metabolism	False	True	3-phenylpropanoate transport	y					c	
EG10595	b4171	miaA	mRNA	tRNA modification	True	True								
G6364	b0661	miaB	mRNA	tRNA modification	True	True								tRNA modification
G0-8866	b4442	micA	miscRNA	Uncategorized	False	False								
G0-8901	b4427	micC	miscRNA	Uncategorized	False	False								
EG30063	b4439	micF	miscRNA	Uncategorized	False	False								
G0-16601	b4717	micL	miscRNA	Uncategorized	False	False								
EG10596	b1176	minC	mRNA	Cytokinesis	False	False								
EG10597	b1175	minD	mRNA	Cytokinesis	False	False								
EG10598	b1174	minE	mRNA	Cytokinesis	False	False								
EG11199	b3742	mioC	mRNA	Metabolism	False	False								
G6968	b1782	mipA	mRNA	Metabolism	False	False								
G7216	b2346	mlaA	mRNA	Unclear/under-characterized	False	False								
G7658	b3191	mlaB	mRNA	Stress response	False	False								
G7659	b3192	mlaC	mRNA	Unclear/under-characterized	False	False								
EG12799	b3193	mlaD	mRNA	Unclear/under-characterized	False	False								
EG12800	b3194	mlaE	mRNA	Unclear/under-characterized	False	False								
EG12801	b3195	mlaF	mRNA	Unclear/under-characterized	False	False								
G6852	b1594	mlc	mRNA	Transcription regulation	False	False								
EG11488	b1639	mliC	mRNA	Unknown function	False	False								
EG12008	b2127	mlrA	mRNA	Transcription regulation	False	False								
G7457	b2813	mltA	mRNA	Metabolism	True	True								
G7410	b2701	mltB	mRNA	Metabolism	True	True								
G7533	b2963	mltC	mRNA	Metabolism	True	True								Metabolism
EG10246	b0211	mltD	mRNA	Cell structure membrane	True	True								
EG11373	b2558	mltF	mRNA	Metabolism	True	True								
EG11494	b1097	mltG	mRNA	Unknown function	False	True								
G6136	b0261	mmuM	mRNA	Metabolism	True	True								
G6135	b0260	mmuP	mRNA	Metabolism	False	True	S-methylmethionine transport	y					c	
G6759	b1448	mnaT	mRNA	Unknown function	True	True								
EG13235	b0731	mngA	mRNA	Uncategorized	False	True								
EG13236	b0732	mngB	mRNA	Uncategorized	False	True								
EG11109	b0730	mngR	mRNA	Transcription regulation	False	False								
EG11344	b1133	mnmA	mRNA	tRNA modification	False	True								
G7199	b2324	mnmC	mRNA	tRNA modification	False	True								
EG10997	b3706	mnmE	mRNA	tRNA modification	False	True								
EG10375	b3741	mnmG	mRNA	tRNA modification	False	True								
G7254	b2392	mntH	mRNA	Metabolism	True	True								
G6999	b1821	mntP	mRNA	Metabolism	True	True								
G6420	b0817	mntR	mRNA	Unknown function	False	False								
G0-10715	b4705	mntS	mRNA	Unclear/under-characterized	False	False								
EG11595	b0781	moaA	mRNA	Metabolism	False	True	Molybdenum cofactor synthesis	y					f	
EG11596	b0782	moaB	mRNA	Metabolism	False	False								
EG11666	b0783	moaC	mRNA	Metabolism	False	True	Molybdenum cofactor synthesis	y					f	
EG11597	b0784	moaD	mRNA	Metabolism	False	True	Molybdenum cofactor synthesis	y					f	
EG11598	b0785	moaE	mRNA	Metabolism	False	True	Molybdenum cofactor synthesis	y					f	
EG11829	b3857	mobA	mRNA	Metabolism	False	True	Molybdenum cofactor synthesis	y					f	
EG11828	b3856	mobB	mRNA	Metabolism	False	False								
G7496	b2877	mocA	mRNA	Metabolism	False	True	Molybdenum cofactor synthesis	y					f	
EG12427	b0763	modA	mRNA	Uncategorized	False	True								
EG10002	b0764	modB	mRNA	Metabolism	False	True	Molybdenum cofactor synthesis	y					f	
EG10152	b0765	modC	mRNA	Metabolism	False	True	Molybdenum cofactor synthesis	y					f	
G6395	b0761	modE	mRNA	Transcription regulation	False	False								
EG11677	b0760	modF	mRNA	Unclear/under-characterized	False	False								
EG10153	b0827	moeA	mRNA	Metabolism	False	True	Molybdenum cofactor synthesis	y					f	
EG10154	b0826	moeB	mRNA	Metabolism	False	True	Molybdenum cofactor synthesis	y					f	
EG11511	b0009	mog	mRNA	Metabolism	False	True	Molybdenum cofactor synthesis	y					f	
G0-16663	b4647	mokA	pseudo	Uncategorized	False	False								
G6736	b1420	mokB	mRNA	Unknown function	False	False								
EG10373	b0018	mokC	mRNA	Toxin/antitoxin	False	False								
EG10601	b1890	motA	mRNA	External structure	False	False								
EG10602	b1889	motB	mRNA	External structure	False	False								
G0-17103	b4828	motR	miscRNA	Uncategorized	False	False								
G6662	b1326	mpaA	mRNA	Metabolism	True	True								Metabolism
EG12440	b4233	mpl	mRNA	Metabolism	True	True								
G6665	b1329	mppA	mRNA	Metabolism	True	True								
EG10603	b2684	mprA	mRNA	Transcription regulation	False	False								
EG12069	b2210	mqo	mRNA	Metabolism	True	True								
G7571	b3021	mqsA	mRNA	Toxin/antitoxin	False	False								
G7572	b3022	mqsR	mRNA	RNA decay	False	False								
EG10604	b0087	mraY	mRNA	Metabolism	True	True								
EG11084	b0081	mraZ	mRNA	Unclear/under-characterized	False	False								
EG10748	b3396	mrcA	mRNA	Metabolism	False	True	peptidoglycan synthesis (penicillin target)	m					y	
EG10605	b0149	mrcB	mRNA	Metabolism	False	True	peptidoglycan synthesis (penicillin target)	m					y	
EG10606	b0635	mrdA	mRNA	Metabolism	False	True	peptidoglycan synthesis (penicillin target)	m					y	
EG10607	b0634	mrdB	mRNA	Cell shape	False	False								
EG10608	b3251	mreB	mRNA	Cell shape	False	False								
EG10609	b3250	mreC	mRNA	Cell shape	False	False								
EG10610	b3249	mreD	mRNA	Cell shape	False	False								
EG10611	b2113	mrp	mRNA	Metabolism	False	False								
EG10612	b4351	mrr	mRNA	Restriction-modification system	False	False								
EG10613	b0914	msbA	mRNA	Metabolism	True	True								Metabolism
G6255	b0465	mscK	mRNA	Metabolism	False	False								
EG11180	b3291	mscL	mRNA	Mechanosensitive Channel	False	False								
G7840	b4159	mscM	mRNA	Unknown function	False	False								
EG11160	b2924	mscS	mRNA	Metabolism	False	False								
EG11433	b4219	msrA	mRNA	Metabolism	True	True								
EG12394	b1778	msrB	mRNA	Uncategorized	True	True								
G7005	b1832	msrC	mRNA	Metabolism	True	True								
G7059	b1971	msrP	mRNA	Unclear/under-characterized	False	True								
G7060	b1972	msrQ	mRNA	Unclear/under-characterized	False	True								
EG11338	b1051	msyB	mRNA	Unclear/under-characterized	False	False								
G7063	b1976	mtfA	mRNA	Physical interaction regulation	False	True								
G7668	b3208	mtgA	mRNA	Metabolism	False	False								
EG10615	b3599	mtlA	mRNA	Metabolism	False	True	mannitol PTS transport	y					c	
EG10616	b3600	mtlD	mRNA	Metabolism	True	True								
EG11965	b3601	mtlR	mRNA	Transcription regulation	False	False								
EG11090	b0159	mtn	mRNA	Metabolism	True	True								
EG10617	b3161	mtr	mRNA	Metabolism	True	True								
EG12717	b3068	mug	mRNA	DNA Repair	False	False								
EG10618	b0924	mukB	mRNA	Chromosome condensation	False	False								
EG11252	b0923	mukE	mRNA	Chromosome segregation	False	False								
EG12165	b0922	mukF	mRNA	Uncategorized	False	False								
EG11358	b3189	murA	mRNA	Metabolism	True	True								
EG11205	b3972	murB	mRNA	Metabolism	True	True								
EG10619	b0091	murC	mRNA	Metabolism	True	True								
EG10620	b0088	murD	mRNA	Metabolism	True	True								
EG10621	b0085	murE	mRNA	Metabolism	True	True								
EG10622	b0086	murF	mRNA	Metabolism	True	True								
EG10623	b0090	murG	mRNA	Metabolism	True	True								
EG11204	b3967	murI	mRNA	Metabolism	True	True								
G6561	b1069	murJ	mRNA	Metabolism	True	True								Metabolism
G7264	b2429	murP	mRNA	Metabolism	False	True	peptidoglycan recycling transport	m					y	
G7263	b2428	murQ	mRNA	Metabolism	True	True								
G7262	b2427	murR	mRNA	Transcription regulation	False	False								
EG10624	b2831	mutH	mRNA	DNA repair	False	False								
EG11281	b4170	mutL	mRNA	DNA Repair	False	False								
EG10329	b3635	mutM	mRNA	DNA repair	False	True								
EG10625	b2733	mutS	mRNA	DNA repair	False	False								
EG10626	b0099	mutT	mRNA	Metabolism	False	True	single nucleotide mutation repair before incorporation, produced by ROS	y					y	
EG10627	b2961	mutY	mRNA	DNA repair	False	False								
G7610	b3096	mzrA	mRNA	Unclear/under-characterized	False	False								
G7072	b1988	nac	mRNA	Transcription regulation	False	False								
EG10630	b0750	nadA	mRNA	Metabolism	True	True								
EG10631	b2574	nadB	mRNA	Metabolism	True	True								
EG11546	b0109	nadC	mRNA	Metabolism	True	True								Metabolism
G6350	b0639	nadD	mRNA	Metabolism	True	True								
EG10663	b1740	nadE	mRNA	Metabolism	True	True								
EG12192	b2615	nadK	mRNA	Metabolism	True	True								
EG11335	b4390	nadR	mRNA	Metabolism	True	True								Metabolism
EG10632	b0677	nagA	mRNA	Metabolism	True	True								
EG10633	b0678	nagB	mRNA	Metabolism	False	True	cell wall component metabolism/recycling	y					y	
EG10636	b0676	nagC	mRNA	Transcription regulation	False	False								
EG10635	b0679	nagE	mRNA	Metabolism	False	True	cell wall component metabolism/recycling	y					y	
G6576	b1119	nagK	mRNA	Metabolism	True	True								
G6567	b1107	nagZ	mRNA	Metabolism	False	True	cell wall component metabolism/recycling	y					y	
EG10637	b3225	nanA	mRNA	Metabolism	True	True								Metabolism
G7921	b4311	nanC	mRNA	Metabolism	True	True								
G7677	b3223	nanE	mRNA	Metabolism	True	True								Metabolism
G7676	b3222	nanK	mRNA	Metabolism	True	True								Metabolism
G7920	b4310	nanM	mRNA	Metabolism	True	True								
G7675	b3221	nanQ	mRNA	Unknown function	False	True								
G7678	b3226	nanR	mRNA	Transcription regulation	False	False								
G7919	b4309	nanS	mRNA	Unclear/under-characterized	False	True								
G436	b3224	nanT	mRNA	Metabolism	True	True								
EG12544	b4279	nanX	mRNA	Unknown function	False	True								
G7901	b4280	nanY	mRNA	Unknown function	False	True								
EG12067	b2206	napA	mRNA	Metabolism	False	False								
EG12061	b2203	napB	mRNA	Metabolism	False	False								
EG12060	b2202	napC	mRNA	Metabolism	False	True	unclear function, probably low nitrate redox balance	m					n	
EG12143	b2207	napD	mRNA	Protein maturation chaperone	False	False								
EG12068	b2208	napF	mRNA	Metabolism	False	False								
EG12064	b2205	napG	mRNA	Metabolism	False	True	unclear function, probably low nitrate redox balance	m					n	
EG12062	b2204	napH	mRNA	Metabolism	False	True	unclear function, probably low nitrate redox balance	m					n	
EG10638	b1224	narG	mRNA	Metabolism	False	True	nitrate reduction (low oxygen w nitrate)	y					c	
EG10639	b1225	narH	mRNA	Metabolism	False	True	nitrate reduction (low oxygen w nitrate)	y					c	
EG10640	b1227	narI	mRNA	Metabolism	False	True	nitrate reduction (low oxygen w nitrate)	y					c	
EG10641	b1226	narJ	mRNA	Metabolism	False	False								
EG10642	b1223	narK	mRNA	Metabolism	True	True								
EG10643	b1221	narL	mRNA	Transcription regulation	True	True								
G0-16694		naRNA1	miscRNA	Uncategorized	False	False								
G0-16695		naRNA2	miscRNA	Uncategorized	False	False								
G0-16696		naRNA3	miscRNA	Uncategorized	False	False								
G0-16697		naRNA4	miscRNA	Uncategorized	False	False								
G0-16698		naRNA5	miscRNA	Uncategorized	False	False								
G0-16699		naRNA6	miscRNA	Uncategorized	False	False								
EG11527	b2193	narP	mRNA	Transcription regulation	False	False								
EG11460	b2469	narQ	mRNA	Phosphorylation regulation	False	False								
G0-17088	b4813	narS	miscRNA	Uncategorized	False	False								
EG12153	b1469	narU	mRNA	Uncategorized	False	True								
EG10644	b1465	narV	mRNA	Metabolism	False	True	nitrate reduction (low oxygen w nitrate)	y					c	
EG10645	b1466	narW	mRNA	Metabolism	False	False								
EG10646	b1222	narX	mRNA	Phosphorylation regulation	False	True								
EG10647	b1467	narY	mRNA	Metabolism	False	True	nitrate reduction (low oxygen w nitrate)	y					c	
EG10648	b1468	narZ	mRNA	Metabolism	False	True	nitrate reduction (low oxygen w nitrate)	y					c	
G0-10738		nc1	miscRNA	Uncategorized	False	False								
EG10649	b1109	ndh	mRNA	Metabolism	True	True								
EG10650	b2518	ndk	mRNA	Metabolism	True	True								Metabolism
G6383	b0714	nei	mRNA	DNA Repair	False	False								
G6890	b1650	nemA	mRNA	Metabolism	False	False								
G6889	b1649	nemR	mRNA	Transcription regulation	False	False								
EG11689	b3662	nepI	mRNA	Antibiotic resistance	True	True								
G7593	b3070	nfeF	mRNA	Iron storage protein	False	True								
G7594	b3071	nfeR	mRNA	Transcription regulation	False	False								
EG11915	b3998	nfi	mRNA	DNA Repair	False	True								
EG10651	b2159	nfo	mRNA	DNA Repair	False	True								
EG11740	b0568	nfrA	mRNA	Phage interaction	False	False								
EG11739	b0569	nfrB	mRNA	Phage interaction	False	False								
EG11261	b0851	nfsA	mRNA	Metabolism	False	True	general nitroreductase	m				x	n	
EG50005	b0578	nfsB	mRNA	Uncategorized	False	True								
G7748	b3414	nfuA	mRNA	Sulfur metabolism	False	False								
EG10652	b0019	nhaA	mRNA	Metabolism	True	True								Metabolism
EG11392	b1186	nhaB	mRNA	Metabolism	True	True								
EG11078	b0020	nhaR	mRNA	Transcription regulation	False	False								
G6770	b1463	nhoA	mRNA	Metabolism	True	True								Metabolism
EG12075	b3476	nikA	mRNA	Metabolism	True	True								Metabolism
EG12076	b3477	nikB	mRNA	Metabolism	True	True								
EG12077	b3478	nikC	mRNA	Metabolism	True	True								
EG12078	b3479	nikD	mRNA	Metabolism	True	True								Metabolism
EG12079	b3480	nikE	mRNA	Metabolism	True	True								
EG11519	b3481	nikR	mRNA	Transcription regulation	False	False								
G6976	b1790	nimR	mRNA	Unknown function	False	False								
G6977	b1791	nimT	mRNA	Unknown function	False	True								
G6304	b0548	ninE	mRNA	Prophage	False	False								
EG10653	b3365	nirB	mRNA	Metabolism	True	True								
EG10654	b3367	nirC	mRNA	Metabolism	True	True								Metabolism
EG10655	b3366	nirD	mRNA	Metabolism	True	True								
EG10657	b3661	nlpA	mRNA	Unclear/under-characterized	False	False								
EG11133	b1708	nlpC	mRNA	Unknown function	False	False								
EG12111	b2742	nlpD	mRNA	Unclear/under-characterized	False	False								
EG12137	b0192	nlpE	mRNA	Uncategorized	False	False								
EG12371	b3163	nlpI	mRNA	Unclear/under-characterized	False	False								
EG10659	b0553	nmpC	pseudo	Uncategorized	False	False								
EG11758	b4167	nnr	mRNA	Metabolism	True	True								
EG11634	b1548	nohA	mRNA	Uncategorized	False	False								
EG11635	b0560	nohD	mRNA	Unclear/under-characterized	False	False								
EG12108	b2709	norR	mRNA	Transcription regulation	False	False								
G7413	b2710	norV	mRNA	Metabolism	False	True	nitric oxide protection (macrophage)	y					n	
EG12450	b2711	norW	mRNA	Metabolism	False	True	nitric oxide protection (macrophage)	y					n	
EG12147	b3206	npr	mRNA	Metabolism	False	False								
EG10660	b2234	nrdA	mRNA	Metabolism	True	True								
EG10661	b2235	nrdB	mRNA	Metabolism	True	True								Metabolism
EG11417	b4238	nrdD	mRNA	Metabolism	True	True								
EG20257	b2675	nrdE	mRNA	Metabolism	True	True								
EG12381	b2676	nrdF	mRNA	Metabolism	True	True								
G812	b4237	nrdG	mRNA	Metabolism	True	True								
G7401	b2673	nrdH	mRNA	Metabolism	False	False								
G7402	b2674	nrdI	mRNA	Metabolism	False	False								
EG11320	b0413	nrdR	mRNA	Transcription regulation	False	False								
EG11781	b4070	nrfA	mRNA	Metabolism	False	False								
EG11945	b4071	nrfB	mRNA	Metabolism	False	False								
EG11946	b4072	nrfC	mRNA	Metabolism	False	True	putative nitrite reduction	y					c	
EG11947	b4073	nrfD	mRNA	Metabolism	False	True	putative nitrite reduction	y					c	
EG11948	b4074	nrfE	mRNA	Protein maturation cofactor addition	False	False								
EG11949	b4075	nrfF	mRNA	Protein maturation cofactor addition	False	False								
EG11950	b4076	nrfG	mRNA	Protein maturation cofactor addition	False	False								
EG11212	b4178	nsrR	mRNA	Transcription regulation	False	False								
EG10662	b1633	nth	mRNA	DNA Repair	False	True								
EG11138	b1865	nudB	mRNA	Metabolism	True	True								
EG11702	b3996	nudC	mRNA	Metabolism	False	True	RNA 5' NAD decapping, cap stabilizes certain RNAs	n	Not sure? RNA degradation?				y	
G7740	b3397	nudE	mRNA	Metabolism	False	True	nucleotide diphosphate phosphatase	m				x	y	
EG12633	b3034	nudF	mRNA	Metabolism	True	True								Metabolism
G6954	b1759	nudG	mRNA	Metabolism	False	True	single nucleotide mutation repair before incorporation, produced by ROS	y					y	
G7164	b2251	nudI	mRNA	Metabolism	True	True								
G6580	b1134	nudJ	mRNA	Metabolism	True	True								
EG12410	b2467	nudK	mRNA	Metabolism	True	True								
EG12693	b1813	nudL	mRNA	Uncategorized	True	True								
EG12082	b2288	nuoA	mRNA	Metabolism	True	True								
EG12083	b2287	nuoB	mRNA	Metabolism	True	True								
EG12084	b2286	nuoC	mRNA	Metabolism	True	True								
EG12086	b2285	nuoE	mRNA	Metabolism	True	True								
EG11774	b2284	nuoF	mRNA	Metabolism	True	True								
EG12087	b2283	nuoG	mRNA	Metabolism	True	True								Metabolism
EG12088	b2282	nuoH	mRNA	Metabolism	True	True								Metabolism
EG12089	b2281	nuoI	mRNA	Metabolism	True	True								
EG12090	b2280	nuoJ	mRNA	Metabolism	True	True								
EG12091	b2279	nuoK	mRNA	Metabolism	True	True								
EG12092	b2278	nuoL	mRNA	Metabolism	True	True								
EG11773	b2277	nuoM	mRNA	Metabolism	True	True								
EG12093	b2276	nuoN	mRNA	Metabolism	True	True								
EG11971	b2393	nupC	mRNA	Metabolism	True	True								Metabolism
EG10664	b2964	nupG	mRNA	Metabolism	True	True								
EG12029	b2161	nupX	mRNA	Unknown function	False	False								
EG10665	b3169	nusA	mRNA	Transcription	False	False								
EG10666	b0416	nusB	mRNA	Transcription	False	False								
EG10667	b3982	nusG	mRNA	Transcription	False	False								
G7656	b3183	obgE	mRNA	Ribosome assembly	False	False								
G0-10701		och5	miscRNA	Uncategorized	False	False								
G7119	b2082	ogrK	mRNA	Unknown function	False	False								
EG10668	b1335	ogt	mRNA	DNA repair	False	True								
G0-10598	b4608	ohsC	miscRNA	Uncategorized	False	False								
EG10669	b0957	ompA	mRNA	Metabolism	False	False								
EG10670	b2215	ompC	mRNA	Metabolism	True	True								
EG10671	b0929	ompF	mRNA	Metabolism	True	True								Metabolism
G6657	b1319	ompG	mRNA	Metabolism	False	False								
G7814	b3875	ompL	mRNA	Metabolism	False	False								
G6700	b1377	ompN	mRNA	Metabolism	False	False								
EG10672	b3405	ompR	mRNA	Transcription regulation	False	False								
EG10673	b0565	ompT	mRNA	Protein Decay	False	False								
EG11124	b1256	ompW	mRNA	Unclear/under-characterized	False	False								
EG12117	b0814	ompX	mRNA	Uncategorized	False	False								
G0-8868	b4444	omrA	miscRNA	Uncategorized	False	False								
G0-8882	b4445	omrB	miscRNA	Uncategorized	False	False								
EG12591	b4359	opgB	mRNA	Metabolism	True	True								
G6552	b1047	opgC	mRNA	Cell structure membrane	False	False								
EG12859	b1424	opgD	mRNA	Uncategorized	False	False								
G6418	b0815	opgE	mRNA	Unknown function	False	True								
EG11885	b1048	opgG	mRNA	Uncategorized	False	False								
EG11886	b1049	opgH	mRNA	Uncategorized	False	False								
EG10674	b1243	oppA	mRNA	Metabolism	True	True								
EG10675	b1244	oppB	mRNA	Metabolism	True	True								Metabolism
EG10676	b1245	oppC	mRNA	Metabolism	True	True								
EG10677	b1246	oppD	mRNA	Metabolism	True	True								
EG10678	b1247	oppF	mRNA	Metabolism	True	True								
G7842	b4162	orn	mRNA	RNA decay	True	True								RNA decay
G6756	b1445	ortT	mRNA	Unknown function	False	False								
G0-17076		orzP	miscRNA	Uncategorized	False	False								
EG10679	b1283	osmB	mRNA	Unknown function	False	False								
EG10680	b1482	osmC	mRNA	Stress response	False	True								
EG10044	b1739	osmE	mRNA	Stress response	False	False								
EG12012	b2131	osmF	mRNA	Metabolism	False	True	osmoprotectant transport	y				x	n	
EG11391	b4376	osmY	mRNA	Stress response	False	False								
EG11751	b1896	otsA	mRNA	Metabolism	True	True								
EG11752	b1897	otsB	mRNA	Metabolism	True	True								
G0-16719	b4692	oweE	pseudo	Uncategorized	False	False								
G7236	b2373	oxc	mRNA	Metabolism	True	True								
EG10681	b3961	oxyR	mRNA	Transcription regulation	False	False								
EG31116	b4458	oxyS	miscRNA	Uncategorized	False	False								
G6709	b1388	paaA	mRNA	Metabolism	True	True								Metabolism
G6710	b1389	paaB	mRNA	Metabolism	True	True								Metabolism
G6711	b1390	paaC	mRNA	Metabolism	True	True								Metabolism
G6712	b1391	paaD	mRNA	Metabolism	False	False								
G6713	b1392	paaE	mRNA	Metabolism	True	True								
G6714	b1393	paaF	mRNA	Metabolism	True	True								
G6715	b1394	paaG	mRNA	Metabolism	True	True								
G6716	b1395	paaH	mRNA	Metabolism	True	True								
G6717	b1396	paaI	mRNA	Metabolism	True	True								
G6718	b1397	paaJ	mRNA	Metabolism	True	True								
G6719	b1398	paaK	mRNA	Metabolism	True	True								
G6720	b1399	paaX	mRNA	Transcription regulation	False	False								
G6721	b1400	paaY	mRNA	Metabolism	False	True	phenylacetate metabolism, side product deg, add side reaction	y					c	
G6708	b1387	paaZ	mRNA	Metabolism	True	True								
EG10682	b3360	pabA	mRNA	Metabolism	True	True								
EG10683	b1812	pabB	mRNA	Metabolism	True	True								
EG11493	b1096	pabC	mRNA	Metabolism	True	True								
G7873	b4218	paeA	mRNA	Unknown function	False	False								
EG12180	b0622	pagP	mRNA	Uncategorized	False	True								
EG10684	b0741	pal	mRNA	Cell structure membrane	False	False								
EG11675	b0134	panB	mRNA	Metabolism	True	True								
EG11746	b0133	panC	mRNA	Metabolism	True	True								Metabolism
EG11747	b0131	panD	mRNA	Metabolism	False	False								
G6239	b0425	panE	mRNA	Metabolism	True	True								Metabolism
EG10685	b3258	panF	mRNA	Metabolism	False	True	pantothenate (vit b5, CoA moeity) transport	y					c	
EG12211	b3459	panZ	mRNA	Unclear/under-characterized	False	False								
G6157	b0286	paoA	mRNA	Metabolism	False	True	aromatic aldehyde oxidation	m				x	y	
G6156	b0285	paoB	mRNA	Metabolism	False	True	aromatic aldehyde oxidation	m					y	
G6155	b0284	paoC	mRNA	Unclear/under-characterized	False	True								
G6154	b0283	paoD	mRNA	Unclear/under-characterized	False	False								
EG10686	b3019	parC	mRNA	Supercoiling	False	False								
EG10687	b3030	parE	mRNA	Supercoiling	False	False								
G7596	b3073	patA	mRNA	Metabolism	True	True								
G6755	b1444	patD	mRNA	Metabolism	True	True								
G7350	b2584	patZ	mRNA	Metabolism	False	True	peptide lysine acetylation	n	Protein maturation				y	
G0-16654	b4643	pawZ	pseudo	Uncategorized	False	False								
G7474	b2854	pbl	pseudo	Uncategorized	False	False								
G7322	b2519	pbpC	mRNA	Metabolism	False	False								
EG12015	b2134	pbpG	mRNA	Metabolism	False	True	cell wall geometry/expansion	m					y	
EG10688	b3403	pck	mRNA	Metabolism	True	True								
EG10689	b2743	pcm	mRNA	Protein maturation side-chain modification	False	True								
EG10690	b0143	pcnB	mRNA	RNA processing	False	False								
EG11145	b2395	pdeA	mRNA	Unknown function	False	False								
G6252	b0457	pdeB	mRNA	Unknown function	False	False								
EG11938	b4061	pdeC	mRNA	Unknown function	False	True								
G6996	b1815	pdeD	mRNA	Unclear/under-characterized	False	False								
G7314	b2503	pdeF	mRNA	Metabolism	False	True	biofilm/stress signalling compound	m					n	
G6608	b1168	pdeG	mRNA	Unknown function	False	False								
EG12252	b3525	pdeH	mRNA	Unclear/under-characterized	False	True								
G6433	b0833	pdeI	mRNA	Unknown function	False	False								
EG12256	b3529	pdeK	mRNA	Unknown function	False	True								
EG11236	b0315	pdeL	mRNA	Phosphorylation regulation	False	True								
G7148	b2176	pdeN	mRNA	Unknown function	False	False								
G6639	b1285	pdeR	mRNA	Transcription regulation	False	True								
EG11088	b0113	pdhR	mRNA	Transcription regulation	False	False								
EG10691	b0052	pdxA	mRNA	Metabolism	True	True								
G0-9461	b2320	pdxB	mRNA	Uncategorized	False	True								
EG11487	b1638	pdxH	mRNA	Metabolism	True	True								
EG11309	b1406	pdxI	mRNA	Unknown function	False	True								
EG10693	b2564	pdxJ	mRNA	Metabolism	True	True								
G7259	b2418	pdxK	mRNA	Metabolism	True	True								
G6879	b1636	pdxY	mRNA	Metabolism	True	True								Metabolism
G0-10555	b4508	peaD	pseudo	Uncategorized	False	False								
EG10694	b4260	pepA	mRNA	Metabolism	True	True								
EG12310	b2523	pepB	mRNA	Metabolism	True	True								
EG10695	b0237	pepD	mRNA	Metabolism	True	True								
EG11920	b4021	pepE	mRNA	Protein Decay	False	True								
EG10696	b0932	pepN	mRNA	Metabolism	True	True								
EG10697	b2908	pepP	mRNA	Protein Decay	False	True								
EG10698	b3847	pepQ	mRNA	Protein Decay	False	True								
EG11549	b1127	pepT	mRNA	Protein Decay	False	True								
G6129	b0254	perR	mRNA	Transcription regulation	False	False								
EG10699	b3916	pfkA	mRNA	Metabolism	True	True								
EG10700	b1723	pfkB	mRNA	Metabolism	True	True								Metabolism
EG10028	b0902	pflA	mRNA	Metabolism	False	True	activates central anaerobic metabolism enzyme	m					n	
EG10701	b0903	pflB	mRNA	Metabolism	False	False								
EG11911	b3952	pflC	mRNA	Metabolism	False	False								
EG11910	b3951	pflD	mRNA	Metabolism	False	False								
G6531	b1024	pgaA	mRNA	Unclear/under-characterized	False	True								
G6530	b1023	pgaB	mRNA	Unclear/under-characterized	True	True								
G6529	b1022	pgaC	mRNA	Unclear/under-characterized	False	True								
G6528	b1021	pgaD	mRNA	Unclear/under-characterized	False	True								
EG10702	b4025	pgi	mRNA	Metabolism	True	True								
EG10703	b2926	pgk	mRNA	Metabolism	True	True								
G6397	b0767	pgl	mRNA	Metabolism	True	True								Metabolism
EG12144	b0688	pgm	mRNA	Uncategorized	True	True								Uncategorized
EG10704	b0418	pgpA	mRNA	Metabolism	True	True								
EG10705	b1278	pgpB	mRNA	Metabolism	True	True								
EG11371	b2560	pgpC	mRNA	Cell structure membrane	True	True								
G6664	b1328	pgrR	mRNA	Unknown function	False	False								
EG10706	b1912	pgsA	mRNA	Metabolism	True	True								
EG10707	b2599	pheA	mRNA	Metabolism	True	True								Metabolism
EG11271	b2598	pheL	mRNA	Transcription regulation	False	False								
EG11272	b1715	pheM	mRNA	Transcription regulation	False	False								
EG10708	b0576	pheP	mRNA	Metabolism	True	True								
EG10709	b1714	pheS	mRNA	tRNA synthetase	True	True								tRNA synthetase
EG10710	b1713	pheT	mRNA	tRNA synthetase	True	True								tRNA synthetase
EG30064	b4134	pheU	tRNA	tRNA	False	True								
EG30065	b2967	pheV	tRNA	tRNA	False	True								
EG10713	b4106	phnC	mRNA	Metabolism	True	True								
EG10714	b4105	phnD	mRNA	Metabolism	True	True								
EG11283	b4103	phnE	pseudo	Uncategorized	True	True								
EG10715	b4102	phnF	mRNA	Transcription regulation	False	False								
EG10716	b4101	phnG	mRNA	Metabolism	False	True	phosphonate (P source) metabolism	y					c	
EG10717	b4100	phnH	mRNA	Metabolism	False	True	phosphonate (P source) metabolism	y					c	
EG10718	b4099	phnI	mRNA	Metabolism	False	True	phosphonate (P source) metabolism	y					c	
EG10719	b4098	phnJ	mRNA	Metabolism	False	True	phosphonate (P source) metabolism	y					c	
EG10720	b4097	phnK	mRNA	Metabolism	False	False								
EG10721	b4096	phnL	mRNA	Metabolism	False	True	phosphonate (P source) metabolism	y					c	
EG10722	b4095	phnM	mRNA	Metabolism	False	True	phosphonate (P source) metabolism	y					c	
EG10723	b4094	phnN	mRNA	Metabolism	True	True								
EG10724	b4093	phnO	mRNA	Unclear/under-characterized	True	True								
EG10725	b4092	phnP	mRNA	Metabolism	False	True	phosphonate (P source) metabolism	y					c	
EG10727	b0383	phoA	mRNA	Metabolism	True	True								
EG10728	b0399	phoB	mRNA	Transcription regulation	False	False								
EG10729	b0241	phoE	mRNA	Metabolism	True	True								
EG11734	b1020	phoH	mRNA	Unknown function	False	False								
EG10731	b1130	phoP	mRNA	Transcription regulation	False	False								
EG10732	b1129	phoQ	mRNA	Phosphorylation regulation	False	False								
EG10733	b0400	phoR	mRNA	Phosphorylation regulation	False	True								
EG10735	b3724	phoU	mRNA	Transcription regulation	False	False								
G7731	b3379	php	mRNA	Unknown function	False	False								
EG10736	b0708	phr	mRNA	DNA repair	False	True								
EG10737	b1158	pinE	mRNA	Recombination	False	False								
G7383	b2648	pinH	pseudo	Uncategorized	False	False								
G6819	b1545	pinQ	mRNA	Unknown function	False	False								
G6697	b1374	pinR	mRNA	Prophage	False	False								
EG12230	b3493	pitA	mRNA	Metabolism	True	True								
EG12883	b2987	pitB	mRNA	Metabolism	True	True								
EG11896	b2014	plaP	mRNA	Metabolism	True	True								
EG12278	b3574	plaR	mRNA	Transcription regulation	False	False								
EG10738	b3821	pldA	mRNA	Metabolism	False	True	outer membrane stabilization	n	Generic / cell membrane				y	
EG10739	b3825	pldB	mRNA	Metabolism	True	True								
G6615	b1178	pliG	mRNA	Extracellular toxin resistance	False	False								
EG10740	b4041	plsB	mRNA	Metabolism	True	True								
EG11377	b3018	plsC	mRNA	Metabolism	True	True								
EG11437	b1090	plsX	mRNA	Metabolism	False	True	putative function, acp acyltransferase	m					n	
EG11674	b3059	plsY	mRNA	Metabolism	False	False								
G7172	b2259	pmrD	mRNA	Unclear/under-characterized	False	False								
G0-10707	b4703	pmrR	mRNA	Unknown function	False	False								
EG11135	b1768	pncA	mRNA	Metabolism	True	True								
EG10742	b0931	pncB	mRNA	Metabolism	True	True								
G7409	b2700	pncC	mRNA	Metabolism	True	True								
EG10743	b3164	pnp	mRNA	RNA decay	True	True								
EG10744	b1603	pntA	mRNA	Metabolism	True	True								Metabolism
EG10745	b1602	pntB	mRNA	Metabolism	True	True								
EG11700	b0751	pnuC	mRNA	Metabolism	False	True	nicotinamide riboside transport	y					c	
EG10746	b3863	polA	mRNA	DNA Repair	True	True								
EG10747	b0060	polB	mRNA	DNA Repair	False	False								
EG10749	b1126	potA	mRNA	Metabolism	True	True								
EG10750	b1125	potB	mRNA	Metabolism	True	True								Metabolism
EG10751	b1124	potC	mRNA	Metabolism	True	True								
EG10752	b1123	potD	mRNA	Metabolism	True	True								
EG10753	b0692	potE	mRNA	Metabolism	True	True								
EG11629	b0854	potF	mRNA	Metabolism	True	True								
EG11630	b0855	potG	mRNA	Metabolism	True	True								Metabolism
EG11631	b0856	potH	mRNA	Metabolism	True	True								Metabolism
EG11632	b0857	potI	mRNA	Metabolism	True	True								Metabolism
EG10754	b0871	poxB	mRNA	Metabolism	True	True								
EG10755	b4226	ppa	mRNA	Metabolism	True	True								Metabolism
EG10756	b3956	ppc	mRNA	Metabolism	True	True								
EG12081	b2826	ppdA	mRNA	Unknown function	False	False								
EG11156	b2825	ppdB	mRNA	Unknown function	False	False								
EG11154	b2823	ppdC	mRNA	Unknown function	False	False								
EG12107	b0108	ppdD	mRNA	Uncategorized	False	False								
G7011	b1838	pphA	mRNA	Stress response	True	True								
G7415	b2734	pphB	mRNA	Phosphorylation regulation	True	True								
G7111	b2072	pphC	mRNA	Unknown function	False	True								
EG10757	b3363	ppiA	mRNA	Protein maturation side-chain modification	True	True								
EG10758	b0525	ppiB	mRNA	Protein maturation side-chain modification	True	True								
EG12352	b3775	ppiC	mRNA	Metabolism	True	True								
G6242	b0441	ppiD	mRNA	Protein maturation chaperone	False	False								
EG11510	b2501	ppk	mRNA	Metabolism	True	True								
EG12373	b2795	ppnN	mRNA	Unknown function	False	True								
EG12159	b0391	ppnP	mRNA	Uncategorized	False	True								
G7539	b2972	pppA	mRNA	Unclear/under-characterized	False	False								
EG10759	b1702	ppsA	mRNA	Metabolism	True	True								Metabolism
EG11132	b1703	ppsR	mRNA	Phosphorylation regulation	False	False								
EG11761	b1461	pptA	mRNA	Metabolism	False	True	converts non-useful tautomer to useful one faster	m					y	
EG11403	b2502	ppx	mRNA	Metabolism	False	False								
G6490	b0950	pqiA	mRNA	Unknown function	False	False								
G6491	b0951	pqiB	mRNA	Unknown function	False	False								
G6492	b0952	pqiC	mRNA	Unknown function	False	False								
EG11744	b1494	pqqL	mRNA	Unknown function	False	False								
EG10760	b1830	prc	mRNA	Protein Decay	False	True								
EG11289	b2147	preA	mRNA	Metabolism	True	True								
G7145	b2146	preT	mRNA	Metabolism	True	True								
EG10761	b1211	prfA	mRNA	Translation	False	False								
EG10762	b2891	prfB	mRNA	Translation	False	False								
EG12114	b4375	prfC	mRNA	Translation	False	False								
EG11496	b0236	prfH	pseudo	Uncategorized	False	False								
EG10763	b3935	priA	mRNA	DNA Repair	False	False								
EG10764	b4201	priB	mRNA	Replication	False	False								
EG10765	b0467	priC	mRNA	Replication	False	False								
EG12365	b3355	prkB	mRNA	Unknown function	False	False								
EG11441	b3498	prlC	mRNA	Unclear/under-characterized	False	False								
EG10955	b3129	prlF	mRNA	Toxin/antitoxin	False	False								
EG11497	b3259	prmA	mRNA	Protein maturation side-chain modification	False	True								
EG12449	b2330	prmB	mRNA	Uncategorized	False	True								
EG12424	b1212	prmC	mRNA	Uncategorized	True	True								Uncategorized
EG10767	b0243	proA	mRNA	Metabolism	True	True								
EG10768	b0242	proB	mRNA	Metabolism	True	True								
EG10769	b0386	proC	mRNA	Metabolism	True	True								Metabolism
EG30066	b3545	proK	tRNA	tRNA	False	True								
EG30067	b2189	proL	tRNA	tRNA	False	True								
EG30068	b3799	proM	tRNA	tRNA	False	True								
EG11612	b4111	proP	mRNA	Metabolism	True	True								
EG12866	b1831	proQ	mRNA	Uncategorized	False	False								
EG10770	b0194	proS	mRNA	tRNA synthetase	True	True								tRNA synthetase
EG10771	b2677	proV	mRNA	Metabolism	True	True								
EG10772	b2678	proW	mRNA	Metabolism	True	True								Metabolism
EG10773	b2679	proX	mRNA	Metabolism	True	True								
G6233	b0402	proY	mRNA	Metabolism	False	False								
G6196	b0331	prpB	mRNA	Metabolism	True	True								
G6198	b0333	prpC	mRNA	Metabolism	True	True								
G6199	b0334	prpD	mRNA	Metabolism	True	True								Metabolism
G6200	b0335	prpE	mRNA	Metabolism	True	True								
G6195	b0330	prpR	mRNA	Transcription regulation	False	False								
EG10774	b1207	prs	mRNA	Metabolism	True	True								Metabolism
G0-16660	b4645	psaA	pseudo	Uncategorized	False	False								
EG10775	b4160	psd	mRNA	Metabolism	False	False								
EG11209	b4030	psiE	mRNA	Unclear/under-characterized	False	False								
EG11401	b0384	psiF	mRNA	Stress response	False	False								
EG10776	b1304	pspA	mRNA	Transcription regulation	False	False								
EG10777	b1305	pspB	mRNA	Transcription regulation	False	False								
EG10778	b1306	pspC	mRNA	Transcription regulation	False	False								
EG10779	b1307	pspD	mRNA	Stress response	False	False								
EG10780	b1308	pspE	mRNA	Metabolism	False	True	Catalyzes cyanide reaction but unknown function	m					n	
EG12344	b1303	pspF	mRNA	Uncategorized	False	False								
EG11933	b4050	pspG	mRNA	Unknown function	False	False								
G0-16700	b4758	pspH	miscRNA	Uncategorized	False	False								
EG10781	b2585	pssA	mRNA	Metabolism	True	True								
G0-17028	b4782	pssL	mRNA	Uncategorized	False	False								
EG10782	b3726	pstA	mRNA	Metabolism	True	True								Metabolism
EG10783	b3725	pstB	mRNA	Metabolism	True	True								
EG10784	b3727	pstC	mRNA	Metabolism	True	True								
EG10734	b3728	pstS	mRNA	Metabolism	True	True								
EG12033	b2165	psuG	mRNA	Metabolism	True	True								
EG11646	b2166	psuK	mRNA	Metabolism	False	True	pseudouridine metabolism (urine growth)	y					c	
EG12032	b2164	psuT	mRNA	Unknown function	False	True								
EG20173	b2297	pta	mRNA	Uncategorized	True	True								
EG10785	b1204	pth	mRNA	Translation	False	True								
EG10786	b2821	ptrA	mRNA	Protein Decay	False	True								
EG11004	b1845	ptrB	mRNA	Protein Decay	False	False								
EG11906	b3947	ptsA	mRNA	Unclear/under-characterized	False	False								
EG10787	b1101	ptsG	mRNA	Metabolism	True	True								
EG10788	b2415	ptsH	mRNA	Metabolism	False	False								
EG10789	b2416	ptsI	mRNA	Metabolism	False	True	General PTS protein required for carbon source transport	y					c	
EG11682	b3204	ptsN	mRNA	Phosphorylation regulation	False	False								
EG12188	b2829	ptsP	mRNA	Unclear/under-characterized	False	False								
EG12141	b1660	punC	mRNA	Uncategorized	False	False								
EG12140	b1659	punR	mRNA	Uncategorized	False	False								
EG10790	b4177	purA	mRNA	Metabolism	True	True								Metabolism
EG11314	b1131	purB	mRNA	Metabolism	True	True								Metabolism
EG10791	b2476	purC	mRNA	Metabolism	True	True								Metabolism
EG10792	b4005	purD	mRNA	Metabolism	True	True								Metabolism
EG10793	b0523	purE	mRNA	Metabolism	True	True								Metabolism
EG10794	b2312	purF	mRNA	Metabolism	True	True								Metabolism
EG10795	b4006	purH	mRNA	Metabolism	True	True								Metabolism
EG10796	b0522	purK	mRNA	Metabolism	True	True								Metabolism
EG10797	b2557	purL	mRNA	Metabolism	True	True								Metabolism
EG10798	b2499	purM	mRNA	Metabolism	True	True								Metabolism
EG10799	b2500	purN	mRNA	Metabolism	True	True								
EG10800	b1658	purR	mRNA	Transcription regulation	False	False								
EG11809	b1849	purT	mRNA	Metabolism	True	True								
EG11819	b1232	purU	mRNA	Metabolism	True	True								Metabolism
EG10801	b1014	putA	mRNA	Metabolism	True	True								
EG10802	b1015	putP	mRNA	Metabolism	True	True								
G6644	b1297	puuA	mRNA	Metabolism	True	True								
EG11822	b1301	puuB	mRNA	Metabolism	True	True								
EG10036	b1300	puuC	mRNA	Metabolism	True	True								Metabolism
G6645	b1298	puuD	mRNA	Metabolism	True	True								
G6646	b1302	puuE	mRNA	Metabolism	True	True								
G6643	b1296	puuP	mRNA	Metabolism	True	True								Metabolism
EG12431	b1299	puuR	mRNA	Uncategorized	False	False								
G6382	b0713	pxpA	mRNA	Unknown function	False	True								
G6380	b0711	pxpB	mRNA	Unknown function	False	True								
G6381	b0712	pxpC	mRNA	Unknown function	False	True								
EG10803	b1854	pykA	mRNA	Metabolism	True	True								Metabolism
EG10804	b1676	pykF	mRNA	Metabolism	True	True								
EG10805	b4245	pyrB	mRNA	Metabolism	True	True								Metabolism
EG10806	b1062	pyrC	mRNA	Metabolism	True	True								Metabolism
EG10807	b0945	pyrD	mRNA	Metabolism	True	True								Metabolism
EG10808	b3642	pyrE	mRNA	Metabolism	True	True								Metabolism
EG10809	b1281	pyrF	mRNA	Metabolism	True	True								Metabolism
EG10810	b2780	pyrG	mRNA	Metabolism	True	True								Metabolism
EG11539	b0171	pyrH	mRNA	Metabolism	True	True								Metabolism
EG10811	b4244	pyrI	mRNA	Metabolism	True	True								Metabolism
EG11279	b4246	pyrL	mRNA	Transcription regulation	False	False								
G7244	b2381	pyrR	mRNA	Unknown function	False	False								
G7243	b2380	pyrS	mRNA	Unknown function	False	False								
G6265	b0489	qmcA	mRNA	Unclear/under-characterized	False	False								
EG11492	b4051	qorA	mRNA	Metabolism	True	True								
G7868	b4211	qorB	mRNA	Unclear/under-characterized	True	True								Unclear/under-characterized
G7575	b3025	qseB	mRNA	Transcription regulation	False	False								
EG12658	b3026	qseC	mRNA	Phosphorylation regulation	False	False								
EG12139	b2555	qseG	mRNA	Unknown function	False	False								
EG10812	b0405	queA	mRNA	tRNA modification	False	True								
G6245	b0444	queC	mRNA	Metabolism	False	True	queuosine biosynthesis (trna precision), mutant decreases fitness	y					y	
G7431	b2765	queD	mRNA	Metabolism	False	True	queuosine biosynthesis (trna precision), mutant decreases fitness	y					y	
G7443	b2777	queE	mRNA	Unclear/under-characterized	False	True								
G7452	b2794	queF	mRNA	Metabolism	False	True	queuosine biosynthesis (trna precision), mutant decreases fitness	y					y	
G7843	b4166	queG	mRNA	tRNA modification	False	True								
G6307	b0551	quuD	mRNA	Prophage	False	False								
EG10813	b1351	racC	mRNA	Prophage	False	False								
G6680	b1356	racR	mRNA	Prophage	False	False								
EG11296	b4389	radA	mRNA	Unclear/under-characterized	False	False								
EG12045	b2184	radD	mRNA	Unknown function	False	True								
EG11151	b2597	raiA	mRNA	Translation	False	False								
G0-17078	b4805	raiZ	miscRNA	Uncategorized	False	False								
G0-16600	b4714	ralA	miscRNA	Uncategorized	False	False								
EG11900	b1348	ralR	mRNA	Uncategorized	False	False								
EG11083	b0059	rapA	mRNA	Transcription	False	False								
EG12146	b3205	rapZ	mRNA	Post-Transcription regulation	False	False								
EG12690	b0892	rarA	mRNA	Uncategorized	False	False								
EG11466	b3819	rarD	mRNA	Unknown function	False	False								
G7358	b2619	ratA	mRNA	Toxin/antitoxin	False	False								
EG11731	b3746	ravA	mRNA	Unclear/under-characterized	False	True								
G6112	b0228	rayT	mRNA	Transposition	False	False								
EG12223	b3486	rbbA	mRNA	Translation	False	False								
EG11178	b3167	rbfA	mRNA	Stress response	False	False								
G7175	b2268	rbn	mRNA	tRNA modification	True	True								
EG10814	b3749	rbsA	mRNA	Metabolism	False	True	ribose ABC transport	y					c	
EG10815	b3751	rbsB	mRNA	Metabolism	False	True	ribose ABC transport	y					c	
EG10816	b3750	rbsC	mRNA	Metabolism	False	True	ribose ABC transport	y					c	
EG10817	b3748	rbsD	mRNA	Metabolism	True	True								
EG10818	b3752	rbsK	mRNA	Metabolism	False	True	ribose metabolism	y					c	
EG10819	b3753	rbsR	mRNA	Transcription regulation	False	False								
G0-17077	b4804	rbsZ	miscRNA	Uncategorized	False	False								
EG11901	b1347	rcbA	mRNA	Uncategorized	False	False								
G6444	b0846	rcdA	mRNA	Unknown function	False	False								
EG12247	b3521	rcdB	mRNA	Unknown function	False	False								
G6174	b0304	rclA	mRNA	Unknown function	False	True								
G6173	b0303	rclB	mRNA	Unknown function	False	False								
G6171	b0301	rclC	mRNA	Unknown function	False	False								
G6175	b0305	rclR	mRNA	Unknown function	False	False								
G7138	b2106	rcnA	mRNA	Metabolism	True	True								Metabolism
G7139	b2107	rcnB	mRNA	Metabolism	False	False								
G7137	b2105	rcnR	mRNA	Transcription regulation	False	False								
EG10820	b1951	rcsA	mRNA	Transcription regulation	False	False								
EG10821	b2217	rcsB	mRNA	Transcription regulation	True	True								
EG10822	b2218	rcsC	mRNA	Phosphorylation regulation	False	False								
EG12385	b2216	rcsD	mRNA	Uncategorized	False	False								
EG11502	b0196	rcsF	mRNA	Unclear/under-characterized	False	False								
EG11210	b4109	rdcA	mRNA	Unknown function	False	False								
G7823	b4110	rdcB	mRNA	Unknown function	False	False								
G7530	b2954	rdgB	mRNA	Metabolism	True	True								Metabolism
EG12158	b0393	rdgC	mRNA	Uncategorized	False	False								
G0-9603	b4420	rdlA	miscRNA	Uncategorized	False	False								
G0-9606	b4422	rdlB	miscRNA	Uncategorized	False	False								
G0-9608	b4424	rdlC	miscRNA	Uncategorized	False	False								
G0-9042	b4454	rdlD	miscRNA	Uncategorized	False	False								
EG10823	b2699	recA	mRNA	DNA Repair	False	False								
EG10824	b2820	recB	mRNA	DNA Repair	False	False								
EG10825	b2822	recC	mRNA	DNA Repair	False	False								
EG10826	b2819	recD	mRNA	DNA Repair	False	False								
EG10827	b1350	recE	mRNA	DNA Repair	False	False								
EG10828	b3700	recF	mRNA	DNA Repair	False	False								
EG10829	b3652	recG	mRNA	DNA Repair	False	False								
EG10830	b2892	recJ	mRNA	DNA Repair	False	False								
EG10831	b2616	recN	mRNA	DNA Repair	False	False								
EG10832	b2565	recO	mRNA	DNA Repair	False	False								
EG10833	b3822	recQ	mRNA	DNA Repair	False	False								
EG10834	b0472	recR	mRNA	DNA Repair	False	False								
EG11899	b1349	recT	mRNA	Uncategorized	False	False								
EG12080	b2698	recX	mRNA	DNA Repair	False	False								
EG10835	b2784	relA	mRNA	Metabolism	True	True								
EG10836	b1564	relB	mRNA	Toxin/antitoxin	False	False								
EG11131	b1563	relE	mRNA	Toxin/antitoxin	False	False								
EG11129	b1561	rem	mRNA	Unknown function	False	False								
G6298	b0542	renD	pseudo	Uncategorized	False	False								
EG10837	b3778	rep	mRNA	Replication	False	False								
EG10838	b3619	rfaD	mRNA	Metabolism	True	True								Metabolism
EG10839	b3842	rfaH	mRNA	Transcription	False	False								
EG11978	b2039	rfbA	mRNA	Metabolism	True	True								
EG12412	b2041	rfbB	mRNA	Uncategorized	True	True								
EG11979	b2038	rfbC	mRNA	Metabolism	True	True								
EG12411	b2040	rfbD	mRNA	Uncategorized	True	True								
EG11980	b2037	rfbX	mRNA	Metabolism	False	False								
EG10840	b3784	rfe	mRNA	Metabolism	False	True	Outer membrane permeability factor biosynthesis	y					y	
EG11455	b3790	rffC	mRNA	Metabolism	False	True	Outer membrane permeability factor biosynthesis	y					y	
EG11453	b3788	rffG	mRNA	Metabolism	True	True								
EG11454	b3789	rffH	mRNA	Metabolism	True	True								
EG11458	b3794	rffM	mRNA	Metabolism	False	True	Outer membrane permeability factor biosynthesis	y					y	
G6925	b1707	rflP	mRNA	Unknown function	False	False								
EG11867	b3903	rhaA	mRNA	Metabolism	True	True								Metabolism
EG11868	b3904	rhaB	mRNA	Metabolism	True	True								
EG11866	b3902	rhaD	mRNA	Metabolism	True	True								Metabolism
EG11865	b3901	rhaM	mRNA	Metabolism	True	True								
EG10842	b3906	rhaR	mRNA	Transcription regulation	False	False								
EG10843	b3905	rhaS	mRNA	Transcription regulation	False	False								
EG11313	b3907	rhaT	mRNA	Metabolism	True	True								
EG10844	b3780	rhlB	mRNA	RNA decay	True	True								
EG11235	b0797	rhlE	mRNA	Unclear/under-characterized	False	False								
G7160	b2247	rhmD	mRNA	Metabolism	True	True								
EG10845	b3783	rho	mRNA	Transcription	False	False								
EG12428	b3782	rhoL	mRNA	Uncategorized	False	False								
EG10846	b3593	rhsA	mRNA	Unclear/under-characterized	False	False								
EG10847	b3482	rhsB	mRNA	Unclear/under-characterized	False	False								
EG10848	b0700	rhsC	mRNA	Unclear/under-characterized	False	False								
EG10849	b0497	rhsD	mRNA	Unclear/under-characterized	False	False								
EG10010	b1456	rhsE	pseudo	Uncategorized	False	False								
EG12134	b0813	rhtA	mRNA	Uncategorized	True	True								
EG11469	b3824	rhtB	mRNA	Metabolism	False	True	Export of cell signalling metabolites? transporter	y					y	
EG11468	b3823	rhtC	mRNA	Metabolism	True	True								
EG11331	b1277	ribA	mRNA	Metabolism	True	True								
EG10465	b3041	ribB	mRNA	Metabolism	True	True								Metabolism
EG11406	b1662	ribC	mRNA	Metabolism	True	True								
EG11321	b0414	ribD	mRNA	Metabolism	True	True								
EG11322	b0415	ribE	mRNA	Metabolism	True	True								
EG11079	b0025	ribF	mRNA	Metabolism	True	True								
G7877	b4243	ridA	mRNA	Unclear/under-characterized	False	False								
G6358	b0651	rihA	mRNA	Metabolism	True	True								
EG12030	b2162	rihB	mRNA	Metabolism	True	True								Metabolism
EG11082	b0030	rihC	mRNA	Metabolism	True	True								Metabolism
EG10850	b4373	rimI	mRNA	Protein maturation side-chain modification	False	True								
EG10851	b1066	rimJ	mRNA	Protein maturation side-chain modification	False	True								
EG10852	b0852	rimK	mRNA	Protein maturation peptide addition	False	True								
EG10853	b1427	rimL	mRNA	Protein maturation side-chain modification	False	True								
EG11153	b2608	rimM	mRNA	rRNA maturation	False	False								
G6435	b0835	rimO	mRNA	rRNA maturation	False	True								
EG11179	b3170	rimP	mRNA	rRNA maturation	False	False								
G0-16662	b4760	rirA	miscRNA	Uncategorized	False	False								
G6746	b1435	rlhA	mRNA	Unknown function	False	True								
EG12207	b1822	rlmA	mRNA	Uncategorized	False	True								
G7845	b4180	rlmB	mRNA	rRNA maturation	False	True								
G6449	b0859	rlmC	mRNA	rRNA maturation	False	True								
EG11247	b2785	rlmD	mRNA	rRNA maturation	False	True								
EG11507	b3179	rlmE	mRNA	rRNA maturation	False	True								
G6416	b0807	rlmF	mRNA	rRNA maturation	False	True								
G7603	b3084	rlmG	mRNA	rRNA maturation	False	True								
EG11254	b0636	rlmH	mRNA	rRNA maturation	False	True								
G6501	b0967	rlmI	mRNA	rRNA maturation	False	True								
EG12234	b3499	rlmJ	mRNA	Unclear/under-characterized	False	True								
G6488	b0948	rlmL	mRNA	rRNA maturation	False	True								
EG11794	b2806	rlmM	mRNA	rRNA maturation	False	True								
EG12401	b2517	rlmN	mRNA	rRNA maturation	False	True								
EG10854	b0633	rlpA	mRNA	Unclear/under-characterized	False	False								
EG12609	b0058	rluA	mRNA	Uncategorized	False	True								
EG12433	b1269	rluB	mRNA	Uncategorized	False	True								
EG11118	b1086	rluC	mRNA	rRNA maturation	False	True								
EG12098	b2594	rluD	mRNA	rRNA maturation	False	True								
G6581	b1135	rluE	mRNA	rRNA maturation	False	True								
EG11921	b4022	rluF	mRNA	rRNA maturation	False	True								
EG50004	b0953	rmf	mRNA	Uncategorized	False	False								
EG11472	b3832	rmuC	mRNA	Recombination	False	False								
EG10856	b0611	rna	mRNA	RNA decay	True	True								
EG11620	b1286	rnb	mRNA	RNA decay	True	True								RNA decay
EG10857	b2567	rnc	mRNA	rRNA maturation	True	True								
EG10858	b1804	rnd	mRNA	tRNA modification	True	True								
EG10859	b1084	rne	mRNA	RNA decay	True	True								
EG11299	b3247	rng	mRNA	rRNA maturation	True	True								
EG10860	b0214	rnhA	mRNA	Replication	True	True								
EG10861	b0183	rnhB	mRNA	Replication	True	True								
G6337	b0610	rnk	mRNA	Transcription regulation	False	False								
G7365	b2630	rnlA	mRNA	RNA decay	True	True								
G7366	b2631	rnlB	mRNA	Toxin/antitoxin	False	False								
EG10862	b3704	rnpA	mRNA	tRNA modification	True	True								
EG30069	b3123	rnpB	miscRNA	Uncategorized	False	False								
EG11259	b4179	rnr	mRNA	RNA decay	True	True								
EG11547	b1652	rnt	mRNA	tRNA modification	True	True								
EG11366	b4396	rob	mRNA	Transcription regulation	False	False								
EG10015	b2516	rodZ	mRNA	Cell shape	False	False								
G6097	b0189	rof	mRNA	Physical interaction regulation	False	False								
EG11430	b1128	roxA	mRNA	Unknown function	False	True								
M004	b3386	rpe	mRNA	Metabolism	True	True								Metabolism
EG10863	b3643	rph	mRNA	Uncategorized	True	True								
EG11443	b2914	rpiA	mRNA	Metabolism	True	True								Metabolism
EG11827	b4090	rpiB	mRNA	Metabolism	True	True								
EG10864	b3984	rplA	mRNA	Ribosome assembly	True	True								Ribosome assembly
EG10865	b3317	rplB	mRNA	Ribosome assembly	True	True								Ribosome assembly
EG10866	b3320	rplC	mRNA	Ribosome assembly	True	True								Ribosome assembly
EG10867	b3319	rplD	mRNA	Ribosome assembly	True	True								Ribosome assembly
EG10868	b3308	rplE	mRNA	Ribosome assembly	True	True								Ribosome assembly
EG10869	b3305	rplF	mRNA	Ribosome assembly	True	True								Ribosome assembly
EG10870	b4203	rplI	mRNA	Ribosome assembly	True	True								Ribosome assembly
EG10871	b3985	rplJ	mRNA	Ribosome assembly	True	True								Ribosome assembly
EG10872	b3983	rplK	mRNA	Ribosome assembly	True	True								Ribosome assembly
EG10873	b3986	rplL	mRNA	Ribosome assembly	True	True								Ribosome assembly
EG10874	b3231	rplM	mRNA	Ribosome assembly	True	True								Ribosome assembly
EG10875	b3310	rplN	mRNA	Ribosome assembly	True	True								Ribosome assembly
EG10876	b3301	rplO	mRNA	Ribosome assembly	True	True								Ribosome assembly
EG10877	b3313	rplP	mRNA	Ribosome assembly	True	True								Ribosome assembly
EG10878	b3294	rplQ	mRNA	Ribosome assembly	True	True								Ribosome assembly
EG10879	b3304	rplR	mRNA	Ribosome assembly	True	True								Ribosome assembly
EG10880	b2606	rplS	mRNA	Ribosome assembly	True	True								Ribosome assembly
EG10881	b1716	rplT	mRNA	Ribosome assembly	True	True								Ribosome assembly
EG50001	b3186	rplU	mRNA	Ribosome assembly	True	True								Ribosome assembly
EG10882	b3315	rplV	mRNA	Ribosome assembly	True	True								Ribosome assembly
EG10883	b3318	rplW	mRNA	Ribosome assembly	True	True								Ribosome assembly
EG10884	b3309	rplX	mRNA	Ribosome assembly	True	True								Ribosome assembly
EG10885	b2185	rplY	mRNA	Ribosome assembly	True	True								Ribosome assembly
EG50002	b3185	rpmA	mRNA	Ribosome assembly	True	True								Ribosome assembly
EG10886	b3637	rpmB	mRNA	Ribosome assembly	True	True								Ribosome assembly
EG10887	b3312	rpmC	mRNA	Ribosome assembly	True	True								Ribosome assembly
EG10888	b3302	rpmD	mRNA	Ribosome assembly	True	True								Ribosome assembly
EG10889	b3936	rpmE	mRNA	Ribosome assembly	True	True								Ribosome assembly
EG10890	b1089	rpmF	mRNA	Ribosome assembly	True	True								Ribosome assembly
EG10891	b3636	rpmG	mRNA	Ribosome assembly	True	True								Ribosome assembly
EG10892	b3703	rpmH	mRNA	Ribosome assembly	True	True								Ribosome assembly
EG11231	b1717	rpmI	mRNA	Ribosome assembly	True	True								Ribosome assembly
EG11232	b3299	rpmJ	mRNA	Ribosome assembly	True	True								Ribosome assembly
EG11750	b3411	rpnA	mRNA	Unknown function	False	False								
G7197	b2305	rpnB	mRNA	Unknown function	False	False								
EG11748	b0132	rpnC	mRNA	Unknown function	False	False								
G7934	b4338	rpnD	pseudo	Uncategorized	False	False								
EG12323	b2244	rpnE	mRNA	Uncategorized	False	False								
EG10893	b3295	rpoA	mRNA	Transcription	True	True								Transcription
EG10894	b3987	rpoB	mRNA	Transcription	True	True								Transcription
EG10895	b3988	rpoC	mRNA	Transcription	True	True								Transcription
EG10896	b3067	rpoD	mRNA	Transcription	False	False								
EG11897	b2573	rpoE	mRNA	Transcription	False	False								
EG10897	b3461	rpoH	mRNA	Transcription	False	False								
EG10898	b3202	rpoN	mRNA	Transcription	False	False								
EG10510	b2741	rpoS	mRNA	Transcription	False	False								
EG10899	b3649	rpoZ	mRNA	Transcription	False	False								
G7459	b2830	rppH	mRNA	RNA decay	False	True								
G0-8863	b4431	rprA	miscRNA	Uncategorized	False	False								
EG10900	b0911	rpsA	mRNA	Ribosome assembly	True	True								Ribosome assembly
EG10901	b0169	rpsB	mRNA	Ribosome assembly	True	True								Ribosome assembly
EG10902	b3314	rpsC	mRNA	Ribosome assembly	True	True								Ribosome assembly
EG10903	b3296	rpsD	mRNA	Ribosome assembly	True	True								Ribosome assembly
EG10904	b3303	rpsE	mRNA	Ribosome assembly	True	True								Ribosome assembly
EG10905	b4200	rpsF	mRNA	Ribosome assembly	True	True								Ribosome assembly
EG10906	b3341	rpsG	mRNA	Ribosome assembly	True	True								Ribosome assembly
EG10907	b3306	rpsH	mRNA	Ribosome assembly	True	True								Ribosome assembly
EG10908	b3230	rpsI	mRNA	Ribosome assembly	True	True								Ribosome assembly
EG10909	b3321	rpsJ	mRNA	Ribosome assembly	True	True								Ribosome assembly
EG10910	b3297	rpsK	mRNA	Ribosome assembly	True	True								Ribosome assembly
EG10911	b3342	rpsL	mRNA	Ribosome assembly	True	True								Ribosome assembly
EG10912	b3298	rpsM	mRNA	Ribosome assembly	True	True								Ribosome assembly
EG10913	b3307	rpsN	mRNA	Ribosome assembly	True	True								Ribosome assembly
EG10914	b3165	rpsO	mRNA	Ribosome assembly	True	True								Ribosome assembly
EG10915	b2609	rpsP	mRNA	Ribosome assembly	True	True								Ribosome assembly
EG10916	b3311	rpsQ	mRNA	Ribosome assembly	True	True								Ribosome assembly
EG10917	b4202	rpsR	mRNA	Ribosome assembly	True	True								Ribosome assembly
EG10918	b3316	rpsS	mRNA	Ribosome assembly	True	True								Ribosome assembly
EG10919	b0023	rpsT	mRNA	Ribosome assembly	True	True								Ribosome assembly
EG10920	b3065	rpsU	mRNA	Ribosome assembly	True	True								Ribosome assembly
EG11879	b3929	rraA	mRNA	Physical interaction regulation	False	False								
G7885	b4255	rraB	mRNA	Physical interaction regulation	False	False								
EG30070	b3855	rrfA	rRNA	rRNA	False	False								
EG30071	b3971	rrfB	rRNA	rRNA	False	False								
EG30072	b3759	rrfC	rRNA	rRNA	False	False								
EG30073	b3274	rrfD	rRNA	rRNA	False	False								
EG30074	b4010	rrfE	rRNA	rRNA	False	False								
EG30091	b3272	rrfF	rRNA	rRNA	False	False								
EG30075	b2588	rrfG	rRNA	rRNA	False	False								
EG30076	b0205	rrfH	rRNA	rRNA	False	False								
EG30077	b3854	rrlA	rRNA	rRNA	False	False								
EG30078	b3970	rrlB	rRNA	rRNA	False	False								
EG30079	b3758	rrlC	rRNA	rRNA	False	False								
EG30080	b3275	rrlD	rRNA	rRNA	False	False								
EG30081	b4009	rrlE	rRNA	rRNA	False	False								
EG30082	b2589	rrlG	rRNA	rRNA	False	False								
EG30083	b0204	rrlH	rRNA	rRNA	False	False								
G6310	b0555	rrrD	mRNA	Prophage	True	True								
G6827	b1554	rrrQ	mRNA	Unknown function	False	False								
EG30084	b3851	rrsA	rRNA	rRNA	False	False								
EG30085	b3968	rrsB	rRNA	rRNA	False	False								
EG30086	b3756	rrsC	rRNA	rRNA	False	False								
EG30087	b3278	rrsD	rRNA	rRNA	False	False								
EG30088	b4007	rrsE	rRNA	rRNA	False	False								
EG30089	b2591	rrsG	rRNA	rRNA	False	False								
EG30090	b0201	rrsH	rRNA	rRNA	False	False								
EG11738	b3995	rsd	mRNA	Transcription	False	False								
EG12341	b2572	rseA	mRNA	Physical interaction regulation	False	False								
G7348	b2571	rseB	mRNA	Physical interaction regulation	False	False								
G7347	b2570	rseC	mRNA	Physical interaction regulation	False	False								
G0-16690	b4725	rseD	mRNA	Uncategorized	False	False								
EG12436	b0176	rseP	mRNA	Uncategorized	False	False								
G0-10574	b4603	rseX	miscRNA	Uncategorized	False	False								
EG11255	b0637	rsfS	mRNA	Unclear/under-characterized	False	False								
G7841	b4161	rsgA	mRNA	Metabolism	False	True	ribosome maturation but also generic gtpase	m					y	
EG10523	b0051	rsmA	mRNA	rRNA maturation	False	True								
EG12163	b3289	rsmB	mRNA	rRNA maturation	False	True								
G7950	b4371	rsmC	mRNA	rRNA maturation	False	True								
EG10343	b3465	rsmD	mRNA	rRNA maturation	False	True								
EG12366	b2946	rsmE	mRNA	rRNA maturation	False	True								
G7008	b1835	rsmF	mRNA	rRNA maturation	False	True								
EG10376	b3740	rsmG	mRNA	rRNA maturation	False	True								
EG11085	b0082	rsmH	mRNA	rRNA maturation	False	True								
G7641	b3146	rsmI	mRNA	rRNA maturation	True	True								
EG12233	b3497	rsmJ	mRNA	rRNA maturation	False	True								
G6839	b1581	rspA	mRNA	Metabolism	False	False								
G6838	b1580	rspB	mRNA	Unknown function	False	False								
G6814	b1540	rspR	mRNA	Unknown function	False	False								
EG12120	b1234	rssA	mRNA	Uncategorized	False	False								
EG12121	b1235	rssB	mRNA	Uncategorized	False	False								
G6864	b1608	rstA	mRNA	Transcription regulation	False	False								
EG11233	b1609	rstB	mRNA	Phosphorylation regulation	False	False								
EG12044	b2183	rsuA	mRNA	rRNA maturation	False	True								
G6871	b1627	rsxA	mRNA	Stress response	False	False								
G6872	b1628	rsxB	mRNA	Stress response	False	False								
G6873	b1629	rsxC	mRNA	Stress response	False	False								
G6874	b1630	rsxD	mRNA	Stress response	False	False								
G6876	b1632	rsxE	mRNA	Stress response	False	False								
G6875	b1631	rsxG	mRNA	Stress response	False	False								
G7750	b3420	rtcA	mRNA	Uncategorized	False	True								
G7751	b3421	rtcB	mRNA	RNA processing	False	True								
EG12356	b3422	rtcR	mRNA	Transcription regulation	False	False								
G0-9609	b4425	rttR	miscRNA	Uncategorized	False	False								
G6306	b0550	rusA	mRNA	Recombination	False	False								
G6523	b1012	rutA	mRNA	Metabolism	False	True	alternative pyridimine to nitrogen source metabolism	y					c	
G6522	b1011	rutB	mRNA	Metabolism	False	True	alternative pyridimine to nitrogen source metabolism	y					c	
G6521	b1010	rutC	mRNA	Metabolism	False	True	alternative pyridimine to nitrogen source metabolism	y					c	
G6520	b1009	rutD	mRNA	Metabolism	False	True	alternative pyridimine to nitrogen source metabolism	y					c	
G6519	b1008	rutE	mRNA	Metabolism	False	True	alternative pyridimine to nitrogen source metabolism	y					c	
G6518	b1007	rutF	mRNA	Metabolism	False	True	alternative pyridimine to nitrogen source metabolism	y					c	
G6517	b1006	rutG	mRNA	Metabolism	True	True								Metabolism
EG12301	b1013	rutR	mRNA	Uncategorized	False	False								
RUVA	b1861	ruvA	mRNA	DNA Repair	False	False								
RUVB	b1860	ruvB	mRNA	DNA Repair	False	False								
EG10925	b1863	ruvC	mRNA	DNA Repair	False	False								
G0-8881	b4416	rybA	miscRNA	Uncategorized	False	False								
G0-8880	b4417	rybB	miscRNA	Uncategorized	False	False								
G0-8876	b4430	rydB	miscRNA	Uncategorized	False	False								
G0-10592	b4597	rydC	miscRNA	Uncategorized	False	False								
G0-8865	b4432	ryeA	miscRNA	Uncategorized	False	False								
G0-16635		ryeG	miscRNA	Uncategorized	False	False								
G0-8879	b4440	ryfA	miscRNA	Uncategorized	False	False								
G0-10597	b4607	ryfB	phantom	Unknown function	False	False								
G0-10600	b4609	ryfD	miscRNA	Uncategorized	False	False								
G0-8872	b4451	ryhB	miscRNA	Uncategorized	False	False								
G0-8875	b4459	ryjA	miscRNA	Uncategorized	False	False								
G0-10609	b4624	ryjB	miscRNA	Uncategorized	False	False								
G0-10436	b4510	rzoD	mRNA	Unknown function	False	False								
G0-16675	b4689	rzoQ	mRNA	Prophage	False	False								
G0-10449	b4528	rzoR	mRNA	Prophage	False	False								
G6311	b0556	rzpD	mRNA	Unknown function	False	False								
G6826	b1553	rzpQ	mRNA	Unknown function	False	False								
G6686	b1362	rzpR	pseudo	Uncategorized	False	False								
G6811	b1525	sad	mRNA	Metabolism	True	True								
G6790	b1500	safA	mRNA	Physical interaction regulation	False	False								
EG12025	b2144	sanA	mRNA	Antibiotic resistance	False	False								
G2002	b1294	sapA	mRNA	Pathogenicity	False	False								
G2001	b1293	sapB	mRNA	Pathogenicity	False	True								
G2000	b1292	sapC	mRNA	Pathogenicity	False	True								
EG12304	b1291	sapD	mRNA	Uncategorized	False	True								
EG12305	b1290	sapF	mRNA	Uncategorized	False	True								
EG11512	b0010	satP	mRNA	Unknown function	True	True								
EG10926	b2011	sbcB	mRNA	DNA Repair	False	False								
EG10927	b0397	sbcC	mRNA	DNA Repair	False	False								
EG11094	b0398	sbcD	mRNA	Unclear/under-characterized	False	False								
EG10928	b0377	sbmA	mRNA	Microcin transporter	True	True								Microcin transporter
EG11892	b2009	sbmC	mRNA	Physical interaction regulation	False	False								
EG10929	b3917	sbp	mRNA	Metabolism	True	True								
EG11444	b2917	scpA	mRNA	Metabolism	True	True								
G7516	b2919	scpB	mRNA	Metabolism	True	True								Metabolism
G7517	b2920	scpC	mRNA	Metabolism	True	True								
EG10930	b1814	sdaA	mRNA	Metabolism	True	True								
EG11623	b2797	sdaB	mRNA	Metabolism	True	True								
EG12142	b2796	sdaC	mRNA	Metabolism	True	True								
EG10931	b0723	sdhA	mRNA	Metabolism	True	True								
EG10932	b0724	sdhB	mRNA	Metabolism	True	True								
EG10933	b0721	sdhC	mRNA	Metabolism	True	True								
EG10934	b0722	sdhD	mRNA	Metabolism	True	True								
G7510	b2897	sdhE	mRNA	Toxin/antitoxin	False	False								
G0-17009	b4764	sdhX	miscRNA	Uncategorized	False	False								
EG10935	b1916	sdiA	mRNA	Transcription regulation	False	False								
G0-10699	b4719	sdsN	miscRNA	Uncategorized	False	False								
G0-8883	b4433	sdsR	miscRNA	Uncategorized	False	False								
EG10936	b0098	secA	mRNA	Protein maturation translocation	False	False								
EG10937	b3609	secB	mRNA	Protein maturation chaperone	False	False								
EG10938	b0408	secD	mRNA	Protein maturation translocation	False	True								
EG10939	b3981	secE	mRNA	Protein maturation translocation	False	True								
EG10940	b0409	secF	mRNA	Protein maturation translocation	False	True								
EG12095	b3175	secG	mRNA	Protein maturation translocation	False	True								
EG11087	b0097	secM	mRNA	Translation regulation	False	False								
EG10766	b3300	secY	mRNA	Protein maturation translocation	False	True								
EG10941	b3591	selA	mRNA	Metabolism	False	True	selenocysteine cofactor synthesis	y					f	
EG10942	b3590	selB	mRNA	Translation	False	True								
EG30092	b3658	selC	tRNA	tRNA	False	True								
EG10943	b1764	selD	mRNA	Metabolism	False	True	selenocysteine cofactor synthesis	y					f	
G6924	b1706	selO	mRNA	Unknown function	False	True								
EG11768	b0503	selU	mRNA	tRNA modification	False	True								
EG12197	b0687	seqA	mRNA	Uncategorized	False	False								
EG10944	b2913	serA	mRNA	Metabolism	True	True								
EG10945	b4388	serB	mRNA	Metabolism	True	True								
EG10946	b0907	serC	mRNA	Metabolism	True	True								Metabolism
EG10947	b0893	serS	mRNA	tRNA synthetase	True	True								tRNA synthetase
EG30093	b0971	serT	tRNA	tRNA	False	True								
EG30094	b1975	serU	tRNA	tRNA	False	True								
EG30095	b2695	serV	tRNA	tRNA	False	True								
EG30096	b0883	serW	tRNA	tRNA	False	True								
EG30097	b1032	serX	tRNA	tRNA	False	True								
EG11754	b0070	setA	mRNA	Metabolism	True	True								
EG12034	b2170	setB	mRNA	Metabolism	True	True								
EG11687	b3659	setC	mRNA	Unknown function	False	False								
G6290	b0530	sfmA	mRNA	Unknown function	False	False								
G6291	b0531	sfmC	mRNA	Unclear/under-characterized	False	False								
G6292	b0532	sfmD	mRNA	Unclear/under-characterized	False	False								
EG12388	b0534	sfmF	mRNA	Uncategorized	False	False								
G6293	b0533	sfmH	mRNA	Unknown function	False	False								
EG10949	b0146	sfsA	mRNA	Transcription regulation	False	False								
EG10656	b3188	sfsB	mRNA	Transcription regulation	False	False								
EG12287	b3583	sgbE	mRNA	Metabolism	True	True								
EG12285	b3581	sgbH	mRNA	Metabolism	True	True								
EG12286	b3582	sgbU	mRNA	Unclear/under-characterized	True	True								Unclear/under-characterized
EG12554	b4302	sgcA	mRNA	Unknown function	False	False								
G0-10241	b4565	sgcB	mRNA	Unknown function	False	False								
EG12556	b4304	sgcC	mRNA	Unknown function	False	False								
G7914	b4301	sgcE	mRNA	Metabolism	False	False								
G7915	b4303	sgcQ	mRNA	Unknown function	False	False								
G7913	b4300	sgcR	mRNA	Unknown function	False	False								
EG12557	b4305	sgcX	mRNA	Unknown function	False	False								
EG12094	b0069	sgrR	mRNA	Uncategorized	False	False								
G0-9941	b4577	sgrS	miscRNA	Uncategorized	False	False								
G0-10617	b4662	sgrT	mRNA	Unclear/under-characterized	False	False								
G7067	b1981	shiA	mRNA	Metabolism	False	True	shikimate transport	y					c	
G0-10634	b4681	shoB	mRNA	Uncategorized	False	False								
G0-8884	b4436	sibA	miscRNA	Uncategorized	False	False								
G0-8885	b4437	sibB	miscRNA	Uncategorized	False	False								
G0-8886	b4446	sibC	miscRNA	Uncategorized	False	False								
G0-8913	b4447	sibD	miscRNA	Uncategorized	False	False								
G0-10602	b4611	sibE	miscRNA	Uncategorized	False	False								
EG12154	b1353	sieB	mRNA	Uncategorized	False	False								
G7211	b2340	sixA	mRNA	Protein maturation side-chain modification	False	True								
EG10455	b0178	skp	mRNA	Protein maturation chaperone	False	False								
EG11191	b3641	slmA	mRNA	Cytokinesis	False	False								
EG11890	b3506	slp	mRNA	Stress response	False	False								
EG10950	b4392	slt	mRNA	Metabolism	True	True								
G6882	b1642	slyA	mRNA	Unclear/under-characterized	False	False								
G6881	b1641	slyB	mRNA	Unknown function	False	False								
EG11663	b3349	slyD	mRNA	Protein maturation chaperone	True	True								Protein maturation chaperone
EG11664	b3348	slyX	mRNA	Unknown function	False	False								
EG11604	b3286	smf	mRNA	Uncategorized	False	False								
EG11605	b3284	smg	mRNA	Unknown function	False	False								
EG11782	b2620	smpB	mRNA	Translation	False	False								
G6672	b1340	smrA	mRNA	Unclear/under-characterized	False	False								
G7202	b2331	smrB	mRNA	Unknown function	False	False								
EG10953	b3908	sodA	mRNA	Metabolism	False	True	superoxide radical degradation	y					y	
EG10954	b1656	sodB	mRNA	Metabolism	False	True	superoxide radical degradation	y					y	
G6886	b1646	sodC	mRNA	Metabolism	True	True								
EG10956	b1272	sohB	mRNA	Unclear/under-characterized	False	False								
G0-10604	b4614	sokA	pseudo	Uncategorized	False	False								
G0-9611	b4429	sokB	miscRNA	Uncategorized	False	False								
G0-9581	b4413	sokC	miscRNA	Uncategorized	False	False								
G0-17110	b4835	sokE	miscRNA	Uncategorized	False	False								
G0-10695	b4701	sokX	miscRNA	Uncategorized	False	False								
G6556	b1059	solA	mRNA	Metabolism	False	False								
EG10957	b4063	soxR	mRNA	Transcription regulation	False	False								
EG10958	b4062	soxS	mRNA	Transcription regulation	False	False								
EG10959	b2938	speA	mRNA	Metabolism	False	True	putrescine (ubiquitious regulator) biosynthesis	y					y	
EG10960	b2937	speB	mRNA	Metabolism	True	True								
EG10961	b2965	speC	mRNA	Metabolism	True	True								
EG10962	b0120	speD	mRNA	Metabolism	False	False								
EG10963	b0121	speE	mRNA	Metabolism	True	True								
EG10964	b0693	speF	mRNA	Metabolism	True	True								
G0-17074	b4803	speFL	mRNA	Uncategorized	False	False								
G6842	b1584	speG	mRNA	Metabolism	True	True								Metabolism
EG30098	b3864	spf	miscRNA	Uncategorized	False	False								
EG10966	b3650	spoT	mRNA	Metabolism	True	True								
EG10968	b1766	sppA	mRNA	Protein Decay	False	False								
G6939	b1743	spy	mRNA	Protein maturation chaperone	False	False								
EG11508	b1480	sra	mRNA	Unclear/under-characterized	True	True								Unclear/under-characterized
G0-8861		sraA	miscRNA	Uncategorized	False	False								
G0-8862	b4418	sraB	miscRNA	Uncategorized	False	False								
G0-8869	b4448	sraF	phantom	Uncategorized	False	False								
G0-8870	b4449	sraG	miscRNA	Uncategorized	False	False								
EG11831	b3859	srkA	mRNA	Unclear/under-characterized	True	True								
G8210	b2702	srlA	mRNA	Metabolism	False	True	sorbitol transport	y					c	
EG10970	b2704	srlB	mRNA	Metabolism	False	True	sorbitol transport	y					c	
EG10971	b2705	srlD	mRNA	Metabolism	True	True								
EG10969	b2703	srlE	mRNA	Metabolism	False	True	sorbitol transport	y					c	
EG10974	b2707	srlR	mRNA	Transcription regulation	False	False								
EG10975	b2576	srmB	mRNA	Ribosome assembly	False	False								
G0-9381	b4762	sroA	miscRNA	Uncategorized	False	False								
G0-9383	b4763	sroC	miscRNA	Uncategorized	False	False								
G0-9384		sroD	phantom	Uncategorized	False	False								
G0-9385	b4761	sroE	miscRNA	Uncategorized	False	False								
G0-9387		sroG	phantom	Uncategorized	False	False								
G0-9388	b4691	sroH	miscRNA	Uncategorized	False	False								
EG10976	b4059	ssb	mRNA	Replication	False	False								
EG11600	b2521	sseA	mRNA	Metabolism	False	True	cysteine degradation, cyanide resistance	y					y	
EG11601	b2522	sseB	mRNA	Unclear/under-characterized	False	False								
G7498	b2879	ssnA	mRNA	Unclear/under-characterized	False	False								
EG10977	b3229	sspA	mRNA	Transcription regulation	False	False								
EG10978	b3228	sspB	mRNA	Physical interaction regulation	False	False								
EG30100	b2621	ssrA	miscRNA	Uncategorized	False	False								
EG30099	b2911	ssrS	miscRNA	Uncategorized	False	False								
EG12732	b3089	sstT	mRNA	Metabolism	True	True								
G6478	b0936	ssuA	mRNA	Metabolism	True	True								
EG12358	b0933	ssuB	mRNA	Uncategorized	True	True								
G6476	b0934	ssuC	mRNA	Metabolism	True	True								
G6477	b0935	ssuD	mRNA	Metabolism	True	True								
G6479	b0937	ssuE	mRNA	Metabolism	True	True								
G6599	b1157	stfE	pseudo	Uncategorized	False	False								
G6821	b1547	stfQ	mRNA	Unknown function	False	False								
G6695	b1372	stfR	mRNA	Prophage	False	False								
EG11428	b3962	sthA	mRNA	Metabolism	True	True								Metabolism
EG11554	b2669	stpA	mRNA	Transcription regulation	False	False								
EG10979	b0726	sucA	mRNA	Metabolism	True	True								
EG10980	b0727	sucB	mRNA	Metabolism	True	True								Metabolism
EG10981	b0728	sucC	mRNA	Metabolism	True	True								
EG10982	b0729	sucD	mRNA	Metabolism	True	True								Metabolism
EG11378	b1684	sufA	mRNA	Metabolism	False	False								
G6909	b1683	sufB	mRNA	Metabolism	False	False								
G6908	b1682	sufC	mRNA	Metabolism	False	False								
G6907	b1681	sufD	mRNA	Metabolism	False	False								
G6905	b1679	sufE	mRNA	Metabolism	False	False								
G6906	b1680	sufS	mRNA	Metabolism	True	True								
EG10983	b2533	suhB	mRNA	Metabolism	False	True	rRNA maturation	m					y	
EG10984	b0958	sulA	mRNA	Unclear/under-characterized	False	False								
EG10985	b0053	surA	mRNA	Protein maturation side-chain modification	True	True								
G6745	b1434	sutR	mRNA	Unknown function	False	False								
G6494	b0959	sxy	mRNA	Transcription regulation	False	False								
G7451	b2793	syd	mRNA	Unclear/under-characterized	False	False								
G7940	b4347	symE	mRNA	Toxin/antitoxin	False	False								
G0-10610	b4625	symR	miscRNA	Uncategorized	False	False								
G7883	b4252	tabA	mRNA	Unclear/under-characterized	False	False								
EG11372	b2559	tadA	mRNA	tRNA modification	True	True								
EG10986	b3549	tag	mRNA	DNA Repair	False	False								
EG11797	b2464	talA	mRNA	Metabolism	True	True								
EG11556	b0008	talB	mRNA	Metabolism	True	True								Metabolism
G6806	b1519	tam	mRNA	Metabolism	False	True	eliminates inhibitory byproduct	m					y	
G7874	b4220	tamA	mRNA	Unknown function	False	False								
G7875	b4221	tamB	mRNA	Unknown function	False	False								
EG10987	b1885	tap	mRNA	Physical interaction regulation	False	False								
G7349	b2583	tapT	mRNA	Unknown function	False	True								
EG10988	b1886	tar	mRNA	Physical interaction regulation	False	False								
G7462	b2834	tas	mRNA	Unclear/under-characterized	False	False								
G7806	b3836	tatA	mRNA	Protein maturation translocation	False	True								
G7808	b3838	tatB	mRNA	Protein maturation translocation	False	True								
EG11479	b3839	tatC	mRNA	Protein maturation translocation	False	True								
EG11481	b3841	tatD	mRNA	Uncategorized	False	False								
EG11305	b0627	tatE	mRNA	Protein maturation translocation	False	True								
G6217	b0365	tauA	mRNA	Metabolism	False	True	taurine ABC transport	y					c	
G6218	b0366	tauB	mRNA	Metabolism	False	True	taurine ABC transport	y					c	
G6219	b0367	tauC	mRNA	Metabolism	False	True	taurine ABC transport	y					c	
EG12423	b0368	tauD	mRNA	Uncategorized	False	True								
G7456	b2812	tcdA	mRNA	Sulfur metabolism	True	True								
G7039	b1920	tcyJ	mRNA	Metabolism	True	True								
G7037	b1918	tcyL	mRNA	Unknown function	True	True								
EG12347	b1917	tcyN	mRNA	Uncategorized	True	True								
G6934	b1729	tcyP	mRNA	Unknown function	False	True								
EG10989	b3118	tdcA	mRNA	Transcription regulation	False	False								
EG10990	b3117	tdcB	mRNA	Metabolism	True	True								
EG10991	b3116	tdcC	mRNA	Metabolism	True	True								
EG11172	b3115	tdcD	mRNA	Metabolism	True	True								
G7627	b3114	tdcE	mRNA	Metabolism	False	False								
G7626	b3113	tdcF	mRNA	Unknown function	False	False								
G7624	b3111	tdcG	mRNA	Metabolism	True	True								
EG10992	b3119	tdcR	mRNA	Transcription regulation	False	False								
EG10993	b3616	tdh	mRNA	Metabolism	True	True								
EG10994	b1238	tdk	mRNA	Metabolism	True	True								
EG11883	b1429	tehA	mRNA	Uncategorized	False	False								
EG11884	b1430	tehB	mRNA	Uncategorized	False	True								
EG11542	b0494	tesA	mRNA	Metabolism	True	True								
EG10995	b0452	tesB	mRNA	Metabolism	False	True	thioesterase	m				y	y	
G6315	b0561	tfaD	mRNA	Uncategorized	False	False								
EG11120	b1156	tfaE	mRNA	Prophage	False	False								
G6598	b1155	tfaP	mRNA	Prophage	False	False								
G6820	b1546	tfaQ	mRNA	Unknown function	False	False								
G6696	b1373	tfaR	mRNA	Prophage	False	False								
G7222	b2353	tfaS	pseudo	Uncategorized	False	False								
G6317	b0563	tfaX	mRNA	Uncategorized	False	False								
G0-8895	b4414	tff	miscRNA	Uncategorized	False	False								
EG10996	b0406	tgt	mRNA	tRNA modification	False	True								
EG11574	b0068	thiB	mRNA	Metabolism	False	True	thiamine ABC transport	y					c	
EG11585	b3994	thiC	mRNA	Metabolism	True	True								
G7135	b2103	thiD	mRNA	Metabolism	True	True								
EG11586	b3993	thiE	mRNA	Metabolism	True	True								
EG11587	b3992	thiF	mRNA	Metabolism	True	True								
EG11589	b3991	thiG	mRNA	Metabolism	True	True								
EG11590	b3990	thiH	mRNA	Metabolism	True	True								
G6238	b0423	thiI	mRNA	Metabolism	True	True								
G6566	b1106	thiK	mRNA	Metabolism	False	True	thiamine salvaging	y					c	
G6234	b0417	thiL	mRNA	Metabolism	True	True								Metabolism
M007	b2104	thiM	mRNA	Metabolism	False	True	thiamine salvaging	y					c	
EG11573	b0067	thiP	mRNA	Metabolism	False	True	thiamine ABC transport	y					c	
EG11572	b0066	thiQ	mRNA	Metabolism	False	True	thiamine ABC transport	y					c	
G1	b4407	thiS	mRNA	Metabolism	False	False								
EG12330	b0147	thpR	mRNA	Uncategorized	False	True								
EG10998	b0002	thrA	mRNA	Metabolism	True	True								
EG10999	b0003	thrB	mRNA	Metabolism	True	True								Metabolism
EG11000	b0004	thrC	mRNA	Metabolism	True	True								Metabolism
EG11277	b0001	thrL	mRNA	Transcription regulation	False	False								
EG11001	b1719	thrS	mRNA	tRNA synthetase	True	True								tRNA synthetase
EG30101	b3979	thrT	tRNA	tRNA	False	True								
EG30102	b3976	thrU	tRNA	tRNA	False	True								
EG30103	b3273	thrV	tRNA	tRNA	False	True								
EG30104	b0244	thrW	tRNA	tRNA	False	True								
EG11002	b2827	thyA	mRNA	Metabolism	True	True								Metabolism
EG11003	b0436	tig	mRNA	Protein maturation chaperone	True	True								
G6096	b0188	tilS	mRNA	tRNA modification	True	True								tRNA modification
G0-17087	b4812	timP	mRNA	Uncategorized	False	False								
G0-17086	b4811	timR	miscRNA	Uncategorized	False	False								
G0-9961	b4617	tisA	phantom	Uncategorized	False	False								
G0-9962	b4618	tisB	mRNA	Toxin/antitoxin	False	False								
EG11427	b2935	tktA	mRNA	Metabolism	True	True								
EG12100	b2465	tktB	mRNA	Metabolism	True	True								
G7689	b3244	tldD	mRNA	Unclear/under-characterized	False	True								
EG10741	b4235	tldE	mRNA	Unclear/under-characterized	False	True								
G7087	b2007	tmaR	mRNA	Unknown function	False	False								
G7297	b2474	tmcA	mRNA	tRNA modification	False	True								
EG12302	b1098	tmk	mRNA	Uncategorized	True	True								Uncategorized
EG11005	b3708	tnaA	mRNA	Metabolism	True	True								Metabolism
EG11006	b3709	tnaB	mRNA	Metabolism	True	True								
EG11276	b3707	tnaC	mRNA	Transcription regulation	False	False								
EG11007	b0739	tolA	mRNA	Cell structure membrane	False	False								
EG11008	b0740	tolB	mRNA	Cell structure membrane	True	True								Cell structure membrane
EG11009	b3035	tolC	mRNA	Metabolism	True	True								
EG11010	b0737	tolQ	mRNA	Cell structure membrane	False	False								
EG11011	b0738	tolR	mRNA	Cell structure membrane	False	False								
EG12429	b0461	tomB	mRNA	Uncategorized	False	False								
EG11012	b1252	tonB	mRNA	Metabolism	False	True	Ton metal transport complex	y					y	
EG11013	b1274	topA	mRNA	Supercoiling	False	False								
G0-10473	b4566	topAI	mRNA	Unknown function	False	False								
EG11014	b1763	topB	mRNA	Chromosome segregation	False	False								
EG11814	b0997	torA	mRNA	Metabolism	False	True	anaerobic growth using TMAO/BSO as acceptor	y					n	
EG11815	b0996	torC	mRNA	Metabolism	False	True	anaerobic growth using TMAO/BSO as acceptor	y					n	
EG12195	b0998	torD	mRNA	Uncategorized	False	False								
G0-9621	b4501	torI	mRNA	Prophage	False	False								
EG12615	b0995	torR	mRNA	Uncategorized	False	False								
G6514	b0993	torS	mRNA	Phosphorylation regulation	False	False								
G6515	b0994	torT	mRNA	Physical interaction regulation	False	False								
G7023	b1873	torY	mRNA	Metabolism	False	False								
G7022	b1872	torZ	mRNA	Metabolism	False	True	anaerobic growth using TMAO/BSO as acceptor	y					n	
G0-8894		tp2	phantom	Uncategorized	False	False								
EG11015	b3919	tpiA	mRNA	Metabolism	True	True								
G0-8893		tpke11	phantom	Uncategorized	False	False								
G0-8906		tpke70	phantom	Uncategorized	False	False								
EG11016	b1229	tpr	mRNA	Unknown function	False	False								
G6660	b1324	tpx	mRNA	Metabolism	False	True	anaerobic antioxidant	m					n	
G6859	b1601	tqsA	mRNA	Unclear/under-characterized	True	True								
EG11017	b1197	treA	mRNA	Metabolism	False	True	trehalose metabolism	y					c	
EG12127	b4240	treB	mRNA	Metabolism	False	True	trehalose transport	y					c	
EG11402	b4239	treC	mRNA	Metabolism	True	True								
EG12245	b3519	treF	mRNA	Metabolism	True	True								Metabolism
EG12202	b4241	treR	mRNA	Transcription regulation	False	False								
EG11018	b1421	trg	mRNA	Physical interaction regulation	False	False								
EG11116	b1055	trhO	mRNA	Unknown function	False	True								
G7118	b2081	trhP	mRNA	Unknown function	False	False								
EG11019	b3290	trkA	mRNA	Metabolism	False	False								
EG11020	b1363	trkG	mRNA	Metabolism	True	True								
EG11021	b3849	trkH	mRNA	Metabolism	True	True								
EG11022	b3965	trmA	mRNA	tRNA modification	False	True								
EG11779	b2960	trmB	mRNA	tRNA modification	False	True								
EG11023	b2607	trmD	mRNA	tRNA modification	True	True								
EG10967	b3651	trmH	mRNA	tRNA modification	False	True								
G7327	b2532	trmJ	mRNA	tRNA modification	False	True								
EG11888	b3606	trmL	mRNA	tRNA modification	False	True								
EG11503	b0195	trmO	mRNA	Unknown function	False	True								
EG11024	b1260	trpA	mRNA	Metabolism	True	True								Metabolism
EG11025	b1261	trpB	mRNA	Metabolism	True	True								
EG11026	b1262	trpC	mRNA	Metabolism	True	True								Metabolism
EG11027	b1263	trpD	mRNA	Metabolism	True	True								Metabolism
EG11028	b1264	trpE	mRNA	Metabolism	True	True								Metabolism
EG11274	b1265	trpL	mRNA	Transcription regulation	False	False								
EG11029	b4393	trpR	mRNA	Transcription regulation	True	True								Transcription regulation
EG11030	b3384	trpS	mRNA	tRNA synthetase	True	True								tRNA synthetase
EG30105	b3761	trpT	tRNA	tRNA	False	True								
EG10454	b2318	truA	mRNA	tRNA modification	False	True								
EG11177	b3166	truB	mRNA	tRNA modification	True	True								
G7449	b2791	truC	mRNA	tRNA modification	True	True								tRNA modification
G7422	b2745	truD	mRNA	tRNA modification	True	True								
EG11031	b3781	trxA	mRNA	Metabolism	False	True	thiosulfide reduction	m	generic reactions will have to be tackled in a smart way				y	
EG11032	b0888	trxB	mRNA	Metabolism	True	True								Metabolism
EG11887	b2582	trxC	mRNA	Metabolism	False	False								
G6991	b1807	tsaB	mRNA	Unclear/under-characterized	False	True								
G7698	b3282	tsaC	mRNA	tRNA modification	False	True								
EG11171	b3064	tsaD	mRNA	tRNA modification	False	True								
EG11757	b4168	tsaE	mRNA	Unclear/under-characterized	False	True								
EG11033	b0170	tsf	mRNA	Translation	False	False								
EG11262	b3364	tsgA	mRNA	Unknown function	False	False								
EG11034	b4355	tsr	mRNA	Physical interaction regulation	False	False								
EG11895	b2013	tsuA	mRNA	Unknown function	False	True								
EG11894	b2012	tsuB	mRNA	Unknown function	False	False								
EG11035	b0411	tsx	mRNA	Metabolism	True	True								
G6675	b1344	ttcA	mRNA	Unknown function	False	True								
G0-16659	b4638	ttcC	pseudo	Uncategorized	False	False								
EG11168	b3061	ttdA	mRNA	Metabolism	True	True								
EG11169	b3062	ttdB	mRNA	Metabolism	True	True								Metabolism
EG12694	b3060	ttdR	mRNA	Transcription regulation	False	False								
EG12393	b3063	ttdT	mRNA	Metabolism	False	True	tartrate anaerobic transport	y					c	
EG11036	b3339	tufA	mRNA	Translation	False	False								
EG11037	b3980	tufB	mRNA	Translation	False	False								
EG11038	b1610	tus	mRNA	Replication	False	False								
EG12216	b3470	tusA	mRNA	tRNA modification	False	True								
G7712	b3343	tusB	mRNA	Sulfur metabolism	False	True								
G7713	b3344	tusC	mRNA	Sulfur metabolism	False	True								
G7714	b3345	tusD	mRNA	Sulfur metabolism	False	True								
EG12876	b0969	tusE	mRNA	Uncategorized	False	True								
EG13139	b1386	tynA	mRNA	Uncategorized	False	True								
EG11039	b2600	tyrA	mRNA	Metabolism	True	True								Metabolism
EG11040	b4054	tyrB	mRNA	Metabolism	True	True								Metabolism
EG11041	b1907	tyrP	mRNA	Metabolism	True	True								Metabolism
EG11042	b1323	tyrR	mRNA	Transcription regulation	True	True								
EG11043	b1637	tyrS	mRNA	tRNA synthetase	True	True								tRNA synthetase
EG30106	b1231	tyrT	tRNA	tRNA	False	True								
EG30107	b3977	tyrU	tRNA	tRNA	False	True								
EG30108	b1230	tyrV	tRNA	tRNA	False	True								
G7507	b2888	uacT	mRNA	Unknown function	True	True								Unknown function
EG11370	b4040	ubiA	mRNA	Metabolism	True	True								
EG11476	b3835	ubiB	mRNA	Metabolism	False	False								
EG11369	b4039	ubiC	mRNA	Metabolism	True	True								
EG11396	b3843	ubiD	mRNA	Metabolism	True	True								
EG11473	b3833	ubiE	mRNA	Metabolism	True	True								
G6365	b0662	ubiF	mRNA	Metabolism	True	True								
EG11143	b2232	ubiG	mRNA	Metabolism	True	True								
EG11324	b2907	ubiH	mRNA	Metabolism	True	True								
EG11333	b2906	ubiI	mRNA	Unknown function	True	True								Unknown function
EG11474	b3834	ubiJ	mRNA	Unknown function	False	True								
G7582	b3042	ubiK	mRNA	Unknown function	False	True								
G7651	b3157	ubiT	mRNA	Unknown function	False	False								
G7652	b3158	ubiU	mRNA	Unknown function	False	False								
G7653	b3159	ubiV	mRNA	Unknown function	False	False								
EG11044	b2311	ubiX	mRNA	Metabolism	False	True	cofactor biosynthesis required for ubiquinol biosynthesis	y					y	
EG12133	b2426	ucpA	mRNA	Unknown function	False	True								
EG11701	b2066	udk	mRNA	Metabolism	True	True								
EG11045	b3831	udp	mRNA	Metabolism	True	True								
G7091	b2028	ugd	mRNA	Metabolism	True	True								
EG11046	b3452	ugpA	mRNA	Metabolism	True	True								
EG11047	b3453	ugpB	mRNA	Metabolism	True	True								
EG11048	b3450	ugpC	mRNA	Metabolism	True	True								
EG11049	b3451	ugpE	mRNA	Metabolism	True	True								
EG11050	b3449	ugpQ	mRNA	Metabolism	True	True								Metabolism
EG11051	b3669	uhpA	mRNA	Transcription regulation	False	False								
EG11052	b3668	uhpB	mRNA	Phosphorylation regulation	False	False								
EG11053	b3667	uhpC	mRNA	Metabolism	False	False								
EG11054	b3666	uhpT	mRNA	Metabolism	False	True	generic hexose-phosphate antiporter	m				y	c	
G0-17104	b4829	uhpU	miscRNA	Uncategorized	False	False								
EG11055	b1617	uidA	mRNA	Metabolism	False	True	gluconoride and gluconorate catabolism	m				y	c	
EG11658	b1616	uidB	mRNA	Metabolism	False	True	gluconoride transport	m				y	c	
G6866	b1615	uidC	mRNA	Metabolism	False	False								
G6867	b1618	uidR	mRNA	Transcription regulation	False	False								
G7856	b4193	ulaA	mRNA	Metabolism	False	True	ascorbate/vit C PTS transport	y					c	
EG12494	b4194	ulaB	mRNA	Metabolism	False	True	ascorbate/vit C PTS transport	y					c	
EG12495	b4195	ulaC	mRNA	Metabolism	False	True	ascorbate/vit C PTS transport	y					c	
G7858	b4196	ulaD	mRNA	Metabolism	True	True								Metabolism
G7859	b4197	ulaE	mRNA	Metabolism	True	True								Metabolism
G7860	b4198	ulaF	mRNA	Metabolism	True	True								Metabolism
G7855	b4192	ulaG	mRNA	Metabolism	False	True	ascorbate catabolism	y					c	
G7854	b4191	ulaR	mRNA	Transcription regulation	False	False								
EG11817	b2744	umpG	mRNA	Metabolism	True	True								
EG10634	b0675	umpH	mRNA	Metabolism	True	True								Metabolism
EG11056	b1184	umuC	mRNA	DNA Repair	False	False								
EG11057	b1183	umuD	mRNA	DNA Repair	False	False								
EG11058	b2580	ung	mRNA	DNA Repair	False	False								
G0-10580	b4637	uof	mRNA	Post-Transcription regulation	False	False								
EG11332	b2498	upp	mRNA	Metabolism	True	True								
EG12129	b2497	uraA	mRNA	Metabolism	True	True								
EG11059	b2319	usg	mRNA	Unknown function	False	False								
EG11060	b0480	ushA	mRNA	Metabolism	True	True								
EG11390	b3495	uspA	mRNA	Stress response	False	False								
EG12231	b3494	uspB	mRNA	Unclear/under-characterized	False	False								
G7031	b1895	uspC	mRNA	Stress response	False	False								
EG11877	b3923	uspD	mRNA	Stress response	False	False								
EG11246	b1333	uspE	mRNA	Stress response	False	False								
G6699	b1376	uspF	mRNA	Stress response	False	False								
G6334	b0607	uspG	mRNA	Stress response	False	False								
G6489	b0949	uup	mRNA	Replication	False	False								
EG11061	b4058	uvrA	mRNA	DNA Repair	False	False								
EG11062	b0779	uvrB	mRNA	DNA Repair	False	False								
EG11063	b1913	uvrC	mRNA	DNA Repair	False	False								
EG11064	b3813	uvrD	mRNA	DNA Repair	False	False								
EG11140	b1914	uvrY	mRNA	Transcription regulation	False	False								
EG12734	b3091	uxaA	mRNA	Metabolism	True	True								
EG11065	b1521	uxaB	mRNA	Metabolism	True	True								
G81	b3092	uxaC	mRNA	Metabolism	True	True								
EG11066	b4322	uxuA	mRNA	Metabolism	True	True								
EG20248	b4323	uxuB	mRNA	Metabolism	True	True								Metabolism
EG20249	b4324	uxuR	mRNA	Transcription regulation	False	False								
EG11067	b4258	valS	mRNA	tRNA synthetase	True	True								tRNA synthetase
EG30109	b0744	valT	tRNA	tRNA	False	True								
EG30110	b2401	valU	tRNA	tRNA	False	True								
EG30111	b1665	valV	tRNA	tRNA	False	True								
EG30112	b1666	valW	tRNA	tRNA	False	True								
EG30113	b2402	valX	tRNA	tRNA	False	True								
EG30114	b2403	valY	tRNA	tRNA	False	True								
G6389	b0746	valZ	tRNA	tRNA	False	True								
G6938	b1742	ves	mRNA	Unknown function	False	False								
EG11730	b3745	viaA	mRNA	Unclear/under-characterized	False	False								
EG11068	b1960	vsr	mRNA	DNA Repair	False	False								
EG10520	b3633	waaA	mRNA	Metabolism	True	True								Metabolism
EG11351	b3628	waaB	mRNA	Metabolism	True	True								Metabolism
EG11189	b3621	waaC	mRNA	Metabolism	True	True								
EG12210	b3620	waaF	mRNA	Metabolism	True	True								
EG11339	b3631	waaG	mRNA	Metabolism	True	True								
EG11266	b3615	waaH	mRNA	Unknown function	False	True								
EG11353	b3626	waaJ	mRNA	Metabolism	True	True								
EG11424	b3622	waaL	mRNA	Metabolism	False	True	cell wall structure, ligase	n	Cell wall				y	
EG11352	b3627	waaO	mRNA	Metabolism	True	True								
EG11340	b3630	waaP	mRNA	Metabolism	True	True								
EG11341	b3632	waaQ	mRNA	Metabolism	True	True								
EG11350	b3629	waaS	mRNA	Metabolism	False	False								
EG11423	b3623	waaU	mRNA	Metabolism	True	True								
EG11425	b3625	waaY	mRNA	Metabolism	True	True								
EG11426	b3624	waaZ	mRNA	Metabolism	True	True								
EG11982	b2035	wbbH	mRNA	Metabolism	False	False								
EG11983	b2034	wbbI	mRNA	Metabolism	True	True								
EG11984	b2033	wbbJ	mRNA	Metabolism	False	False								
EG11985	b2032	wbbK	mRNA	Metabolism	False	False								
EG11986	b2031	wbbL	pseudo	Uncategorized	False	False								
G7104	b2059	wcaA	mRNA	Metabolism	False	True	colanic acid (cell wall component) biosynthesis	m					y	
G7103	b2058	wcaB	mRNA	Metabolism	False	True	colanic acid (cell wall component) biosynthesis	m					y	
G7102	b2057	wcaC	mRNA	Metabolism	False	True	colanic acid (cell wall component) biosynthesis	m					y	
G7101	b2056	wcaD	mRNA	Metabolism	False	False								
G7100	b2055	wcaE	mRNA	Metabolism	False	True	colanic acid (cell wall component) biosynthesis	m					y	
G7099	b2054	wcaF	mRNA	Metabolism	False	True	colanic acid (cell wall component) biosynthesis	m					y	
EG11790	b2050	wcaI	mRNA	Unclear/under-characterized	False	True								
G7098	b2047	wcaJ	mRNA	Metabolism	True	True								
G7096	b2045	wcaK	mRNA	Metabolism	False	True	colanic acid (cell wall component) biosynthesis	m					y	
G7095	b2044	wcaL	mRNA	Unknown function	False	True								
G7094	b2043	wcaM	mRNA	Unknown function	False	False								
EG11451	b3786	wecB	mRNA	Metabolism	True	True								
EG11452	b3787	wecC	mRNA	Metabolism	False	True	Outer membrane permeability factor biosynthesis	m					y	
EG11456	b3791	wecE	mRNA	Metabolism	True	True								
G7800	b4404	wecF	mRNA	Uncategorized	False	True								
EG12274	b3561	wecH	mRNA	Metabolism	False	False								
EG11540	b1004	wrbA	mRNA	Metabolism	True	True								
G7107	b2062	wza	mRNA	Cell structure membrane	True	True								
G7106	b2061	wzb	mRNA	Phosphorylation regulation	True	True								
G7105	b2060	wzc	mRNA	Phosphorylation regulation	True	True								
G7097	b2046	wzxC	mRNA	Metabolism	False	True	colanic acid (cell wall component) biosynthesis	m					y	
EG11486	b3792	wzxE	mRNA	Metabolism	False	True	Outer membrane permeability factor biosynthesis	m					y	
EG11457	b3793	wzyE	mRNA	Metabolism	False	False								
G7090	b2027	wzzB	mRNA	Metabolism	False	False								
EG11295	b3785	wzzE	mRNA	Metabolism	False	False								
EG11194	b3654	xanP	mRNA	Metabolism	True	True								
G7501	b2882	xanQ	mRNA	Metabolism	True	True								Metabolism
G85	b2407	xapA	mRNA	Metabolism	True	True								
EG13159	b2406	xapB	mRNA	Uncategorized	True	True								
EG11146	b2405	xapR	mRNA	Transcription regulation	False	False								
G7485	b2866	xdhA	mRNA	Metabolism	True	True								
G7486	b2867	xdhB	mRNA	Metabolism	True	True								Metabolism
G7487	b2868	xdhC	mRNA	Metabolism	True	True								
G7500	b2881	xdhD	mRNA	Unclear/under-characterized	False	False								
EG11069	b3811	xerC	mRNA	Recombination	False	False								
EG11071	b2894	xerD	mRNA	Recombination	False	False								
G0-16717	b4633	xisD	pseudo	Uncategorized	False	False								
G6585	b1141	xisE	mRNA	Prophage	False	False								
G6677	b1346	xisR	mRNA	Prophage	False	False								
EG11072	b2509	xseA	mRNA	DNA Repair	False	False								
EG11098	b0422	xseB	mRNA	DNA Repair	False	False								
EG11073	b1749	xthA	mRNA	DNA Repair	False	True								
EG11074	b3565	xylA	mRNA	Metabolism	True	True								Metabolism
EG11075	b3564	xylB	mRNA	Metabolism	True	True								Metabolism
EG11076	b4031	xylE	mRNA	Metabolism	True	True								
EG20252	b3566	xylF	mRNA	Metabolism	True	True								
EG12275	b3567	xylG	mRNA	Metabolism	True	True								
EG12276	b3568	xylH	mRNA	Metabolism	True	True								
EG20253	b3569	xylR	mRNA	Transcription regulation	False	False								
G0-17109	b4834	xylZ	miscRNA	Uncategorized	False	False								
G6144	b0272	xynR	mRNA	Unknown function	False	False								
EG10011	b0006	yaaA	mRNA	Stress response	False	False								
G8202	b0013	yaaI	mRNA	Unknown function	False	False								
EG11555	b0007	yaaJ	mRNA	Metabolism	False	False								
EG11566	b0045	yaaU	mRNA	Unknown function	False	False								
G6082	b0011	yaaW	mRNA	Unknown function	False	False								
G6081	b0005	yaaX	mRNA	Unknown function	False	False								
G6087	b0024	yaaY	mRNA	Unknown function	False	False								
EG11571	b0065	yabI	mRNA	Unknown function	False	False								
EG12610	b4659	yabP	mRNA	Uncategorized	False	False								
EG12611	b4659	yabQ	mRNA	Uncategorized	False	False								
G0-16721	b4726	yabR	mRNA	Uncategorized	False	False								
EG11089	b0122	yacC	mRNA	Unknown function	False	False								
EG12314	b0101	yacG	mRNA	Uncategorized	False	False								
EG12315	b0117	yacH	mRNA	Uncategorized	False	False								
EG12605	b0119	yacL	mRNA	Uncategorized	False	False								
G0-16722	b4727	yacM	mRNA	Uncategorized	False	False								
EG11678	b0135	yadC	mRNA	Unclear/under-characterized	False	False								
EG11749	b0130	yadE	mRNA	Unknown function	False	False								
EG12320	b0127	yadG	mRNA	Uncategorized	False	False								
EG12321	b0128	yadH	mRNA	Uncategorized	False	False								
EG12322	b0129	yadI	mRNA	Uncategorized	False	False								
EG12325	b0136	yadK	mRNA	Uncategorized	False	False								
EG12326	b0137	yadL	mRNA	Uncategorized	False	False								
EG12327	b0138	yadM	mRNA	Uncategorized	False	False								
EG12328	b0141	yadN	mRNA	Uncategorized	False	False								
EG12333	b0157	yadS	mRNA	Uncategorized	False	False								
EG11973	b0140	yadV	mRNA	Uncategorized	False	False								
G0-16723	b4728	yadW	mRNA	Uncategorized	False	False								
G0-17011	b4765	yadX	mRNA	Uncategorized	False	False								
EG12138	b0193	yaeF	mRNA	Uncategorized	False	False								
EG12336	b0163	yaeH	mRNA	Uncategorized	False	False								
EG12337	b0164	yaeI	mRNA	Uncategorized	False	False								
G372	b4406	yaeP	mRNA	Unknown function	False	False								
G6098	b0190	yaeQ	mRNA	Unclear/under-characterized	False	False								
G6095	b0187	yaeR	mRNA	Unknown function	False	False								
EG11649	b0208	yafC	mRNA	Unknown function	False	False								
EG11650	b0209	yafD	mRNA	Unknown function	False	False								
EG11651	b0210	yafE	mRNA	Unknown function	False	False								
G0-10431	b4503	yafF	pseudo	Uncategorized	False	False								
G6107	b0223	yafJ	mRNA	Unknown function	False	False								
G6111	b0227	yafL	mRNA	Unknown function	False	False								
G6116	b0232	yafN	mRNA	Toxin/antitoxin	False	False								
G6117	b0233	yafO	mRNA	Toxin/antitoxin	False	False								
G6118	b0234	yafP	mRNA	Unclear/under-characterized	False	False								
G6109	b0225	yafQ	mRNA	Toxin/antitoxin	False	False								
G6100	b0213	yafS	mRNA	Unknown function	False	False								
G6101	b0217	yafT	mRNA	Unknown function	False	False								
G6102	b0218	yafU	pseudo	Uncategorized	False	False								
G6103	b0219	yafV	mRNA	Unknown function	False	True								
G6121	b0246	yafW	mRNA	Unclear/under-characterized	False	False								
G6123	b0248	yafX	mRNA	Unknown function	False	False								
G6126	b0251	yafY	mRNA	Unknown function	False	False								
G6127	b0252	yafZ	mRNA	Unknown function	False	False								
EG12338	b0267	yagA	mRNA	Uncategorized	False	False								
EG12339	b0266	yagB	mRNA	Uncategorized	False	False								
G6140	b0268	yagE	mRNA	Metabolism	True	True								
G6141	b0269	yagF	mRNA	Unknown function	True	True								
G6142	b0270	yagG	mRNA	Metabolism	False	False								
G6143	b0271	yagH	mRNA	Metabolism	False	False								
G6147	b0276	yagJ	mRNA	Uncategorized	False	False								
G6148	b0277	yagK	mRNA	Unknown function	False	False								
G6149	b0278	yagL	mRNA	Unknown function	False	False								
G6150	b0279	yagM	mRNA	Unknown function	False	False								
G6151	b0280	yagN	mRNA	Unknown function	False	False								
G6153	b4695	yagP	mRNA	Uncategorized	False	False								
G6158	b0287	yagU	mRNA	Unknown function	False	False								
G6181	b0316	yahB	mRNA	Unknown function	False	False								
G6182	b0317	yahC	mRNA	Unknown function	False	False								
G6183	b0318	yahD	mRNA	Unknown function	False	False								
G6184	b0319	yahE	mRNA	Unknown function	False	False								
G6185	b0320	yahF	mRNA	Unknown function	False	False								
G6186	b0321	yahG	mRNA	Unknown function	False	False								
G0-10550	b0322	yahH	mRNA	Uncategorized	False	False								
G6188	b0323	yahI	mRNA	Metabolism	False	False								
G6189	b0324	yahJ	mRNA	Unknown function	False	False								
G6190	b0325	yahK	mRNA	Unknown function	True	True								
G6191	b0326	yahL	mRNA	Unknown function	False	False								
G6192	b0327	yahM	mRNA	Unknown function	False	False								
G6193	b0328	yahN	mRNA	Metabolism	False	False								
G6194	b0329	yahO	mRNA	Unknown function	False	False								
G0-16725	b4730	yahV	mRNA	Uncategorized	False	False								
EG11093	b0389	yaiA	mRNA	Unknown function	False	False								
G6230	b0387	yaiI	mRNA	Unknown function	False	False								
G6207	b0354	yaiL	mRNA	Unknown function	False	False								
G6210	b0358	yaiO	mRNA	Unknown function	False	False								
G6215	b0363	yaiP	mRNA	Unknown function	False	False								
G6216	b0364	yaiS	mRNA	Unknown function	False	False								
G6222	b0371	yaiT	pseudo	Uncategorized	False	False								
G6227	b0378	yaiW	mRNA	Unknown function	False	False								
G6214	b0362	yaiX	pseudo	Uncategorized	False	False								
G6228	b0379	yaiY	mRNA	Unknown function	False	False								
G6229	b0380	yaiZ	mRNA	Unknown function	False	False								
EG11096	b0407	yajC	mRNA	Protein maturation translocation	False	True								
EG11097	b0410	yajD	mRNA	Unknown function	False	False								
EG12182	b0434	yajG	mRNA	Uncategorized	False	False								
EG12874	b0412	yajI	mRNA	Uncategorized	False	False								
G198	b0424	yajL	mRNA	Stress response chaperone	False	True								
G6236	b0419	yajO	mRNA	Unclear/under-characterized	False	False								
G6240	b0426	yajQ	mRNA	Unknown function	False	False								
G6241	b0427	yajR	mRNA	Unknown function	False	False								
EG11099	b0456	ybaA	mRNA	Unknown function	False	False								
EG11100	b0471	ybaB	mRNA	Unknown function	False	False								
EG13217	b0445	ybaE	mRNA	Uncategorized	False	False								
EG12454	b0481	ybaK	mRNA	Uncategorized	False	False								
EG12623	b0478	ybaL	mRNA	Uncategorized	False	False								
EG12830	b0466	ybaM	mRNA	Uncategorized	False	False								
EG12843	b0468	ybaN	mRNA	Uncategorized	False	False								
G6258	b0482	ybaP	mRNA	Unknown function	False	False								
G6259	b0483	ybaQ	mRNA	Unclear/under-characterized	False	False								
G6262	b0486	ybaT	mRNA	Unknown function	False	False								
G6243	b0442	ybaV	mRNA	Unknown function	False	False								
G6250	b0453	ybaY	mRNA	Unknown function	False	False								
G6251	b0454	ybaZ	mRNA	DNA Repair	False	False								
EG11657	b0495	ybbA	mRNA	Unknown function	False	False								
EG11769	b0498	ybbC	mRNA	Unknown function	False	False								
EG11770	b0500	ybbD	pseudo	Uncategorized	False	False								
G6264	b0488	ybbJ	mRNA	Unknown function	False	False								
G6269	b0493	ybbO	mRNA	Unknown function	True	True								Unknown function
G6270	b0496	ybbP	mRNA	Unknown function	False	False								
G6280	b0511	ybbW	mRNA	Metabolism	False	False								
G6282	b0513	ybbY	mRNA	Unknown function	False	False								
EG12384	b0521	ybcF	mRNA	Uncategorized	True	True								Uncategorized
EG12448	b0567	ybcH	mRNA	Uncategorized	False	False								
EG12708	b0527	ybcI	mRNA	Uncategorized	False	False								
EG12879	b0528	ybcJ	mRNA	Uncategorized	False	False								
G6300	b0544	ybcK	mRNA	Unknown function	False	False								
G6301	b0545	ybcL	mRNA	Unclear/under-characterized	False	False								
G6302	b0546	ybcM	mRNA	Unclear/under-characterized	False	False								
G6303	b0547	ybcN	mRNA	DNA Repair	False	False								
G6305	b0549	ybcO	mRNA	Unclear/under-characterized	False	False								
G6313	b0558	ybcV	mRNA	Unknown function	False	False								
G6314	b0559	ybcW	mRNA	Unknown function	False	False								
G6316	b0562	ybcY	pseudo	Uncategorized	False	False								
G0-10438	b4512	ybdD	mRNA	Unknown function	False	False								
G6324	b0579	ybdF	mRNA	Unknown function	False	False								
G6323	b0577	ybdG	mRNA	Metabolism	False	False								
G6325	b0580	ybdJ	mRNA	Unknown function	False	False								
G6326	b0581	ybdK	mRNA	Metabolism	False	True	glutathione (stress protection)biosynthesis	y					y	
G6329	b0600	ybdL	mRNA	Metabolism	True	True								
G6330	b0601	ybdM	mRNA	Unknown function	False	False								
G6331	b0602	ybdN	mRNA	Unknown function	False	False								
G6332	b0603	ybdO	mRNA	Unknown function	False	False								
G6335	b0608	ybdR	mRNA	Unknown function	False	False								
G0-10437	b4511	ybdZ	mRNA	Unknown function	False	False								
EG11592	b0631	ybeD	mRNA	Unknown function	False	False								
EG11594	b0629	ybeF	mRNA	Unknown function	False	False								
EG12851	b0643	ybeL	mRNA	Uncategorized	False	False								
EG12208	b0626	ybeM	pseudo	Uncategorized	False	False								
G6351	b0644	ybeQ	mRNA	Unknown function	False	False								
G6352	b0645	ybeR	mRNA	Unknown function	False	False								
G6354	b0647	ybeT	mRNA	Unknown function	False	False								
G6355	b0648	ybeU	mRNA	Unknown function	False	False								
G6361	b0658	ybeX	mRNA	Unknown function	False	False								
G6362	b0659	ybeY	mRNA	Stress response	False	False								
G6363	b0660	ybeZ	mRNA	Unknown function	False	False								
EG11521	b0699	ybfA	mRNA	Unknown function	False	False								
EG11522	b0702	ybfB	mRNA	Unknown function	False	False								
EG11523	b0704	ybfC	mRNA	Unknown function	False	False								
EG11524	b0706	ybfD	mRNA	Unknown function	False	False								
EG11775	b0685	ybfE	mRNA	Unknown function	False	False								
EG11776	b0686	ybfF	mRNA	Unknown function	False	False								
EG11778	b0690	ybfG	pseudo	Uncategorized	False	False								
G0-16714	b4636	ybfI	pseudo	Uncategorized	False	False								
G0-10586	b4590	ybfK	phantom	Unknown function	False	False								
G6377	b0705	ybfL	pseudo	Uncategorized	False	False								
G6376	b0703	ybfO	pseudo	Uncategorized	False	False								
G6374	b0689	ybfP	mRNA	Unknown function	False	False								
G0-10440	b4514	ybfQ	mRNA	Uncategorized	False	False								
EG11108	b0707	ybgA	mRNA	Unknown function	False	False								
EG11110	b0736	ybgC	mRNA	Metabolism	False	False								
EG12359	b0719	ybgD	mRNA	Uncategorized	False	False								
EG12395	b0735	ybgE	mRNA	Uncategorized	False	False								
G6379	b0710	ybgI	mRNA	Unclear/under-characterized	False	False								
G6385	b0716	ybgO	mRNA	Unknown function	False	False								
G6386	b0717	ybgP	mRNA	Unknown function	False	False								
G6387	b0718	ybgQ	mRNA	Unclear/under-characterized	False	False								
G6394	b0753	ybgS	mRNA	Unknown function	False	False								
G0-16730	b4735	ybgU	mRNA	Uncategorized	False	False								
G0-17014	b4768	ybgV	mRNA	Uncategorized	False	False								
EG11239	b0766	ybhA	mRNA	Metabolism	True	True								
EG11238	b0773	ybhB	mRNA	Unknown function	False	False								
EG12875	b0772	ybhC	mRNA	Uncategorized	False	False								
G6398	b0768	ybhD	mRNA	Transcription regulation	False	False								
G6411	b0794	ybhF	mRNA	Metabolism	False	True	putative toxin exporter	m	Antibiotics			y	n	
G6412	b0795	ybhG	mRNA	Unknown function	False	False								
G6399	b0769	ybhH	mRNA	Unknown function	False	False								
G6400	b0770	ybhI	mRNA	Unknown function	False	False								
G6401	b0771	ybhJ	mRNA	Unknown function	False	False								
G6402	b0780	ybhK	mRNA	Unknown function	False	False								
G6403	b0786	ybhL	mRNA	Unknown function	False	False								
G6404	b0787	ybhM	mRNA	Unknown function	False	False								
G6405	b0788	ybhN	mRNA	Unknown function	False	False								
G6407	b0790	ybhP	mRNA	Unknown function	False	False								
G6408	b0791	ybhQ	mRNA	Unknown function	False	False								
G6409	b0792	ybhR	mRNA	Unknown function	False	True								
G6410	b0793	ybhS	mRNA	Unknown function	False	True								
G0-10587	b4591	ybhU	phantom	Uncategorized	False	False								
EG11579	b0798	ybiA	mRNA	Unclear/under-characterized	False	True								
EG11580	b0800	ybiB	mRNA	Unknown function	False	False								
G0-17015	b4769	ybiE	mRNA	Uncategorized	False	False								
EG12421	b0803	ybiI	mRNA	Uncategorized	False	False								
EG12422	b0802	ybiJ	mRNA	Uncategorized	False	False								
G6417	b0808	ybiO	mRNA	Unknown function	False	False								
G6421	b0818	ybiR	mRNA	Unknown function	False	False								
G6423	b0820	ybiT	mRNA	Unknown function	False	False								
G6424	b0821	ybiU	mRNA	Unknown function	False	False								
G6425	b0822	ybiV	mRNA	Metabolism	True	True								
G6426	b0823	ybiW	mRNA	Unknown function	False	False								
G6413	b0804	ybiX	mRNA	Unknown function	False	False								
G6427	b0824	ybiY	mRNA	Unknown function	False	False								
EG12842	b0850	ybjC	mRNA	Uncategorized	False	False								
G6459	b0876	ybjD	mRNA	Unknown function	False	False								
G6439	b0841	ybjG	mRNA	Metabolism	True	True								
G6441	b0843	ybjH	mRNA	Unknown function	False	False								
G6442	b0844	ybjI	mRNA	Unknown function	True	True								Unknown function
G6443	b0845	ybjJ	mRNA	Unknown function	False	False								
G6445	b0847	ybjL	mRNA	Unknown function	False	False								
G6446	b0848	ybjM	mRNA	Unknown function	False	False								
G6447	b0853	ybjN	mRNA	Transcription regulation	False	False								
G6448	b0858	ybjO	mRNA	Unknown function	False	False								
G6450	b0865	ybjP	mRNA	Unknown function	False	False								
G6451	b0866	ybjQ	mRNA	Unknown function	False	False								
G6453	b0868	ybjS	mRNA	Unknown function	False	False								
G6454	b0869	ybjT	mRNA	Unknown function	False	False								
G6460	b0877	ybjX	mRNA	Unknown function	False	False								
EG11241	b0897	ycaC	mRNA	Unknown function	False	False								
EG11242	b0898	ycaD	mRNA	Unknown function	False	False								
EG12375	b0913	ycaI	mRNA	Uncategorized	False	False								
EG12702	b0901	ycaK	mRNA	Uncategorized	False	False								
G6470	b0909	ycaL	mRNA	Unknown function	False	False								
G6466	b0899	ycaM	mRNA	Unknown function	False	False								
G6467	b0900	ycaN	mRNA	Unknown function	False	False								
G6468	b0905	ycaO	mRNA	Unclear/under-characterized	True	True								Unclear/under-characterized
G6469	b0906	ycaP	mRNA	Unknown function	False	False								
G6471	b0916	ycaQ	mRNA	Unknown function	False	True								
G6472	b0917	ycaR	mRNA	Unknown function	False	False								
EG12397	b0944	ycbF	mRNA	Uncategorized	False	False								
G6473	b0919	ycbJ	mRNA	Unknown function	False	False								
G6484	b0942	ycbU	mRNA	Unknown function	False	False								
G6485	b0943	ycbV	mRNA	Unknown function	False	False								
G6487	b0947	ycbX	mRNA	Metabolism	False	False								
G6493	b0955	ycbZ	mRNA	Unknown function	False	False								
EG11113	b0970	yccA	mRNA	Protein Decay	False	False								
EG12196	b1001	yccE	mRNA	Uncategorized	False	False								
G6496	b0961	yccF	mRNA	Unknown function	False	False								
EG12703	b1003	yccJ	mRNA	Uncategorized	False	False								
G6513	b0992	yccM	mRNA	Unknown function	False	False								
G6495	b0960	yccS	mRNA	Unknown function	False	False								
G6498	b0964	yccT	mRNA	Unknown function	False	False								
G6499	b0965	yccU	mRNA	Unknown function	False	False								
G6502	b0968	yccX	mRNA	Metabolism	False	True	putative generic acylphosphatase	m				y	n	
G6516	b1005	ycdF	phantom	Uncategorized	False	False								
G6536	b1029	ycdU	mRNA	Unknown function	False	False								
G6540	b1034	ycdX	mRNA	Unclear/under-characterized	False	False								
G6541	b1035	ycdY	mRNA	Unknown function	False	False								
G6542	b1036	ycdZ	mRNA	Unknown function	False	False								
EG11117	b1063	yceB	mRNA	Unknown function	False	False								
EG11119	b1088	yceD	mRNA	Unknown function	False	False								
EG11438	b1087	yceF	mRNA	Unknown function	False	True								
EG11537	b1067	yceH	mRNA	Unknown function	False	False								
EG11820	b1056	yceI	mRNA	Unknown function	False	False								
G6554	b1057	yceJ	mRNA	Unknown function	False	False								
EG12689	b1050	yceK	mRNA	Uncategorized	False	False								
G6560	b1068	yceM	mRNA	Unknown function	False	False								
G6555	b1058	yceO	mRNA	Unknown function	False	False								
G6563	b1085	yceQ	mRNA	Unknown function	False	False								
EG12303	b1100	ycfH	mRNA	Uncategorized	False	False								
EG12444	b1110	ycfJ	mRNA	Uncategorized	False	False								
EG12877	b1154	ycfK	mRNA	Uncategorized	False	False								
G6564	b1104	ycfL	mRNA	Unknown function	False	False								
G6568	b1108	ycfP	mRNA	Unknown function	False	False								
G6572	b1115	ycfT	mRNA	Unknown function	False	False								
G6578	b1121	ycfZ	mRNA	Unknown function	False	False								
EG11516	b1188	ycgB	mRNA	Unknown function	False	False								
G6609	b1169	ycgH	pseudo	Uncategorized	False	False								
G0-10444	b1173	ycgI	pseudo	Uncategorized	False	False								
G6614	b1177	ycgJ	mRNA	Unknown function	False	False								
G6616	b1179	ycgL	mRNA	Unknown function	False	False								
G6617	b1180	ycgM	mRNA	Unknown function	False	False								
G6618	b1181	ycgN	mRNA	Unknown function	False	False								
G6623	b1194	ycgR	mRNA	External structure	False	False								
G6629	b1202	ycgV	mRNA	Unclear/under-characterized	False	False								
G6601	b1161	ycgX	mRNA	Unknown function	False	False								
G6625	b1196	ycgY	mRNA	Unknown function	False	False								
G6604	b1164	ycgZ	mRNA	Stress response	False	False								
EG11251	b1214	ychA	mRNA	Unknown function	False	False								
EG11342	b1242	ychE	mRNA	Unknown function	False	False								
EG11404	b1203	ychF	mRNA	Unclear/under-characterized	False	True								
EG11533	b1205	ychH	mRNA	Unknown function	False	False								
EG12119	b1233	ychJ	mRNA	Uncategorized	False	False								
EG12404	b1219	ychN	mRNA	Uncategorized	False	False								
EG12405	b1220	ychO	mRNA	Uncategorized	False	False								
G6630	b1213	ychQ	mRNA	Unknown function	False	False								
G6631	b1228	ychS	mRNA	Uncategorized	False	False								
G0-17017	b4771	ychT	mRNA	Uncategorized	False	False								
EG11121	b1253	yciA	mRNA	Metabolism	False	True	putative generic thioesterase	m				y	n	Metabolism
EG11122	b1254	yciB	mRNA	Unclear/under-characterized	False	False								
EG11123	b1255	yciC	mRNA	Unknown function	False	False								
EG11125	b1257	yciE	mRNA	Unknown function	False	False								
EG11126	b1258	yciF	mRNA	Unknown function	False	False								
EG11127	b1259	yciG	mRNA	Unknown function	False	False								
EG11128	b1282	yciH	mRNA	Unclear/under-characterized	False	False								
EG11607	b1251	yciI	mRNA	Unknown function	False	False								
EG11759	b1271	yciK	mRNA	Unknown function	False	False								
EG12868	b1273	yciN	mRNA	Uncategorized	False	False								
G6635	b1267	yciO	mRNA	Unknown function	False	False								
G6636	b1268	yciQ	mRNA	Unknown function	False	False								
G6638	b1284	yciT	mRNA	Transcription regulation	False	False								
G6633	b1248	yciU	mRNA	Unknown function	False	False								
G6634	b1266	yciV	mRNA	Unknown function	False	True								
G6640	b1287	yciW	mRNA	Unknown function	False	False								
G0-10513	b4523	yciX	mRNA	Unknown function	False	False								
G0-8891	b4595	yciY	mRNA	Unknown function	False	False								
G0-10591	b4596	yciZ	mRNA	Unknown function	False	False								
G6641	b1289	ycjD	mRNA	Unknown function	False	False								
EG12870	b1322	ycjF	mRNA	Uncategorized	False	False								
G6661	b1325	ycjG	mRNA	Metabolism	True	True								
G6647	b1309	ycjM	mRNA	Unknown function	False	True								
G6648	b1310	ycjN	mRNA	Unknown function	False	False								
G6649	b1311	ycjO	mRNA	Unknown function	False	False								
G6650	b1312	ycjP	mRNA	Unknown function	False	False								
G6651	b1313	ycjQ	mRNA	Unknown function	False	True								
G6652	b1314	ycjR	mRNA	Unknown function	False	True								
G6653	b1315	ycjS	mRNA	Unknown function	False	True								
G6654	b1316	ycjT	mRNA	Unknown function	False	True								
G6655	b1317	ycjU	mRNA	Unknown function	True	True								
G6656	b1318	ycjV	pseudo	Uncategorized	False	False								
G6658	b1320	ycjW	mRNA	Unknown function	False	False								
G6659	b1321	ycjX	mRNA	Unknown function	False	False								
G6663	b1327	ycjY	mRNA	Unknown function	False	False								
G0-9081	b4526	ydaE	mRNA	Prophage	False	False								
G0-10448	b4527	ydaF	mRNA	Prophage	False	False								
G6679	b1355	ydaG	mRNA	Prophage	False	False								
G6681	b1357	ydaS	mRNA	Prophage	False	False								
G6682	b1358	ydaT	mRNA	Prophage	False	False								
G6683	b1359	ydaU	mRNA	Prophage	False	False								
G6684	b1360	ydaV	mRNA	Prophage	False	False								
G6685	b1361	ydaW	mRNA	Uncategorized	False	False								
G6689	b1366	ydaY	mRNA	Uncategorized	False	False								
G6722	b1401	ydbA	pseudo	Uncategorized	False	False								
EG11310	b1407	ydbD	mRNA	Unknown function	False	False								
G6703	b1381	ydbH	mRNA	Unknown function	False	False								
G0-10450	b4529	ydbJ	mRNA	Unknown function	False	False								
G6701	b1378	ydbK	mRNA	Metabolism	True	True								Metabolism
G6705	b1383	ydbL	mRNA	Unknown function	False	False								
EG11219	b1419	ydcA	mRNA	Unknown function	False	False								
EG11526	b1460	ydcC	mRNA	Unknown function	False	False								
EG11760	b1457	ydcD	mRNA	Unknown function	False	False								
EG12110	b1414	ydcF	mRNA	Uncategorized	False	False								
EG12865	b1426	ydcH	mRNA	Uncategorized	False	False								
G6737	b1422	ydcI	mRNA	Unknown function	False	False								
G6738	b1423	ydcJ	mRNA	Unknown function	False	False								
G6741	b1428	ydcK	mRNA	Unknown function	False	False								
G6742	b1431	ydcL	mRNA	Unknown function	False	False								
G6744	b1433	ydcO	mRNA	Metabolism	False	False								
G6750	b1439	ydcR	mRNA	Transcription regulation	False	False								
G6751	b1440	ydcS	mRNA	Metabolism	False	False								
G6752	b1441	ydcT	mRNA	Metabolism	False	False								
G6753	b1442	ydcU	mRNA	Metabolism	False	False								
G6754	b1443	ydcV	mRNA	Metabolism	False	False								
G6757	b1446	ydcY	mRNA	Unknown function	False	False								
G6758	b1447	ydcZ	mRNA	Unknown function	False	False								
EG11742	b1496	yddA	mRNA	Unclear/under-characterized	False	False								
EG11743	b1495	yddB	mRNA	Unknown function	False	False								
EG11825	b1464	yddE	mRNA	Unknown function	False	False								
EG12713	b1473	yddG	mRNA	Uncategorized	True	True								Uncategorized
G6769	b1462	yddH	mRNA	Unknown function	False	False								
G6771	b1470	yddJ	pseudo	Unknown function	False	False								
G6772	b1471	yddK	mRNA	Uncategorized	False	False								
G6773	b1472	yddL	mRNA	Uncategorized	False	False								
G6774	b1477	yddM	mRNA	Unknown function	False	False								
G0-16740	b4746	yddY	mRNA	Uncategorized	False	False								
EG11636	b1528	ydeA	mRNA	Metabolism	True	True								
EG11640	b1534	ydeE	mRNA	Unknown function	False	False								
EG11644	b1536	ydeI	mRNA	Unknown function	False	False								
EG11645	b1537	ydeJ	mRNA	Unknown function	False	False								
G6787	b1497	ydeM	mRNA	Metabolism	False	False								
G6788	b1498	ydeN	mRNA	Unknown function	False	False								
G6789	b1499	ydeO	mRNA	Stress response	False	False								
G6791	b1501	ydeP	mRNA	Stress response	False	False								
G6792	b1502	ydeQ	mRNA	Unknown function	False	False								
G6793	b1503	ydeR	mRNA	Unknown function	False	False								
G6794	b1504	ydeS	mRNA	Unknown function	False	False								
G6795	b1505	ydeT	mRNA	Uncategorized	False	False								
EG11300	b1571	ydfA	mRNA	Unclear/under-characterized	False	False								
EG11301	b1572	ydfB	mRNA	Unclear/under-characterized	False	False								
EG11302	b1573	ydfC	mRNA	Unclear/under-characterized	False	False								
EG11303	b1576	ydfD	mRNA	Unknown function	False	False								
EG11304	b1577	ydfE	pseudo	Uncategorized	False	False								
EG12345	b1539	ydfG	mRNA	Uncategorized	True	True								
G6816	b1542	ydfI	mRNA	Unknown function	False	False								
G6817	b1543	ydfJ	mRNA	Uncategorized	False	False								
G6818	b1544	ydfK	mRNA	Unclear/under-characterized	False	False								
G6822	b1549	ydfO	mRNA	Unknown function	False	False								
G6828	b1555	ydfR	mRNA	Unknown function	False	False								
G6830	b1559	ydfT	mRNA	Unknown function	False	False								
G6831	b1560	ydfU	mRNA	Unknown function	False	False								
G6832	b1565	ydfV	mRNA	Unknown function	False	False								
G6834	b1567	ydfW	mRNA	Uncategorized	False	False								
G6835	b1568	ydfX	mRNA	Uncategorized	False	False								
G6815	b1541	ydfZ	mRNA	Unknown function	False	False								
G6865	b1614	ydgA	mRNA	Unclear/under-characterized	False	False								
G6863	b1607	ydgC	mRNA	Unknown function	False	False								
G6856	b1598	ydgD	mRNA	Unknown function	False	False								
G6860	b1604	ydgH	mRNA	Unknown function	False	False								
G6861	b1605	ydgI	mRNA	Metabolism	False	False								
G6868	b1624	ydgJ	mRNA	Unknown function	False	False								
G6870	b1626	ydgK	mRNA	Unknown function	False	False								
G0-10593	b4601	ydgU	mRNA	Unknown function	False	False								
G6887	b1647	ydhF	mRNA	Unknown function	False	False								
G6883	b1643	ydhI	mRNA	Unknown function	False	False								
G6884	b1644	ydhJ	mRNA	Unknown function	False	False								
G6885	b1645	ydhK	mRNA	Unknown function	False	False								
G6888	b1648	ydhL	mRNA	Unknown function	False	False								
G6893	b1657	ydhP	mRNA	Unknown function	False	False								
G6894	b1664	ydhQ	mRNA	Unknown function	False	False								
G6895	b1667	ydhR	mRNA	Metabolism	False	False								
G6896	b1668	ydhS	mRNA	Unknown function	False	False								
G6897	b1669	ydhT	mRNA	Unknown function	False	False								
G6898	b1670	ydhU	mRNA	Unknown function	False	False								
G6901	b1673	ydhV	mRNA	Unknown function	False	False								
G6900	b1672	ydhW	mRNA	Unknown function	False	False								
G6899	b1671	ydhX	mRNA	Unknown function	False	False								
G6902	b1674	ydhY	mRNA	Unknown function	False	False								
EG11234	b1692	ydiB	mRNA	Metabolism	True	True								
EG12391	b1705	ydiE	mRNA	Uncategorized	False	False								
EG12432	b1694	ydiF	mRNA	Uncategorized	True	True								
G6911	b1685	ydiH	mRNA	Unknown function	False	False								
G6913	b1687	ydiJ	mRNA	Unknown function	False	False								
G6914	b1688	ydiK	mRNA	Unknown function	False	False								
G6915	b1689	ydiL	mRNA	Unknown function	False	False								
G6916	b1690	ydiM	mRNA	Unknown function	False	False								
G6917	b1691	ydiN	mRNA	Unknown function	False	False								
G6918	b1695	ydiO	mRNA	Metabolism	True	True								
G6919	b1696	ydiP	mRNA	Unknown function	False	False								
G6920	b1697	ydiQ	mRNA	Metabolism	False	False								
G6921	b1698	ydiR	mRNA	Metabolism	False	False								
G6922	b1699	ydiS	mRNA	Metabolism	False	False								
G6923	b1700	ydiT	mRNA	Unknown function	False	False								
G6928	b1722	ydiY	mRNA	Unknown function	False	False								
G6929	b1724	ydiZ	mRNA	Unknown function	False	False								
EG11134	b1765	ydjA	mRNA	Unknown function	False	False								
EG12369	b1769	ydjE	mRNA	Uncategorized	False	False								
G6957	b1770	ydjF	mRNA	Unknown function	False	False								
G6958	b1771	ydjG	mRNA	Metabolism	True	True								
G6959	b1772	ydjH	mRNA	Unknown function	False	True								
G6960	b1773	ydjI	mRNA	Metabolism	False	True	unknown specific function 	m					n	
G6961	b1774	ydjJ	mRNA	Unknown function	False	False								
G6962	b1775	ydjK	mRNA	Unknown function	False	False								
G6963	b1776	ydjL	mRNA	Unknown function	False	False								
G6933	b1728	ydjM	mRNA	Unknown function	False	False								
G6935	b1730	ydjO	mRNA	Unknown function	False	False								
G6945	b1750	ydjX	mRNA	Unknown function	False	False								
G6946	b1751	ydjY	mRNA	Unknown function	False	False								
G6947	b1752	ydjZ	mRNA	Unknown function	False	False								
G6964	b1777	yeaC	mRNA	Unknown function	False	False								
G6966	b1780	yeaD	mRNA	Unknown function	False	False								
G6967	b1781	yeaE	mRNA	Metabolism	True	True								
G6969	b1783	yeaG	mRNA	Phosphorylation regulation	True	True								
G6970	b1784	yeaH	mRNA	Unknown function	False	False								
G6973	b1787	yeaK	mRNA	Unknown function	False	False								
G6975	b1789	yeaL	mRNA	Unknown function	False	False								
G6978	b1792	yeaO	mRNA	Unknown function	False	False								
G6981	b1795	yeaQ	mRNA	Unknown function	False	False								
G6983	b1797	yeaR	mRNA	Unknown function	False	False								
G6987	b1801	yeaV	mRNA	Metabolism	False	False								
G6988	b1802	yeaW	mRNA	Unknown function	False	True								
G6989	b1803	yeaX	mRNA	Unknown function	False	True								
G6990	b1806	yeaY	mRNA	Cell structure membrane	False	False								
EG11136	b1862	yebB	mRNA	Unknown function	False	False								
EG11137	b1864	yebC	mRNA	Unknown function	False	False								
EG11806	b1846	yebE	mRNA	Unknown function	False	False								
EG11807	b1847	yebF	mRNA	Unknown function	False	False								
EG11808	b1848	yebG	mRNA	Unclear/under-characterized	False	False								
EG12860	b1853	yebK	mRNA	Uncategorized	False	False								
G7001	b1825	yebO	mRNA	Unknown function	False	False								
G7004	b1828	yebQ	mRNA	Unknown function	False	False								
G7009	b1836	yebV	mRNA	Unknown function	False	False								
G7010	b1837	yebW	mRNA	Unknown function	False	False								
G7012	b1839	yebY	mRNA	Unknown function	False	False								
G7013	b1840	yebZ	mRNA	Unknown function	False	False								
EG11139	b1908	yecA	mRNA	Unknown function	False	False								
EG12378	b1867	yecD	mRNA	Uncategorized	False	False								
EG12379	b1868	yecE	mRNA	Uncategorized	False	False								
EG12861	b1915	yecF	mRNA	Uncategorized	False	False								
G7036	b1906	yecH	mRNA	Unknown function	False	False								
G0-10455	b4537	yecJ	mRNA	Unknown function	False	False								
G7025	b1875	yecM	mRNA	Unknown function	False	False								
G7019	b1869	yecN	mRNA	Unknown function	False	False								
G7035	b1904	yecR	mRNA	Unclear/under-characterized	False	False								
G7026	b1877	yecT	mRNA	Unknown function	False	False								
G0-16746	b4752	yecU	mRNA	Uncategorized	False	False								
G0-17024	b4778	yecV	mRNA	Uncategorized	False	False								
EG11141	b1959	yedA	mRNA	Metabolism	False	False								
EG11659	b1928	yedD	mRNA	Unknown function	False	False								
EG11660	b1929	yedE	mRNA	Unknown function	False	False								
EG11661	b1930	yedF	mRNA	Unknown function	False	False								
EG12709	b1958	yedI	mRNA	Uncategorized	False	False								
EG12710	b1962	yedJ	mRNA	Uncategorized	False	False								
EG11662	b1931	yedK	mRNA	Unknown function	False	True								
G7040	b1932	yedL	mRNA	Unclear/under-characterized	False	False								
G7043	b1934	yedN	pseudo	Uncategorized	False	False								
G7048	b1955	yedP	mRNA	Unknown function	False	False								
G7052	b1964	yedS	pseudo	Uncategorized	False	False								
EG11891	b2008	yeeA	mRNA	Unknown function	False	False								
G0-16658	b4639	yeeH	pseudo	Uncategorized	False	False								
G7064	b1978	yeeJ	mRNA	Unclear/under-characterized	False	False								
G7066	b1980	yeeL	pseudo	Uncategorized	False	False								
G7068	b1983	yeeN	mRNA	Unknown function	False	False								
G7070	b1985	yeeO	mRNA	Unknown function	False	True								
G7079	b1999	yeeP	pseudo	Uncategorized	False	False								
G7081	b2001	yeeR	mRNA	Unknown function	False	False								
G7082	b2002	yeeS	mRNA	Unknown function	False	False								
G7083	b2003	yeeT	mRNA	Unknown function	False	False								
G7086	b2006	yeeW	mRNA	Uncategorized	False	False								
G7088	b2015	yeeY	mRNA	Unknown function	False	False								
G7089	b2016	yeeZ	mRNA	Unknown function	False	False								
EG12844	b2017	yefM	mRNA	Uncategorized	False	False								
EG12200	b2069	yegD	mRNA	Uncategorized	False	False								
G7108	b2063	yegH	mRNA	Unknown function	False	False								
G7109	b2070	yegI	mRNA	Unknown function	False	False								
G7110	b2071	yegJ	mRNA	Unknown function	False	False								
G7112	b2073	yegL	mRNA	Unknown function	False	False								
G7117	b2080	yegP	mRNA	Unknown function	False	False								
G7122	b2085	yegR	mRNA	Unknown function	False	False								
G7123	b2086	yegS	mRNA	Metabolism	True	True								
G7130	b2098	yegT	mRNA	Unclear/under-characterized	False	False								
G7131	b2099	yegU	mRNA	Unknown function	False	False								
G7132	b2100	yegV	mRNA	Unknown function	False	False								
G7133	b2101	yegW	mRNA	Unknown function	False	False								
G7134	b2102	yegX	mRNA	Unknown function	False	False								
G7120	b2083	yegZ	pseudo	Uncategorized	False	False								
EG11987	b2108	yehA	mRNA	Unknown function	False	False								
EG11988	b2109	yehB	mRNA	Unknown function	False	False								
EG11989	b2110	yehC	mRNA	Unknown function	False	False								
EG11990	b2111	yehD	mRNA	Unknown function	False	False								
EG11991	b2112	yehE	mRNA	Unknown function	False	False								
EG11992	b2115	yehF	mRNA	Uncategorized	False	False								
G8208	b2116	yehH	pseudo	Uncategorized	False	False								
EG11995	b2118	yehI	mRNA	Unknown function	False	False								
G0-10458	b4541	yehK	mRNA	Unknown function	False	False								
EG11998	b2119	yehL	mRNA	Unknown function	False	False								
EG11999	b2120	yehM	mRNA	Unknown function	False	False								
EG12002	b2121	yehP	mRNA	Unclear/under-characterized	False	False								
EG12003	b2122	yehQ	mRNA	Uncategorized	False	False								
EG12004	b2123	yehR	mRNA	Unknown function	False	False								
EG12005	b2124	yehS	mRNA	Unknown function	False	False								
EG12009	b2128	yehW	mRNA	Metabolism	False	True	glycine betaine transport	y					c	
EG12010	b2129	yehX	mRNA	Metabolism	False	True	glycine betaine transport	y					c	
EG12011	b2130	yehY	mRNA	Metabolism	False	True	glycine betaine transport	y					c	
EG11290	b2152	yeiB	mRNA	Unknown function	False	False								
EG12105	b2157	yeiE	mRNA	Transcription regulation	False	False								
EG12026	b2154	yeiG	mRNA	Metabolism	True	True								Metabolism
EG12027	b2158	yeiH	mRNA	Unknown function	False	False								
EG12028	b2160	yeiI	mRNA	Unknown function	False	False								
EG12031	b2163	yeiL	mRNA	Transcription regulation	False	False								
EG12035	b2171	yeiP	mRNA	Unknown function	False	False								
EG12036	b2172	yeiQ	mRNA	Unknown function	False	False								
EG12104	b2173	yeiR	mRNA	Unknown function	False	True								
G7144	b2145	yeiS	mRNA	Unknown function	False	False								
G0-10511	b4502	yeiW	mRNA	Unknown function	False	False								
EG12037	b2177	yejA	mRNA	Microcin transporter	True	True								
EG12038	b2178	yejB	mRNA	Microcin transporter	True	True								
EG12040	b2179	yejE	mRNA	Microcin transporter	True	True								Microcin transporter
EG12041	b2180	yejF	mRNA	Microcin transporter	True	True								
EG12042	b2181	yejG	mRNA	Unknown function	False	False								
EG12048	b2186	yejK	mRNA	Unclear/under-characterized	False	False								
EG12043	b2187	yejL	mRNA	Unknown function	False	False								
EG12051	b2190	yejO	pseudo	Uncategorized	False	False								
EG11142	b2230	yfaA	mRNA	Unknown function	False	False								
EG12360	b2236	yfaE	mRNA	Uncategorized	False	False								
EG12881	b2238	yfaH	pseudo	Uncategorized	False	False								
EG12850	b2233	yfaL	mRNA	Uncategorized	False	False								
G7152	b2225	yfaP	mRNA	Unknown function	False	False								
G7153	b2226	yfaQ	mRNA	Unknown function	False	False								
G7155	b2228	yfaS	pseudo	Uncategorized	False	False								
G7156	b2229	yfaT	mRNA	Unknown function	False	False								
G7158	b2245	yfaU	mRNA	Metabolism	True	True								Metabolism
G7159	b2246	yfaV	mRNA	Unknown function	False	False								
G7161	b2248	yfaX	mRNA	Unknown function	False	False								
G7162	b2249	yfaY	mRNA	Unknown function	False	False								
G7163	b2250	yfaZ	mRNA	Unknown function	False	False								
G7177	b2270	yfbK	mRNA	Unknown function	False	False								
G7178	b2271	yfbL	mRNA	Unknown function	False	False								
G7179	b2272	yfbM	mRNA	Unknown function	False	False								
G7180	b2273	yfbN	mRNA	Unknown function	False	False								
G7181	b2274	yfbO	mRNA	Unknown function	False	False								
G7182	b2275	yfbP	mRNA	Unknown function	False	False								
G7185	b2291	yfbR	mRNA	Metabolism	True	True								Metabolism
G7186	b2292	yfbS	mRNA	Unknown function	False	False								
G7188	b2294	yfbU	mRNA	Unknown function	False	False								
G7189	b2295	yfbV	mRNA	Unknown function	False	False								
EG11144	b2327	yfcA	mRNA	Unknown function	False	False								
G7190	b2298	yfcC	mRNA	Unknown function	False	False								
G7191	b2299	yfcD	mRNA	Unknown function	False	False								
G7192	b2300	yfcE	mRNA	Unknown function	False	False								
G7193	b2301	yfcF	mRNA	Metabolism	False	False								
G7194	b2302	yfcG	mRNA	Metabolism	False	False								
G7196	b2304	yfcH	mRNA	Unknown function	False	False								
G7198	b2322	yfcJ	mRNA	Unknown function	False	False								
G7200	b2325	yfcL	mRNA	Unknown function	False	False								
G7203	b2332	yfcO	mRNA	Unknown function	False	False								
G7204	b2333	yfcP	mRNA	Unknown function	False	False								
G7205	b2334	yfcQ	mRNA	Unknown function	False	False								
G7206	b2335	yfcR	mRNA	Unknown function	False	False								
G7207	b2336	yfcS	mRNA	Unknown function	False	False								
G7209	b2338	yfcU	pseudo	Uncategorized	False	False								
G7210	b2339	yfcV	mRNA	Unknown function	False	False								
G7214	b2343	yfcZ	mRNA	Unknown function	False	False								
G7217	b2347	yfdC	mRNA	Unknown function	False	False								
G7234	b2371	yfdE	mRNA	Unknown function	True	True								
G7215	b2345	yfdF	mRNA	Unknown function	False	False								
G7219	b2350	yfdG	mRNA	Unknown function	False	False								
G7220	b2351	yfdH	mRNA	Unknown function	False	True								
G7221	b2352	yfdI	mRNA	Unknown function	False	False								
G7223	b2354	yfdK	mRNA	Unknown function	False	False								
G7224	b2355	yfdL	pseudo	Uncategorized	False	False								
G7225	b2356	yfdM	mRNA	Uncategorized	False	False								
G7226	b2357	yfdN	mRNA	Unknown function	False	False								
G7227	b2358	yfdO	mRNA	Uncategorized	False	False								
G7228	b2359	yfdP	mRNA	Unknown function	False	False								
G7229	b2360	yfdQ	mRNA	Unknown function	False	False								
G7230	b2361	yfdR	mRNA	Unknown function	True	True								
G7231	b2362	yfdS	mRNA	Unknown function	False	False								
G7232	b2363	yfdT	mRNA	Unknown function	False	False								
G7235	b2372	yfdV	mRNA	Unknown function	False	False								
G7238	b2375	yfdX	mRNA	Unknown function	False	False								
G7240	b2377	yfdY	mRNA	Unknown function	False	False								
EG11431	b2398	yfeC	mRNA	Unknown function	False	False								
EG11432	b2399	yfeD	mRNA	Unknown function	False	False								
EG12376	b2410	yfeH	mRNA	Unclear/under-characterized	False	False								
G7260	b2419	yfeK	mRNA	Unknown function	False	False								
G7256	b2408	yfeN	mRNA	Unknown function	False	False								
G7251	b2389	yfeO	mRNA	Unknown function	False	False								
G7257	b2409	yfeR	mRNA	Unknown function	False	False								
G7261	b2420	yfeS	mRNA	Unknown function	False	False								
G7265	b2430	yfeW	mRNA	Antibiotic resistance	False	True								
G7266	b2431	yfeX	mRNA	Iron storage protein	True	True								
G7267	b2432	yfeY	mRNA	Unknown function	False	False								
G7268	b2433	yfeZ	mRNA	Unknown function	False	False								
EG11147	b2471	yffB	mRNA	Unknown function	False	False								
G7273	b2443	yffL	mRNA	Unknown function	False	False								
G7274	b2444	yffM	mRNA	Unknown function	False	False								
G7275	b2445	yffN	mRNA	Unknown function	False	False								
G7276	b2446	yffO	mRNA	Unknown function	False	False								
G7277	b2447	yffP	mRNA	Unknown function	False	False								
G7278	b2448	yffQ	mRNA	Unknown function	False	False								
G7279	b2449	yffR	mRNA	Unknown function	False	False								
G7280	b2450	yffS	mRNA	Unknown function	False	False								
G7312	b2495	yfgD	mRNA	Unknown function	False	False								
G7315	b2504	yfgG	mRNA	Unknown function	False	False								
G7316	b2505	yfgH	mRNA	Unknown function	False	False								
G7317	b2506	yfgI	mRNA	Unknown function	False	False								
G7318	b2510	yfgJ	mRNA	Unknown function	False	False								
G7321	b2513	yfgM	mRNA	Unknown function	False	False								
G7310	b2493	yfgO	mRNA	Unknown function	False	False								
EG12308	b2561	yfhH	mRNA	Unknown function	False	False								
G7346	b2562	yfhL	mRNA	Unknown function	False	False								
G7323	b2520	yfhM	mRNA	Defense response	False	False								
G7328	b2534	yfhR	mRNA	Unknown function	False	False								
EG11152	b2605	yfiB	mRNA	Unknown function	False	False								
EG11538	b2575	yfiC	mRNA	tRNA modification	False	True								
EG11785	b2577	yfiE	mRNA	Unknown function	False	False								
EG11786	b2581	yfiF	mRNA	Unknown function	False	False								
EG12097	b2593	yfiH	mRNA	Unknown function	False	True								
EG12446	b2602	yfiL	mRNA	Unknown function	False	False								
EG12857	b2586	yfiM	mRNA	Unknown function	False	False								
G7354	b2603	yfiR	mRNA	Unclear/under-characterized	False	False								
G0-17029	b4783	yfiS	mRNA	Uncategorized	False	False								
EG12442	b2612	yfjD	mRNA	Unknown function	False	False								
G7357	b2618	yfjF	mRNA	Unknown function	False	False								
G7359	b2623	yfjH	mRNA	Unknown function	False	False								
G7360	b2625	yfjI	mRNA	Unknown function	False	False								
G7361	b2626	yfjJ	mRNA	Unknown function	False	False								
G7364	b2629	yfjM	mRNA	Unknown function	False	False								
G7367	b2632	yfjP	mRNA	Unknown function	False	False								
G7368	b2633	yfjQ	mRNA	Unknown function	False	False								
G7369	b2634	yfjR	mRNA	Unknown function	False	False								
G7371	b2636	yfjS	mRNA	Unknown function	False	False								
G7372	b2637	yfjT	mRNA	Unknown function	False	False								
G7373	b2638	yfjU	mRNA	Uncategorized	False	False								
G7376	b2640	yfjV	pseudo	Uncategorized	False	False								
G7377	b2642	yfjW	mRNA	Unknown function	False	False								
G7378	b2643	yfjX	mRNA	Unknown function	False	False								
G7379	b2644	yfjY	mRNA	Unknown function	False	False								
G7380	b2645	yfjZ	mRNA	Unclear/under-characterized	False	False								
EG12201	b2671	ygaC	mRNA	Unknown function	False	False								
G7406	b2683	ygaH	mRNA	Metabolism	True	True								Metabolism
G7400	b2672	ygaM	mRNA	Unknown function	False	False								
G7398	b2668	ygaP	mRNA	Unknown function	False	False								
G7389	b2656	ygaQ	pseudo	Uncategorized	False	False								
G7397	b2667	ygaV	mRNA	Unknown function	False	False								
G7403	b2680	ygaY	pseudo	Uncategorized	False	False								
G7405	b2682	ygaZ	mRNA	Metabolism	True	True								
EG11287	b2732	ygbA	mRNA	Unknown function	False	False								
EG12707	b2749	ygbE	mRNA	Unknown function	False	False								
G7416	b2735	ygbI	mRNA	Transcription regulation	False	False								
G7417	b2736	ygbJ	mRNA	Unknown function	False	False								
G7418	b2737	ygbK	mRNA	Unknown function	False	False								
G7419	b2738	ygbL	mRNA	Metabolism	False	False								
G7420	b2739	ygbM	mRNA	Unknown function	False	False								
G7421	b2740	ygbN	mRNA	Unknown function	False	False								
G7442	b2776	ygcE	mRNA	Unknown function	False	False								
G7444	b2778	ygcG	mRNA	Unknown function	False	False								
G7432	b2766	ygcN	mRNA	Unknown function	False	False								
G7433	b2767	ygcO	mRNA	Unknown function	False	False								
G7434	b2768	ygcP	mRNA	Unknown function	False	False								
G7435	b2769	ygcQ	mRNA	Unknown function	False	False								
G7436	b2770	ygcR	mRNA	Unknown function	False	False								
G7437	b2771	ygcS	mRNA	Unknown function	False	False								
G7439	b2772	ygcU	mRNA	Unknown function	False	False								
G7440	b2774	ygcW	mRNA	Unknown function	False	False								
EG11155	b2824	ygdB	mRNA	Unknown function	False	False								
EG11793	b2807	ygdD	mRNA	Unknown function	False	False								
EG12372	b2798	ygdG	mRNA	Unknown function	False	False								
G7453	b2809	ygdI	mRNA	Unknown function	False	False								
G7460	b2832	ygdQ	mRNA	Unknown function	False	False								
G7461	b2833	ygdR	mRNA	Unknown function	False	False								
G0-10601	b4610	ygdT	mRNA	Uncategorized	False	False								
EG11157	b2840	ygeA	mRNA	Unknown function	False	True								
G7470	b2850	ygeF	pseudo	Uncategorized	False	False								
G7471	b2851	ygeG	mRNA	Unclear/under-characterized	False	False								
G7472	b2852	ygeH	mRNA	Unclear/under-characterized	False	False								
G7473	b2853	ygeI	mRNA	Unclear/under-characterized	False	False								
G7475	b2855	ygeK	pseudo	Uncategorized	False	False								
G7476	b2856	ygeL	pseudo	Uncategorized	False	False								
G7478	b2857	ygeN	pseudo	Uncategorized	False	False								
G7479	b2859	ygeO	pseudo	Uncategorized	False	False								
G7482	b2862	ygeP	pseudo	Uncategorized	False	False								
G7483	b2863	ygeQ	mRNA	Uncategorized	False	False								
G7488	b2869	ygeV	mRNA	Unknown function	False	False								
G7489	b2870	ygeW	mRNA	Unclear/under-characterized	False	False								
G7490	b2871	ygeX	mRNA	Metabolism	False	True	catabolism of non-ribosomal peptide precursor, carbon source	y					n	
G7491	b2872	ygeY	mRNA	Unknown function	False	False								
EG11323	b2909	ygfB	mRNA	Unknown function	False	False								
G7514	b2902	ygfF	mRNA	Unknown function	False	False								
G7518	b2921	ygfI	mRNA	Unknown function	False	False								
G7497	b2878	ygfK	mRNA	Unclear/under-characterized	False	False								
G7499	b2880	ygfM	mRNA	Unknown function	False	False								
G7505	b2886	ygfS	mRNA	Unclear/under-characterized	False	False								
G7506	b2887	ygfT	mRNA	Unclear/under-characterized	False	False								
G7509	b2896	ygfX	mRNA	Toxin/antitoxin	False	False								
G7511	b2898	ygfZ	mRNA	Unclear/under-characterized	False	False								
EG11161	b2928	yggC	mRNA	Unknown function	False	False								
EG11244	b2922	yggE	mRNA	Stress response	False	False								
EG11245	b2930	yggF	mRNA	Metabolism	True	True								
EG12122	b2944	yggI	mRNA	Unknown function	False	False								
EG12443	b2959	yggL	mRNA	Unknown function	False	False								
EG12704	b2956	yggM	mRNA	Unknown function	False	False								
EG12705	b2958	yggN	mRNA	Unknown function	False	False								
G7520	b2931	yggP	mRNA	Unknown function	False	False								
G7526	b2950	yggR	mRNA	Unknown function	False	False								
G7527	b2951	yggS	mRNA	Unknown function	False	False								
G7528	b2952	yggT	mRNA	Unknown function	False	False								
G7529	b2953	yggU	mRNA	Unknown function	False	False								
G7532	b2962	yggX	mRNA	Unclear/under-characterized	False	False								
EG11292	b3003	yghA	mRNA	Unknown function	True	True								
EG11824	b3009	yghB	mRNA	Unknown function	False	False								
G7535	b2968	yghD	mRNA	Unknown function	False	False								
G7536	b2969	yghE	mRNA	Uncategorized	False	False								
G7537	b2970	yghF	mRNA	Uncategorized	False	False								
G7538	b2971	yghG	mRNA	Unknown function	False	False								
G7541	b2974	yghJ	mRNA	Uncategorized	False	False								
G7547	b2981	yghO	mRNA	Uncategorized	False	False								
G7549	b2983	yghQ	mRNA	Unknown function	False	False								
G7550	b2984	yghR	mRNA	Unknown function	False	False								
G7551	b2985	yghS	mRNA	Unknown function	False	False								
G7552	b2986	yghT	mRNA	Unknown function	False	False								
G7553	b2989	yghU	mRNA	Unclear/under-characterized	False	False								
G7555	b2998	yghW	mRNA	Unknown function	False	False								
G7557	b2999	yghX	pseudo	Uncategorized	False	False								
EG11163	b3036	ygiA	phantom	Uncategorized	False	False								
EG11164	b3037	ygiB	mRNA	Unknown function	False	False								
EG11165	b3038	ygiC	mRNA	Unknown function	False	False								
EG11166	b3039	ygiD	mRNA	Unclear/under-characterized	False	True								
EG11603	b3054	ygiF	mRNA	Unknown function	True	True								
EG12363	b3043	ygiL	mRNA	Unknown function	False	False								
EG12434	b3055	ygiM	mRNA	Unknown function	False	False								
EG12657	b3029	ygiN	mRNA	Metabolism	False	False								
G7568	b3016	ygiQ	mRNA	Uncategorized	False	False								
G7570	b3020	ygiS	mRNA	Unknown function	False	False								
G7573	b3023	ygiV	mRNA	Transcription regulation	False	False								
G7574	b3024	ygiW	mRNA	Stress response	False	False								
G7577	b3027	ygiZ	mRNA	Unknown function	False	False								
G7597	b3074	ygjH	mRNA	Unknown function	False	False								
EG12720	b3078	ygjI	mRNA	Unknown function	False	False								
G7598	b3079	ygjJ	mRNA	Unknown function	False	False								
G7599	b3080	ygjK	mRNA	Unknown function	False	False								
G7604	b3085	ygjP	mRNA	Unknown function	False	False								
G7605	b3086	ygjQ	mRNA	Unknown function	False	False								
G7606	b3087	ygjR	mRNA	Unknown function	False	False								
G7608	b3090	ygjV	mRNA	Unknown function	False	False								
EG11173	b3120	yhaB	mRNA	Unknown function	False	False								
EG11174	b3121	yhaC	mRNA	Unknown function	False	False								
G7617	b3103	yhaH	mRNA	Unknown function	False	False								
G7618	b3104	yhaI	mRNA	Unknown function	False	False								
G7619	b3105	yhaJ	mRNA	Unknown function	False	False								
G7620	b3106	yhaK	mRNA	Unknown function	False	False								
G7621	b3107	yhaL	mRNA	Unknown function	False	False								
G7629	b3130	yhaV	mRNA	Toxin/antitoxin	False	False								
EG11499	b3184	yhbE	mRNA	Unknown function	False	False								
G7647	b3153	yhbO	mRNA	Stress response	True	True								Stress response
G7648	b3154	yhbP	mRNA	Unknown function	False	False								
G7649	b3155	yhbQ	mRNA	Unknown function	False	False								
G7650	b3156	yhbS	mRNA	Unknown function	False	False								
G7654	b3160	yhbW	mRNA	Unknown function	False	False								
G7655	b3173	yhbX	mRNA	Unknown function	False	False								
EG12794	b3180	yhbY	mRNA	Unclear/under-characterized	False	False								
EG11515	b3215	yhcA	mRNA	Unknown function	False	False								
G7669	b3211	yhcC	mRNA	Unknown function	False	False								
G7670	b3216	yhcD	mRNA	Unknown function	False	False								
G7671	b3217	yhcE	pseudo	Uncategorized	False	False								
G7673	b3219	yhcF	mRNA	Unknown function	False	False								
G7674	b3220	yhcG	mRNA	Unknown function	False	False								
G7683	b3238	yhcN	mRNA	Stress response	False	False								
G7684	b3239	yhcO	mRNA	Unknown function	False	False								
EG11298	b3248	yhdE	mRNA	Unknown function	True	True								
EG11315	b3253	yhdH	mRNA	Unknown function	True	True								
EG11498	b3262	yhdJ	mRNA	DNA Methylation	False	True								
EG11970	b3293	yhdN	mRNA	Unknown function	False	False								
G7690	b3246	yhdP	mRNA	Uncategorized	False	False								
G7693	b3257	yhdT	mRNA	Unknown function	False	False								
G7694	b3263	yhdU	mRNA	Unknown function	False	False								
G7695	b3267	yhdV	mRNA	Unknown function	False	False								
EG12834	b3268	yhdW	pseudo	Uncategorized	False	False								
EG12835	b3269	yhdX	mRNA	Unknown function	False	False								
EG12836	b3270	yhdY	mRNA	Unknown function	False	False								
EG12837	b3271	yhdZ	mRNA	Unknown function	False	False								
G7715	b3346	yheO	mRNA	Unknown function	False	False								
EG12903	b3352	yheS	mRNA	Unclear/under-characterized	False	False								
G7718	b3353	yheT	mRNA	Unknown function	False	False								
G7719	b3354	yheU	mRNA	Unknown function	False	False								
G0-10466	b4551	yheV	mRNA	Unknown function	False	False								
EG11182	b3356	yhfA	mRNA	Unknown function	False	False								
EG12374	b3362	yhfG	mRNA	Unknown function	False	False								
G7721	b3358	yhfK	mRNA	Unknown function	False	False								
G7722	b3369	yhfL	mRNA	Unknown function	False	False								
G7728	b3376	yhfS	mRNA	Unknown function	False	False								
G7729	b3377	yhfT	mRNA	Unknown function	False	False								
G7730	b3378	yhfU	mRNA	Unknown function	False	False								
G7732	b3380	yhfW	mRNA	Metabolism	False	False								
G7733	b3381	yhfX	mRNA	Unknown function	False	False								
G7734	b3382	yhfY	mRNA	Unknown function	False	False								
G7735	b3383	yhfZ	mRNA	Unknown function	False	False								
G7745	b3402	yhgE	mRNA	Unknown function	False	False								
G7746	b3407	yhgF	mRNA	Unknown function	False	False								
G7747	b3413	yhgH	mRNA	Unclear/under-characterized	False	False								
G7753	b3434	yhgN	mRNA	Unknown function	False	False								
G0-17034	b4788	yhgO	mRNA	Uncategorized	False	False								
G0-17035	b4789	yhgP	mRNA	Uncategorized	False	False								
EG11184	b3448	yhhA	mRNA	Unknown function	False	False								
EG11520	b3483	yhhH	mRNA	Unknown function	False	False								
EG11525	b3484	yhhI	mRNA	Unknown function	False	False								
EG11767	b3485	yhhJ	mRNA	Unknown function	False	False								
EG12212	b3466	yhhL	mRNA	Unknown function	False	False								
EG12213	b3467	yhhM	mRNA	Unknown function	False	False								
EG12214	b3468	yhhN	mRNA	Unknown function	False	False								
EG12217	b3471	yhhQ	mRNA	Unknown function	False	True								
EG12219	b3473	yhhS	mRNA	Unknown function	False	False								
EG12220	b3474	yhhT	mRNA	Unknown function	False	False								
G7756	b3439	yhhW	mRNA	Unknown function	False	True								
G7757	b3440	yhhX	mRNA	Unclear/under-characterized	False	False								
G7758	b3441	yhhY	mRNA	Unknown function	False	False								
G7759	b3442	yhhZ	mRNA	Unknown function	False	False								
EG11400	b3508	yhiD	mRNA	Unknown function	False	False								
EG12224	b3487	yhiI	mRNA	Unknown function	False	False								
EG12225	b3488	yhiJ	mRNA	Unknown function	False	False								
EG12227	b3490	yhiL	pseudo	Uncategorized	False	False								
EG12228	b3491	yhiM	mRNA	Unknown function	False	False								
EG12229	b3492	yhiN	mRNA	Unknown function	False	False								
EG12238	b3504	yhiS	pseudo	Uncategorized	False	False								
G0-17036	b4790	yhiY	mRNA	Uncategorized	False	False								
EG12246	b3520	yhjB	mRNA	Unknown function	False	False								
EG12248	b3522	yhjD	mRNA	Unclear/under-characterized	False	False								
EG12249	b3523	yhjE	mRNA	Unknown function	False	False								
EG12251	b3524	yhjG	mRNA	Unknown function	False	False								
EG12254	b3527	yhjJ	mRNA	Unknown function	False	False								
EG12262	b3535	yhjR	mRNA	Unknown function	False	False								
EG12266	b3539	yhjV	mRNA	Unknown function	False	False								
EG12268	b3547	yhjX	mRNA	Unclear/under-characterized	False	False								
EG12269	b3548	yhjY	mRNA	Unknown function	False	False								
EG11186	b3562	yiaA	mRNA	Unknown function	False	False								
EG11267	b3563	yiaB	mRNA	Unknown function	False	False								
EG12270	b3550	yiaC	mRNA	Unknown function	False	True								
EG12271	b3552	yiaD	mRNA	Unknown function	False	False								
EG12273	b3554	yiaF	mRNA	Unknown function	False	False								
EG12624	b3555	yiaG	mRNA	Unknown function	False	False								
EG12279	b3575	yiaK	mRNA	Metabolism	True	True								
EG12280	b3576	yiaL	mRNA	Unknown function	False	False								
EG12281	b3577	yiaM	mRNA	Metabolism	False	True	putative symport of na+ and ascorbate catabolism intermediate	m					c	
EG12282	b3578	yiaN	mRNA	Metabolism	False	True	putative symport of na+ and ascorbate catabolism intermediate	m					c	
EG12283	b3579	yiaO	mRNA	Metabolism	False	True	putative symport of na+ and ascorbate catabolism intermediate	m					c	
EG12288	b3584	yiaT	mRNA	Unknown function	False	False								
EG12289	b3585	yiaU	mRNA	Transcription regulation	False	False								
EG12290	b3586	yiaV	mRNA	Unknown function	False	False								
EG12291	b3587	yiaW	mRNA	Unknown function	False	False								
EG12293	b3589	yiaY	mRNA	Unknown function	True	True								Unknown function
EG11187	b3594	yibA	mRNA	Unclear/under-characterized	False	False								
EG11762	b3592	yibF	mRNA	Unknown function	False	False								
EG11763	b3596	yibG	mRNA	Unknown function	False	False								
EG11764	b3597	yibH	mRNA	Unknown function	False	False								
EG11765	b3598	yibI	mRNA	Unknown function	False	False								
EG11766	b3595	yibJ	pseudo	Uncategorized	False	False								
EG11964	b3602	yibL	mRNA	Unclear/under-characterized	False	False								
EG12295	b3611	yibN	mRNA	Unknown function	False	False								
EG12298	b3614	yibQ	mRNA	Unknown function	True	True								
G0-16666	b4650	yibS	pseudo	Uncategorized	False	False								
G0-10468	b4554	yibT	mRNA	Unknown function	False	False								
G0-16668	b4652	yibU	pseudo	Uncategorized	False	False								
G0-10605	b4615	yibV	mRNA	Uncategorized	False	False								
G0-16667	b4651	yibW	pseudo	Uncategorized	False	False								
G0-17041	b4795	yibX	mRNA	Uncategorized	False	False								
G0-17042	b4796	yibY	mRNA	Uncategorized	False	False								
EG11192	b3644	yicC	mRNA	Unknown function	False	False								
EG11683	b3646	yicG	mRNA	Unknown function	False	False								
EG11684	b3655	yicH	mRNA	Unknown function	False	False								
EG11685	b3656	yicI	mRNA	Metabolism	False	True	plant cell wall component catabolism	m					c	
EG11686	b3657	yicJ	mRNA	Unknown function	False	False								
EG11688	b3660	yicL	mRNA	Unclear/under-characterized	False	False								
EG11690	b3663	yicN	mRNA	Unknown function	False	False								
EG11312	b3638	yicR	mRNA	Unknown function	False	False								
G0-10469	b4555	yicS	mRNA	Unknown function	False	False								
G0-16669	b4653	yicT	pseudo	Uncategorized	False	False								
G0-17043	b4797	yicU	mRNA	Uncategorized	False	False								
EG11195	b3697	yidA	mRNA	Metabolism	True	True								
EG11196	b3698	yidB	mRNA	Unknown function	False	False								
EG11197	b3705	yidC	mRNA	Protein maturation translocation	False	True								
G0-10470	b4557	yidD	mRNA	Protein maturation translocation	False	False								
EG11536	b3685	yidE	mRNA	Unknown function	False	False								
EG11694	b3674	yidF	mRNA	Unknown function	False	False								
EG11695	b3675	yidG	mRNA	Unknown function	False	False								
EG11696	b3676	yidH	mRNA	Unknown function	False	False								
EG11697	b3677	yidI	mRNA	Unknown function	False	False								
EG11705	b3678	yidJ	mRNA	Unknown function	False	False								
EG11706	b3679	yidK	mRNA	Metabolism	False	False								
EG11707	b3680	yidL	mRNA	Unknown function	False	False								
EG11711	b3684	yidP	mRNA	Unknown function	False	False								
EG11712	b3688	yidQ	mRNA	Unknown function	False	False								
EG11713	b3689	yidR	mRNA	Unknown function	False	False								
EG11719	b3696	yidX	mRNA	Unknown function	False	False								
EG11721	b3711	yidZ	mRNA	Unclear/under-characterized	False	False								
EG11722	b3712	yieE	mRNA	Unknown function	False	False								
EG11723	b3713	yieF	mRNA	Metabolism	True	True								
EG11725	b3715	yieH	mRNA	Unclear/under-characterized	False	True								
EG11728	b3718	yieK	mRNA	Unknown function	False	False								
EG11729	b3719	yieL	mRNA	Unknown function	False	False								
EG11733	b3755	yieP	mRNA	Unknown function	False	False								
EG11260	b3765	yifB	mRNA	Unknown function	False	False								
EG11459	b3795	yifK	mRNA	Unknown function	False	False								
G0-10471	b4558	yifL	mRNA	Unknown function	False	False								
G7798	b3777	yifN	pseudo	Uncategorized	False	False								
EG11201	b3810	yigA	mRNA	Unknown function	False	False								
EG11202	b3812	yigB	mRNA	Unclear/under-characterized	True	True								
EG11462	b3815	yigE	mRNA	Uncategorized	False	False								
EG11464	b3817	yigF	mRNA	Unknown function	False	False								
EG11465	b3818	yigG	mRNA	Unknown function	False	False								
EG11467	b3820	yigI	mRNA	Unknown function	False	False								
EG11470	b3826	yigL	mRNA	Metabolism	True	True								Metabolism
EG11484	b3848	yigZ	mRNA	Unclear/under-characterized	False	False								
EG11203	b3865	yihA	mRNA	Unclear/under-characterized	False	False								
EG11830	b3858	yihD	mRNA	Unknown function	False	False								
EG11832	b3861	yihF	mRNA	Unknown function	False	False								
EG11833	b3862	yihG	mRNA	Unknown function	False	True								
EG11835	b3866	yihI	mRNA	Unclear/under-characterized	False	True								
EG11838	b3872	yihL	mRNA	Unknown function	False	False								
EG11839	b3873	yihM	mRNA	Unknown function	False	False								
EG11840	b3874	yihN	mRNA	Unknown function	False	False								
EG11841	b3876	yihO	mRNA	Unknown function	False	True								
EG11842	b3877	yihP	mRNA	Unknown function	False	False								
EG11843	b3878	yihQ	mRNA	Unclear/under-characterized	False	True								
EG11844	b3879	yihR	mRNA	Unclear/under-characterized	False	False								
EG11845	b3880	yihS	mRNA	Metabolism	True	True								
EG11846	b3881	yihT	mRNA	Unknown function	False	True								
EG11847	b3882	yihU	mRNA	Metabolism	True	True								
EG11848	b3883	yihV	mRNA	Unknown function	True	True								
EG11850	b3885	yihX	mRNA	Metabolism	True	True								Metabolism
EG11851	b3886	yihY	mRNA	Unknown function	False	False								
EG11854	b3889	yiiE	mRNA	Unknown function	False	False								
EG11855	b3890	yiiF	mRNA	Unknown function	False	False								
EG11860	b3896	yiiG	mRNA	Unknown function	False	False								
EG11870	b3910	yiiM	mRNA	Antibiotic resistance	False	True								
EG11874	b3920	yiiQ	mRNA	Unknown function	False	False								
EG11875	b3921	yiiR	mRNA	Unknown function	False	False								
EG11876	b3922	yiiS	mRNA	Unknown function	False	False								
EG11882	b3937	yiiX	mRNA	Unknown function	False	False								
EG11395	b3964	yijD	mRNA	Unknown function	False	False								
EG11902	b3943	yijE	mRNA	Antibiotic resistance	True	True								
EG11903	b3944	yijF	mRNA	Unknown function	False	False								
EG11913	b3954	yijO	mRNA	Unknown function	False	False								
EG11206	b4011	yjaA	mRNA	Unknown function	False	False								
EG11207	b4012	yjaB	mRNA	Unknown function	False	True								
EG11916	b3999	yjaG	mRNA	Unknown function	False	False								
EG11917	b4001	yjaH	mRNA	Unknown function	False	False								
EG11429	b3989	yjaZ	mRNA	Unknown function	False	False								
EG11919	b4020	yjbB	mRNA	Metabolism	True	True								
EG11922	b4023	yjbD	mRNA	Unknown function	False	False								
EG11923	b4026	yjbE	mRNA	Unclear/under-characterized	False	False								
EG11924	b4027	yjbF	mRNA	Unclear/under-characterized	False	False								
EG11925	b4028	yjbG	mRNA	Unclear/under-characterized	False	False								
EG11926	b4029	yjbH	mRNA	Unclear/under-characterized	False	False								
EG11927	b4038	yjbI	pseudo	Uncategorized	False	False								
EG11928	b4045	yjbJ	mRNA	Unknown function	False	False								
EG11930	b4047	yjbL	mRNA	Unknown function	False	False								
EG11931	b4048	yjbM	mRNA	Unknown function	False	False								
EG11935	b4056	yjbQ	mRNA	Metabolism	False	False								
EG11936	b4057	yjbR	mRNA	Unknown function	False	False								
G0-10607	b4621	yjbS	mRNA	Unknown function	False	False								
G0-10606	b4620	yjbT	mRNA	Unknown function	False	False								
EG11937	b4060	yjcB	mRNA	Unknown function	False	False								
EG11940	b4065	yjcE	mRNA	Unknown function	False	False								
EG11941	b4066	yjcF	mRNA	Unknown function	False	False								
EG11943	b4068	yjcH	mRNA	Unknown function	False	False								
EG11951	b4078	yjcO	mRNA	Unknown function	False	False								
EG11955	b4083	yjcS	mRNA	Unknown function	False	True								
EG12176	b4135	yjdC	mRNA	Unknown function	False	False								
G7825	b4121	yjdF	mRNA	Unknown function	False	False								
G7828	b4126	yjdI	mRNA	Unknown function	False	False								
G7829	b4127	yjdJ	mRNA	Unknown function	False	False								
EG10711	b4108	yjdM	mRNA	Unknown function	False	False								
EG10712	b4107	yjdN	mRNA	Unknown function	False	False								
G0-9541	b4487	yjdP	mRNA	Unknown function	False	False								
G0-16670	b4654	yjdQ	pseudo	Uncategorized	False	False								
G7833	b4141	yjeH	mRNA	Unknown function	True	True								Unknown function
G7834	b4144	yjeI	mRNA	Unknown function	False	False								
G7835	b4145	yjeJ	mRNA	Unknown function	False	False								
EG12475	b4156	yjeM	mRNA	Unknown function	False	False								
G7838	b4157	yjeN	mRNA	Unknown function	False	False								
G7839	b4158	yjeO	mRNA	Unknown function	False	False								
G7844	b4176	yjeT	mRNA	Unknown function	False	False								
G0-10642	b4670	yjeV	mRNA	Unknown function	False	False								
EG11812	b4186	yjfC	mRNA	Unknown function	False	False								
EG12439	b4231	yjfF	mRNA	Metabolism	False	True	galactofuranose transport	y					c	
G7846	b4181	yjfI	mRNA	Unknown function	False	False								
G7847	b4182	yjfJ	mRNA	Unknown function	False	False								
G7848	b4183	yjfK	mRNA	Unknown function	False	False								
G7849	b4184	yjfL	mRNA	Unknown function	False	False								
G7850	b4185	yjfM	mRNA	Unknown function	False	False								
G7851	b4188	yjfN	mRNA	Unknown function	False	False								
G7853	b4190	yjfP	mRNA	Unknown function	False	True								
G7861	b4199	yjfY	mRNA	Unknown function	False	False								
G7862	b4204	yjfZ	mRNA	Unknown function	False	False								
EG11410	b4234	yjgA	mRNA	Unknown function	False	False								
G7879	b4248	yjgH	mRNA	Unknown function	False	False								
G7884	b4253	yjgL	mRNA	Unknown function	False	False								
G7886	b4256	yjgM	mRNA	Unknown function	False	False								
G7887	b4257	yjgN	mRNA	Unknown function	False	False								
G7890	b4263	yjgR	mRNA	Unknown function	False	False								
G7896	b4274	yjgW	phantom	Uncategorized	False	False								
G7898	b4276	yjgX	pseudo	Uncategorized	False	False								
G7899	b4277	yjgZ	mRNA	Unknown function	False	False								
G7902	b4281	yjhD	pseudo	Uncategorized	False	False								
G7903	b4282	yjhE	pseudo	Uncategorized	False	False								
EG12548	b4296	yjhF	mRNA	Unknown function	False	False								
G7910	b4297	yjhG	mRNA	Unknown function	True	True								
G7911	b4298	yjhH	mRNA	Unknown function	True	True								Unknown function
G7912	b4299	yjhI	mRNA	Unknown function	False	False								
G7916	b4306	yjhP	mRNA	Unknown function	False	False								
G7917	b4307	yjhQ	mRNA	Unknown function	False	False								
G7918	b4308	yjhR	pseudo	Uncategorized	False	False								
G7909	b4295	yjhU	mRNA	Unknown function	False	False								
G7907	b4286	yjhV	pseudo	Uncategorized	False	False								
G0-16671	b4656	yjhY	pseudo	Uncategorized	False	False								
G0-16672	b4657	yjhZ	pseudo	Uncategorized	False	False								
EG10021	b4352	yjiA	mRNA	Unclear/under-characterized	False	True								
G7922	b4325	yjiC	mRNA	Unknown function	False	False								
G7926	b4329	yjiG	mRNA	Unknown function	False	False								
G7927	b4330	yjiH	mRNA	Unknown function	False	False								
G7929	b4332	yjiJ	mRNA	Unclear/under-characterized	False	False								
G7930	b4333	yjiK	mRNA	Unknown function	False	False								
G7931	b4334	yjiL	mRNA	Unknown function	False	False								
G7932	b4335	yjiM	mRNA	Unknown function	False	False								
G7933	b4336	yjiN	mRNA	Unknown function	False	False								
G7936	b4340	yjiR	mRNA	Unknown function	False	False								
G7937	b4341	yjiS	mRNA	Unknown function	False	False								
G7938	b4342	yjiT	mRNA	Uncategorized	False	False								
EG11386	b4343	yjiV	pseudo	Uncategorized	False	False								
G7941	b4353	yjiX	mRNA	Unknown function	False	False								
EG11214	b4360	yjjA	mRNA	Unknown function	False	False								
EG11215	b4363	yjjB	mRNA	Unknown function	False	False								
EG12115	b4374	yjjG	mRNA	Metabolism	True	True								
EG12171	b4380	yjjI	mRNA	Unknown function	False	False								
EG12342	b4385	yjjJ	mRNA	Unknown function	False	False								
G7946	b4364	yjjP	mRNA	Unknown function	False	False								
G7947	b4365	yjjQ	mRNA	Transcription regulation	False	False								
G7951	b4377	yjjU	mRNA	Unknown function	False	False								
G7952	b4378	yjjV	mRNA	Unknown function	False	False								
G7953	b4379	yjjW	mRNA	Unknown function	False	False								
EG12600	b4394	yjjX	mRNA	Metabolism	True	True								
G7954	b4402	yjjY	mRNA	Unknown function	False	False								
G0-10474	b4567	yjjZ	mRNA	Unknown function	False	False								
EG12309	b4403	yjtD	mRNA	Unknown function	False	False								
G6128	b0253	ykfA	mRNA	Unknown function	False	False								
G6125	b0250	ykfB	mRNA	Unknown function	False	False								
G6133	b0258	ykfC	mRNA	Uncategorized	False	False								
G6124	b0249	ykfF	mRNA	Unknown function	False	False								
G6122	b0247	ykfG	mRNA	Unknown function	False	False								
G0-10432	b4504	ykfH	mRNA	Unknown function	False	False								
G6120	b0245	ykfI	mRNA	Toxin/antitoxin	False	False								
G6119	b0235	ykfJ	pseudo	Uncategorized	False	False								
G0-10615	b4628	ykfK	pseudo	Uncategorized	False	False								
G0-10614	b4627	ykfL	pseudo	Uncategorized	False	False								
G0-10583	b4586	ykfM	mRNA	Unclear/under-characterized	False	False								
G0-16715	b4626	ykfN	pseudo	Uncategorized	False	False								
G0-17090	b4815	ykfO	mRNA	Uncategorized	False	False								
G6170	b0300	ykgA	pseudo	Uncategorized	False	False								
G6176	b0306	ykgE	mRNA	Metabolism	False	False								
G6177	b0307	ykgF	mRNA	Metabolism	False	False								
G6178	b0308	ykgG	mRNA	Metabolism	False	False								
G6180	b0310	ykgH	mRNA	Unknown function	False	False								
G6159	b0288	ykgJ	mRNA	Unknown function	False	False								
G6166	b0295	ykgL	mRNA	Unknown function	False	False								
G6167	b0296	ykgM	mRNA	Unknown function	False	False								
G0-10434	b4506	ykgO	mRNA	Unknown function	False	False								
G0-16716	b4630	ykgP	pseudo	Uncategorized	False	False								
G0-10682	b4631	ykgQ	pseudo	Uncategorized	False	False								
G0-10654	b4671	ykgR	mRNA	Unknown function	False	False								
G0-16674	b4688	ykgS	mRNA	Uncategorized	False	False								
G0-16724	b4729	ykgV	mRNA	Uncategorized	False	False								
G6231	b0392	ykiA	pseudo	Uncategorized	False	False								
G6221	b0370	ykiB	phantom	Uncategorized	False	False								
G0-16726	b4731	ykiC	mRNA	Uncategorized	False	False								
G0-16727	b4732	ykiD	mRNA	Uncategorized	False	False								
G0-17047	b4801	ykiE	mRNA	Uncategorized	False	False								
G6253	b0458	ylaC	mRNA	Unknown function	False	False								
G6288	b0519	ylbE	mRNA	Uncategorized	False	False								
G6289	b0520	ylbF	mRNA	Unknown function	False	False								
G6273	b0502	ylbG	mRNA	Uncategorized	False	False								
G6271	b0499	ylbH	pseudo	Uncategorized	False	False								
G0-16713	b4632	ylbI	pseudo	Uncategorized	False	False								
G0-10435	b4509	ylcG	mRNA	Unclear/under-characterized	False	False								
G0-10584	b4588	ylcH	mRNA	Unknown function	False	False								
G0-10585	b4589	ylcI	mRNA	Unknown function	False	False								
G0-16728	b4733	ylcJ	mRNA	Uncategorized	False	False								
G0-16729	b4734	yldA	mRNA	Uncategorized	False	False								
G6437	b0837	yliI	mRNA	Metabolism	True	True								Metabolism
G6419	b0816	yliL	phantom	Uncategorized	False	False								
G0-16731	b4736	yliM	mRNA	Uncategorized	False	False								
G0-17016	b4770	yljB	mRNA	Uncategorized	False	False								
G6512	b0991	ymcE	mRNA	Unknown function	False	False								
G0-16688	b4723	ymcF	mRNA	Uncategorized	False	False								
G6549	b1044	ymdA	mRNA	Unknown function	False	False								
G6550	b1045	ymdB	mRNA	Physical interaction regulation	False	True								
G6535	b1028	ymdE	pseudo	Uncategorized	False	False								
G0-10443	b4518	ymdF	mRNA	Unknown function	False	False								
G0-16732	b4737	ymdG	mRNA	Uncategorized	False	False								
G6579	b1122	ymfA	mRNA	Unknown function	False	False								
G6582	b1137	ymfD	mRNA	Unknown function	False	False								
G6583	b1138	ymfE	mRNA	Unknown function	False	False								
G6586	b1142	ymfH	mRNA	Uncategorized	False	False								
G6587	b1143	ymfI	mRNA	Unknown function	False	False								
G6588	b1144	ymfJ	mRNA	Unknown function	False	False								
G6589	b1145	ymfK	mRNA	Prophage	False	False								
G6591	b1147	ymfL	mRNA	Unknown function	False	False								
G6592	b1148	ymfM	mRNA	Unknown function	False	False								
G6593	b1149	ymfN	mRNA	Uncategorized	False	False								
G6597	b1153	ymfQ	mRNA	Prophage	False	False								
G6594	b1150	ymfR	mRNA	Unknown function	False	False								
G6590	b1146	ymfT	mRNA	Prophage	False	False								
G6605	b1165	ymgA	mRNA	Unclear/under-characterized	False	False								
G6607	b1167	ymgC	mRNA	Unknown function	False	False								
G6611	b1171	ymgD	mRNA	Unknown function	False	False								
G6624	b1195	ymgE	mRNA	Unknown function	False	False								
G0-10261	b4520	ymgF	mRNA	Cytokinesis	False	False								
G6612	b1172	ymgG	mRNA	Unknown function	False	False								
G0-10589	b4593	ymgI	mRNA	Unknown function	False	False								
G0-10590	b4594	ymgJ	mRNA	Unknown function	False	False								
G0-16733	b4738	ymgK	mRNA	Uncategorized	False	False								
G0-16734	b4739	ymgL	mRNA	Uncategorized	False	False								
G0-16735	b4740	ymgM	mRNA	Uncategorized	False	False								
G0-17091	b4816	ymgN	mRNA	Uncategorized	False	False								
G0-10512	b4522	ymiA	mRNA	Unknown function	False	False								
G0-16673	b4672	ymiB	mRNA	Unknown function	False	False								
G0-16736	b4741	ymiC	mRNA	Uncategorized	False	False								
G0-17018	b4772	ymiD	mRNA	Uncategorized	False	False								
G6642	b1295	ymjA	mRNA	Unknown function	False	False								
G0-10445	b4524	ymjB	pseudo	Uncategorized	False	False								
G0-10446	b4525	ymjC	mRNA	Uncategorized	False	False								
G0-10645	b4673	ymjD	mRNA	Uncategorized	False	False								
G0-16737	b4742	ymjE	mRNA	Uncategorized	False	False								
G6691	b1368	ynaA	mRNA	Uncategorized	False	False								
G6698	b1375	ynaE	mRNA	Prophage	False	False								
G6666	b1330	ynaI	mRNA	Unknown function	False	False								
G6668	b1332	ynaJ	mRNA	Unknown function	False	False								
G6688	b1365	ynaK	mRNA	Prophage	False	False								
G0-8900	b4743	ynaL	mRNA	Uncategorized	False	False								
G0-16738	b4744	ynaM	mRNA	Uncategorized	False	False								
G0-17019	b4773	ynaN	mRNA	Uncategorized	False	False								
G6727	b1408	ynbA	mRNA	Unknown function	False	False								
G6728	b1409	ynbB	mRNA	Unknown function	False	False								
G6729	b1410	ynbC	mRNA	Unknown function	False	False								
G6730	b1411	ynbD	mRNA	Unknown function	False	False								
G6704	b1382	ynbE	mRNA	Unknown function	False	False								
G0-10646	b4674	ynbG	mRNA	Unknown function	False	False								
G6762	b1451	yncD	mRNA	Unknown function	False	False								
G6763	b1452	yncE	mRNA	Unclear/under-characterized	False	False								
G6765	b1454	yncG	mRNA	Unknown function	False	False								
G6766	b1455	yncH	mRNA	Unknown function	False	False								
G6767	b1458	yncI	pseudo	Uncategorized	False	False								
G6747	b1436	yncJ	mRNA	Unknown function	False	False								
G0-10557	b4531	yncK	pseudo	Uncategorized	False	False								
G0-8887	b4598	yncL	mRNA	Unknown function	False	False								
G0-16739	b4745	yncO	mRNA	Uncategorized	False	False								
G0-17020	b4774	yncP	mRNA	Uncategorized	False	False								
G6807	b1520	yneE	mRNA	Unknown function	False	False								
G6809	b1523	yneG	mRNA	Unknown function	False	False								
G6812	b1526	yneJ	mRNA	Unknown function	False	False								
G6813	b1527	yneK	mRNA	Unknown function	False	False								
G6796	b1506	yneL	pseudo	Uncategorized	False	False								
EG11780	b1509	yneO	pseudo	Uncategorized	False	False								
G0-16741	b4747	yneP	mRNA	Uncategorized	False	False								
G6840	b1582	ynfA	mRNA	Unknown function	False	False								
G6841	b1583	ynfB	mRNA	Unknown function	False	False								
G6843	b1585	ynfC	mRNA	Unknown function	False	False								
G6844	b1586	ynfD	mRNA	Unknown function	False	False								
G6845	b1587	ynfE	mRNA	Metabolism	False	True	selenate reduction, missing gap reactions	m					f	
G6846	b1588	ynfF	mRNA	Metabolism	False	True	selenate reduction, missing gap reactions	m					f	
G6847	b1589	ynfG	mRNA	Metabolism	False	True	selenate reduction, missing gap reactions	m					f	
G6848	b1590	ynfH	mRNA	Metabolism	False	True	selenate reduction, missing gap reactions	m					f	
G6853	b1595	ynfL	mRNA	Unknown function	False	False								
G6854	b1596	ynfM	mRNA	Unknown function	False	False								
G6824	b1551	ynfN	mRNA	Unknown function	False	False								
G0-10452	b4533	ynfO	mRNA	Prophage	False	False								
G0-10559	b4534	ynfP	mRNA	Uncategorized	False	False								
G0-16689	b4724	ynfQ	mRNA	Uncategorized	False	False								
G0-16743	b4749	ynfR	mRNA	Uncategorized	False	False								
G0-16744	b4750	ynfS	mRNA	Uncategorized	False	False								
G0-16742	b4748	ynfT	mRNA	Uncategorized	False	False								
G0-17022	b4776	ynfU	mRNA	Uncategorized	False	False								
G0-17092	b4817	ynhH	mRNA	Uncategorized	False	False								
G6930	b1725	yniA	mRNA	Unknown function	False	False								
G6931	b1726	yniB	mRNA	Unknown function	False	False								
G0-10453	b4535	yniD	mRNA	Unknown function	False	False								
G6948	b1753	ynjA	mRNA	Unknown function	False	False								
G6949	b1754	ynjB	mRNA	Unknown function	False	False								
G6950	b1755	ynjC	mRNA	Unknown function	False	False								
G6951	b1756	ynjD	mRNA	Unknown function	False	False								
G6952	b1757	ynjE	mRNA	Sulfur metabolism	False	True								
G6953	b1758	ynjF	mRNA	Unknown function	False	False								
G6955	b1760	ynjH	mRNA	Unknown function	False	False								
G6956	b1762	ynjI	mRNA	Unknown function	False	False								
G6992	b1808	yoaA	mRNA	Unknown function	False	False								
G6993	b1809	yoaB	mRNA	Unclear/under-characterized	False	False								
G6994	b1810	yoaC	mRNA	Unknown function	False	False								
G6997	b1816	yoaE	mRNA	Unknown function	False	False								
G6979	b1793	yoaF	mRNA	Unknown function	False	False								
G6982	b1796	yoaG	mRNA	Unclear/under-characterized	False	False								
G6995	b1811	yoaH	mRNA	Unknown function	False	False								
G6974	b1788	yoaI	mRNA	Unknown function	False	False								
G0-10648	b4675	yoaJ	mRNA	Unknown function	False	False								
G0-10649	b4676	yoaK	mRNA	Unknown function	False	False								
G0-16745	b4751	yoaL	mRNA	Uncategorized	False	False								
G0-17025	b4779	yoaM	mRNA	Uncategorized	False	False								
G7014	b1841	yobA	mRNA	Unknown function	False	False								
G7015	b1843	yobB	mRNA	Unknown function	False	False								
G6998	b1820	yobD	mRNA	Unknown function	False	False								
G7000	b1824	yobF	mRNA	Unclear/under-characterized	False	False								
G0-10454	b4536	yobH	mRNA	Unknown function	False	False								
G0-10644	b4677	yobI	mRNA	Unknown function	False	False								
G7062	b1974	yodB	mRNA	Unknown function	False	False								
G7050	b1957	yodC	mRNA	Unknown function	False	False								
G7046	b1953	yodD	mRNA	Unclear/under-characterized	False	False								
G0-17026	b4780	yodE	mRNA	Uncategorized	False	False								
G7075	b1995	yoeA	pseudo	Uncategorized	False	False								
G0-9121	b4539	yoeB	mRNA	Toxin/antitoxin	False	False								
G0-16655	b4642	yoeD	pseudo	Uncategorized	False	False								
G0-10456	b4538	yoeF	mRNA	Uncategorized	False	False								
G0-16657	b4640	yoeG	pseudo	Uncategorized	False	False								
G0-16656	b4641	yoeH	pseudo	Uncategorized	False	False								
G0-10643	b4678	yoeI	mRNA	Unknown function	False	False								
G0-17093	b4818	yoeJ	mRNA	Uncategorized	False	False								
EG12016	b2135	yohC	mRNA	Unknown function	False	False								
EG12017	b2136	yohD	mRNA	Unknown function	False	False								
EG12019	b2137	yohF	mRNA	Unknown function	False	False								
EG12023	b2141	yohJ	mRNA	Unknown function	False	False								
EG12024	b2142	yohK	mRNA	Unknown function	False	False								
G0-10459	b4542	yohO	mRNA	Unknown function	False	False								
G0-10652	b4679	yohP	mRNA	Unknown function	False	False								
EG12070	b2211	yojI	mRNA	Microcin transporter	False	False								
G0-10595	b4604	yojO	mRNA	Unknown function	False	False								
G0-10561	b4543	ypaA	pseudo	Unknown function	False	False								
G0-10596	b4605	ypaB	mRNA	Uncategorized	False	False								
G7245	b2382	ypdC	mRNA	Unknown function	False	False								
G7247	b2384	ypdE	mRNA	Protein Decay	False	True								
G7248	b2385	ypdF	mRNA	Metabolism	False	True	generic aminopeptidase	m				y	y	
G7239	b2376	ypdI	mRNA	Metabolism	False	False								
G0-10461	b4545	ypdJ	mRNA	Uncategorized	False	False								
G0-10647	b4680	ypdK	mRNA	Unknown function	False	False								
G7269	b2434	ypeA	mRNA	Unknown function	False	False								
G0-10462	b4546	ypeB	mRNA	Unknown function	False	False								
G7252	b2390	ypeC	mRNA	Unknown function	False	False								
G0-17094	b4819	ypeD	mRNA	Uncategorized	False	False								
G7295	b2466	ypfG	mRNA	Unknown function	False	False								
G7296	b2473	ypfH	mRNA	Unclear/under-characterized	False	False								
G7298	b2475	ypfJ	mRNA	Unknown function	False	False								
G0-8888	b4606	ypfM	mRNA	Unknown function	False	False								
G0-10463	b4547	ypfN	mRNA	Unknown function	False	False								
G7337	b2543	yphA	mRNA	Unknown function	False	False								
G7338	b2544	yphB	mRNA	Uncategorized	False	False								
G7339	b2545	yphC	mRNA	Unknown function	False	False								
G7340	b2546	yphD	mRNA	Unclear/under-characterized	False	False								
G7341	b2547	yphE	mRNA	Unclear/under-characterized	False	False								
G7342	b2548	yphF	mRNA	Unclear/under-characterized	False	False								
G7343	b2549	yphG	mRNA	Unknown function	False	False								
G7344	b2550	yphH	mRNA	Unknown function	False	False								
G7382	b2647	ypjA	mRNA	Unclear/under-characterized	False	False								
G7384	b2649	ypjB	mRNA	Uncategorized	False	False								
G7385	b2650	ypjC	mRNA	Uncategorized	False	False								
G7355	b2611	ypjD	mRNA	Unknown function	False	False								
G7381	b2646	ypjF	mRNA	Toxin/antitoxin	False	False								
G0-16653	b4644	ypjI	pseudo	Uncategorized	False	False								
G0-10464	b4548	ypjJ	mRNA	Unknown function	False	False								
G7370	b2635	ypjK	mRNA	Unknown function	False	False								
G7407	b2689	yqaA	mRNA	Unknown function	False	False								
G7408	b2690	yqaB	mRNA	Metabolism	False	True	fructose-1-phosphate phosphatase	y					y	
G7396	b2666	yqaE	mRNA	Unknown function	False	False								
G7448	b2790	yqcA	mRNA	Unknown function	False	False								
G7450	b2792	yqcC	mRNA	Unknown function	False	False								
EG13174	b2775	yqcE	mRNA	Unknown function	False	False								
G0-10655	b4682	yqcG	mRNA	Unknown function	False	False								
G7493	b2874	yqeA	mRNA	Metabolism	False	False								
G7494	b2875	yqeB	mRNA	Unknown function	False	False								
G7495	b2876	yqeC	mRNA	Unknown function	False	False								
G7464	b2844	yqeF	mRNA	Unclear/under-characterized	False	False								
G7465	b2845	yqeG	mRNA	Unknown function	False	False								
G7466	b2846	yqeH	mRNA	Unclear/under-characterized	False	False								
G7467	b2847	yqeI	mRNA	Unclear/under-characterized	False	False								
G7468	b2848	yqeJ	mRNA	Unclear/under-characterized	False	False								
G7469	b2849	yqeK	mRNA	Unknown function	False	False								
G0-10650	b4683	yqeL	mRNA	Unknown function	False	False								
G7512	b2899	yqfA	mRNA	Unknown function	False	False								
G7513	b2900	yqfB	mRNA	Unknown function	False	True								
G7515	b2915	yqfE	pseudo	Uncategorized	False	False								
G0-10656	b4684	yqfG	mRNA	Unknown function	False	False								
G0-16747	b4753	yqfH	mRNA	Uncategorized	False	False								
G0-16748	b4754	yqfI	mRNA	Uncategorized	False	False								
G7534	b2966	yqgA	mRNA	Unknown function	False	False								
G7521	b2939	yqgB	mRNA	Unclear/under-characterized	False	False								
G7522	b2940	yqgC	mRNA	Unknown function	False	False								
G7523	b2941	yqgD	mRNA	Uncategorized	False	False								
G7524	b2948	yqgE	mRNA	Unknown function	False	False								
G7525	b2949	yqgF	mRNA	Unknown function	False	False								
G0-17030	b4784	yqgG	mRNA	Uncategorized	False	False								
G0-17031	b4785	yqgH	mRNA	Uncategorized	False	False								
G7559	b3002	yqhA	mRNA	Unknown function	False	False								
G7563	b3010	yqhC	mRNA	Transcription regulation	False	False								
G7564	b3011	yqhD	mRNA	Metabolism	True	True								
G7566	b3013	yqhG	mRNA	Unknown function	False	False								
G7567	b3014	yqhH	mRNA	Unknown function	False	False								
G0-16749	b4755	yqhI	mRNA	Uncategorized	False	False								
G0-17032	b4786	yqhJ	mRNA	Uncategorized	False	False								
G7578	b3031	yqiA	mRNA	Unknown function	False	False								
G7580	b3033	yqiB	mRNA	Unknown function	False	False								
G0-16750	b4756	yqiD	mRNA	Uncategorized	False	False								
G7585	b3046	yqiG	pseudo	Uncategorized	False	False								
G7586	b3047	yqiH	mRNA	Unknown function	False	False								
G7587	b3048	yqiI	mRNA	Unknown function	False	False								
G7588	b3050	yqiJ	mRNA	Unknown function	False	False								
G7589	b3051	yqiK	mRNA	Unknown function	False	False								
G0-17033	b4787	yqiM	mRNA	Uncategorized	False	False								
G7609	b3095	yqjA	mRNA	Unknown function	False	False								
G7611	b3097	yqjC	mRNA	Unknown function	False	False								
G7612	b3098	yqjD	mRNA	Unknown function	False	False								
G7613	b3099	yqjE	mRNA	Unknown function	False	False								
G7615	b3101	yqjF	mRNA	Unknown function	False	False								
G7616	b3102	yqjG	mRNA	Unknown function	False	True								
G7614	b3100	yqjK	mRNA	Unknown function	False	False								
G7637	b3142	yraH	mRNA	Unclear/under-characterized	False	False								
G7638	b3143	yraI	mRNA	Unclear/under-characterized	False	False								
G7639	b3144	yraJ	mRNA	Unclear/under-characterized	False	False								
G7640	b3145	yraK	mRNA	Unclear/under-characterized	False	False								
G7643	b3148	yraN	mRNA	Unknown function	False	False								
G7645	b3151	yraQ	mRNA	Unknown function	False	False								
G7646	b3152	yraR	mRNA	Unknown function	False	False								
EG12802	b3196	yrbG	mRNA	Metabolism	False	False								
G7667	b3207	yrbL	mRNA	Unknown function	False	False								
G0-10651	b4685	yrbN	mRNA	Unknown function	False	False								
G7696	b3279	yrdA	mRNA	Unknown function	False	False								
G7697	b3280	yrdB	mRNA	Unknown function	False	False								
G7699	b3283	yrdD	mRNA	Unknown function	False	False								
G0-16661	b4646	yrdE	pseudo	Uncategorized	False	False								
G0-16676	b4697	yrdF	pseudo	Uncategorized	False	False								
G7742	b3399	yrfG	mRNA	Unclear/under-characterized	True	True								Unclear/under-characterized
G0-17095	b4820	yrfJ	mRNA	Uncategorized	False	False								
G7760	b3443	yrhA	pseudo	Uncategorized	False	False								
G7763	b3446	yrhB	mRNA	Unknown function	False	False								
G0-10563	b4552	yrhC	pseudo	Uncategorized	False	False								
G0-10603	b4612	yrhD	mRNA	Unknown function	False	False								
G0-17037	b4791	yriA	mRNA	Uncategorized	False	False								
G0-17038	b4792	yriB	mRNA	Uncategorized	False	False								
EG12277	b3573	ysaA	mRNA	Unknown function	False	False								
G0-10467	b4553	ysaB	mRNA	Unknown function	False	False								
G0-16664	b4648	ysaC	pseudo	Uncategorized	False	False								
G0-16665	b4649	ysaD	pseudo	Uncategorized	False	False								
G0-17039	b4793	ysaE	mRNA	Uncategorized	False	False								
G0-16751	b4757	ysdD	mRNA	Uncategorized	False	False								
G0-17044	b4798	ysdE	mRNA	Uncategorized	False	False								
G7804	b3830	ysgA	mRNA	Unknown function	False	False								
G0-17045	b4799	ysgD	mRNA	Uncategorized	False	False								
G0-10657	b4686	yshB	mRNA	Unknown function	False	False								
G0-10608	b4622	ytcA	mRNA	Unknown function	False	False								
G0-17099	b4821	ytcB	mRNA	Uncategorized	False	False								
G7863	b4205	ytfA	pseudo	Uncategorized	False	False								
G7864	b4206	ytfB	mRNA	Unknown function	False	False								
G7866	b4209	ytfE	mRNA	Metabolism	False	False								
G7867	b4210	ytfF	mRNA	Unknown function	False	False								
G7869	b4212	ytfH	mRNA	Unknown function	False	False								
G7870	b4215	ytfI	mRNA	Unknown function	False	False								
G7871	b4216	ytfJ	mRNA	Unknown function	False	False								
G7872	b4217	ytfK	mRNA	Unknown function	False	False								
G7876	b4222	ytfP	mRNA	Unknown function	False	False								
EG12517	b4227	ytfQ	mRNA	Metabolism	False	True	galactofuranose transport	y					c	
EG12518	b4228	ytfR	mRNA	Unknown function	False	True								
EG12520	b4230	ytfT	mRNA	Metabolism	False	True	galactofuranose transport	y					c	
G0-17046	b4800	ytgA	mRNA	Uncategorized	False	False								
G0-17096	b4822	ytgB	mRNA	Uncategorized	False	False								
G0-10616	b4655	ythA	mRNA	Unknown function	False	False								
G0-17048	b4802	ythB	mRNA	Uncategorized	False	False								
G0-16640	b4715	ytiA	mRNA	Uncategorized	False	False								
G0-17013	b4767	ytiB	mRNA	Uncategorized	False	False								
G0-16686	b4720	ytiC	mRNA	Uncategorized	False	False								
G0-16687	b4721	ytiD	mRNA	Uncategorized	False	False								
G0-17097	b4823	ytiE	mRNA	Uncategorized	False	False								
G0-10475	b4568	ytjA	mRNA	Unknown function	False	False								
EG10951	b4387	ytjB	mRNA	Unknown function	False	False								
EG12164	b4395	ytjC	mRNA	Metabolism	False	False								
G0-17098	b4824	ytjE	mRNA	Uncategorized	False	False								
G7802	b3808	yzcX	mRNA	Uncategorized	False	False								
EG11213	b4223	yzfA	phantom	Uncategorized	False	False								
G7752	b3427	yzgL	mRNA	Uncategorized	False	False								
EG12878	b2910	zapA	mRNA	Cytokinesis	False	False								
EG11878	b3928	zapB	mRNA	Cytokinesis	False	False								
G6486	b0946	zapC	mRNA	Cytokinesis	False	False								
EG12313	b0102	zapD	mRNA	Uncategorized	False	False								
G7680	b3232	zapE	mRNA	Unknown function	False	False								
G7681	b3233	zapG	mRNA	Unknown function	False	False								
G0-17089	b4814	zbiJ	miscRNA	Uncategorized	False	False								
G7061	b1973	zinT	mRNA	Stress response	False	False								
G7258	b2412	zipA	mRNA	Cytokinesis	False	False								
G6393	b0752	zitB	mRNA	Metabolism	True	True								
EG12215	b3469	zntA	mRNA	Metabolism	True	True								
G6674	b1342	zntB	mRNA	Unknown function	False	True								
EG11969	b3292	zntR	mRNA	Transcription regulation	False	False								
G7017	b1857	znuA	mRNA	Metabolism	True	True								
EG12368	b1859	znuB	mRNA	Uncategorized	True	True								
G7018	b1858	znuC	mRNA	Metabolism	True	True								
EG11918	b4002	zraP	mRNA	Metabolism	False	False								
EG10482	b4004	zraR	mRNA	Transcription regulation	False	False								
EG10008	b4003	zraS	mRNA	Phosphorylation regulation	False	False								
EG11167	b3040	zupT	mRNA	Metabolism	True	True								
EG11929	b4046	zur	mRNA	Transcription regulation	False	False								
EG11221	b1852	zwf	mRNA	Metabolism	True	True								Metabolism
G6084	b0017		phantom	Uncategorized	False	False								
G6294	b0538		phantom	Uncategorized	False	False								
G6336	b0609		phantom	Uncategorized	False	False								
G8203	b0701		phantom	Uncategorized	False	False								
G6678	b1354		phantom	Uncategorized	False	False								
G6690	b1367		phantom	Uncategorized	False	False								
G6740	b1425		phantom	Uncategorized	False	False								
G6748	b1437		phantom	Uncategorized	False	False								
G7034	b1903		phantom	Uncategorized	False	False								
G7121	b2084		phantom	Uncategorized	False	False								
G7353	b2596		phantom	Uncategorized	False	False								
G7388	b2653		phantom	Uncategorized	False	False								
G7561	b3004		phantom	Uncategorized	False	False								
G7562	b3007		phantom	Uncategorized	False	False								
G7818	b3975		phantom	Uncategorized	False	False								
G7878	b4247		phantom	Uncategorized	False	False								
G7881	b4250		phantom	Uncategorized	False	False								
G0-10697			pseudo	Uncategorized	False	False								
G0-10698			phantom	Uncategorized	False	False								
G0-10700			phantom	Uncategorized	False	False								
G0-10702			phantom	Uncategorized	False	False								
G0-10703			phantom	Uncategorized	False	False								
G0-10704			phantom	Uncategorized	False	False								
G0-10705			phantom	Uncategorized	False	False								
G0-10706			miscRNA	Uncategorized	False	False								
