,EG10001_max_mrna,EG10003_max_mrna,EG10004_max_mrna,EG10011_max_mrna,EG10013_max_mrna,EG10014_max_mrna,EG10015_max_mrna,EG10016_max_mrna,EG10017_max_mrna,EG10018_max_mrna,EG10026_max_mrna,EG10028_max_mrna,EG10030_max_mrna,EG10031_max_mrna,EG10032_max_mrna,EG10033_max_mrna,EG10034_max_mrna,EG10035_max_mrna,EG10039_max_mrna,EG10040_max_mrna,EG10043_max_mrna,EG10044_max_mrna,EG10046_max_mrna,EG10050_max_mrna,EG10051_max_mrna,EG10054_max_mrna,EG10071_max_mrna,EG10084_max_mrna,EG10085_max_mrna,EG10107_max_mrna,EG10108_max_mrna,EG10112_max_mrna,EG10122_max_mrna,EG10124_max_mrna,EG10129_max_mrna,EG10138_max_mrna,EG10160_max_mrna,EG10167_max_mrna,EG10170_max_mrna,EG10172_max_mrna,EG10001_mean_mrna,EG10003_mean_mrna,EG10004_mean_mrna,EG10011_mean_mrna,EG10013_mean_mrna,EG10014_mean_mrna,EG10015_mean_mrna,EG10016_mean_mrna,EG10017_mean_mrna,EG10018_mean_mrna,EG10026_mean_mrna,EG10028_mean_mrna,EG10030_mean_mrna,EG10031_mean_mrna,EG10032_mean_mrna,EG10033_mean_mrna,EG10034_mean_mrna,EG10035_mean_mrna,EG10039_mean_mrna,EG10040_mean_mrna,EG10043_mean_mrna,EG10044_mean_mrna,EG10046_mean_mrna,EG10050_mean_mrna,EG10051_mean_mrna,EG10054_mean_mrna,EG10071_mean_mrna,EG10084_mean_mrna,EG10085_mean_mrna,EG10107_mean_mrna,EG10108_mean_mrna,EG10112_mean_mrna,EG10122_mean_mrna,EG10124_mean_mrna,EG10129_mean_mrna,EG10138_mean_mrna,EG10160_mean_mrna,EG10167_mean_mrna,EG10170_mean_mrna,EG10172_mean_mrna,EG10001_max_prot,EG10003_max_prot,EG10004_max_prot,EG10011_max_prot,EG10013_max_prot,EG10014_max_prot,EG10015_max_prot,EG10016_max_prot,EG10017_max_prot,EG10018_max_prot,EG10026_max_prot,EG10028_max_prot,EG10030_max_prot,EG10031_max_prot,EG10032_max_prot,EG10033_max_prot,EG10034_max_prot,EG10035_max_prot,EG10039_max_prot,EG10040_max_prot,EG10043_max_prot,EG10044_max_prot,EG10046_max_prot,EG10050_max_prot,EG10051_max_prot,EG10054_max_prot,EG10071_max_prot,EG10084_max_prot,EG10085_max_prot,EG10107_max_prot,EG10108_max_prot,EG10112_max_prot,EG10122_max_prot,EG10124_max_prot,EG10129_max_prot,EG10138_max_prot,EG10160_max_prot,EG10167_max_prot,EG10170_max_prot,EG10172_max_prot,EG10001_mean_prot,EG10003_mean_prot,EG10004_mean_prot,EG10011_mean_prot,EG10013_mean_prot,EG10014_mean_prot,EG10015_mean_prot,EG10016_mean_prot,EG10017_mean_prot,EG10018_mean_prot,EG10026_mean_prot,EG10028_mean_prot,EG10030_mean_prot,EG10031_mean_prot,EG10032_mean_prot,EG10033_mean_prot,EG10034_mean_prot,EG10035_mean_prot,EG10039_mean_prot,EG10040_mean_prot,EG10043_mean_prot,EG10044_mean_prot,EG10046_mean_prot,EG10050_mean_prot,EG10051_mean_prot,EG10054_mean_prot,EG10071_mean_prot,EG10084_mean_prot,EG10085_mean_prot,EG10107_mean_prot,EG10108_mean_prot,EG10112_mean_prot,EG10122_mean_prot,EG10124_mean_prot,EG10129_mean_prot,EG10138_mean_prot,EG10160_mean_prot,EG10167_mean_prot,EG10170_mean_prot,EG10172_mean_prot
EG10001_trans,0.06380039729745235,0.0,0.13370551939544306,0.0,0.0,0.0,0.0,0.09394611371242778,0.13559575537040303,0.3211075582935954,8.881784197001252e-16,0.0,0.0,0.0,0.059328978496015594,0.0,0.12749010618129875,0.030853517983173706,0.0,0.01980776318853472,0.071860482369142,0.0764438768764979,0.0,0.006902356902357187,0.00031359507514228113,0.0,0.0,0.05851675315794802,0.007407407407406197,0.005303915264380787,0.0059407216023630305,0.0,0.002334638716906756,0.0,0.0,0.06446269179987363,0.0,0.07382421340071721,0.07675508100955675,0.0,0.42036774976649105,0.0,0.10022623626083904,0.0,0.0,0.0,0.029428717290322925,0.007804804373905405,0.22728819917935716,0.0,8.881784197001252e-16,0.1298847924951665,0.06363205416976392,0.0,0.08037622881718764,0.0,0.10426619912015145,0.16339846337390584,0.03986230224362952,0.0820152495680686,0.021191041624775142,0.0,0.0,0.006902356902357187,0.03286123698522658,0.0,0.011127662455470588,0.0,0.007407407407406197,0.18974574803249045,0.1196455068442206,0.07897934054644562,0.003859942078541012,0.0,0.055611188355422225,0.1997762607497624,0.0,0.0,0.0,0.021902416301855965,0.0,0.0,0.0935951275579483,0.01710170561552493,0.10800330554791815,0.02538574399833271,0.0,0.0908517429159974,0.12370120276934227,0.1635303683448326,0.1872633199000555,0.0,0.014701643698043831,0.0,0.05738890525063933,0.10185595528436897,0.27466805724977883,0.08542158079168916,0.13378866997104977,0.0,0.029530137003239698,0.0,0.0,0.006902356902357187,0.015052471772220244,0.2500243783177294,0.052688683742430076,0.0,0.0,0.0,0.06726258300369192,0.0,0.08540811852463892,0.040176138859949084,0.0,0.0,0.0,0.005844916685020074,0.06583023412398248,0.04580916169418092,0.06296110420088352,0.030256693617296104,0.0,0.0,0.16975613484323349,0.006243728625179745,0.0,0.0,0.0,0.029486897929765332,0.0,0.0,0.09524182014740612,0.0204810710320511,0.0,0.0,0.07129682917852209,0.0,0.0,0.0,0.027791197966843928,0.005597367352509153,0.14379926090269546,0.13583929401763672,0.011286994178169696,0.0,0.0,0.0,0.0,0.13169041495202216,0.039443831230250304,0.0,0.03190989029744662,0.0,0.0,0.13088843591644328,0.03695799907546249,0.0,0.0,0.08014621937708188
EG10003_trans,0.0,0.15098419865456192,0.0,0.02188752379291037,0.010755120824746722,0.0,0.10025422598030165,0.0,0.0,0.25945987348713206,0.051216951300421254,0.0,0.0,0.13535301058806937,0.14443278018402683,0.018519330741324946,0.010039803963803884,0.0,0.0,0.024212610275840873,0.16330698387025544,0.0,0.0,0.04804103675657334,0.0,0.0,0.0,0.0,0.050361875445342985,0.0,0.21611221490260135,0.08352099320259931,0.0,0.050822987180457524,0.0,0.12004425611934844,0.0,0.037839655067458455,0.008006962717451493,0.0,0.0030937453789121605,0.6524865271902922,0.08025479232036359,0.02626215148496236,0.0,0.07119683146672795,0.06729744637363888,0.0,0.0,0.0,0.051216951300421254,0.0,0.012244178005093698,0.010419416388399938,0.03498490530231457,0.0,0.03886503434968169,0.0,0.03573815780676437,0.0,0.05303630841920093,0.0,0.0,0.04804103675657334,0.0,0.017939736679331464,0.0,0.0,0.050361875445342985,0.10122327109884344,0.0,0.06634331693104167,0.0,0.0,0.04857362897586093,0.022106451972629948,0.0,0.0,0.03518684004850803,0.0,0.0,0.2321221339870423,0.0,0.0,0.004309880088210871,0.0,0.0,0.04825120854484677,0.01456534114204322,0.04457376742538388,0.0847190010442187,0.0,0.007683489217514161,0.0,0.12797221198820052,0.07804379831348118,0.1933929184888239,0.0,0.13173249130395526,0.11180047012348959,0.0,0.0,0.0,0.04804103675657334,0.006454163494254761,0.02609140930579601,0.10165531221600288,0.0,0.0,0.10817764083576709,0.10810156737301835,0.020514580888440825,0.07978587942604287,0.03394146506982665,0.0478968024018509,0.07877663949108449,0.014084323110848285,0.02363737539619981,0.0,0.0,0.0,0.23006021584551561,0.0,0.0,0.006340052180747513,0.0,0.0,0.0,0.052370000536620775,0.0,0.06644209186717642,0.013761903288336708,0.0,0.0,0.0,0.0,0.0,0.08131662184530519,0.00821799364688136,0.0,0.09514705333255424,0.0,0.0,0.14338358082472258,0.0,0.09977349091937926,0.038529770223298954,0.0,0.0,0.03756802997060715,0.02294976725330633,0.0,0.0,0.0,0.04670267148870222,0.0718712288720118,0.03453288086322548,0.10287272819720972,0.15806829303873826,0.0
EG10004_trans,0.01236786237381704,0.1701451646073857,0.041326465647937294,0.03600100665712924,0.12717681721641583,0.0,0.0,0.019073291061827646,0.21324011216065264,0.16764174395891107,0.004665745590306969,0.2806302215547758,0.10732037438314457,0.17693616722424022,0.0,0.049490364866179526,0.0026864743369938715,0.0,0.0,0.014316635062375127,0.05445629694651677,0.0,0.0,0.0043891790233252514,0.0,0.0,0.0,0.0317708779759136,0.0047772555798641925,0.0695860052902304,0.0,0.008851803135386138,0.0883497203396022,0.0,0.06886730182020706,0.19442121955238933,0.0,0.0546028894074273,0.004332645913612598,0.0,0.0,0.07877024800014887,0.5487034710423409,0.08598914808907177,0.06817484856404565,0.0,0.0,0.02764923566802846,0.17334556128913903,0.08027833839059362,0.004665745590306969,0.11175286553482655,0.0,0.0,0.07992325922350174,0.06042109293717646,0.18804320023194165,0.16356590217721045,0.029241094042661953,0.0704044819134122,0.1067837794449793,0.0,0.0,0.0043891790233252514,0.00961305104940502,0.08074508388116586,0.0,0.0,0.0047772555798641925,0.053652689896283245,0.0,0.019623718083957353,0.0,0.04231120664059729,0.022725934092401978,0.019903647670961533,0.0,0.0,0.15236197629667325,0.0069242556836810465,0.056758406332066524,0.0,0.0,0.0,0.009172979904078282,0.0,0.018247667681384527,0.0,0.005389866715264979,0.06790676089830772,0.0,0.008958093921139554,0.11340463864019701,0.06033972218890016,0.05960252998546922,0.11575463538133235,0.18378394972751666,0.09189536566253143,0.14731285218653722,0.0,0.0,0.01744794112080772,0.008209098735260323,0.0043891790233252514,0.0,0.05247047838769925,0.1338528047867631,0.0,0.06368241753091697,0.047340495216681155,0.06615539555499783,0.06450972601955929,0.0,0.0,0.0378559964362668,0.0,0.0,0.07146142814238798,0.05405415636593336,0.0,0.02852255296735784,0.0,0.0233010906801554,0.07798211141478228,0.0,0.03986448790044861,0.0,0.0,0.009020179369089387,0.0,0.0,0.10019368359567338,0.0594815211151003,0.03392306610383011,0.0471734311233325,0.10152592435079444,0.02171661713359274,0.0,0.047761865417423,0.0,0.11790073563434822,0.0,0.07381044822278326,0.02002365253180516,0.0,0.013037891035527993,0.0,0.0,0.0,0.07855295395834405,0.0,0.0,0.05004912601756262,0.0,0.0,0.0,0.015406209464318366,0.0,0.0,0.0
EG10011_trans,0.0,0.0,0.0,0.0506639572735752,0.14669830241271997,0.0,0.10581252466318469,0.032520605064696895,0.026191067027286685,0.17073213346739013,8.881784197001252e-16,0.038616059136094005,0.0,0.028092960408399925,0.029732806536539425,0.04235253051919008,0.0,0.0,0.0,0.022121716424071902,0.05195976527353041,0.0,0.0,0.0,0.0,0.0,0.02372796133479227,0.0,0.0,0.01316424975384134,0.030894288995737984,0.022771387561452805,0.09785071733127815,0.001422706236902549,0.0,0.07579131015134788,0.1758309307919701,0.0,0.03305617911186021,0.09290827668377633,0.0,0.0,0.0,0.3975865969554935,0.0,0.0,0.06550226536416748,0.0,0.12181175586273163,0.03896463606209677,8.881784197001252e-16,0.0,0.0,0.032056461867479236,0.07366940513619546,0.0,0.14638314097012772,0.0,0.0,0.0,0.18048495477047188,0.008764974538637116,0.0,0.0,0.2310121690023852,0.0,0.0008379558633864193,0.0,0.0,0.16732015586500637,0.07476324478404228,0.0,0.0,0.06246539293508313,0.07406485008322372,0.1502517685211,0.0,0.0,0.2893418202723108,0.0,0.0,0.0,0.009926753184931414,0.1320888477344897,0.06568709589802602,0.0,0.0,0.0,0.04904825036316751,0.0369690896117989,0.0,0.0,0.0,0.0,5.7385280376909265e-05,0.12555741236456752,0.15765960876846563,0.15139690878367018,0.04090614763294109,0.0,0.0,0.09489732300131948,0.0,0.0,0.0,0.0,0.04308598655381202,0.07783013403612316,0.0,0.0,0.033171606456306346,0.05580827398493726,0.05178946375982374,0.0,0.0,0.060753197062823006,0.0,0.0628545274772696,0.00872892965617611,0.0,0.07365920649316715,0.0,0.0,0.3251366253651802,0.0,0.0,0.06310247461513985,0.044599729131375554,0.04002198060586437,0.0,0.0,0.05826550244879769,0.0,0.0008082582426629514,0.0,0.0,0.05531314233232365,0.0,0.0011962124527964413,0.10727571079703724,0.1398484544588352,0.0,0.01772365693123401,0.0,0.008603261836467091,0.0,0.07762468542056844,0.09672940640125427,0.0,0.013231474277021427,0.0,0.0,0.023482285676143633,0.0,0.0,0.23419874273189656,0.0,0.0,0.0,0.01896570854709312
EG10013_trans,0.06779380009215297,0.10626253008795139,0.0,0.13040989170401884,0.1815994575691522,0.0,0.0,0.0,0.0,0.16952056333204535,8.881784197001252e-16,0.0,0.0616564087191791,0.0,0.0,0.03444362265792966,0.006182729068495263,0.0,0.0,0.07196012425851572,0.0,0.0050048328128666775,0.0,0.006902356902357187,0.0,0.0,0.0,0.04009663857642298,0.0,0.24443760505609413,0.0,0.11220324533397052,0.043335917281556835,0.0,0.14564240389970484,0.20057219196009335,0.0027935661409053125,0.0,0.25735386398501436,0.0,0.04201209348855306,0.0,0.028989397695601937,0.0,0.29852514977194966,0.0,0.05053535310076107,0.0,0.21674585646332734,0.1458733070193854,8.881784197001252e-16,0.0,0.11225079509318947,0.0,0.0,0.0,0.21440618792922894,0.07032548048304221,0.0,0.0,0.0,0.0,0.0,0.006902356902357187,0.05148150696597886,0.09496389815398532,0.0,0.06319676813039665,0.0,0.16932320759200725,0.04790390068546779,0.0,0.04759892045704239,0.0,0.1595820629985807,0.07292225354508108,0.05482753654402206,0.06406351464797355,0.17702006146430493,0.0,0.0015798191851774668,0.0,0.16306696464348436,0.0,0.08466403584109106,0.0,0.0,0.0,0.08752960272519283,0.16289355642150127,0.05091044269353384,0.0,0.028964127406717388,0.0,0.1705942898619126,0.031121807939402224,0.19748181670282028,0.032200771293691144,0.06436116126955937,0.0,0.03183063339533021,0.0,0.0,0.006902356902357187,0.0,0.07235117561180582,0.021056747927113317,0.022787621984505346,0.007913682369426134,0.0,0.19969110148296076,0.0,0.037103399188252784,0.0,0.0,0.0,0.13333811567753173,0.0,0.0,0.0,0.0,0.0,0.11303674483880766,0.0,0.16090344921322153,0.0,0.012404660578485771,0.0,0.22052491522040896,0.04042368017512743,0.05383625967502015,0.0,0.06124739149925951,0.0,0.009761918528264246,0.033814861462251766,0.0587501850155987,0.0,0.08256971992759521,0.03287247367504298,0.0,0.007629190324109469,0.0,0.03662390155313355,0.0,0.0,0.1587265361457333,0.09337269918831126,0.0,0.0,0.12382278806385338,0.0,0.13999803274457534,0.15985820874166867,0.0009471430993812646,0.0,0.0,0.11709060673534699,0.13801779348669152,0.0
EG10014_trans,0.07248557786435672,0.13348610993858534,0.05113595259074488,0.08124752956776105,0.07778924693926204,0.22866177709454094,0.02116751429164232,0.0,0.02349560957430885,0.030399404357675408,0.0,0.11286641007234932,0.0,0.0,0.0,0.10191796994570135,0.0,0.0,0.0,0.0,0.05935271242102891,0.0,0.0,0.0,0.0,0.0,0.0,0.0,0.0,0.004778968606022449,0.0,0.0,0.0,0.05049561723672369,0.0,0.0018677965893392212,0.006022319724471092,0.02580694783009685,0.0,0.0,0.14270203871719822,0.09216642190963542,0.02961214456413419,0.08056088885113466,0.007250316797466461,0.4118330241770438,0.14228123261466363,0.0,0.04075569092495002,0.15355304215783105,0.0,0.02994716376862039,0.0,0.07493163092698207,0.0,0.043411660252850925,0.0,0.07659820544963525,0.0,0.0,0.0362671343812524,0.013153677696380317,0.18596844892600695,0.0,0.0,0.0,0.11127079521034133,0.0,0.0,0.08635825619820148,0.0,0.16116674513130302,0.0,0.1710869414383196,0.028777374313261994,0.12281915885747052,0.011015540177369942,0.0,0.01815404160283629,0.10314302367564654,0.0,0.011627313606569878,0.04705302770130082,0.0,0.0,0.23368792574177455,0.0,0.04636226183388992,0.0,0.0,0.0,0.0,0.0,0.0,0.1378441710477829,0.12078151665296932,0.0737053468493496,0.07271121923475832,0.0,0.0,0.049482852617828144,0.0,0.0,0.0,0.0,0.0,0.05815037896866526,0.0,0.014150281664810915,0.0,0.0,0.0,0.0,0.05376698056757512,0.0,0.13886984640141398,0.006868379717241524,0.0,0.0,0.0,0.019979894204128268,0.007258373187650324,0.025836777434291136,0.06623519236242137,0.0,0.0,0.0,0.0,0.0,0.0,0.014224372088995185,0.15102324522326604,0.01704370188273696,0.2097970292018716,0.07130090245328313,0.0,0.12219495050138773,0.0,0.021801142872445833,0.019610715731525286,0.22534125102387392,0.0,0.0,0.11748014541959195,0.02522065923782879,0.0,0.0,0.0,0.14608498418718385,0.0,0.0,0.0,0.0,0.2046719027635331,0.0,0.1403291780889946,0.0004931677284987224,0.0,0.05160865079518695,0.06750863647789496
EG10015_trans,0.0,0.0,0.0,0.06210987656469946,0.0,0.0,0.016948515031811162,0.0,0.021707066223550342,0.19104927325192067,8.881784197001252e-16,0.08705417936198945,0.004396235177448027,0.0,0.0,0.0,0.2174759098625927,0.02061767628811051,0.0,0.07741753008531349,0.04154326927799046,0.10583165749605694,0.0,0.036531986531986416,0.0,0.0,0.0,0.0,0.014814814814813282,0.0,0.07937552664930103,0.0,0.0,0.010582084255929214,0.0,0.0485053167970908,0.0,0.0,0.04288871220088053,0.0,0.03074522214176456,0.17087775108268288,0.05082561757525772,0.14402229250002474,0.08609967804232355,0.0,0.35784802568187324,0.025810863149652974,0.04518435657696829,0.06405988563026566,8.881784197001252e-16,0.20707009437270663,0.01796431818565658,0.0,0.0,0.0,0.06704934793880435,0.0,0.0,0.0,0.1799354598532359,0.0,0.10879615168171153,0.036531986531986416,0.0,0.0,0.0,0.0,0.014814814814813282,0.13778862637764222,0.0,0.0,0.0,0.0015854594334010486,0.1973902759666597,0.06656520479579764,0.0,0.06194972160359802,0.005304195772799503,0.0,0.09515049415291088,0.016889169555340144,0.03221499231554281,0.0,0.0,0.0,0.0,0.0,0.05552479765759477,0.02177881477036081,0.005055888908459316,0.0,0.04455445145696446,0.1075481867634096,0.09514034180519815,0.22901658171619088,0.23281852063782127,0.019212620719087248,0.325522316802783,0.0,0.0,0.009439247132013051,0.0,0.03975029497718108,0.04538256589817591,0.08483442830162202,0.16431717143247115,0.0,0.0,0.0,0.03169363355036259,0.006515344049180527,0.0,0.0,0.06763664002828107,0.022516380750005505,0.0,0.020268734270674438,0.1229115789243842,0.0654498197603588,0.0,0.0,0.006641966754339812,0.0,0.05036395868242671,0.23363957164150762,0.06759472461981408,0.0,0.075808164306296,0.0,0.006654941435780826,0.02664887915545977,0.0,0.015616674816753218,0.008094260888094507,0.011671330971776195,0.1616453131198332,0.0,0.0,0.0,0.007180615358123088,0.0,0.17197222967435022,0.03322603900649712,0.0,0.0,0.0,0.0,0.0,0.0,0.09317993858203222,0.0,0.0,0.037481209236401636,0.22995015597390323,0.0,0.05920424170491789,0.0,0.0,0.0
EG10016_trans,0.0,0.0,0.0,0.0,0.0,0.0,0.0,0.5947772350225429,0.0,0.0,0.007456576064749587,0.0,0.0,0.0,0.0,0.02949055930394362,0.0,0.0,0.0,0.0,0.03528928180430757,0.0,0.0,0.0386656376699519,0.04979559396656352,0.0,0.0,0.0,0.014314542090301696,0.10256698543653897,0.0,0.0,0.0,0.0799735731631217,0.0,0.0,0.06922290522754748,0.0,0.045877359219990144,0.0,0.0,0.19283057877646526,0.095800625688512,0.0,0.0,0.0536342647047352,0.13472429656443463,0.5360809485019418,0.11303013350291202,0.022739896226979806,0.007456576064749587,0.20548986544884285,0.0,0.023883774986356965,0.08968997120880129,0.08601807498008007,0.0,0.0,0.0,0.0,0.0916573320258558,0.016737207924603315,0.0,0.0386656376699519,0.0,0.07421859768277717,0.0,0.09965465334784662,0.014314542090301696,0.13351401526292683,0.10493640621144884,0.0,0.0,0.0,0.0,0.0,0.02864982710870345,0.042415437069194706,0.0,0.0,0.0,0.0,0.015478019158849499,0.0,0.0,0.18851566135724918,0.07312556322970565,0.4284440860029166,0.0,0.011977022960433015,0.0,0.08793420405006369,0.0,0.0,0.0,0.0,0.07855612797770561,0.0,0.01685832254834807,0.077555325988381,0.0,0.030609926480549277,0.0,0.0386656376699519,0.0,0.0,0.11400178499396918,0.0,0.11962350318625914,0.0,0.10121473377037438,0.0,0.009521674903103072,0.07812286574184268,0.0,0.02281182512698754,0.06504823347180944,0.08246840243575848,0.016468057435788275,0.0,0.0745895300658761,0.10030839225336319,0.040287495211634106,0.0,0.040434785583080224,0.08652254594470277,0.0,0.0966092226530808,0.0,0.03240793186840962,0.07642752367199801,0.09126219474103747,0.1047410986392685,0.14091502050638782,0.0,0.0,0.0565253728740549,0.10669705496513293,0.1485522015984091,0.048180385780382196,0.17179233962087648,0.11809835185414252,0.10372035418940362,0.014119728396488895,0.0,0.0,0.04464642840463018,0.04365156633421341,0.0,0.20022679411034416,0.0,0.0,0.00034654019048163676,0.0,0.0,0.0,0.0,0.06923439316576419,0.0,0.0
EG10017_trans,0.0,0.0,0.12915536873732414,0.05046858435061097,0.08698386988837781,0.0022061169356906163,0.0,0.0,0.045397719487543675,0.20935908077217347,8.881784197001252e-16,0.024200789513747267,0.12087350871838876,0.04765990191201608,0.02524335156224833,0.0,0.16612147260152677,0.0,0.01959685827225499,0.0,0.0,0.1678516912787522,0.0,0.0217171717171718,0.0,0.0,0.00018264231066433823,0.06195897682380247,0.007407407407405753,0.13077507603267846,0.0,0.12269690564012992,0.0,0.0,0.0,0.0,0.0,0.0,0.030277067576431893,0.14402257317015277,0.0,0.0,0.03391718295363333,0.0,0.003309503978444983,0.0,0.0,0.0,0.3518598501622805,0.04069296331217154,8.881784197001252e-16,0.0,0.0,0.0,0.09135235796844166,0.0,0.12611311794916702,0.0,0.0324177318443315,0.0,0.1050726861947191,0.1677441534662707,0.08016798595005747,0.0217171717171718,0.0,0.023078537520931253,0.001230199082339123,0.0,0.007407407407405753,0.20609443364216173,0.0,0.00022211612134270808,0.02459401028945396,0.022666203853827227,0.15178542292371167,0.0143121437736351,0.0316150300808844,0.0,0.0,0.0,0.08333506509263255,0.044061737892584496,0.0,0.0,0.14079128354834247,0.0,0.009895673906165747,0.0,0.1170981238687947,0.05380036566164392,0.022104052056445056,0.0,0.1362497618596914,0.10847397146783422,0.04803426433591884,0.10923282518956867,0.2744683641628458,0.02069018632386932,0.030268810036359728,0.0,0.0,0.01900478773068981,0.0,0.0217171717171718,0.07721301097161604,0.10545169694554257,0.0,0.1815106136469431,0.000288098572981621,0.0,0.0754436491442032,0.19141247650094173,0.0,0.0,0.03210904432961814,0.0,0.0,0.0,0.0,0.07834902687303646,0.0,0.0013247407739247485,0.016938159849136714,0.04211232995384928,0.03263666686529021,0.04623195666276425,0.1032821025891173,0.0,0.04961467229594163,0.0,0.01601329640542959,0.0,0.0,0.0,0.0,0.0,0.03108311857299828,0.0,0.0,0.0,0.06497231848766982,0.07573806732196253,0.047858120231660806,0.0,0.02738268445605163,0.03047518848061559,0.0,0.0,0.08042552981251783,0.06996229228694584,0.0,0.14304592716332531,0.0,0.04766137353150102,0.020670535428292558,0.11846200342359148,0.0,0.0,0.0901526836780504,0.0
EG10018_trans,0.0,0.0,0.1600053335538476,0.1749483762583166,0.0,0.0,0.0,0.0,0.058379533755941626,0.1771216699805538,0.0,0.0,0.0,0.0,0.09239446132013862,0.0,0.27629659230905457,0.08525780151693718,0.049847938860477115,0.022291532526809377,0.01315513874724683,0.1294718876449248,0.0,0.0,0.13599328014249323,0.0,0.0,0.0,0.0,0.0,0.11820964922052646,0.0,0.006711943762204964,0.0,0.011525247502510716,0.033601972310900674,0.0,0.0,0.0785549998155548,0.22100761594751095,0.0,0.00017706570411668565,0.18907894454082852,0.07635919235866906,0.0,0.0,0.21710868772718905,0.0,0.08448586328815022,0.3212831827376399,0.0,0.10348845811913554,0.016318385299492366,0.18521399713348652,0.06197618461047805,0.024030182930204536,0.04299091068745975,0.0,0.1564756216013352,0.0,0.0,0.0,0.0,0.0,0.15085572919170875,0.04555915176797365,0.07078123290613858,0.008880689618617321,0.0,0.16473965419805436,0.277341099886633,0.0,0.0060663655120971605,0.04151107483041372,0.09305904372460594,0.2755407606953466,0.03350044737330915,0.02407394261897622,0.1610799857306353,0.0,0.0,0.0,0.0,0.10242904093128624,0.0,0.0,0.08088833427353537,0.0,0.0,0.18026543565977615,0.0,0.03919942599650694,0.017471967304344638,0.0,0.0,0.09613807657160978,0.25975891884715274,0.06630864599671638,0.0,0.0,0.0,0.1388216384045693,0.0,0.0,0.04161994413423864,0.0,0.2913357222682724,0.0,0.0,0.030521462911982322,0.0,0.05889445181243769,0.0,0.0,0.0,0.12394237750298531,0.0,0.17322304840261982,0.17132096049946144,0.08857467461244672,0.0,0.0,0.0,0.0,0.0,0.0,0.0,0.06518303733264474,0.062223568538178675,0.202989437439832,0.035006041920569775,0.17863831382481932,7.909221453239468e-05,0.0,0.0,0.010776818319535142,0.0,0.03752208538501112,0.0,0.0005145610254877475,0.007586025655732076,0.02071998831722821,0.0,0.0,0.0,0.0012432256604859582,0.0,0.09042745340401881,0.0,0.0,0.0,0.0,0.0,0.0,0.023740042568949793,0.04917456874965831,0.0,0.03219784815089666,0.0,0.0
EG10026_trans,0.0,0.011838453255675008,0.01365083061782335,0.0,0.0,0.0,0.0,0.0,0.02882494690353732,0.0,0.0,0.0,0.0,0.005922915878476043,0.0,0.018260595891549825,0.0,0.0,0.0,0.0,0.026788680082644678,0.0,0.0,0.0,0.02521462171927502,0.12597490698345504,0.017417198087677388,0.0,0.0,0.0,0.0,0.0,0.0,0.0,0.039735981667655684,0.0,0.0566864944231098,0.0,0.0,0.0,7.771561172376096e-16,7.771561172376096e-16,7.771561172376096e-16,7.771561172376096e-16,7.771561172376096e-16,0.0,7.771561172376096e-16,0.0,7.771561172376096e-16,7.771561172376096e-16,0.0,7.771561172376096e-16,7.771561172376096e-16,7.771561172376096e-16,7.771561172376096e-16,7.771561172376096e-16,7.771561172376096e-16,7.771561172376096e-16,7.771561172376096e-16,7.771561172376096e-16,7.771561172376096e-16,7.771561172376096e-16,0.0,0.0,7.771561172376096e-16,7.771561172376096e-16,7.771561172376096e-16,7.771561172376096e-16,0.0,7.771561172376096e-16,7.771561172376096e-16,7.771561172376096e-16,7.771561172376096e-16,7.771561172376096e-16,7.771561172376096e-16,7.771561172376096e-16,7.771561172376096e-16,7.771561172376096e-16,7.771561172376096e-16,7.771561172376096e-16,0.0,7.771561172376096e-16,0.0,7.771561172376096e-16,7.771561172376096e-16,0.0,7.771561172376096e-16,0.0,0.0,0.0030436584384054832,0.0,7.771561172376096e-16,7.771561172376096e-16,0.0005050505050506748,7.771561172376096e-16,0.0,0.03600418119384208,0.0,0.018036329436785015,7.771561172376096e-16,7.771561172376096e-16,7.771561172376096e-16,0.0,0.0,0.0,0.04942226396705607,7.771561172376096e-16,7.771561172376096e-16,7.771561172376096e-16,7.771561172376096e-16,7.771561172376096e-16,0.0009867873127867854,7.771561172376096e-16,7.771561172376096e-16,7.771561172376096e-16,7.771561172376096e-16,7.771561172376096e-16,7.771561172376096e-16,7.771561172376096e-16,7.771561172376096e-16,7.771561172376096e-16,7.771561172376096e-16,7.771561172376096e-16,7.771561172376096e-16,7.771561172376096e-16,7.771561172376096e-16,7.771561172376096e-16,7.771561172376096e-16,7.771561172376096e-16,7.771561172376096e-16,7.771561172376096e-16,7.771561172376096e-16,7.771561172376096e-16,7.771561172376096e-16,7.771561172376096e-16,7.771561172376096e-16,7.771561172376096e-16,7.771561172376096e-16,7.771561172376096e-16,7.771561172376096e-16,7.771561172376096e-16,7.771561172376096e-16,7.771561172376096e-16,7.771561172376096e-16,7.771561172376096e-16,7.771561172376096e-16,7.771561172376096e-16,7.771561172376096e-16,7.771561172376096e-16,7.771561172376096e-16,7.771561172376096e-16,7.771561172376096e-16,7.771561172376096e-16,7.771561172376096e-16,7.771561172376096e-16,7.771561172376096e-16,7.771561172376096e-16,7.771561172376096e-16,7.771561172376096e-16,7.771561172376096e-16
EG10028_trans,0.0,0.11011015556450365,0.0,0.0,0.0,0.050622370978629316,0.041351280237892585,0.017540256195459847,0.0,0.13342518401427306,8.881784197001252e-16,0.026954050891363046,0.14531183679706716,0.0,0.13967991432630145,0.0,0.12496463187479989,0.061291198127854774,0.0,0.0,0.1418142404781686,0.0,0.0,0.0,0.0,0.0,0.05400874825950641,0.0,0.014814814814813282,0.0,0.04469736601508112,0.015510339459173128,0.07086165392801069,0.0,0.17102817617510313,0.007877488792022103,0.012606966366571548,0.07906184921438975,0.016965089865512706,0.0,0.0,0.0,0.10478322320709887,6.510236334777986e-05,0.0,0.0,0.0,0.0,0.10108177599595791,0.039403881106179206,8.881784197001252e-16,0.20803048255608791,0.0,0.0932009253909456,0.0,0.14334797769090146,0.13161113760486165,0.0,0.11459139099684323,0.0,0.09591112333029672,0.0,0.0,0.0,0.0,0.045311112589704994,0.09855919324907436,0.10310731681113205,0.014814814814813282,0.144407293485028,0.005121603998848201,0.13084595958518497,0.0,0.022321436719344945,0.0,0.1809094817197492,0.0,0.0,0.09583857452137146,0.11626788830972368,0.0,0.04943929637746214,0.0,0.02750067562155234,0.0,0.14385334939090777,0.0,0.0,0.029854786175774528,0.12234452559365305,0.021343784013520217,0.12230113941533549,0.05906299765530765,0.02652077988538526,0.0,0.168615045701638,0.16665229737623832,0.03026477927407356,0.04010964440319276,0.0,0.0,0.0,0.0,0.0,0.0,0.07213286840681654,0.06484696451305894,0.03764799667100327,0.0,0.0,0.0,0.0,0.08868976206299939,0.0,0.0,0.0,0.13966641748832664,0.0,0.16734857448750073,0.06393453016607875,0.0,0.0,0.1029535115796425,0.0,0.0,0.0,0.0,0.0,0.027989692947179012,0.0,0.12885872044088664,0.17716379520662073,0.029355643275990495,0.14659473399136447,0.0,0.057081620219101126,0.0,0.0,0.0,0.0,0.03308540811245919,0.0,0.10762770869140104,0.10850524580521359,0.031844680676853976,0.0,0.0706549884328802,0.06475652853908498,0.0042748056944494905,0.0,0.0,0.0,0.07063636321787525,0.06303226634386538,0.0,0.02796987211251567,0.10303594324737153,0.0,0.0,0.015556959387390545
EG10030_trans,0.0,0.020289067548623585,0.0,0.05045359913057279,0.06842964911145621,0.0,0.025400946290268678,0.08066244265097922,0.07935401812451826,0.17548910589579325,0.0,0.0,0.24243568096588897,0.0,0.0,0.026326197415893926,0.03564287825744916,0.06174772888986757,0.0,0.0,0.05137936561342338,0.0,0.0,0.00037939558214450386,0.0,0.0,0.14575451452101174,0.09168120420127535,0.0,0.03567079306968024,0.20239568438306277,0.0,0.0,0.0,0.0,0.0,0.0,0.0,0.0,0.07544582208688722,0.004680458487370309,0.08482119208749772,0.0,0.0,0.11606269025600646,0.0,0.11686005946569411,0.0,0.048190107373870195,0.046069030904838826,0.0,0.0,0.1955043380578596,0.0,0.0,0.1946422519015445,0.19550188858595074,0.0,0.0,0.0,0.04567972457033953,0.0,0.0,0.00037939558214450386,0.0,0.02108417610437696,0.023442281550867694,0.0,0.0,0.15565922304265234,0.08517963293667963,0.0,0.0,0.0,0.0,0.21810449428977385,0.0,0.2081717169704036,0.10067403616996717,0.0,0.07371545473031071,0.0,0.047507819071216595,0.0,0.015885531776247852,0.0,0.009071455525712757,0.0,0.08244260336352971,0.10010813730806145,0.07394555434831407,0.06767246872841737,0.0,0.0,0.06554330904264871,0.06699319261008263,0.14019197140322515,0.14474632446879188,0.13228731739528365,0.009176671585058305,0.0,0.0,0.0,0.00037939558214450386,0.0,0.024210739317790164,0.09066168762184734,0.0,0.0,0.056672506415482715,0.08444775128987914,0.1702354148063856,0.023778901634853078,0.018453724535415272,0.0,0.0,0.0,0.027605721047124554,0.08670877257390064,0.1462272333579624,0.04924220006543356,0.02032228967021643,0.0,0.0,0.0,0.0,0.03650239762585272,0.0,0.0,0.0,0.018366682997076555,0.0,0.08467890373391551,0.11616375924270717,0.0,0.05052787132685843,0.1449242880202375,0.0,0.0,0.0,0.0,0.0,0.0,0.0,0.005915620521995901,0.0,0.0,0.0,0.10868325515749522,0.0,0.0,0.0,0.0,0.10307655225445078,0.0,0.0,0.03880240397131551,0.0,0.0,0.0
EG10031_trans,0.0,0.0,0.04957208503751298,0.08944996469458077,0.043392021975064754,0.0,0.0,0.0,0.0,0.21944475715515965,8.881784197001252e-16,0.04410376772940783,0.11315434548027437,0.10139452014977968,0.045041597362657004,0.0,0.20847651732446293,0.0016503720546441336,0.0,0.02452785991642603,0.12224283150149162,0.014170165771127952,0.012281830087571777,0.0,0.18431414674415025,0.0,0.0,0.0,0.0,0.2670158924220749,0.0,0.02030050981426257,0.0,0.0,0.0,0.013788901652399321,0.0,0.0,0.06106354808977876,0.05799525963377716,0.0,0.0,0.01422951485837265,0.21741061222660263,0.0,0.10895714495831355,0.0,0.0,0.14407904660698234,0.1351932733626331,8.881784197001252e-16,0.05667671148203102,0.0,0.4724984446959286,0.05015144661682314,0.014448872573168181,0.1343242174926611,0.010738805580273958,0.12280635772262105,0.05395819136629232,0.050340722655625614,0.0,0.0,0.0,0.02036800989751919,0.0,0.007436794344661823,0.0843485504674586,0.0,0.5505632768378406,0.0,0.0,0.0,0.0,0.0,0.0,0.0,0.0,0.20601951068823432,0.0,0.0,0.06688798432559206,0.0,0.09479705605069566,0.0886899183823513,0.0,0.0,0.0,0.017123691798278884,0.0,0.0,0.0,0.0033300033548655517,0.09397080619337661,0.12161179095755092,0.055645958291731024,0.2944448472421457,0.13258183100158671,0.12632447915033618,0.0,0.0,0.19289601185625416,0.0,0.0,0.0,0.09744913487435358,0.0,0.10679732827289823,0.0034904395358523743,0.15536333956856896,0.060487319558144126,0.08882025849990072,0.0,0.0,0.0,0.07915484949933638,0.1035108961370994,0.0,0.00918888979594712,0.0,0.04179611351775714,0.0,0.14857435279881948,0.1289003080873603,0.0,0.0,0.031268711599734544,0.0,0.07986535333475331,0.10848146725522056,0.08246657823448089,0.0,0.17996447174918462,0.0,0.15963228617741043,0.08334359686963544,0.04362652453712057,0.0,0.0,0.0,0.07324588475191529,0.0,0.0,0.11945996726916963,0.019723901785724696,0.0,0.0,0.039245276749252156,0.0,0.43731517466048464,0.002779989244322767,0.0,0.0,0.0,0.0,0.10421051470908949,0.0,0.0,0.0,0.015620527991909938
EG10032_trans,0.06906150253839005,0.0,0.06992826911124173,0.0,0.1605833286213958,0.0,0.0,0.05592277902242637,0.1482277668128047,0.23754893725416526,8.881784197001252e-16,0.0,0.10109170666029454,0.0,0.16880796205809823,0.012766933452736495,0.1226311326283489,0.0,0.004535887282687057,0.0,0.09636707439068415,0.0,0.0,0.014309764309764272,0.0,0.054334396421487074,0.078319516685593,0.0,0.0,0.1021989913921113,0.0,0.0,0.17862102194738627,0.0,0.08731982776923486,0.041525865495952274,0.0,0.0,0.010760764319669214,0.1430806341698192,0.0,0.0656042399619099,0.015540708125028058,0.14198901323879287,0.0,0.0,0.036643430350729034,0.0,0.15057432280716432,0.19111213078057787,8.881784197001252e-16,0.0,0.0,0.05544782789474656,0.2201472239371285,0.0,0.047624947587276534,0.005043713074441403,0.14493928626319397,0.0,0.0,0.0,0.05211822736820082,0.014309764309764272,0.0,0.0,0.04303583113858833,0.0,0.0,0.2681774720581376,0.1362553246824012,0.0,0.0,0.02315636400593335,0.005966284088048779,0.0,0.0,0.0,0.24953630181785003,0.04292019762505772,0.05145395739264913,0.015456654763442712,0.094108741661866,0.17185807664338126,0.0,0.0,0.05571476064403291,0.0,0.032241795986150734,0.13430638245417992,0.0,0.0,0.0,0.04066272458915332,0.0673383117977604,0.24047694462566538,0.20981105460686722,0.1831030731569645,0.0019581495507914326,0.0,0.0,0.0,0.0,0.014309764309764272,0.0,0.04883551948313247,0.12625210997715097,0.006641441073630405,0.0,0.007397785714072569,0.06112227682282989,0.025584652734105262,0.1228822862075758,0.0,0.0,0.0,0.0,0.0,0.09921651845496826,0.24564363752155383,0.0,0.0,0.0,0.08580150216180549,0.0,0.0,0.0,0.0018709105762031442,0.002733416058239513,0.0,0.08665173732908227,0.12415753097295701,0.0,0.0,0.12753998679849943,0.11540525291560333,0.0,0.0,0.08822217289524303,0.0,0.0,0.031269741257856865,0.0,0.0,0.0,0.07149422876910516,0.0,0.0,0.002531263401863715,0.1053683026893335,0.0,0.0,0.0,0.0,0.0,0.07220309862317276,0.0,0.0,0.0,0.0045183942246302955
EG10033_trans,0.018305360903479784,0.0,0.0,0.0,0.12654612070743765,0.0,0.0368312400142754,0.0,0.0,0.07411629184393398,0.016852932283646815,0.0,0.0,0.0,0.034804855190399664,0.0860752359427881,0.011843786538860979,0.0,0.12401451298793198,0.0,0.04186055190722637,0.0,0.0,0.01972497532738071,0.10661056507109379,0.05885388035980199,0.0,0.0,0.031031568133499388,0.0,0.0,0.03137527767527537,0.0,0.0,0.0,0.0,0.03593186985171215,0.0,0.012699279982629985,0.0,0.0,0.0,0.0,0.09414985592827207,0.15833468185223198,0.0,0.059068155384847554,0.0,0.0969682027367198,0.026203896087880096,0.016852932283646815,0.0,0.0,0.0,0.1711488494515745,0.27598469605867093,0.05781797228892893,0.0,0.0,0.0,0.014670081584173822,0.0,0.0,0.01972497532738071,0.06534000545098673,0.0810595150156419,0.15461746700806955,0.0,0.031031568133499388,0.05836490283245643,0.09004680465662673,0.049435340122581106,0.0,0.026524031533364134,0.045031458254681134,0.1724061931147478,0.1216345892177495,0.0,0.0,0.030012819742853747,0.0,0.08131950781937292,0.0,0.0,0.0,0.04226857086899338,0.0,0.0,0.0,0.0,0.0051288216409406395,0.0,0.06514094143008542,0.0,0.0,0.2603195779668548,0.11356710057842623,0.0,0.14290307810099234,0.0,0.0,0.009690824030525125,0.0,0.01972497532738071,0.059778612275679155,0.12038068895588427,0.02421419052172835,0.02036443053848025,0.0,0.002504408383015022,0.0400726413302297,0.0,0.08394962991444732,0.0,0.0,0.0024745522019373745,0.0,0.06679474715382394,0.16604692110836572,0.0,0.0,0.05390488048466224,0.0,0.0,0.11118291034282946,0.0,0.0,0.11496865419454938,0.0,0.0,0.0,0.054405528326851194,0.0,0.0,0.0,0.18207236546986927,0.0,0.02981083524238981,0.0,0.03138843885996412,0.0,0.0,0.02753082506494975,0.2262542403690273,0.0,0.0,0.0,0.0,0.10122402618382331,0.0,0.007116400077824991,0.0,0.0,0.06644022532452265,0.0,0.0,0.0,0.12378917800023359,0.0054427606506211035,0.0
EG10034_trans,0.082965682054013,0.062014296471774255,0.13188590694156943,0.054038918199402985,0.023176630067049064,0.0,0.0,0.0,0.11298607567693564,0.14605773199876948,8.881784197001252e-16,0.08673426183002064,0.0,0.0958980775260887,0.07370397284248176,0.0,0.5135669636854114,0.031332360165415185,0.0,0.0,0.009276260188398222,0.0,0.041434558421793444,0.014309764309764272,0.07576567448103999,0.0,0.0,0.0,0.007407407407405753,0.12845686621541375,0.286157126795596,0.04294236632585058,0.013852474006434523,0.0,0.29025655518052274,0.0,0.0,0.0,0.06114060907366259,0.11479856926758991,0.0,0.006034374889872796,0.08916545747486593,0.03125493520903899,0.0,0.0,0.014590597378118186,0.0,0.1709209549459192,0.06895416433938029,8.881784197001252e-16,0.0,0.02961635448773503,0.21121876453279653,0.11427308693515958,0.0,0.34758412994854293,0.0,0.05114389733739633,0.006332363056037016,0.20712724663059,0.016152968732658257,0.13629513860627807,0.014309764309764272,0.10405105611937993,0.03676718797720424,0.13632610883711815,0.0,0.007407407407405753,0.2858929760727298,0.11767748774036235,0.0,0.0,0.07845542050107812,0.16205465546147635,0.09088835742383194,0.0,0.024150096949509425,0.17807968836809218,0.17521145073841682,0.0699398542118792,0.0,0.015459788586654977,0.0675721515813823,0.04896382256593257,0.0,0.0,0.0,0.11496737285199421,0.20301890450003546,0.08024394774535981,0.03581833066361062,0.06069430385371999,0.3424771055481153,0.03745574506816429,0.05948363840181692,0.3522633699568116,0.0,0.07940192230242671,0.10648079431528346,0.026063033958613424,0.15778685464981312,0.0,0.014309764309764272,0.0,0.09229922305777505,0.057383791592865885,0.01762414427369441,0.0,0.06389888504490293,0.13424792414432862,0.22245706737508253,0.0,0.0,0.0,0.0,0.0,0.07468291330105559,0.0,0.17140132997572666,0.0,0.0,0.003356281528164473,0.0,0.12693970368299268,0.0,0.0,0.0,0.1376461957044448,0.0,0.08289205107558728,0.07007154237891777,0.03368251946790979,0.0,0.032121401959045226,0.057929744875389044,0.1297720071767996,0.0,0.0,0.04276358954217052,0.13218204915353504,0.0,0.034251278691111775,0.0,0.12099909889384941,0.08611482054708053,0.08013674371484836,0.0,0.0,0.08214575170741445,0.28194332244830456,0.0,0.011584647697715944,0.0,0.0,0.2147688154326295,0.0,0.0,0.30042400896507515,0.11020945296560813
EG10035_trans,0.0,0.10347649715987028,0.02296282735515387,0.01351130735445416,0.00997718760684041,0.0,0.016969712304985674,0.06039684405204726,0.08607654988977975,0.18205758488482937,0.000505050505051674,0.06508523893776452,0.0721354641982348,0.06703406648089594,0.0,0.0,0.21545743526854233,0.009497046866378867,0.0,0.0,0.0,0.0,0.0,0.02224627224627218,0.0,0.0,0.016339276700481964,0.0,0.015331610680446861,0.08099574929755038,0.0,0.0,0.0,0.10054082506070694,0.07889480509328228,0.03519055121005543,0.0,0.04918324788008288,0.03679722909670069,0.0,0.04947057365269769,0.0,0.05962613620084367,0.058104613765552315,0.03404823318257044,0.025933755994440144,0.10749534187129361,0.0,0.14363011906025935,0.10531077957833679,0.000505050505051674,0.0,0.060896023059328286,0.0003856232455103914,0.0024794853707521547,0.009463560249591385,0.07041087717653172,0.36738154255412514,0.0,0.0,0.13465773154788696,0.043187654427462974,0.0,0.02224627224627218,0.0,0.08689299726759625,0.0,0.0,0.015331610680446861,0.11697745915250435,0.02103037842731803,0.04227859589444316,0.024052245941327932,0.0,0.19226153236090626,0.05211022905099716,0.12339505554116714,0.044052136454902246,0.00864034292175253,0.107562431638482,0.16041948714249266,0.0,0.008761749292943932,0.03987075949199648,0.0,0.03643195873299465,0.0,0.004714219021101584,0.0,0.1096501910093699,0.28605741884672975,0.0,0.015821104877386194,0.026037577472168838,0.0,0.0974426401725812,0.2271853278289977,0.1693362705210979,0.22511172349640463,0.0,0.08843932998419168,0.0,0.0,0.02224627224627218,0.0,0.015130506935700616,0.0,0.0,0.0,0.0,0.0,0.0,0.0,0.0,0.00474744873041244,0.0,0.0,0.0,0.05950755428197674,0.03924191448891623,0.0,0.0,0.0,0.0,0.0,0.0009516914681766409,0.027703840587957274,0.0,0.0,0.0,0.0,0.0,0.0,0.0,0.0,0.0013593815994457081,0.10591286213691431,0.05281513271608551,0.0,0.0146339939413056,0.07592793141548926,0.0,0.0,0.0,0.02347296195707882,0.0,0.0,0.0,0.0,0.043276585592483485,0.07151901892553791,0.0488570317422834,0.0,0.0,0.24433311592223017,0.02551424734438612,0.0,0.0,0.0,0.0
EG10039_trans,0.06806883828256716,0.009190137602510973,0.0,0.08199741513110848,0.11943308044644807,0.0,0.0,0.0,0.04753590047609624,0.1685457312037446,0.008950539826469317,0.03223166559414725,0.08165498064757593,0.0,0.0,0.0,0.21912682000187322,0.0,0.37971570910230623,0.0,0.0,0.0,0.0,0.04636574779292779,0.0,0.0027329403608535863,0.0,0.0,0.02419524882117674,0.17899970772111873,0.0,0.028623672961831215,0.0,0.005048033137176056,0.0,0.0,0.014966662995790525,0.0,0.028528876001440384,0.05139453349724121,0.022176370337182227,0.0,0.0,0.1196108417276287,0.0,0.0,0.048333598066642836,0.0,0.16158815083612055,0.008783806500134883,0.008950539826469317,0.052111951851339544,0.17010873677277738,0.09591513065098889,0.005911713494922921,0.048015683157846656,0.2637941732318332,0.0,0.49780682288982514,0.0,0.08634539283566767,0.0,0.0,0.04636574779292779,0.0,0.0,0.0,0.16059009965043858,0.02419524882117674,0.22092369121259292,0.0,0.0,0.0,0.0,0.009417947856010134,0.031093140419958143,0.0689910289280844,0.11527247692591569,0.1993517740558839,0.019763326211820864,0.0,0.012710437851220835,0.0,0.0,0.0,0.0,0.138102929495036,0.0,0.0,0.10541460354689658,0.07802249627717606,0.0,0.1261526926065244,0.0,0.1329362287319258,0.015868804308468487,0.2969912127463088,0.03236817531708791,0.13267460288386168,0.0,0.0,0.020716330643959502,0.0,0.04636574779292779,0.01433036918134567,0.07863076997530571,0.0,0.244388790393971,0.0,0.02776558912358862,0.004601506141322709,0.0,0.14538363448368763,0.0,0.0,0.0,0.0,0.0,0.2413519361094414,0.0,0.0,0.0,0.09644518171846705,0.03676794264500716,0.0,0.0,0.0,0.0,0.03576316614249464,0.0,0.0027050019864187647,0.08121556509430627,0.0,0.0,0.0,0.0,0.0544073917514476,0.0,0.10843036328723032,0.0333769600900915,0.0,0.0,0.0,0.13007342626984064,0.0,0.0,0.08877866348627084,0.21459968655614503,0.19985004588477961,0.0654974708176681,0.0022101705025785456,0.0,0.2705635246494289,0.0,0.0,0.03749454080144998,0.05474040405729719,0.04095558219491746,0.0,0.0
EG10040_trans,0.09176056622786932,0.06833678682220556,0.12496837823220108,0.16509992736830847,0.0,0.0,0.0,0.0,0.07139921339734157,0.11843440997495014,0.03323007658194266,0.007502102283724721,0.0,0.04847707555259406,0.02832327056619599,0.035963266890400636,0.08534988514527475,0.08276511458409086,0.005012205870109643,0.12082270784494265,0.0,0.0,0.0,0.052508977971250204,0.23415391053567092,0.00703705678104205,0.0,0.0,0.04250130806243657,0.037614564636001546,0.053625138450093424,0.0,0.009786091257445229,0.0,0.0,0.0,0.0,0.0,0.04699814273541625,0.06329338669453577,0.0,0.008909831908589627,0.12884235045611891,0.01665136249925192,0.0,0.06091381710160837,0.0,0.0,0.022369095139969097,0.0,0.03323007658194266,0.08376923476316644,0.0,0.0,0.04987631575769713,0.0,0.0,0.0,0.08514232703726554,0.34916898422164566,0.0,0.056200333003016745,0.0,0.052508977971250204,0.0,0.0,0.023568940309016462,0.0,0.04250130806243657,0.0,0.05958521917673387,0.0,0.0,0.0,0.0,0.08894039377363994,0.0,0.0,0.010409904223048994,0.18725714150368322,0.0,0.08223371429721205,0.12241525407901177,0.013336429453457477,0.0,0.14727080242758328,0.0,0.0,0.014027057690068734,0.09619559326489524,0.0,0.08433577420484317,0.029436515305536037,0.0,0.012601021253128675,0.0,0.17663902171410495,0.0,0.08910909408161993,0.037775045693201115,0.0,0.0,0.0,0.052508977971250204,0.04426025472877626,0.04627738802555781,0.11663712758023737,0.06982847355488353,0.0,0.12930346731415332,0.0,0.0,0.0,0.0,0.0,0.024797168178632756,0.0,0.0,0.13719203256633827,0.20588115400787554,0.0,0.03331751006556871,0.048952913727392744,0.048206961057287945,0.026923920884180497,0.04730000577754545,0.0,0.0,0.012514738420361216,0.14259568202257844,0.0,0.28953670671854814,0.035195522188366635,0.09364880045618973,0.043884876169934195,0.22526839277842203,0.0,0.02762214270162744,0.05032131695150488,0.25914856489388827,0.04003055196378602,0.0029648477032155895,0.0,0.0,0.0,0.0,0.0,0.0,0.0,0.0,0.14050269834499574,0.0,0.13252058799718558,0.0655656573219896,0.0,0.05562167482564018,0.0,0.0,0.0,0.10720656297478426
EG10043_trans,0.04039646639451,0.0,0.0,0.0,0.015424852533326483,0.018609475897677363,0.13741027797641836,0.07871920070773708,0.0,0.14045099419424822,8.881784197001252e-16,0.0,0.0,0.12699351518660595,0.16727749159718464,0.0,0.048486122870711856,0.0,0.0,0.05422542573824485,0.2085780365869887,0.0,0.0,0.006902356902357187,0.0,0.004915970513439838,0.05092872248506586,0.0,0.0,0.10238229824863554,0.09300922207288753,0.0,0.0,0.006329521293019447,0.0,0.0769783941439095,0.0,0.0,0.07961631740374608,0.07384478407451622,0.0,0.0,0.04354790019804833,0.1908921035608233,0.0,0.14500270388684067,0.0,0.0,0.19785450770118107,0.01737799067628787,8.881784197001252e-16,0.0,0.0,0.0,0.07027401202112893,0.0,0.08607513230887509,0.0,0.0,0.0,0.5093085272317279,0.061883854367715596,0.0,0.006902356902357187,0.05376967207722538,0.0017315587814206168,0.09816320808403622,0.018370099740019352,0.0,0.2830878535632284,0.15831084989139654,0.07567297577550747,0.016998550451584382,0.0,0.0,0.06855380480367756,0.0639569771176931,0.10506608102151382,0.08915965782179258,0.10835439583231965,0.07260497967190149,0.0,0.0,0.0,0.010052284410475565,0.0,0.00538814409215993,0.012420955015934876,0.07014181452021528,0.054657882300591876,0.09958510444307933,0.0,0.0,0.01616283777377836,0.26416984661032794,0.026620052190665877,0.3296966513011004,0.0,0.119162087945893,0.0,0.15419857292613592,0.0,0.0,0.006902356902357187,0.0,0.022062032365968598,0.070173591742404,0.1315670877789894,0.001532933791028146,0.09619486077611228,0.10748798026656559,0.03418472357166458,0.0,0.0,0.05901794256581905,0.04432170317340889,0.0,0.08435129954228815,0.0,0.04609103498004696,0.0691357954967935,0.0,0.035024554142687236,0.06098465344036352,0.0,0.03477236515696802,0.01097643038785101,0.0,0.24368051407632407,0.07617841085609545,0.03636011755685775,0.1294595816244244,0.0,0.14454262338918378,0.0,0.06253783786056788,0.0,0.0,0.0,0.0,0.1491077099940772,0.010609840261783354,0.0,0.0,0.0,0.0,0.11575250676739035,0.11702059693346101,0.1883792237446844,0.1749576209799093,0.0,0.19469898435600896,0.0,0.07673568014029586,0.032584682295558665,0.03217822795035863,0.0002545509786493483,0.0,0.0,0.054651503597876516
EG10044_trans,0.17421668585303607,0.0,0.0,0.0,0.001087939797297821,0.0,0.0,0.0,0.0,0.20253423661252912,0.001021846370684365,0.0016718854889821166,0.09886339894512064,0.014313966587953697,0.3131673769764616,0.08620763564104683,0.05850680315622858,0.06978900840278568,0.0,0.0,0.059965768380400686,0.05585710396024579,0.0010132944658556298,0.015380870258919543,0.0,0.0,0.021950024439866933,0.0,0.01586071120954724,0.08787936048251632,0.0,0.12826572610472065,0.02696816076773212,0.059560870571839786,0.0,0.004883164124213746,0.0,0.0,0.08541077284180965,0.0,0.0,0.08860478817475315,0.0865230713079792,0.1484932177900351,0.0,0.0,0.0,0.0,0.0,0.05876072565524204,0.001021846370684365,0.0,0.0,0.23288292767563146,0.0,0.0,0.0,0.0,0.0,0.06191032875867197,0.0,0.23375407697988582,0.07347043405178955,0.015380870258919543,0.07115548942072403,0.0,0.062327936149114915,0.0011449132722134436,0.01586071120954724,0.07536579647662567,0.0,0.0,0.08028603115276045,0.0,0.0,0.0,0.0,0.0,0.0,0.0,0.0,0.0,0.14447448253662243,0.0,0.15892248488058902,0.0,0.07608178687255185,0.0,0.012671247275177766,0.031036660502287372,0.12105777078186586,0.10405391189508562,0.03983594373102184,0.04313267323828196,0.0,0.1385628208030627,0.31112153236569906,0.08679846538820879,0.16158013248672987,0.0,0.1114191507186475,0.12166089920607837,0.0,0.015380870258919543,0.0,0.0896133740766194,0.132654277115555,0.008545682090284945,0.0,0.0,0.0,0.0,0.0,0.0,0.1782024190499676,0.0,0.0,0.0,0.15553785166042244,0.09680297196480447,0.041195229540894385,0.0,0.12384747067610213,0.0,0.13032510007028142,0.0,0.053611288459423534,0.0,0.0,0.0,0.0,0.004609442315416601,0.0,0.0,0.029368563519979407,0.013292635347695647,0.06831228104745435,0.0,0.01914755931730916,0.028489817891300895,0.05272404786710183,0.05969957634439016,0.0,0.02379971561013461,0.079295481110631,0.0,0.1277619825830274,0.0,0.038722307064827266,0.045687188315301164,0.0,0.0,0.0,0.0013514202332034486,0.05842275819768128,0.016172189878936205,0.0,0.285648622350946,0.013225961830323207,0.0
EG10046_trans,0.0,0.0,0.0,0.10569610468401258,0.0,0.0,0.0,0.0,0.05799180626515277,0.0,0.0,0.04862202025971518,0.0,0.03156150294094928,0.03347248404138714,0.0,0.0,0.0,0.0,0.0,0.0,0.0,0.34997713260345575,0.0,0.0,0.02559123572859434,0.0,0.03301710113444534,0.0,0.05511297101789392,0.010491200159886915,0.0,0.0,0.0,0.0054434075581579755,0.04766681204982115,0.0,0.0,0.0,0.023672741818996812,0.008677869689366347,0.0,0.0,0.14042555238989962,0.0,0.0,0.0,0.0677005517507765,0.0,0.0,0.0,0.20635110320195427,0.0,0.008655126521262435,0.0,0.0,0.13332327152760337,0.0,0.06982128313444091,0.18888193605022296,0.2638220317063631,0.0,0.45253822408608935,0.0,0.0,0.0,0.0598307336712689,0.01391429201943506,0.0,0.13023731206667755,0.0,0.0,0.04206621751119677,0.03435789143531531,0.2131145371832499,0.20727612355655411,0.042424595941868315,0.05714007903474361,0.0,0.021216595804026905,0.0,0.03968240232254017,0.0,0.0,0.0,0.0,0.059456740371958805,0.0,0.042814138201046514,0.030878547491039132,0.0787229576831332,0.0,0.0,0.10128744675872525,0.0,0.0436287601422074,0.024173941691433054,0.0,0.0,0.019771736667955953,0.17215168773953948,0.13716719475630912,0.28912798415048924,0.0,0.0,0.0,0.12267363405079879,0.0,0.0,0.22792553104717284,0.0,0.02419916804568789,0.04558750029918146,0.0,0.07817172203727996,0.0,0.0,0.0,0.038392419136873634,0.016423834895684664,0.08299279887302724,0.0,0.09418975418276299,0.0,0.0,0.058304250858280504,0.10702933407577353,0.1629233001884458,0.0,0.14686228180812888,0.0,0.0,0.0,0.026584650091767692,0.03562591390614722,0.07577680531305919,0.0,0.0,0.0,0.1714233513611636,0.0,0.0,0.16932355586791292,0.08075826279414366,0.0,0.2365386335356221,0.0,0.0,0.0,0.09250035260349865,0.0,0.0,0.09373004029691723,0.0,0.1049805082430777,0.17705700155617743,0.0,0.10617278959415977,0.0,0.0
EG10050_trans,0.029702630612737924,0.039609166560064635,0.0,0.0,0.0,0.06110946999440481,0.0,0.011110560656914625,0.0,0.0,0.0,0.0,0.0,0.0,0.023206032990663372,0.00037876418983029403,0.0,0.0,0.0,0.0,0.0,0.11187905067800297,0.0,0.0,0.017044542007576657,0.07381141965295357,0.0,0.11825172886056312,0.0,0.03575177461430501,0.0,0.0,0.0,0.0,0.0,0.0,0.09173195872539774,0.0,0.0508909753083755,0.0,0.0,0.006902356902357187,0.0,0.0,0.0,0.05851916943854807,0.01825456848145457,0.035785189406561724,0.0,0.0,0.0,0.014309764309764494,0.006902356902357187,0.0217171717171718,0.0,0.005050505050505194,0.0,0.0,0.0,0.0,0.0,0.006902356902356965,0.04814168941324404,0.0,0.0,0.008754208754208959,0.014309764309764494,0.0,0.0,0.02912457912457933,0.0,0.0,0.005050505050505194,0.0,0.0,0.0,0.006902356902356965,0.01060606060606073,0.0,0.006902356902357187,0.0,0.0,0.0,0.006902356902356965,0.0,0.01173168570012173,0.02912457912457933,0.0,0.0,0.007906595734300303,0.0,0.0,0.0,0.0074314574314573445,0.0,0.0,0.0,0.0,0.0,0.0,0.0,0.0,0.0,0.0,0.0,0.0,0.0,0.006902356902356965,0.006902356902357187,0.0217171717171718,0.0,0.0,0.006902356902357187,0.014309764309764494,0.0,0.0217171717171718,0.006902356902357187,0.0,0.014309764309764494,0.014309764309764494,0.0,0.02912457912457933,0.0,0.0,0.006902356902357187,0.006902356902357187,0.0217171717171718,0.006902356902356965,0.007912457912458093,0.0,0.006902356902357187,0.0,0.0,0.0,0.0,0.0,0.02912457912457933,0.0,0.007912457912458093,0.0,0.014309764309764494,0.0,0.0,0.04393939393939417,0.0,0.0,0.014309764309764716,0.006902356902356965,0.0,0.006902356902356965,0.0,0.006902356902356965,0.006902356902356965,0.006902356902357187,0.0,0.014309764309764494,0.006902356902357187,0.0,0.006902356902356965,0.006902356902357187
EG10051_trans,0.020051793673523832,0.0,0.055041109184468695,0.016381091596450847,0.04166440125314663,0.0,0.0,0.0,0.0,0.1273874028530515,8.881784197001252e-16,0.0358354786959425,0.027844496795853768,0.0,0.07905369561897757,0.027627188852632933,0.12712238055141611,0.11391010660918388,0.0,0.06962678510449427,0.06002648460640758,0.09944859505922699,0.0,0.0217171717171718,0.13415204043312157,0.008957624931230868,0.0,0.022586499039526142,0.007407407407405753,0.0,0.09450762524655643,0.01586642061989041,0.008185825806632074,0.034715411975091204,0.16856631927784482,0.009045990880768517,0.0,0.01365514964810366,0.0,0.2640384434699672,0.0,0.10620720824739638,0.0,0.06354602298237255,0.0,0.0,0.04873413949571015,0.0,0.018946260748058386,0.12195899999458404,8.881784197001252e-16,0.0005333548246340136,0.0,0.0,0.0,0.020453963615846282,0.2436428992208397,0.013553481082229757,0.02264461988171007,0.008106379902041327,0.05681155249449121,0.0,0.061867391094873714,0.0217171717171718,0.3047238712701579,0.0,0.09757326649471754,0.0,0.007407407407405753,0.16265630326099134,0.02711806115738158,0.0,0.04438184311055049,0.0,0.0,0.027001208447266833,0.0,0.01601659566450153,0.0,0.10414160348265789,0.0,0.0,0.038317459913304486,0.14184429935977128,0.0,0.0,0.0,0.0,0.19107354777100305,0.09938101574019464,0.0,0.006903386485351604,0.0437009940841826,0.029633723139157464,0.13810619447146766,0.04997511286835987,0.18049686843590074,0.04949966151549168,0.1044490018383275,0.0,0.0,0.0,0.013192657063603619,0.0217171717171718,0.11187332642140602,0.06425123439059188,0.008344193307284753,0.0669350494540808,0.0,0.0,0.0,0.10327910097545101,0.0,0.0,0.0,0.0,0.0,0.0,0.19467420360817433,0.27018551957988035,0.0,0.04465174644580561,0.10638256976414251,0.0,0.0,0.0,0.0,0.0,0.0,0.0,0.0,0.07491120410506946,0.0782560463032087,0.12139133373656064,0.0030458454170760874,0.02018989604017274,0.0,0.04524426835173534,0.0,0.0,0.0360706525440464,0.0,0.10427729230245775,0.0,0.0,0.006585179779607264,0.0,0.0,0.0,0.009841451580452132,0.0,0.00328822421855679,0.044843219573898585,0.0,0.11275028518639352,0.10930049751795434,0.0,0.0,0.0,0.09559442353982206
EG10054_trans,0.0,0.0,0.17041369847180432,0.015457641166038982,0.0,0.0,0.00759587580668919,0.0,0.0,0.17365031471028614,0.0,0.049750886051725285,0.0,0.0,0.0,0.0,0.12876720145969012,0.05169403642657544,0.019408198350696626,0.0,0.04183008049452708,0.0,0.0,0.0,0.00807424969397541,0.0,0.0,0.0,0.0,0.0,0.07901105511894668,0.0,0.12260044352837252,0.0,0.0,0.0026724958162840373,0.0,0.053963543503088296,0.09156586374606501,0.0,0.0,0.0,0.023831235935146022,0.0,0.0,0.1343173014897121,0.008025127934268461,0.0,0.10416859281523116,0.0,0.0,0.0,0.0,0.0,0.15193938988167766,0.0,0.019544440884922132,0.004651446141334947,0.004475481419432992,0.0,0.06879335081821791,0.0776894548217415,0.0,0.0,0.10908933107607321,0.21239732518668752,0.09088528310905186,0.0,0.0,0.04690252962922248,0.0770360481990493,0.034454666833151126,0.0,0.0439203606145635,0.0,0.034815935883794946,0.07995398517299268,0.0,0.0003723747116746168,0.12120134151881379,0.05861305841011122,0.0,0.0,0.0,0.037309148470034526,0.044311347277381063,0.02612747954767647,0.0,0.12529002961118207,0.0,0.02820390719754151,0.04766381002199127,0.00839968352248599,0.06780707357719473,0.0,0.030398327916755008,0.23840507747112794,0.02927468538788336,0.1418738452872339,0.0,0.0,0.02013670248409527,0.0,0.0,0.0,0.05696628813582105,0.1706757055032675,0.0,0.05076680342819806,0.0,0.0,0.1457811492928074,0.09038129115527305,0.0,0.10848663951404047,0.0,0.0994683121829043,0.23307979254514066,0.0,0.06380276804637885,0.23461102554500268,0.0,0.0008166226097654494,0.0,0.0,0.002744626260143157,0.0,0.0,0.08128389260157043,0.0,0.10760729647266976,0.12975603220716936,0.0,0.0,0.0,0.0037297380582783646,0.006008232957645188,0.020323701049896226,0.025193741084633015,0.0,0.07267798461845087,0.0,0.11855545314535387,0.04368066760381062,0.0,0.0,0.0683245314042269,0.0,0.0,0.0,0.006477902794385759,0.18354527936862075,0.048391348049555916,0.0,0.10250692618536439,0.04627381366816019,0.07925804306105899,0.0,0.0,0.0
EG10071_trans,0.05220124757168776,0.0,0.0,0.011925921122329264,0.0,0.0,0.059351484714999625,0.0313318349870384,0.21120689196619002,0.14677802276327867,8.881784197001252e-16,0.0,0.0,0.0,0.11629740903887553,0.0365554655124396,0.22826964310481923,0.0,0.17430681586851637,0.010819011837109205,0.043654395414400415,0.061919450743095794,0.0,0.0,0.13323715927327795,0.0315359262595325,0.0069571182135033105,0.026440141261685923,0.0,0.0,0.010617366335239353,0.04579010660937355,0.0,0.008808825439070134,0.13929830682031374,0.04288116506038575,0.06350553482170707,0.05242891924192916,0.02793327008022306,0.0,0.0,0.1612598571124615,0.0,0.02927040768428979,0.0,0.0,0.0,0.0,0.0711773541466072,0.037830578801525405,8.881784197001252e-16,0.05239901440078887,0.039766261624487154,0.0,0.08301202172268285,0.021191843727222714,0.16332451962459782,0.0,0.15097441836966086,0.003834997507571103,0.09055439182402347,0.0,0.0,0.0,0.08479291250445709,0.02472354335880622,0.5373599884985512,0.036103558940175695,0.0,0.042942478530866524,0.022657469622276327,0.03712119609194264,0.009602462697887226,0.07844856367929864,0.050086034567558,0.0,0.04770293091337452,0.0,0.0,0.0,0.0,0.0,0.0,0.0,0.0,0.0,0.0,0.0,0.13129869902552782,0.1729737644548952,0.06239598733008567,0.05887775171055809,0.04835678697666168,0.0242770094184257,0.0,0.05811994473454707,0.18905239719892197,0.23188788603623367,0.20734709537002471,0.06024173465129934,0.0838131271407816,0.0,0.0,0.0,0.12000239136548618,0.24188384733538193,0.21248025781784996,0.0,0.0245080595026943,0.06398597077070889,0.027929841158270463,0.0,0.0,0.11155445427018185,0.0,0.14726334964139065,0.07205127008636936,0.0,0.007083692602429803,0.027788868704248237,0.0,0.06660189663722615,0.11956632360226305,0.04188243311815487,0.0,0.0,0.0,0.0,0.1037187544893694,0.0,0.10979936527566614,0.18231838989903926,0.16566577686874573,0.0,0.11676987520072668,0.02189588730025349,0.25012959944239554,0.0,0.0,0.0,0.2463905360016947,0.04742217588829778,0.0,0.03524567996766281,0.0067254108103376176,0.0,0.24122774877077058,0.15162950454195756,0.0,0.15664068443701162,0.14078437731100868,0.0,0.0,0.18132406105650833,0.04492812462957341,0.13917279542335725,0.0,0.0,0.06015518929267083,0.10762283966012687
EG10084_trans,0.0910168648938603,0.0,0.02858143954604353,0.0,0.0,0.0,0.0,0.0,0.09914711765347306,0.24725583930425765,0.0030655391120517628,0.0,0.0,0.05867934952105669,0.10170382251410581,0.0,0.10144462400415533,0.0,0.010959404321359223,0.021887345197031838,0.0,0.0,0.0,0.0,0.07628255511316118,0.0,0.010959257201385686,0.10965236652887045,0.001045896394732182,0.032393711740211995,0.06711134434678367,0.0,0.0,0.03322471179195308,0.0,0.012073757002380336,0.01861619449121088,0.06992023113521206,0.07928127497134074,0.0,0.0,0.0,0.0,0.0,0.0,0.0,0.0,0.019561469961379085,0.0459832501403592,0.1071099540142022,0.0030655391120517628,0.0,0.0,0.0,0.027583356717860052,0.0,0.014013469877280027,0.0,0.054577272025444934,0.0,0.28084311384559335,0.0011525812857291484,0.0,0.0,0.030826372683415926,0.08152236612329133,0.14285606780467308,0.3998798157371075,0.001045896394732182,0.11266252178802683,0.1157270424346426,0.13957833942655595,0.0,0.0,0.0,0.08975516251643434,0.024776939496062855,0.07280751171646394,0.1106260880528942,0.03679360493072936,0.07078902941517162,0.13514617693975062,0.05979005779691837,0.0,0.06040046103711827,0.04670871243986685,0.0,0.0,0.10341093463112294,0.32357804007482205,0.028612733236665022,0.0,0.03138073513347672,0.10348644314890132,0.12353763688757446,0.13071177498912068,0.4092428686535414,0.07801868029195091,0.06350233903480973,0.0,0.0587012761554595,0.0,0.0,0.0,0.04228854224283296,0.16929749481090273,0.0,0.07449580231247754,0.0,0.051404821370913734,0.03669778847506899,0.0,0.015414553986777157,0.0,0.0,0.0218865354149127,0.0,0.0,0.14391926867146676,0.008366672221983507,0.0,0.20192409627644103,0.049941775641514585,0.0,0.0,0.04951160271785371,0.06546833853286582,0.0,0.11505673828002427,0.0,0.0,0.036447602444368954,0.0,0.0980315080859051,0.004873679954258137,0.12438010716205428,0.0,0.10615996959210383,0.01475796325836587,0.03773746091109054,0.0,0.08288301101342466,0.0,0.01586143162752407,0.0,0.0,0.07766453534890916,0.33062176818943234,0.0,0.012423131318155978,0.03433677965331672,0.0,0.0,0.0,0.0,0.06645486406049494,0.0,0.0,0.0,0.0
EG10085_trans,0.0,0.01590706574153189,0.015404805150960987,0.0,0.0,0.0,0.059797147592047795,0.22020389568875132,0.0,0.0,0.0,0.035082533281260986,0.0,0.004574647576802038,0.0005340059791241192,0.0,0.0,0.0,0.002811033540286445,0.06779248672363214,0.0,0.005953779092516154,0.0,0.0,0.06775210588648473,0.0,0.0,0.0,0.0,0.03259413385511367,0.0,0.012747465960060378,0.0,0.004573513130436968,0.0,0.061837482079516004,0.0,0.0,0.03429936210106477,0.0,0.0,0.007407407407405975,0.0,0.0,0.0,0.021131595271363546,0.01481481481481317,0.09395130922391681,0.0,0.0,0.0,0.014814814814813393,0.0,0.01481481481481317,0.007407407407405753,0.0,0.0,0.007407407407405975,0.0,0.0,0.0,0.01481481481481317,0.0,0.0,0.0,0.0,0.007407407407405753,0.0,0.0,0.007407407407405753,0.0,0.0,0.007407407407405753,0.007407407407405975,0.0,0.0,0.007407407407405753,0.007407407407405753,0.0,0.0,0.0,0.0,0.0,0.007407407407405753,0.007407407407405753,0.0,0.02222222222222059,0.00212470541769183,0.07023338287910796,0.05176806156545366,0.013342074219329314,0.0,0.0,0.0,0.007407407407405753,0.08730148959458872,0.0,0.0,0.0,0.0,0.0,0.0,0.0,0.0,0.04352588440590943,0.11301460952521825,0.007407407407405753,0.0,0.007407407407405753,0.007407407407405753,0.0,0.0,0.007407407407405753,0.007407407407405975,0.0,0.0,0.0,0.0,0.007407407407405753,0.007407407407405975,0.0,0.02222222222222059,0.007407407407405975,0.007407407407405975,0.01481481481481317,0.0,0.007407407407405753,0.007407407407405753,0.0,0.014814814814813393,0.007407407407405975,0.0,0.0,0.007407407407405975,0.007407407407405753,0.007407407407405753,0.014814814814813393,0.007407407407405753,0.007407407407405975,0.007407407407405975,0.0,0.007407407407405975,0.0,0.01481481481481317,0.0,0.01481481481481317,0.007407407407405975,0.0,0.007407407407405753,0.0,0.0,0.01481481481481317,0.0,0.007407407407405753,0.007407407407405753,0.007407407407405975,0.007407407407405753,0.0,0.01481481481481317,0.007407407407405975
EG10107_trans,0.33956697177031536,0.0,0.0,0.1477778000213399,0.0,0.0,0.0,0.13056717729255585,0.0,0.18008641161052408,8.881784197001252e-16,0.031029820006336806,0.0,0.09478030985611596,0.0,0.0723134478529972,0.1635134384009187,0.039344038911878876,0.04377884914046781,0.0,0.0,0.0,0.08131501194495394,0.021717171717172246,0.06279008684314036,0.0,0.0,0.0,0.007407407407406197,0.6304391700000644,0.0,0.0,0.0,0.024492956290592005,0.0,0.0,0.0,0.0,0.09013419201316974,0.052944141750835616,0.0,0.0,0.11190111864337338,0.0,0.0,0.0,0.0,0.025824971245154593,0.3085727456813583,0.09602099776632844,8.881784197001252e-16,0.0,0.046555180742200886,0.22160790424392607,0.07053304739545085,0.0,0.09276068470416954,0.06988348030019242,0.14243929688282853,0.018250828618920245,0.12165005627828274,0.002834921744714336,0.0,0.021717171717172246,0.0,0.09165673577946176,0.05469852045632928,0.0,0.007407407407406197,1.0962659749371515,0.1560628582098338,0.0,0.0,0.11089741936269748,0.017702548263935025,0.06279147830192455,0.04782102802445687,0.0,0.2342346218950042,0.14884492263496973,0.0,0.0,0.16126234729314515,0.09892416714608254,0.0,0.0,0.01203380577571167,0.004147409931214874,0.0,0.11326155400739069,0.0,0.0,0.016128155584143045,0.0,0.07132220673969325,0.05723053578146464,0.2515048180308268,0.10929109070630627,0.0,0.031542662699289625,0.0,0.03625195562263839,0.11694084744519939,0.021717171717172246,0.003924195669581021,0.0,0.19048533807342327,0.0,0.0,0.29545794115128965,0.0,0.13174315988915408,0.01859062901927988,0.0,0.12220064167459288,0.08288530992019316,0.0,0.0,0.0,0.24839475980529135,0.0,0.04513971100059688,0.0,0.0,0.04400256198285746,0.0,0.0,0.0,0.2733969088517769,0.1933035088680155,0.07473335601126996,0.0,0.06570737475107302,0.0,0.0,0.01618841966355955,0.06974027312759423,0.0,0.08348763557184569,0.0,0.06154901454848227,0.0034065771062707917,0.005713383223740376,0.0,0.0,0.083760375602151,0.01795893038350549,0.0,0.0,0.5844319466994996,0.003773550852151253,0.0,0.0,0.0,0.055795349385006965,0.1499912838814641,0.0,0.0,0.04052845305303121,0.0
EG10108_trans,0.0,0.0,0.06725573116821204,0.030865476287570637,0.1522043459444311,0.0,0.0,0.0,0.08490232246448581,0.22869456985198955,8.881784197001252e-16,0.09456212008131182,0.0,0.0,0.06121309880716552,0.0,0.21239908752633374,0.08948829796376989,0.03727885027489197,0.0,0.0,0.08054200613770757,0.0,0.006902356902357187,0.1485715561194425,0.0482263861915837,0.0,0.0,0.0,0.041379274949784994,0.17895898649416653,0.01959891761770205,0.0,0.09447421714594029,0.0,0.11564892205473098,0.0,0.27099185874051246,0.03972637624057462,0.09903099418029315,0.10188413224176918,0.06260351861072255,0.026986243985682945,0.0,0.0,0.0,0.0,0.0,0.08618988344560785,0.03401039484915458,8.881784197001252e-16,0.028293315285829568,0.02160288114941511,0.025458578135325816,0.030608772544526097,0.0,0.17608762486971896,0.0,0.0,0.05881748853981006,0.07793753935743486,0.0,0.0,0.006902356902357187,0.017048912663645943,0.0883059384196998,0.1124896155737165,0.21755479614604023,0.0,0.16931725949129484,0.30360016622051456,0.0,0.0,0.1324839431274003,0.028508893755102127,0.11643238648449405,0.023146772365111756,0.0032724802531052255,0.15475632274538054,0.025676191382496327,0.04584529286497929,0.0,0.1522610511570548,0.0,0.022602014496633682,0.05822567093856934,0.0,0.0,0.15294562179741789,0.08816382974629144,0.0,0.0,0.0,0.08563285873961446,0.02965956182652385,0.09059392962917245,0.24385876661001626,0.04706617187387563,0.10707483703965126,0.010054145542586879,0.0,0.09425210892943126,0.1014433265753083,0.006902356902357187,0.021680548043438996,0.06070140187017037,0.0,0.016770264982102434,0.0,0.0,0.010074102488387693,0.07266089618107219,0.0,0.0,0.0,0.0,0.0,0.0,0.0,0.06342362728809703,0.05228723995696449,0.0,0.0,0.0,0.009801377914238074,0.08904315417844444,0.0,0.03538800985156709,0.09807394140604986,0.0,0.0,0.0,0.0,0.0,0.0,0.0,0.0,0.0,0.0,0.0,0.07458775969235631,0.0,0.07288626482889349,0.0795880210433042,0.03379629588974664,0.10601761059163928,0.0,0.04945807563748317,0.0754898692574486,0.007729519854449141,0.05998130048219785,0.02592587557718029,0.0,0.025359435734980007,0.0,0.021685780787540354,0.0,0.023816272916902692,0.0,0.0
EG10112_trans,0.0,0.0,0.04930278818188505,0.17962783122729498,0.019060506740620653,0.0,0.025936472636997276,0.1398480558754236,0.06894001242322778,0.1903078202184849,0.0,0.0,0.00999351673674509,0.0,0.0,0.0,0.040515426579140534,0.012087762708421934,0.0,0.11483598221230817,0.18172545620940683,0.0,0.0,0.0,0.027034630872380117,0.0,0.0,0.0,0.0,0.0,0.0,0.06421774652783219,0.0969562138058846,0.0,0.07527031292680642,0.09287037542943599,0.0,0.0,0.10048076283758212,0.14934196646909204,0.0,0.0,0.20009909039777618,0.06714448566826547,0.07600840890057192,0.010525240473506337,0.04015018375834378,0.07689209506089112,0.0,0.0,0.0,0.11674259144897459,0.0,0.0234011478376579,0.0045549599496013116,0.0,0.03482492501373802,0.0,0.0,0.0,0.04652073727998696,0.0026437601490205687,0.0,0.0,0.02010676070423889,0.08180267858462509,0.0,0.11975465460773327,0.0,0.2563064347397521,0.09086757380343746,0.13682564208301295,0.07238347002100509,0.05425807708883035,0.0,0.08869666293959266,0.0,0.0001435318990616885,0.0,0.0,0.0,0.0,0.005716944263482571,0.0,0.008623483791253772,0.02007197422662399,0.008918551951965892,0.04955086657238805,0.051183071118520385,0.010288100149378199,0.0,0.0,0.0,0.008069838272621421,0.07362082181836005,0.1351628810835117,0.1967707270875949,0.3435051311169084,0.1707813741830031,0.009087551246109271,0.0,0.0,0.14079407633746088,0.0,0.0,0.17729986941200693,0.05298445079117897,0.020590308073011432,0.0,0.047679678076531395,0.05693161784045486,0.12550683866542967,0.006111762455423442,0.0,0.0,0.0,0.11368927256501715,0.0,0.0,0.22867588057427968,0.0,0.07738119589582437,0.17316577906437614,0.03599957885628502,0.07637266286275812,0.09587979869422947,0.0,0.013746875180677076,0.16031217013005827,0.0,0.09535081568670556,0.06597585831077124,0.026015564324302076,0.0,0.05902013368515613,0.13231938046632852,0.06926039306971399,0.0,0.0,0.04607216848192941,0.14274903553065776,0.03134147956572608,0.06907011373390493,0.04628490275825525,0.2626800096903201,0.0,0.019043837635489336,0.0,0.0,0.2226596348610541,0.03225417565994526,0.0,0.0,0.2501286352396188,0.0,0.0647296906320669,0.0,0.0,0.0,0.0
EG10122_trans,0.0,0.0,0.0,0.0,0.0,0.0,0.0,0.0,0.02076513831752891,0.11368734948238401,0.0011402062988965511,0.0,0.0,0.19987469219914367,0.0,0.0,0.05914431179006163,0.0719746389053384,0.07827060517906848,0.0,0.0,0.0,0.0,0.01603914362050718,0.0,0.0,0.0,0.02533597732643811,0.009216501732095317,0.06289649184279744,0.15472077154088915,0.11422847168108774,0.12306094329848127,0.0,0.0,0.0,0.01934926395441705,0.0,0.010112333029829834,0.0,0.0866876302081252,0.028787071428386213,0.04627621312661434,0.027606896637307532,0.0,0.0,0.0,0.0,0.21036458620921294,0.1435859623566027,0.0011402062988965511,0.24384202638967878,0.0,0.0,0.0,0.0,0.0,0.07675622902693924,0.12031036610990009,0.0,0.020653601128733712,0.01589947007164927,0.17791579301518867,0.01603914362050718,0.0,0.0,0.0,0.024527946473030582,0.009216501732095317,0.13744063770683512,0.1011822846854118,0.0,0.1751532900271897,0.06455489098118639,0.02981179219301877,0.08930732425947596,0.09525293763154075,0.1044848152085951,0.01923327582499912,0.11145619461516132,0.0,0.06732299789722296,0.02315468351920602,0.0,0.0796443426554756,0.0,0.0,0.0,0.0428385923938861,0.08676695640127097,0.0,0.0,0.0,0.09825426141289784,0.0,0.04161308894366211,0.23889819833127302,0.01707100409512119,0.03779473921554022,0.0,0.0,0.0,0.05059322785020903,0.01603914362050718,0.021720395854352592,0.11373095614361795,0.0,0.0,0.11090921442895363,0.12263531545576711,0.12017883207521596,0.07821075738953231,0.25219877290214354,0.0,0.0,0.032052476141187114,0.0,0.032007161953903296,0.21146045972540906,0.047413386851776984,0.0,0.0020413389714351027,0.013763171216661263,0.020459537788994897,0.04569565307080614,0.1247334691912041,0.08823234746703701,0.054552472323949,0.0,0.0,0.0,0.10906897857449138,0.0,0.0,0.0,0.0,0.03870430349558385,0.04417053591928566,0.133211647887308,0.0317754565316295,0.0,0.10229292923031119,0.08342466278174498,0.09005053518780626,0.011215317444717154,0.0,0.0007317511346411898,0.03844200229774586,0.02409987006193104,0.0,0.0,0.0,0.20971106847876664,0.0,0.11683986456389128,0.0,0.0,0.17896423742567968,0.0,0.0
EG10124_trans,0.0,0.0,0.04169922840421547,0.05037641907051871,0.02695850625958851,0.004526466040217336,0.0,0.0,0.10650820163087626,0.22053879540872767,0.0,0.0,0.13543941570530826,0.14901285504814643,0.03360986352088968,0.0,0.09209388538839436,0.09965179125462509,0.1757693772640545,0.0,0.0,0.0,0.011513328626989505,0.0037256071017308656,0.06355781935408222,0.0,0.01984745041361169,0.10117626705418559,0.00015733754590829818,0.18940721825229367,0.0,0.0959725259603732,0.0,0.14993596078134752,0.05992466892720927,0.0,0.0,0.0,0.02375653834441449,0.0,0.0,0.0,0.10435151258923758,0.0,0.023370908935983703,0.0,0.07243627364627692,0.045234394853048254,0.0733023771900787,0.12819138848542977,0.0,0.1218654449864709,0.0,0.10776576126675552,0.014214174712560812,0.0,0.16987602212797448,0.0,0.15179491417897006,0.0,0.0727610214588017,0.0,0.0,0.0037256071017308656,2.240274019449373e-05,0.07734927633136124,0.030089864217059947,0.1409674396988403,0.00015733754590829818,0.13432305634808817,0.0,0.0005722709436550844,0.0,0.31383880410742426,0.0,0.1902808528963318,0.02943382090259039,0.07674058391033878,0.022023817795858047,0.10348673909620221,0.032251206521442644,0.0,0.0,0.0,0.0,0.0,0.0,0.0,0.002710217371012291,0.03634440297362085,0.0,0.0,0.0686611321559174,0.09736602168269926,0.09975911398333936,0.14600928003312408,0.41457325532295153,0.0,0.1890492867279603,0.0207714376034156,0.0,0.03938703167956348,0.0,0.0037256071017308656,0.0018916559107475805,0.03829367363817093,0.0,0.0,0.11447944354936279,0.05705244926928499,0.0,0.0893372193744626,0.0,0.1656214687433213,0.03715095726134221,0.0,0.0,0.028055701840816738,0.0,0.0,0.0,0.043674015395648524,0.0,0.0021959029618132675,0.0,0.017761119978395357,0.0,0.22563688330170217,0.2165492141975962,0.021048617485775356,0.0,0.10065854518975259,0.11315999917708064,0.017199543151478647,0.06106169751510393,0.003045095997054492,0.01652932524063333,0.10977277284553244,0.0,0.0,0.10432509376947419,0.0,0.0,0.0,0.05248958595477937,0.0,0.0,0.023373385641303646,0.11755016363079696,0.027111640269776416,0.0,0.0,0.0,0.019399940871969168,0.0,0.038717686623259695,0.0,0.0,0.13024516687890575,0.0
EG10129_trans,0.0,0.0,0.0,0.0,0.0,0.0,0.022563925032686782,0.0,0.0,0.16514857451607945,0.0,0.02126411777987247,0.0,0.032856180248244105,0.02331461698291859,0.0756632139164326,0.08540419723624648,0.0,0.12573009560552117,0.0,0.0,0.0,0.0,0.004193724200503457,0.13349619631592402,0.0,0.008164928587203413,0.0,0.0,0.05112147408179579,0.06353613239729183,0.08524865723275976,0.045564786514325384,0.0,0.1303083335242694,0.0,0.0,0.0,0.023719673003910646,0.09886504411383257,0.011968541583091241,0.13961451533282565,0.0,0.0,0.03913805293994521,0.05680037203395649,0.0,0.023007446455943104,0.11207612266652545,0.11746769726639394,0.0,0.0,0.0,0.0037871647052165613,0.024123958346651708,0.0,0.0,0.17134499115812307,0.1648672689549895,0.0,0.26391115022881717,0.0,0.0,0.004193724200503457,0.05560350364828226,0.1206021378567601,0.046567991510733986,0.1391239087810665,0.0,0.2522829199488763,0.0,0.0,0.0,0.0,0.270340107300413,0.20034934615359656,0.0,0.07135555572998564,0.0,0.043592357776601975,0.0005246634263262884,0.0,0.0,0.0,0.0,0.0,0.2544691973276918,0.042815799633839635,0.0,0.0,0.02537447162557882,0.0,0.0,0.0,0.04303532465331239,0.14858550137362503,0.2894220244024148,0.15912959001529225,0.1595961222306892,0.0,0.13097697699826494,0.06497714955759948,0.04317333031374826,0.004193724200503457,0.0,0.002354803533996197,0.011741839645815766,0.07510309335076082,0.0,0.1674195884162093,0.0015501258890426861,0.0,0.0,0.0,0.0,0.0,0.0,0.0,0.09227906298729716,0.026256172257124177,0.12356441329445955,0.0,0.0,0.0,0.0,0.0,0.0,0.0,0.0,0.08775360337765159,0.04642228132462689,0.0,0.0,0.0,0.0,0.0,0.02308006411111352,0.0,0.0,0.02793187164606259,0.20303935076419766,0.0,0.02780154792104872,0.0,0.0,0.058048387369643795,0.05265463859871922,0.07371629850706851,0.0,0.09401950333384557,0.0,0.0,0.0,0.0,0.13566725368708132,0.011708134138388893,0.0,0.026352750809822467,0.0,0.0
EG10138_trans,0.046579785803314344,0.0,0.0,0.0,0.0,0.06428214567470647,0.0,0.0,0.14318680072276058,0.10196597105918714,0.0065423502023542746,0.0,0.00922468968960466,0.0,0.0,0.0,0.07571407645325978,0.0,0.03117595372411941,0.0,0.03365820594256386,0.0,0.0,0.0,0.0,0.0,0.0,0.0,0.0,0.005412058171030409,0.0,0.0,0.0,0.0,0.0,0.27512520491772996,0.0,0.03747200702817066,0.07105976341143005,0.0,0.12071136558765394,0.0,0.0,0.0,0.0,0.0,0.0,0.0,0.052266065093183656,0.0,0.0065423502023542746,0.08270001816474792,0.041864268890150935,0.0,0.032881092016103786,0.1018710944816168,0.15417110518912747,0.0,0.0,0.10331116053563516,0.02627808183361191,0.0,0.0,0.0,0.10102005254963675,0.05386347530772584,0.0,0.0,0.0,0.31340761925848915,0.0,0.0,0.0,0.17797538816535008,0.0,0.3838457812577709,0.014546673207773253,0.0941215992966824,0.02255086140199758,0.0,0.0,0.0,0.18543078230713217,0.021981675777156262,0.19961136264414092,0.06185898168450921,0.0,0.0,0.0909515304173496,0.06658948610192716,0.16714358325173606,0.06064666720451761,0.11045903928413958,0.0034836970219056518,0.1380769499401966,0.07769994668235025,0.16033024066537838,0.060686297778042686,0.25153605340339347,0.0,0.1306708662955165,0.0,0.021773090832726716,0.0,0.04728047180293293,0.11784762661705006,0.1378301295520199,0.0,0.0,0.0,0.033918519651581214,0.1469075100016668,0.0,0.010001763270982345,0.03131172601276111,0.0,0.07708848242723398,0.0,0.0,0.005955820764969477,0.04804353408445872,0.07517371391321737,0.0,0.0010802810458545586,0.0,0.0,0.0,0.0,0.10893016584042448,0.0,0.0,0.05106926609255957,0.09237855781493476,0.0,0.0,0.0,0.13021499334320108,0.0,0.0,0.0,0.11078444071456017,0.0,0.02133086577228216,0.038064679799811874,0.0,0.016203708075359202,0.008426639849852258,0.0,0.0,0.057270366418267216,0.1202415334652076,0.0,0.0,0.0,0.0,0.0953162659842306,0.26355920281191025,0.03963769427959596,0.0,0.0
EG10160_trans,0.0,0.0,0.14457803509665856,0.12152591830786452,0.05609510520297256,0.0,0.0,0.0006247642799679376,0.06614619987857173,0.1614898461754537,0.0021901669080865993,0.0,0.0,0.0,0.0,0.0,0.19857829158599039,0.0,0.016211776275179002,0.0,0.0,0.02275839628411047,0.0,0.03728150176463929,0.0,0.0,0.0,0.0,0.02368768173893354,0.0,0.046921936009993725,0.19031175819259483,0.0,0.0,0.0,0.007648922007688963,0.03848022032585119,0.02174850706391851,0.018932488315912988,0.0,0.0,0.02646181681265558,0.03607644169708735,0.014635911167895088,0.0,0.0,0.028014774487179928,0.019177708344505273,0.03136144183421807,0.03806706385804848,0.0021901669080865993,0.0,0.07978204068006889,0.0,0.050702720402086676,0.0,0.08787286566143493,0.0,0.0,0.026194006423819527,0.12738734207737545,0.0,0.054867635776877144,0.03728150176463929,0.10370464163306181,0.22311279496339997,0.0149945543176071,0.08611032306617394,0.02368768173893354,0.06624303728188607,0.026654107011671258,0.0,0.05821835639856232,0.12297519383455402,0.21446679812791425,0.05645760964422042,0.6356130104062654,0.0,0.12745832815127223,0.08597201001100085,0.0,0.11135959782413218,0.0013005682592455159,0.0,0.0,0.0,0.040475281503768556,0.16960855872278113,0.028573135636029257,0.0,0.06001719578244202,0.0,0.0,0.08389757766885841,0.012238221917460379,0.14220156861355804,0.26699342369686496,0.17196372312076713,0.2312680943240717,0.08679815782705358,0.0,0.0,0.0,0.03728150176463929,0.027637579573924764,0.0,0.14901714834493607,0.2208008163788726,0.0,0.14312259692280271,0.0,0.15791902781179212,0.056917430010646086,0.0,0.0,0.0,0.17358628261334452,0.0,0.0,0.0,0.07498740835989137,0.0054256792663442965,0.10668341011311089,0.05611809879635565,0.009964421621339259,0.11470665594840934,0.0,0.0,0.004970956189554787,0.0,0.0,0.04094947853410735,0.0,0.0,0.09171239684851562,0.0,0.0,0.0,0.1298793591997467,0.05245823648142389,0.10058029820229786,0.0,0.0,0.0,0.0,0.0,0.0,0.07011273217969416,0.0,0.0,0.0,0.15743796611941718,0.0,0.0886837638110487,0.15505143809758648,0.31299939502893004,0.14676023386713677,0.0,0.0,0.0
EG10167_trans,0.0,0.13205719871223076,0.0,0.0,0.08831063248958193,0.0,0.10324686238588976,0.01386405585259265,0.0,0.22691646090155304,0.0,0.07892489666599012,0.0,0.0,0.0,0.017465757890831934,0.2694995625036727,0.0,0.0,0.07089992575632831,0.04693350984900935,0.13802238930754251,0.0,0.0,0.0,0.03704552014964069,0.0,0.0,0.0,0.1720263073165369,0.0,0.038554453579072945,0.06914719059368046,0.0,0.0,0.0,0.1038343520980507,0.022281930797575455,0.06682022579494618,0.10449773746550495,0.005842900728320277,0.08361658452764065,0.02903420489149333,0.0,0.21919371284043354,0.0,0.05561645639529944,0.0,0.1712052545634486,0.08252905631775587,0.0,0.09330638653529144,0.019384942973868835,0.10735408077106001,0.08391700808781577,0.0,0.18819313789759207,0.0,0.023789006868173423,0.0,0.1722385133028732,0.00498629023692887,0.0,0.0,0.13301884301829414,0.054802213467962435,0.0,0.0,0.0,0.11054831649135988,0.0,0.0,0.08045230262971481,0.14602888877191988,0.010394755922611854,0.3923662952034319,0.09810022995031176,0.4901019022925457,0.2591556692777357,0.16247055227769902,0.0,0.08805946237706097,0.07928688083011481,0.0,0.028431442281313224,0.0,0.0,0.0,0.03726142030870028,0.09293618117576541,0.0,0.005079740193077331,0.0,0.06326873249712861,0.0,0.03022894678419341,0.21629249499593683,0.0,0.08344378866297752,0.0,0.0,0.0,0.06574645951922431,0.0,0.21976073897532533,0.23728585210632058,0.02039557158423655,0.27155870670400395,0.04911834330620701,0.0,0.0,0.0,0.176662975585947,0.0,0.0,0.09444566105848473,0.0,0.0,0.07408846096336141,0.20291387410108097,0.0,0.06724169733491037,0.0,0.0021427656144510365,0.15737820496904842,0.0,0.0,0.0,0.06425658259632794,0.19787210822366585,0.29813609739870595,0.0,0.0,0.02742022936454136,0.0,0.11645443144390066,0.16908733871688852,0.010487539202804097,0.12848769097644253,0.0,0.21239220685328597,0.035365328605319934,0.0,0.0,0.0,0.12918149057309214,0.0,0.08222503742167353,0.11601021058194005,0.0,0.011019969711262068,0.0,0.069866159764719,0.0,0.2026249127763875,0.17153184526365362,0.05010527315417024,0.030524648836709023,0.072846351204646,0.04564255301529574
EG10170_trans,0.08819572569015666,0.007403353767536647,0.12655958921854538,0.06578812954164137,0.0,0.0,0.021846451981694326,0.0,0.03408198854468969,0.1767993854724641,8.881784197001252e-16,0.0,0.08400243825819143,0.0,0.0,0.014538232842464804,0.2767990477218838,0.0,0.0821083104964857,0.0,0.024220337361897215,0.0,0.0,0.0,0.08429345349577755,0.0,0.0,0.0,0.0,0.09784330951110087,0.04642881564863255,0.0,0.07293633033264246,0.0,0.0,0.0,0.0,0.0,0.08333486842803062,0.22094356753142108,0.0,0.0,0.03034233255932639,0.040841034493023454,0.011903084392764107,0.0,0.1440738747677579,0.0,0.04287753086726198,0.1192470894374309,8.881784197001252e-16,0.0887275096415645,0.0,0.14171854749169865,0.18110199890599255,0.0,0.20266130390175263,0.0,0.0,0.11345410612496765,0.13309238972099147,0.0,0.0,0.0,0.06905400471757828,0.09923105167980939,0.0,0.043642583245302236,0.0,0.32199488956953437,0.1546307618602092,0.0,0.0,0.04495492431699599,0.06010933308242117,0.25564542091824016,0.0,0.0,0.26812184135203276,0.17080006190685149,0.0024382820119424053,0.0,0.0,0.22093500319556814,0.04133565356743363,0.014786345715078753,0.06744506197956701,0.028676461300243705,0.001308900410735614,0.0,0.07792168980207892,0.042135575058138475,0.047922826850752775,0.0,0.0,0.1238343665730417,0.32286018290981966,0.09025618907967248,0.11284661524869044,0.0,0.03192160053107762,0.056456540150640944,0.0,0.0,0.027738588312005596,0.1037977696508654,0.0,0.06084491814906512,0.0,0.0,0.0,0.21107789946692335,0.05006639795164447,0.0,0.0,0.0,0.0,0.10639581612244076,0.17530977085331467,0.037365264826455524,0.0,0.0,0.014615789845465965,0.054381373214116735,0.0480151456479907,0.0368260978312871,0.00020498436089511074,0.0,0.1498330150458358,0.0,0.0306076333981824,0.0,0.14993341810964833,0.0,0.05420653355333638,0.0469113655974529,0.1659726397413035,0.0,0.0,0.0,0.11481756339018956,0.07923964191515864,0.0,0.06262671572322676,0.08798695252179911,0.017285475700788755,0.0,0.17170100555723833,0.0,0.09044057228234559,0.07163754744565232,0.0886797366900538,0.0,0.0,0.0,0.019093848824389248,0.05841579139839337,0.0,0.05465973701157356,0.0
EG10172_trans,0.01692740608646348,0.0,0.026553294597207344,0.1273336190226626,0.0,0.0,0.03386890680457588,0.0,0.0329819666216693,0.14685866853500018,8.881784197001252e-16,0.0,0.0,0.055602830014936266,0.0,0.0,0.20131391344965754,0.012467455109061998,0.0,0.0,0.008817856923266643,0.0,0.0,0.014309764309764272,0.0,0.0,0.0,0.0,0.0,0.09356370637397515,0.03947759173192389,0.06779593965102348,0.0,0.0,0.0,0.0,0.0,0.10968768952735175,0.082314497727773,0.19824234027128318,0.03563834574624325,0.0,0.01455022013415741,0.03191746957157582,0.0,0.07201998749346439,0.0,0.0,0.0,0.03991834321131882,8.881784197001252e-16,0.0267215973243502,0.0007254511870864455,0.10259253966899662,0.07914877985682933,0.0,0.33349967295956695,0.05507517752584512,0.04130266481769107,0.18632254713679464,0.14922463742005276,0.03390748067663374,0.0,0.014309764309764272,0.0,0.11137308922982259,0.11005903549311524,0.0,0.0,0.16938099197322165,0.0,0.0,0.0,0.017034769225809043,0.05619901174269182,0.1485447690873838,0.0,0.0,0.08654307742532596,0.0968294699609542,0.0,0.0,0.04906854898936164,0.0,0.0,0.0,0.0,0.0,0.0805142119535045,0.15626405441185165,0.0,0.0,0.0,0.032352769152561134,0.028299761361805675,0.017132927388608277,0.1648949997238831,0.06388647446660078,0.10255861971607994,0.0,0.04883258120666656,0.10966657506221456,0.0,0.014309764309764272,0.09359712932276576,0.032289684665884,0.0,0.0,0.0,0.0,0.049869870823662676,0.0,0.0,0.0,0.0,0.00809402381087887,0.0,0.0,0.09965759205454705,0.13461515890227949,0.0,0.03587936758764099,0.0,0.0,0.0,0.02080167595287641,0.0,0.0,0.048389440574863496,0.0,0.0,0.10058607584600376,0.17202899481247846,0.015616718004383134,0.0,0.0,0.0,0.07077330642127944,0.0,0.11965547147643352,0.0033407979331663284,0.03810240025439082,0.08898576411755199,0.0,0.0,0.0,0.055554977748024204,0.0,0.0,0.0,0.021594846135130297,0.04640213664273407,0.0,0.0,0.0,0.018469210034079087,0.023133800902728652,0.0,0.0,0.06257847974068476
EG10001_transl,0.0,0.0,0.0,0.0,0.0076688042005070844,0.12005780854484982,0.0,0.1308408495095521,0.0,0.0,0.09141486792683784,0.0,0.0,0.0,0.05607001477663376,0.0,0.0419201171769632,0.05193764148601354,0.018580929071541075,0.0,0.012545304838349702,0.0697989811049391,0.05064017206553739,0.08871749810523522,0.034554645061714906,0.0,0.0,0.0,0.08506173154260166,0.0013549814398938764,0.04342762120123478,0.0,0.0,0.0,0.013192830858191229,0.0,0.03797965430324446,0.0,0.0,0.04128445615335874,0.035273105243752045,0.0,0.0,0.028001528873725645,0.0,0.0715630947077961,0.011497751306436932,0.011909823342405534,0.0,0.0,0.09141486792683784,0.02587163796273728,0.0,0.0,0.042586443862962176,0.0,0.0,0.03897347426994835,0.026719257903634164,0.010906702706624971,0.032555619469242014,0.0,0.0,0.08871749810523522,0.018649237126518114,0.0,0.0,0.0,0.08506173154260166,0.0,0.0,0.0,0.03103154085381532,0.0,0.0,0.05618969855979672,0.04520588672610426,0.0,0.018494585926311702,0.009730648710333023,0.0,0.024464708828785264,0.008803632530173022,0.0,0.00064917483309479,0.06972089494053524,0.009923524117155802,0.00949697184317233,0.0,0.0,0.0,0.0,0.016087060440594936,0.010103615844594405,0.04162267097897843,0.0,0.009568362946778874,0.0,0.0009108513436502097,0.0,0.020467315164706568,0.043571540022625754,0.0,0.0876956517345513,0.0032115646597310477,0.0,0.0025510958532741768,0.0,0.009171024989545584,0.0,0.056487879270398667,0.0,0.0,0.0,0.0,0.0,0.0,0.002092064314094255,0.048839448612562064,0.0,0.013074127902069854,0.0,0.0,0.0,0.0,0.01548237384402995,0.004315659701417562,0.0008225325234072489,0.014972250495639772,0.0,0.014494643527467765,0.014333906024246001,0.0,0.0,0.07874188597036591,0.0,0.057587274935525734,0.003902498161669765,0.0,0.01486748744533073,0.0,0.0,0.010108683776943739,0.036867792671329,0.02940072699320373,0.02065403059385984,0.0,0.006486517537881209,0.004554417603050975,0.0,0.0,0.004258704962164961,0.002031930255034897,0.0014710484158249049,0.0,0.03644394437690979,0.0023504331295038927,0.0,0.02222222222222281,0.02074606970873738
EG10003_transl,0.0,0.036984009156863396,0.0,0.0,0.07288686874856931,0.0,0.08144527481370023,0.04371842038677709,0.0,0.026342770055634457,0.0,0.12822723184604734,0.0,0.0,0.0,0.0,0.003380739299958524,0.008227964719177416,0.0,0.0,0.0,0.0,0.03548375830742234,0.0,0.05414671390335091,0.0,0.008224156288359818,0.0,0.0,0.0,0.0,0.09746547352183321,0.0004347163988254188,0.0,0.09588753226430824,0.13283594653075181,0.0,0.0,0.01986684018428564,0.0,7.771561172376096e-16,7.771561172376096e-16,7.771561172376096e-16,7.771561172376096e-16,7.771561172376096e-16,0.0,7.771561172376096e-16,0.006157451412991399,7.771561172376096e-16,7.771561172376096e-16,0.0,7.771561172376096e-16,7.771561172376096e-16,7.771561172376096e-16,7.771561172376096e-16,7.771561172376096e-16,7.771561172376096e-16,7.771561172376096e-16,7.771561172376096e-16,7.771561172376096e-16,7.771561172376096e-16,7.771561172376096e-16,0.0,0.0,7.771561172376096e-16,7.771561172376096e-16,7.771561172376096e-16,7.771561172376096e-16,0.0,7.771561172376096e-16,7.771561172376096e-16,7.771561172376096e-16,7.771561172376096e-16,7.771561172376096e-16,7.771561172376096e-16,7.771561172376096e-16,7.771561172376096e-16,7.771561172376096e-16,7.771561172376096e-16,7.771561172376096e-16,0.0,7.771561172376096e-16,0.0,7.771561172376096e-16,7.771561172376096e-16,0.0,7.771561172376096e-16,0.0,0.0,0.00162915718168688,0.0850078064607136,7.771561172376096e-16,7.771561172376096e-16,0.0015268968757350398,7.771561172376096e-16,0.0,0.0,0.03752075546985445,0.0,7.771561172376096e-16,7.771561172376096e-16,7.771561172376096e-16,0.0,0.0,0.04631715142586201,0.08533646400763684,7.771561172376096e-16,7.771561172376096e-16,7.771561172376096e-16,7.771561172376096e-16,7.771561172376096e-16,0.0,7.771561172376096e-16,7.771561172376096e-16,7.771561172376096e-16,7.771561172376096e-16,7.771561172376096e-16,7.771561172376096e-16,7.771561172376096e-16,7.771561172376096e-16,7.771561172376096e-16,7.771561172376096e-16,7.771561172376096e-16,7.771561172376096e-16,7.771561172376096e-16,7.771561172376096e-16,7.771561172376096e-16,7.771561172376096e-16,7.771561172376096e-16,7.771561172376096e-16,7.771561172376096e-16,7.771561172376096e-16,7.771561172376096e-16,7.771561172376096e-16,7.771561172376096e-16,7.771561172376096e-16,7.771561172376096e-16,7.771561172376096e-16,7.771561172376096e-16,7.771561172376096e-16,7.771561172376096e-16,7.771561172376096e-16,7.771561172376096e-16,7.771561172376096e-16,7.771561172376096e-16,7.771561172376096e-16,7.771561172376096e-16,7.771561172376096e-16,7.771561172376096e-16,7.771561172376096e-16,7.771561172376096e-16,7.771561172376096e-16,7.771561172376096e-16,7.771561172376096e-16,7.771561172376096e-16,7.771561172376096e-16,7.771561172376096e-16,7.771561172376096e-16,7.771561172376096e-16,7.771561172376096e-16
EG10004_transl,0.0,0.0,0.04858667664547478,0.0,0.014565281972203525,0.0,0.0,0.1070550241107171,0.0,0.0,0.0,0.0,0.03058427518983642,0.0,0.0,0.0,0.0,0.004469430082006287,0.0,0.0,0.0,0.0,0.04338954587780375,0.0,0.0,0.0,0.0,0.0,0.0,0.0,0.0,0.0,0.0,0.030593966444609766,0.0,0.0,0.10965975122551908,0.025982198862648964,0.0,0.0,7.771561172376096e-16,7.771561172376096e-16,7.771561172376096e-16,7.771561172376096e-16,7.771561172376096e-16,0.019655687441348935,7.771561172376096e-16,0.00872946514018258,7.771561172376096e-16,7.771561172376096e-16,0.0,7.771561172376096e-16,7.771561172376096e-16,7.771561172376096e-16,7.771561172376096e-16,7.771561172376096e-16,7.771561172376096e-16,7.771561172376096e-16,7.771561172376096e-16,7.771561172376096e-16,7.771561172376096e-16,7.771561172376096e-16,0.008197644246847213,0.0,7.771561172376096e-16,7.771561172376096e-16,7.771561172376096e-16,7.771561172376096e-16,0.0,7.771561172376096e-16,7.771561172376096e-16,7.771561172376096e-16,7.771561172376096e-16,7.771561172376096e-16,7.771561172376096e-16,7.771561172376096e-16,7.771561172376096e-16,7.771561172376096e-16,7.771561172376096e-16,7.771561172376096e-16,0.04174585302517575,7.771561172376096e-16,0.001594657805585431,7.771561172376096e-16,7.771561172376096e-16,0.007747985791805689,7.771561172376096e-16,0.0,0.01984596931305682,0.0,0.0,7.771561172376096e-16,7.771561172376096e-16,0.002572793270468554,7.771561172376096e-16,0.02119337144976674,0.018914254571648303,0.0,0.0,7.771561172376096e-16,7.771561172376096e-16,7.771561172376096e-16,0.03058823134767641,0.0,0.008478435717379273,0.0013153584473328817,7.771561172376096e-16,7.771561172376096e-16,7.771561172376096e-16,7.771561172376096e-16,7.771561172376096e-16,0.003792512877133114,7.771561172376096e-16,7.771561172376096e-16,7.771561172376096e-16,7.771561172376096e-16,7.771561172376096e-16,7.771561172376096e-16,7.771561172376096e-16,7.771561172376096e-16,7.771561172376096e-16,7.771561172376096e-16,7.771561172376096e-16,7.771561172376096e-16,7.771561172376096e-16,7.771561172376096e-16,7.771561172376096e-16,7.771561172376096e-16,7.771561172376096e-16,7.771561172376096e-16,7.771561172376096e-16,7.771561172376096e-16,7.771561172376096e-16,7.771561172376096e-16,7.771561172376096e-16,7.771561172376096e-16,7.771561172376096e-16,7.771561172376096e-16,7.771561172376096e-16,7.771561172376096e-16,7.771561172376096e-16,7.771561172376096e-16,7.771561172376096e-16,7.771561172376096e-16,7.771561172376096e-16,7.771561172376096e-16,7.771561172376096e-16,7.771561172376096e-16,7.771561172376096e-16,7.771561172376096e-16,7.771561172376096e-16,7.771561172376096e-16,7.771561172376096e-16,7.771561172376096e-16,7.771561172376096e-16,7.771561172376096e-16,7.771561172376096e-16,7.771561172376096e-16,7.771561172376096e-16,7.771561172376096e-16
EG10011_transl,0.10898231944223968,0.0,0.0,0.013749596831102329,0.028416905670174186,0.01721847369474583,0.0,0.15034519851085304,0.0,0.038924874912348084,0.06902782336067714,0.0,0.0,0.0,0.0,0.04509789660380781,0.0,0.0,0.0,0.012200148226204854,0.008316848237934105,0.0,0.010932689195842782,0.06404585265908747,0.013190167969433952,0.015617088712797988,0.0,0.0,0.04638771758298477,0.0,0.004231729969965459,0.0,0.036000561601135406,0.04640240724476463,0.0,0.0,0.08032666942411582,0.01881117019335954,0.03610776499804569,0.0,7.771561172376096e-16,7.771561172376096e-16,7.771561172376096e-16,7.771561172376096e-16,7.771561172376096e-16,0.0,7.771561172376096e-16,0.04186592979437709,7.771561172376096e-16,7.771561172376096e-16,0.06902782336067714,7.771561172376096e-16,7.771561172376096e-16,7.771561172376096e-16,7.771561172376096e-16,7.771561172376096e-16,7.771561172376096e-16,7.771561172376096e-16,7.771561172376096e-16,7.771561172376096e-16,7.771561172376096e-16,7.771561172376096e-16,0.0,0.06404585265908747,7.771561172376096e-16,7.771561172376096e-16,7.771561172376096e-16,7.771561172376096e-16,0.04638771758298477,7.771561172376096e-16,7.771561172376096e-16,7.771561172376096e-16,7.771561172376096e-16,7.771561172376096e-16,7.771561172376096e-16,7.771561172376096e-16,7.771561172376096e-16,7.771561172376096e-16,7.771561172376096e-16,7.771561172376096e-16,0.02337336685048963,7.771561172376096e-16,0.0,7.771561172376096e-16,7.771561172376096e-16,0.05654713833843217,7.771561172376096e-16,0.11839298324288139,0.14073722783157683,0.0,0.04477278368121973,7.771561172376096e-16,7.771561172376096e-16,7.771561172376096e-16,7.771561172376096e-16,0.06394325665000933,0.049945634932493155,0.0,0.013219457301078985,7.771561172376096e-16,7.771561172376096e-16,7.771561172376096e-16,0.03974807362435473,0.06404585265908747,0.0016870085854829853,0.011298974584286414,7.771561172376096e-16,7.771561172376096e-16,7.771561172376096e-16,7.771561172376096e-16,7.771561172376096e-16,0.0,7.771561172376096e-16,7.771561172376096e-16,7.771561172376096e-16,7.771561172376096e-16,7.771561172376096e-16,7.771561172376096e-16,7.771561172376096e-16,7.771561172376096e-16,7.771561172376096e-16,7.771561172376096e-16,7.771561172376096e-16,7.771561172376096e-16,7.771561172376096e-16,7.771561172376096e-16,7.771561172376096e-16,7.771561172376096e-16,7.771561172376096e-16,7.771561172376096e-16,7.771561172376096e-16,7.771561172376096e-16,7.771561172376096e-16,7.771561172376096e-16,7.771561172376096e-16,7.771561172376096e-16,7.771561172376096e-16,7.771561172376096e-16,7.771561172376096e-16,7.771561172376096e-16,7.771561172376096e-16,7.771561172376096e-16,7.771561172376096e-16,7.771561172376096e-16,7.771561172376096e-16,7.771561172376096e-16,7.771561172376096e-16,7.771561172376096e-16,7.771561172376096e-16,7.771561172376096e-16,7.771561172376096e-16,7.771561172376096e-16,7.771561172376096e-16,7.771561172376096e-16,7.771561172376096e-16,7.771561172376096e-16,7.771561172376096e-16,7.771561172376096e-16,7.771561172376096e-16,7.771561172376096e-16
EG10013_transl,0.03110059312166369,0.0,0.0,0.0,0.0,0.039775150262447045,0.0,0.0,0.07305338751736024,0.0,0.0,0.0,0.008492129566219253,0.019325014078016456,0.0,0.0,0.0,0.0,0.0,0.041693962441151644,0.03634962656600704,0.014760938956111636,0.016579361052886155,0.022271103869211384,0.0017484186308474037,0.045294891625180966,0.0,0.012083149731610066,0.009918734196912915,0.0,0.022678318108954154,0.003983010273960641,0.003068737221348039,0.0,0.0,0.007637201886795619,0.045705383227743424,0.10773236608442982,0.09249999229348838,0.0,7.771561172376096e-16,7.771561172376096e-16,7.771561172376096e-16,7.771561172376096e-16,7.771561172376096e-16,0.024110567443413222,7.771561172376096e-16,0.04613011058538308,7.771561172376096e-16,7.771561172376096e-16,0.0,7.771561172376096e-16,7.771561172376096e-16,7.771561172376096e-16,7.771561172376096e-16,7.771561172376096e-16,7.771561172376096e-16,7.771561172376096e-16,7.771561172376096e-16,7.771561172376096e-16,7.771561172376096e-16,7.771561172376096e-16,0.0,0.022271103869211384,7.771561172376096e-16,7.771561172376096e-16,7.771561172376096e-16,7.771561172376096e-16,0.009918734196912915,7.771561172376096e-16,7.771561172376096e-16,7.771561172376096e-16,7.771561172376096e-16,7.771561172376096e-16,7.771561172376096e-16,7.771561172376096e-16,7.771561172376096e-16,7.771561172376096e-16,7.771561172376096e-16,7.771561172376096e-16,0.0,7.771561172376096e-16,0.0,7.771561172376096e-16,7.771561172376096e-16,0.026034751709727466,7.771561172376096e-16,0.03128442500271977,0.0,0.0,0.0,7.771561172376096e-16,7.771561172376096e-16,7.771561172376096e-16,7.771561172376096e-16,0.0,0.03620128343394713,0.0,0.0,7.771561172376096e-16,7.771561172376096e-16,7.771561172376096e-16,0.01569076827582916,0.022271103869211384,0.0,0.00488291441590305,7.771561172376096e-16,7.771561172376096e-16,7.771561172376096e-16,7.771561172376096e-16,7.771561172376096e-16,0.0,7.771561172376096e-16,7.771561172376096e-16,7.771561172376096e-16,7.771561172376096e-16,7.771561172376096e-16,7.771561172376096e-16,7.771561172376096e-16,7.771561172376096e-16,7.771561172376096e-16,7.771561172376096e-16,7.771561172376096e-16,7.771561172376096e-16,7.771561172376096e-16,7.771561172376096e-16,7.771561172376096e-16,7.771561172376096e-16,7.771561172376096e-16,7.771561172376096e-16,7.771561172376096e-16,7.771561172376096e-16,7.771561172376096e-16,7.771561172376096e-16,7.771561172376096e-16,7.771561172376096e-16,7.771561172376096e-16,7.771561172376096e-16,7.771561172376096e-16,7.771561172376096e-16,7.771561172376096e-16,7.771561172376096e-16,7.771561172376096e-16,7.771561172376096e-16,7.771561172376096e-16,7.771561172376096e-16,7.771561172376096e-16,7.771561172376096e-16,7.771561172376096e-16,7.771561172376096e-16,7.771561172376096e-16,7.771561172376096e-16,7.771561172376096e-16,7.771561172376096e-16,7.771561172376096e-16,7.771561172376096e-16,7.771561172376096e-16,7.771561172376096e-16,7.771561172376096e-16,7.771561172376096e-16
EG10014_transl,0.0,0.08450867824850583,0.0,0.04118402873785021,0.0643626526147778,0.0,0.04966380300973272,0.04488901854422167,0.07548356882020979,0.20046004830064312,8.881784197001252e-16,0.000249820345578744,0.035533950930054736,0.10128672964934982,0.11205264157418116,0.0,0.37671486106816454,0.01263747639872781,0.04837300288693491,0.007954368522962607,0.02729896033881518,0.0,0.0,0.0,0.0,0.0,0.12695325831122295,0.0,0.0,0.05403324866305592,0.0650559429221631,0.0,0.07347239000282713,0.0,0.045214199875009964,0.028731163692359285,0.03816046490798364,0.0,0.07545640644273677,0.0,0.031906494653749284,0.0,0.0,0.03579358883958239,0.07403090301741466,0.00294942968516132,0.0,0.0,0.24246768900409998,0.11714875331690244,8.881784197001252e-16,0.0,0.0,0.19310821843493953,0.2249703641433185,0.0,0.20968945782360082,0.0,0.08902324623374014,0.0,0.05092751216246816,0.0,0.1175317111540326,0.0,0.21041192552987154,0.0,0.0,0.0,0.0,0.31672381901638147,0.07180350040315986,0.0,0.0,0.0,0.06591224381680272,0.16904073024618738,0.0,0.0,0.039023377417318095,0.0002635406914115457,0.0,0.0,0.010671904487393746,0.0,0.01935694922983977,0.0,0.0,0.0,0.1761580024848297,0.09098988413768172,0.026077049323741885,0.037394486935072635,0.0,0.28650116906181644,0.051944287897641495,0.09140369197912213,0.30921727869241256,0.09472922331380662,0.1594113948922855,0.03340405181682771,0.0,0.0,0.015954123034407797,0.0,0.0997642654735671,0.046264191506747654,0.09834031407823574,0.0,0.0637071115334602,0.0,0.0,0.05250163021608767,0.043516590519097065,0.0,0.0,0.19413448939137634,0.0,0.0,0.08198490628672372,0.07798409949869312,0.05518461934955221,0.0,0.19690998117834102,0.09091984867660141,0.08944172156939922,0.00869260215784795,0.18616920587829977,0.0,0.12054269182293353,0.0,0.0,0.17196579706055015,0.04568806851424778,0.161254234252604,0.17815617580307963,0.0,0.11408531483550499,0.24153462510143697,0.0,0.024927462108092602,0.14350082519113316,0.026872952165144515,0.0,0.05248355607900068,0.10481007160087463,0.0,0.0,0.0,0.0,0.1658450768000903,0.24495937112427324,0.015479093878249639,0.016894799757286805,0.04990383694122258,0.0,0.016188305172772033,0.0,0.09298216213992339,0.03561665363038813,0.07610814432224844
EG10015_transl,0.03831489583499059,0.05116814921694779,0.06396836080326596,0.0,0.0,0.03435730135293147,0.0,0.0,0.0,0.0,0.010235320578541263,0.0,0.0,0.0,0.017134203639760592,0.0,0.028082195851252045,0.0,0.0,0.0,0.0,0.0,0.0,0.004037965896689588,0.014304762025754036,0.0,0.017755313025054953,0.032293142943170317,0.006357046300898173,0.0,0.00017873825484981953,0.008447009317382737,0.0,0.0,0.0,0.0,0.045726098246305025,0.0,0.029743490399916306,0.06617174380217938,7.771561172376096e-16,7.771561172376096e-16,7.771561172376096e-16,7.771561172376096e-16,7.771561172376096e-16,0.04927800207362776,7.771561172376096e-16,0.0,7.771561172376096e-16,7.771561172376096e-16,0.010235320578541263,7.771561172376096e-16,7.771561172376096e-16,7.771561172376096e-16,7.771561172376096e-16,7.771561172376096e-16,7.771561172376096e-16,7.771561172376096e-16,7.771561172376096e-16,7.771561172376096e-16,7.771561172376096e-16,7.771561172376096e-16,0.021444241819905008,0.004037965896689588,7.771561172376096e-16,7.771561172376096e-16,7.771561172376096e-16,7.771561172376096e-16,0.006357046300898173,7.771561172376096e-16,7.771561172376096e-16,7.771561172376096e-16,7.771561172376096e-16,7.771561172376096e-16,7.771561172376096e-16,7.771561172376096e-16,7.771561172376096e-16,7.771561172376096e-16,7.771561172376096e-16,7.771561172376096e-16,0.043009177069966764,7.771561172376096e-16,0.0,7.771561172376096e-16,7.771561172376096e-16,0.0,7.771561172376096e-16,0.0,0.0,0.0,0.0,7.771561172376096e-16,7.771561172376096e-16,7.771561172376096e-16,7.771561172376096e-16,0.0,0.0,0.015856249825174418,0.0,7.771561172376096e-16,7.771561172376096e-16,7.771561172376096e-16,0.0,0.004037965896689588,0.0,0.0,7.771561172376096e-16,7.771561172376096e-16,7.771561172376096e-16,7.771561172376096e-16,7.771561172376096e-16,0.0015509468997846332,7.771561172376096e-16,7.771561172376096e-16,7.771561172376096e-16,7.771561172376096e-16,7.771561172376096e-16,7.771561172376096e-16,7.771561172376096e-16,7.771561172376096e-16,7.771561172376096e-16,7.771561172376096e-16,7.771561172376096e-16,7.771561172376096e-16,7.771561172376096e-16,7.771561172376096e-16,7.771561172376096e-16,7.771561172376096e-16,7.771561172376096e-16,7.771561172376096e-16,7.771561172376096e-16,7.771561172376096e-16,7.771561172376096e-16,7.771561172376096e-16,7.771561172376096e-16,7.771561172376096e-16,7.771561172376096e-16,7.771561172376096e-16,7.771561172376096e-16,7.771561172376096e-16,7.771561172376096e-16,7.771561172376096e-16,7.771561172376096e-16,7.771561172376096e-16,7.771561172376096e-16,7.771561172376096e-16,7.771561172376096e-16,7.771561172376096e-16,7.771561172376096e-16,7.771561172376096e-16,7.771561172376096e-16,7.771561172376096e-16,7.771561172376096e-16,7.771561172376096e-16,7.771561172376096e-16,7.771561172376096e-16,7.771561172376096e-16,7.771561172376096e-16,7.771561172376096e-16,7.771561172376096e-16
EG10016_transl,0.0,0.0,0.0,0.051155608782848416,0.011759134412614003,0.036514685603091124,0.0,0.12275299447904353,0.0012099922566917165,0.0,0.08094691292217648,0.005213534553435206,0.0,0.02834399600681503,0.0,0.11516486429306849,0.0,0.0,0.0,0.0,0.0,0.0,0.0,0.005690665520303284,0.016353013925119342,0.032873035153265784,0.0,0.0,0.05934565190304841,0.0,0.005625340711891913,0.0,0.0,0.0,0.0,0.031055151374794976,0.0,0.0,0.011685917590524841,0.0,7.771561172376096e-16,7.771561172376096e-16,7.771561172376096e-16,7.771561172376096e-16,7.771561172376096e-16,0.02678809899885004,7.771561172376096e-16,0.061979244536316536,7.771561172376096e-16,7.771561172376096e-16,0.08094691292217648,7.771561172376096e-16,7.771561172376096e-16,7.771561172376096e-16,7.771561172376096e-16,7.771561172376096e-16,7.771561172376096e-16,7.771561172376096e-16,7.771561172376096e-16,7.771561172376096e-16,7.771561172376096e-16,7.771561172376096e-16,0.0,0.005690665520303284,7.771561172376096e-16,7.771561172376096e-16,7.771561172376096e-16,7.771561172376096e-16,0.05934565190304841,7.771561172376096e-16,7.771561172376096e-16,7.771561172376096e-16,7.771561172376096e-16,7.771561172376096e-16,7.771561172376096e-16,7.771561172376096e-16,7.771561172376096e-16,7.771561172376096e-16,7.771561172376096e-16,7.771561172376096e-16,0.0,7.771561172376096e-16,0.0,7.771561172376096e-16,7.771561172376096e-16,0.09165362165020419,7.771561172376096e-16,0.03041982564186929,0.0,0.0,0.0,7.771561172376096e-16,7.771561172376096e-16,0.0,7.771561172376096e-16,0.0,0.0,0.0,0.007654798106087268,7.771561172376096e-16,7.771561172376096e-16,7.771561172376096e-16,0.010258320168031743,0.005690665520303284,0.0,0.0,7.771561172376096e-16,7.771561172376096e-16,7.771561172376096e-16,7.771561172376096e-16,7.771561172376096e-16,0.0,7.771561172376096e-16,7.771561172376096e-16,7.771561172376096e-16,7.771561172376096e-16,7.771561172376096e-16,7.771561172376096e-16,7.771561172376096e-16,7.771561172376096e-16,7.771561172376096e-16,7.771561172376096e-16,7.771561172376096e-16,7.771561172376096e-16,7.771561172376096e-16,7.771561172376096e-16,7.771561172376096e-16,7.771561172376096e-16,7.771561172376096e-16,7.771561172376096e-16,7.771561172376096e-16,7.771561172376096e-16,7.771561172376096e-16,7.771561172376096e-16,7.771561172376096e-16,7.771561172376096e-16,7.771561172376096e-16,7.771561172376096e-16,7.771561172376096e-16,7.771561172376096e-16,7.771561172376096e-16,7.771561172376096e-16,7.771561172376096e-16,7.771561172376096e-16,7.771561172376096e-16,7.771561172376096e-16,7.771561172376096e-16,7.771561172376096e-16,7.771561172376096e-16,7.771561172376096e-16,7.771561172376096e-16,7.771561172376096e-16,7.771561172376096e-16,7.771561172376096e-16,7.771561172376096e-16,7.771561172376096e-16,7.771561172376096e-16,7.771561172376096e-16,7.771561172376096e-16,7.771561172376096e-16
EG10017_transl,0.04116656381406236,0.0883599820027432,0.0243314243777335,0.057477009614232744,0.07817572868461853,0.0,0.07137521517234524,0.0,0.0010384844905695356,0.0,0.0,0.0,0.0,0.0,0.013024045959743713,0.022587434165862952,0.03230298437626167,0.040398630071232455,0.0,0.030207536230649312,0.05399326323884801,0.0,0.05631444407117314,0.0,0.0,0.12070710424355613,0.042131667344774915,0.0,0.0,0.057289382448176385,0.004179699812045801,0.13125131806206602,0.11466298446884093,0.0160459774948718,0.0,0.0,0.0,0.0,0.0,0.027466246922712045,7.771561172376096e-16,7.771561172376096e-16,7.771561172376096e-16,7.771561172376096e-16,7.771561172376096e-16,0.0,7.771561172376096e-16,0.00037842990101477625,7.771561172376096e-16,7.771561172376096e-16,0.0,7.771561172376096e-16,7.771561172376096e-16,7.771561172376096e-16,7.771561172376096e-16,7.771561172376096e-16,7.771561172376096e-16,7.771561172376096e-16,7.771561172376096e-16,7.771561172376096e-16,7.771561172376096e-16,7.771561172376096e-16,0.009274188823338303,0.0,7.771561172376096e-16,7.771561172376096e-16,7.771561172376096e-16,7.771561172376096e-16,0.0,7.771561172376096e-16,7.771561172376096e-16,7.771561172376096e-16,7.771561172376096e-16,7.771561172376096e-16,7.771561172376096e-16,7.771561172376096e-16,7.771561172376096e-16,7.771561172376096e-16,7.771561172376096e-16,7.771561172376096e-16,0.0,7.771561172376096e-16,0.0,7.771561172376096e-16,7.771561172376096e-16,0.0,7.771561172376096e-16,0.0,0.014097917960161688,0.0,0.0,7.771561172376096e-16,7.771561172376096e-16,0.001021846370684254,7.771561172376096e-16,0.0,0.0,0.0,0.004067412405460047,7.771561172376096e-16,7.771561172376096e-16,7.771561172376096e-16,0.0,0.0,0.0,0.0,7.771561172376096e-16,7.771561172376096e-16,7.771561172376096e-16,7.771561172376096e-16,7.771561172376096e-16,0.0052502558259795995,7.771561172376096e-16,7.771561172376096e-16,7.771561172376096e-16,7.771561172376096e-16,7.771561172376096e-16,7.771561172376096e-16,7.771561172376096e-16,7.771561172376096e-16,7.771561172376096e-16,7.771561172376096e-16,7.771561172376096e-16,7.771561172376096e-16,7.771561172376096e-16,7.771561172376096e-16,7.771561172376096e-16,7.771561172376096e-16,7.771561172376096e-16,7.771561172376096e-16,7.771561172376096e-16,7.771561172376096e-16,7.771561172376096e-16,7.771561172376096e-16,7.771561172376096e-16,7.771561172376096e-16,7.771561172376096e-16,7.771561172376096e-16,7.771561172376096e-16,7.771561172376096e-16,7.771561172376096e-16,7.771561172376096e-16,7.771561172376096e-16,7.771561172376096e-16,7.771561172376096e-16,7.771561172376096e-16,7.771561172376096e-16,7.771561172376096e-16,7.771561172376096e-16,7.771561172376096e-16,7.771561172376096e-16,7.771561172376096e-16,7.771561172376096e-16,7.771561172376096e-16,7.771561172376096e-16,7.771561172376096e-16,7.771561172376096e-16,7.771561172376096e-16,7.771561172376096e-16,7.771561172376096e-16
EG10018_transl,0.01665664100535391,0.2445759280261237,0.06053000501473793,0.11660852346365536,0.1359942739093445,0.06753907676128756,0.07556456347853446,0.12064885545615178,0.15204482126460772,0.0902078680915408,0.04581971477658797,0.04159724698834144,0.17092476355170105,0.05233731951010645,0.0,0.09933041216857919,0.017770162213003093,0.013596077783338822,0.0,0.041513226823507,0.22820289377922043,0.20451533252620724,0.013581785105614141,0.06832116838658031,0.021624202952733595,0.004946068791635394,0.06223830559785015,0.0,0.06161888029573648,0.054879377383863615,0.0,0.08408589636036679,0.07492520130987135,0.04287337359319898,0.02173542212205115,0.2344111414687693,0.16552554107158413,0.008999756058298392,0.07424052050584251,0.059203559882742285,7.771561172376096e-16,7.771561172376096e-16,7.771561172376096e-16,7.771561172376096e-16,7.771561172376096e-16,0.05223862021501313,7.771561172376096e-16,0.009577512294902668,7.771561172376096e-16,7.771561172376096e-16,0.04581971477658797,7.771561172376096e-16,7.771561172376096e-16,7.771561172376096e-16,7.771561172376096e-16,7.771561172376096e-16,7.771561172376096e-16,7.771561172376096e-16,7.771561172376096e-16,7.771561172376096e-16,7.771561172376096e-16,7.771561172376096e-16,0.0,0.06832116838658031,7.771561172376096e-16,7.771561172376096e-16,7.771561172376096e-16,7.771561172376096e-16,0.06161888029573648,7.771561172376096e-16,7.771561172376096e-16,7.771561172376096e-16,7.771561172376096e-16,7.771561172376096e-16,7.771561172376096e-16,7.771561172376096e-16,7.771561172376096e-16,7.771561172376096e-16,7.771561172376096e-16,7.771561172376096e-16,0.0960888957250452,7.771561172376096e-16,0.03644658809307,7.771561172376096e-16,7.771561172376096e-16,0.06880155750951,7.771561172376096e-16,0.013061624356554669,0.12822922499728806,0.0,0.1453291997990589,7.771561172376096e-16,7.771561172376096e-16,0.0010101010101019048,7.771561172376096e-16,0.02459714432560256,0.0,0.04810159612871123,0.0,7.771561172376096e-16,7.771561172376096e-16,7.771561172376096e-16,0.06147033573865168,0.06832116838658031,0.09604769166659755,0.03179245214978166,7.771561172376096e-16,7.771561172376096e-16,7.771561172376096e-16,7.771561172376096e-16,7.771561172376096e-16,0.0,7.771561172376096e-16,7.771561172376096e-16,7.771561172376096e-16,7.771561172376096e-16,7.771561172376096e-16,7.771561172376096e-16,7.771561172376096e-16,7.771561172376096e-16,7.771561172376096e-16,7.771561172376096e-16,7.771561172376096e-16,7.771561172376096e-16,7.771561172376096e-16,7.771561172376096e-16,7.771561172376096e-16,7.771561172376096e-16,7.771561172376096e-16,7.771561172376096e-16,7.771561172376096e-16,7.771561172376096e-16,7.771561172376096e-16,7.771561172376096e-16,7.771561172376096e-16,7.771561172376096e-16,7.771561172376096e-16,7.771561172376096e-16,7.771561172376096e-16,7.771561172376096e-16,7.771561172376096e-16,7.771561172376096e-16,7.771561172376096e-16,7.771561172376096e-16,7.771561172376096e-16,7.771561172376096e-16,7.771561172376096e-16,7.771561172376096e-16,7.771561172376096e-16,7.771561172376096e-16,7.771561172376096e-16,7.771561172376096e-16,7.771561172376096e-16,7.771561172376096e-16,7.771561172376096e-16,7.771561172376096e-16,7.771561172376096e-16,7.771561172376096e-16,7.771561172376096e-16,7.771561172376096e-16
EG10026_transl,0.05097393898754499,0.07123744919264219,0.0069246857822546914,0.11759101000674455,0.025594183504335843,0.029889069828041848,0.21503824016343187,0.06238997617676412,0.005373600039568549,0.08140530041697192,0.19058816612448704,0.15898161940127897,0.011247352296350321,0.004097381418535773,0.02565294341200408,0.05796443479962443,0.020144481802078618,0.12576473748456052,0.0,0.06412277488797802,0.04710420085512701,0.0,0.09051429014162449,0.17817824833972162,0.0,0.10822050412115836,0.08720138693273838,0.0,0.19114043139864245,0.008823323706659947,0.006789457365180662,0.02060785823955924,0.027431567263658474,0.024573493989646256,0.0,0.18001275920848858,0.044080529981794125,0.16266749736943442,0.0,0.16398752231826053,7.771561172376096e-16,7.771561172376096e-16,7.771561172376096e-16,7.771561172376096e-16,7.771561172376096e-16,0.0,7.771561172376096e-16,0.011509625507095,7.771561172376096e-16,7.771561172376096e-16,0.19058816612448704,7.771561172376096e-16,7.771561172376096e-16,7.771561172376096e-16,7.771561172376096e-16,7.771561172376096e-16,7.771561172376096e-16,7.771561172376096e-16,7.771561172376096e-16,7.771561172376096e-16,7.771561172376096e-16,7.771561172376096e-16,0.0,0.17817824833972162,7.771561172376096e-16,7.771561172376096e-16,7.771561172376096e-16,7.771561172376096e-16,0.19114043139864245,7.771561172376096e-16,7.771561172376096e-16,7.771561172376096e-16,7.771561172376096e-16,7.771561172376096e-16,7.771561172376096e-16,7.771561172376096e-16,7.771561172376096e-16,7.771561172376096e-16,7.771561172376096e-16,7.771561172376096e-16,0.03830894190342593,7.771561172376096e-16,0.12601449516098495,7.771561172376096e-16,7.771561172376096e-16,0.04884125833231345,7.771561172376096e-16,0.13856942261701044,0.18365693089809132,0.0,0.22413685506541636,7.771561172376096e-16,7.771561172376096e-16,7.771561172376096e-16,7.771561172376096e-16,0.03195836636500027,0.04193996044329518,0.04284966881056107,0.009900649749200241,7.771561172376096e-16,7.771561172376096e-16,7.771561172376096e-16,0.030368739114741583,0.17817824833972162,0.23944497571320444,0.1311679673602677,7.771561172376096e-16,7.771561172376096e-16,7.771561172376096e-16,7.771561172376096e-16,7.771561172376096e-16,0.0,7.771561172376096e-16,7.771561172376096e-16,7.771561172376096e-16,7.771561172376096e-16,7.771561172376096e-16,7.771561172376096e-16,7.771561172376096e-16,7.771561172376096e-16,7.771561172376096e-16,7.771561172376096e-16,7.771561172376096e-16,7.771561172376096e-16,7.771561172376096e-16,7.771561172376096e-16,7.771561172376096e-16,7.771561172376096e-16,7.771561172376096e-16,7.771561172376096e-16,7.771561172376096e-16,7.771561172376096e-16,7.771561172376096e-16,7.771561172376096e-16,7.771561172376096e-16,7.771561172376096e-16,7.771561172376096e-16,7.771561172376096e-16,7.771561172376096e-16,7.771561172376096e-16,7.771561172376096e-16,7.771561172376096e-16,7.771561172376096e-16,7.771561172376096e-16,7.771561172376096e-16,7.771561172376096e-16,7.771561172376096e-16,7.771561172376096e-16,7.771561172376096e-16,7.771561172376096e-16,7.771561172376096e-16,7.771561172376096e-16,7.771561172376096e-16,7.771561172376096e-16,7.771561172376096e-16,7.771561172376096e-16,7.771561172376096e-16,7.771561172376096e-16,7.771561172376096e-16,7.771561172376096e-16
EG10028_transl,0.0,0.0,0.040526453159884346,0.03692166799418484,0.0,0.0,0.0,0.0,0.0,0.0,0.0,0.0,0.0,0.03094910991169797,0.0,0.013482098636280249,0.0,0.0,0.0,0.0,0.030958038311904357,0.0028456888263146407,0.0,0.0,0.0001001335136183723,0.0,0.0,0.08091247672098034,0.0,0.017562465264753913,0.0,0.0,0.0,0.0,0.0012720970334751946,0.0,0.023736459391796805,0.03821415408034268,0.0,0.0,7.771561172376096e-16,7.771561172376096e-16,7.771561172376096e-16,7.771561172376096e-16,7.771561172376096e-16,0.0,7.771561172376096e-16,0.0,7.771561172376096e-16,7.771561172376096e-16,0.0,7.771561172376096e-16,7.771561172376096e-16,7.771561172376096e-16,7.771561172376096e-16,7.771561172376096e-16,7.771561172376096e-16,7.771561172376096e-16,7.771561172376096e-16,7.771561172376096e-16,7.771561172376096e-16,7.771561172376096e-16,0.08438221151816405,0.0,7.771561172376096e-16,7.771561172376096e-16,7.771561172376096e-16,7.771561172376096e-16,0.0,7.771561172376096e-16,7.771561172376096e-16,7.771561172376096e-16,7.771561172376096e-16,7.771561172376096e-16,7.771561172376096e-16,7.771561172376096e-16,7.771561172376096e-16,7.771561172376096e-16,7.771561172376096e-16,7.771561172376096e-16,0.005655341726816809,7.771561172376096e-16,0.014965963622937561,7.771561172376096e-16,7.771561172376096e-16,0.0,7.771561172376096e-16,0.0,0.0,0.02693373711397884,0.02804364394546921,7.771561172376096e-16,7.771561172376096e-16,0.0020319473807858257,7.771561172376096e-16,0.02186372050624219,0.009128526278645799,0.0,0.0,7.771561172376096e-16,7.771561172376096e-16,7.771561172376096e-16,0.053528701537257195,0.0,0.0,0.0,7.771561172376096e-16,7.771561172376096e-16,7.771561172376096e-16,7.771561172376096e-16,7.771561172376096e-16,0.0,7.771561172376096e-16,7.771561172376096e-16,7.771561172376096e-16,7.771561172376096e-16,7.771561172376096e-16,7.771561172376096e-16,7.771561172376096e-16,7.771561172376096e-16,7.771561172376096e-16,7.771561172376096e-16,7.771561172376096e-16,7.771561172376096e-16,7.771561172376096e-16,7.771561172376096e-16,7.771561172376096e-16,7.771561172376096e-16,7.771561172376096e-16,7.771561172376096e-16,7.771561172376096e-16,7.771561172376096e-16,7.771561172376096e-16,7.771561172376096e-16,7.771561172376096e-16,7.771561172376096e-16,7.771561172376096e-16,7.771561172376096e-16,7.771561172376096e-16,7.771561172376096e-16,7.771561172376096e-16,7.771561172376096e-16,7.771561172376096e-16,7.771561172376096e-16,7.771561172376096e-16,7.771561172376096e-16,7.771561172376096e-16,7.771561172376096e-16,7.771561172376096e-16,7.771561172376096e-16,7.771561172376096e-16,7.771561172376096e-16,7.771561172376096e-16,7.771561172376096e-16,7.771561172376096e-16,7.771561172376096e-16,7.771561172376096e-16,7.771561172376096e-16,7.771561172376096e-16,7.771561172376096e-16
EG10030_transl,0.08803188459769551,0.0,0.0,0.0,0.0,0.0,0.0,0.12859850346431845,0.0,0.036719638565483326,0.0,0.0365493305747151,0.0,0.027305614894041597,0.016693682569944635,0.0,0.07252334531153881,0.0666732975470028,0.0,0.0,0.0,0.07187293674451034,0.011438555685733043,0.0,0.0,0.0,0.0,0.0,0.0,0.0,0.0,0.0,0.09495242677802107,0.0785397637046068,0.0,0.031061653587820093,0.147179648684848,0.0,0.0,0.03413119244199736,0.0,0.006062993961762686,0.12332776045270455,0.0,0.0,0.0,0.0025679113615644233,0.05052190838513937,0.008631187401296092,0.0,0.0,0.0,0.10400282485244627,0.0,0.0,0.21046944739159512,0.0,0.04106492195659106,0.0,0.0,0.0,0.0,0.0,0.0,0.0,0.01637213794437864,0.0,0.11438117814435866,0.0,0.0,0.0,0.0,0.06980371953998388,0.0,0.04955313550610496,0.03926694445417045,0.0,0.06880523716298947,0.0,0.0,0.0,0.0,0.04735562469261323,0.0,0.0,0.11686955431634694,0.0,0.0,0.0,0.01726009723282118,0.0,0.04101226900838206,0.0,0.0,0.0,0.010052806067063269,0.03486612973446368,0.0,0.0,0.0,0.046444832923637325,0.05548812587526619,0.0,0.0,0.0,0.0,0.021066821722011575,0.007373126899956617,0.0,0.1324578721992069,0.044069593526831596,0.0,0.05106757219040614,0.0412489286344373,0.07790075865331092,0.0,0.014803343477896913,0.0,0.1404606440883729,0.0,0.0,0.0,0.0,0.0,0.02470436160475087,0.057283414731855054,0.0,0.0,0.0,0.12650598820783943,0.04196412743164446,0.0025648826530342284,0.0,0.0,0.0,0.0,0.0,0.040317316211214926,0.0,0.033456382502519144,0.03359231481160396,0.0,0.050270387300592745,0.0,0.03779679023112159,0.028329209212026196,0.0,0.10530716900890891,0.008735818320531052,0.0,0.04996485289801811,0.0,0.0,0.03799255685972813,0.04070731571841257,0.0,0.0,0.0,0.0,0.0
EG10031_transl,0.06409191013654736,0.0,0.0,0.0016135874780394133,0.0,0.0,0.0,0.0,0.003878472148805656,0.17477194036699473,8.881784197001252e-16,0.0,0.0,0.04363194029023898,0.269370424621048,0.0,0.1452220278370575,0.056563614858371025,0.04364393891213325,0.0,0.0,0.0,0.0,0.0,0.0,0.0,0.0,0.0,0.0,0.006880181658141193,0.019202982302081395,0.0,0.0,0.0,0.0,0.0,0.0,0.0,0.0,0.06630113356773926,0.1275834528309283,0.13714587638093745,0.010444979333025461,0.052763749073838184,0.0,0.0,0.03023255150997839,0.0,0.0,0.0,8.881784197001252e-16,0.07671112330337904,0.0,0.10266721596484407,0.0,0.0,0.11409812446945988,0.0,0.07309421329330412,0.0,0.0,0.018790831171511257,0.0022952683844770227,0.0,0.0,0.005321241550147349,0.0,0.0,0.0,0.1400624939384718,0.007315417814696357,0.0,0.081951039698124,0.03559083782919048,0.05348348701089245,0.057805226822907674,0.005261321328882129,0.0,0.0,0.0,0.1097203161087017,0.0462895563642709,0.0,0.12124973128971206,0.03859705804068003,0.043685325000297315,0.0,0.0,0.03204346777499767,0.03752257374775292,0.0257122459640291,0.10792375706907231,0.0,0.09552321489609872,0.0,0.08440480144356144,0.16713261696877924,0.04117202505835538,0.20577932951388345,0.005288432995377512,0.0,0.0,0.07565608821068848,0.0,0.0,0.00133105174076098,0.0,0.0,0.0,0.04140522321540141,0.08402699077837017,0.0,0.043647731305848314,0.013439511107649516,0.020207303908294172,0.06928987871865866,0.02639632660814506,0.0,0.16300019667750298,0.08967532791813904,0.033828435706260596,0.0,0.023820582121895306,0.14214801536012267,0.08486031235415536,0.021541817359656434,0.02681894510127103,0.0,0.05363557103750516,0.21013524254536442,0.11590809055077766,0.28833012376982925,0.007566884413264141,0.0,0.16234402393422442,0.0,0.012016060723369026,0.14190040612459587,0.12390279673343452,0.0,0.0,0.07738147256607864,0.09599462665845504,0.022716673521525177,0.18448259258439892,0.3385521268574747,0.009678611883281008,0.09630499228003142,0.0,0.0,0.0,0.04843084595907943,0.1970386760065077,0.06164662855848935,0.0,0.010871342594700018,0.0,0.0,0.07929310646079157,0.09059863788789047
EG10032_transl,0.02637444764406549,0.0,0.0,0.015446332003616892,0.0,0.024415650914174858,0.0,0.0,0.04438106622197546,0.18267758674555923,8.881784197001252e-16,0.0048403178843003936,0.0,0.07907853235926554,0.010537787362435491,0.0,0.08766873948635867,0.0,0.04692995807935674,0.0,0.05800498046364444,0.0,0.0,0.0,0.0,0.0,0.0009838215709567777,0.09726380334544205,0.0,0.06279916556707921,0.0,0.0,0.21112813645916662,0.0,0.0,0.0,0.0,0.0,0.14259032616320466,0.10663413525658605,0.0439513253768391,0.0,0.10788574683738972,0.0,0.0,0.0,0.0572688275252613,0.0,0.040398011265355915,0.12741598120034858,8.881784197001252e-16,0.0,0.21385965884402003,0.1288585463208678,0.02185153170378662,0.0,0.2414975906007064,0.051637873135580215,0.06459726468047977,0.0,0.1858771839323312,0.0,0.0,0.0,0.1979612188602342,0.0,0.047175852128503504,0.015645899548068165,0.0,0.11700672540461898,0.07034314774800121,0.01972614032435871,0.0,0.0,0.019763460382038023,0.10098122704612811,0.07759522049405598,0.07140589981929901,0.0033887402770238495,0.08025826086745891,0.0,0.0,0.11447544328735892,0.0,0.06162238183761337,0.04945688316983965,0.0,0.0,0.14561305515827083,0.1592399222657681,0.05630248277631278,0.004749052967401024,0.0,0.07055274958289237,0.08053752590958307,0.13535752005459445,0.33763646885040943,0.1000666063630371,0.14030764778501004,0.0,0.0,0.08805794556903423,0.0,0.0,0.036542430411305116,0.09987893852394736,0.0,0.12319087938525852,0.0,0.05195467466019732,0.1508256563392898,0.022202792801844673,0.0,0.0,0.0,0.0,0.0,0.0,0.12534396924920355,0.06845930221657337,0.10450614857533269,0.0,0.0,0.036757170508455506,0.057395418743003024,0.0,0.07042732720966294,0.0,0.09752747505924564,0.0,0.006639247195157072,0.21881920790434606,0.0,0.03766914679382394,0.07084960324035894,0.004591227207589199,0.06448414697794824,0.0,0.0,0.0,0.11398398763424922,0.10555974616961272,0.0,0.0,0.1702067515259702,0.0006068443454059214,0.12840090999258313,0.047384591533015996,0.0,0.24055963313660067,0.21594264825510567,0.0,0.0,0.20048388046182009,0.11253790022643262,0.05064291739275584,0.0,0.0,0.2887975773799081,0.1909843084526046
EG10033_transl,0.0,0.0,0.007975334970243386,0.022276907372512644,0.014950595923265642,0.0716959241373043,0.01721682139088898,0.0,0.06135980346139647,0.0,0.02149948400767787,0.0,0.0,0.0,0.0,0.09382645252046196,0.0,0.0,0.043248984690763326,0.0,0.0,0.0,0.0,0.01731002946873783,0.0,0.002509816615317906,0.028552616781100326,0.0,0.0022656620937850924,0.0,0.0,0.0,0.0,0.0,0.017496881490566496,0.14837193173162566,0.0,0.0,0.0,0.0,7.771561172376096e-16,7.771561172376096e-16,7.771561172376096e-16,7.771561172376096e-16,7.771561172376096e-16,0.0003330828103704775,7.771561172376096e-16,0.0,7.771561172376096e-16,7.771561172376096e-16,0.02149948400767787,7.771561172376096e-16,7.771561172376096e-16,7.771561172376096e-16,7.771561172376096e-16,7.771561172376096e-16,7.771561172376096e-16,7.771561172376096e-16,7.771561172376096e-16,7.771561172376096e-16,7.771561172376096e-16,7.771561172376096e-16,0.0,0.01731002946873783,7.771561172376096e-16,7.771561172376096e-16,7.771561172376096e-16,7.771561172376096e-16,0.0022656620937850924,7.771561172376096e-16,7.771561172376096e-16,7.771561172376096e-16,7.771561172376096e-16,7.771561172376096e-16,7.771561172376096e-16,7.771561172376096e-16,7.771561172376096e-16,7.771561172376096e-16,7.771561172376096e-16,7.771561172376096e-16,0.10694070835551739,7.771561172376096e-16,0.00892194891494369,7.771561172376096e-16,7.771561172376096e-16,0.029278575843632026,7.771561172376096e-16,0.0,0.0,0.004230566155913884,0.0036256977368358534,7.771561172376096e-16,7.771561172376096e-16,0.001021846370684254,7.771561172376096e-16,0.07448747447775528,0.0597174432791836,0.04815443242017592,0.01568453609322973,7.771561172376096e-16,7.771561172376096e-16,7.771561172376096e-16,0.0,0.01731002946873783,0.0,0.046733379862896385,7.771561172376096e-16,7.771561172376096e-16,7.771561172376096e-16,7.771561172376096e-16,7.771561172376096e-16,0.0026485078753942792,7.771561172376096e-16,7.771561172376096e-16,7.771561172376096e-16,7.771561172376096e-16,7.771561172376096e-16,7.771561172376096e-16,7.771561172376096e-16,7.771561172376096e-16,7.771561172376096e-16,7.771561172376096e-16,7.771561172376096e-16,7.771561172376096e-16,7.771561172376096e-16,7.771561172376096e-16,7.771561172376096e-16,7.771561172376096e-16,7.771561172376096e-16,7.771561172376096e-16,7.771561172376096e-16,7.771561172376096e-16,7.771561172376096e-16,7.771561172376096e-16,7.771561172376096e-16,7.771561172376096e-16,7.771561172376096e-16,7.771561172376096e-16,7.771561172376096e-16,7.771561172376096e-16,7.771561172376096e-16,7.771561172376096e-16,7.771561172376096e-16,7.771561172376096e-16,7.771561172376096e-16,7.771561172376096e-16,7.771561172376096e-16,7.771561172376096e-16,7.771561172376096e-16,7.771561172376096e-16,7.771561172376096e-16,7.771561172376096e-16,7.771561172376096e-16,7.771561172376096e-16,7.771561172376096e-16,7.771561172376096e-16,7.771561172376096e-16,7.771561172376096e-16,7.771561172376096e-16,7.771561172376096e-16
EG10034_transl,0.0,0.005721411982475555,0.11854310711834026,0.04779166937177992,0.0,0.0,0.0,0.03829807861994805,0.0,0.17320863664967412,8.881784197001252e-16,0.0,0.01979287806481045,0.0,0.014426916469385098,0.0015456100633182146,0.6064052159364337,0.04791230606152741,0.010702560173285303,0.008469681432669685,0.0,0.04619684042846961,0.006893463366879349,0.0,0.021593745833083933,0.0,0.048873716699349146,0.0,0.007407407407406197,0.14227493381190293,0.0,0.0,0.05572686277666028,0.0,0.0,0.024937436523495116,0.0,0.0,0.08456592535573515,0.20048561005219145,0.0,0.0,0.0,0.13435148445570855,0.04732771612267106,0.0039373550007382185,0.10860763342702873,0.0,0.0,0.11870646900429538,8.881784197001252e-16,0.1670183109668928,0.11666951318927499,0.01673438371257463,0.009403387966950394,0.0,0.058682316299230486,0.0,0.29017226290680975,0.0,0.13778093705149708,0.029119115584161026,0.013654795488792004,0.0,0.11319106844221416,0.0,0.15748506672343243,0.0,0.007407407407406197,0.27953737440129345,0.05505003506936745,0.042145898777222524,0.0,0.0,0.32618653028212297,0.07611926562150906,0.0,0.029080259744312276,0.0,0.0,0.0,0.0,0.10625415745009636,0.0,0.0,6.749971220143536e-05,0.017995263436051623,0.12281443536227288,0.19829141052367172,0.20477375458821845,0.0540460027084082,0.004436732536573285,0.02127919572885828,0.1577353932102854,0.0013161151780578528,0.18346587772570455,0.3492971992838676,0.04732651645115915,0.1784264646902649,0.0,0.04876436572820442,0.14061782189455663,0.10918909368607332,0.0,0.018447692186473574,0.15900431945585414,0.0,0.0,0.1401702480089253,0.0806522571742958,0.04183135201394972,0.04411724974669262,0.07749879136916382,0.0,0.0,0.0,0.0,0.0,0.0,0.12092867528934192,0.0,0.07445305169279548,0.061143742812661994,0.008770389500349918,0.17680223219040148,0.006780651752531064,0.1424573692464528,0.0,0.0962807024083081,0.0,0.0,0.24628588853594957,0.12308639897202589,0.07007212977301513,0.13377979599625256,0.10024070683708741,0.16436245067294308,0.0,0.057114604007797,0.0,0.022779740996880182,0.10363338566466407,0.04511891729097517,0.0,0.27330280661994877,0.002693731096536034,0.2123278149944512,0.0,0.020233984733664112,0.12316481857752004,0.3109594191805267,0.0,0.023289183472114505,0.0,0.04487963561820951,0.09102018014962265,0.0,0.0066429367995772814,0.1697715016894601,0.21627170986745714
EG10035_transl,0.056699665011021416,0.10416164341521705,0.0,0.0,0.0,0.12841031650243662,0.04566962328334845,0.052107131713428956,0.017357963415134847,0.014336911619922343,0.06340717492173864,0.08663138252349012,0.04559273643313033,0.0,0.042725785576592124,0.0,0.06903371005023373,0.05710114602250127,0.0,0.08926062563347315,0.06543359752123123,0.03617581216467025,0.026497050456698368,0.035992347520046764,0.05450447143854753,0.1351921157537208,0.12350325104355475,0.030970466438764666,0.05161811233125935,0.04617783625105454,0.0,0.13978480828650675,0.0,0.0,0.013437397697164233,0.049449427803222035,0.042788833656863146,0.10684768964416702,0.04215102465412279,0.14593413912628228,7.771561172376096e-16,7.771561172376096e-16,7.771561172376096e-16,7.771561172376096e-16,7.771561172376096e-16,0.00530016037859693,7.771561172376096e-16,0.0,7.771561172376096e-16,7.771561172376096e-16,0.06340717492173864,7.771561172376096e-16,7.771561172376096e-16,7.771561172376096e-16,7.771561172376096e-16,7.771561172376096e-16,7.771561172376096e-16,7.771561172376096e-16,7.771561172376096e-16,7.771561172376096e-16,7.771561172376096e-16,7.771561172376096e-16,0.009147501063674568,0.035992347520046764,7.771561172376096e-16,7.771561172376096e-16,7.771561172376096e-16,7.771561172376096e-16,0.05161811233125935,7.771561172376096e-16,7.771561172376096e-16,7.771561172376096e-16,7.771561172376096e-16,7.771561172376096e-16,7.771561172376096e-16,7.771561172376096e-16,7.771561172376096e-16,7.771561172376096e-16,7.771561172376096e-16,7.771561172376096e-16,0.03571445120633787,7.771561172376096e-16,0.04402759169614234,7.771561172376096e-16,7.771561172376096e-16,0.0,7.771561172376096e-16,0.0,0.04956994474418064,0.02839130147662372,0.05145663560573088,7.771561172376096e-16,7.771561172376096e-16,7.771561172376096e-16,7.771561172376096e-16,0.0,0.0,0.018084159576950753,0.0,7.771561172376096e-16,7.771561172376096e-16,7.771561172376096e-16,0.0,0.035992347520046764,0.05275649555448525,0.035866011814715826,7.771561172376096e-16,7.771561172376096e-16,7.771561172376096e-16,7.771561172376096e-16,7.771561172376096e-16,0.0,7.771561172376096e-16,7.771561172376096e-16,7.771561172376096e-16,7.771561172376096e-16,7.771561172376096e-16,7.771561172376096e-16,7.771561172376096e-16,7.771561172376096e-16,7.771561172376096e-16,7.771561172376096e-16,7.771561172376096e-16,7.771561172376096e-16,7.771561172376096e-16,7.771561172376096e-16,7.771561172376096e-16,7.771561172376096e-16,7.771561172376096e-16,7.771561172376096e-16,7.771561172376096e-16,7.771561172376096e-16,7.771561172376096e-16,7.771561172376096e-16,7.771561172376096e-16,7.771561172376096e-16,7.771561172376096e-16,7.771561172376096e-16,7.771561172376096e-16,7.771561172376096e-16,7.771561172376096e-16,7.771561172376096e-16,7.771561172376096e-16,7.771561172376096e-16,7.771561172376096e-16,7.771561172376096e-16,7.771561172376096e-16,7.771561172376096e-16,7.771561172376096e-16,7.771561172376096e-16,7.771561172376096e-16,7.771561172376096e-16,7.771561172376096e-16,7.771561172376096e-16,7.771561172376096e-16,7.771561172376096e-16,7.771561172376096e-16,7.771561172376096e-16,7.771561172376096e-16,7.771561172376096e-16
EG10039_transl,0.1875772275446672,0.0,0.0,0.06544571057938242,0.06734771562919928,0.07317314192232294,0.0,0.0,0.0,0.23398420703377942,8.881784197001252e-16,0.0,0.0,0.20461412924839673,0.15828360433035193,0.0,0.285921445564,0.0,0.0,0.0,0.04597567453173612,0.0,0.0,0.0,0.0911727356111407,0.0,0.0,0.0,0.0,0.09432874319578888,0.0,0.0,0.12621764209911523,0.0,0.0,0.10584646232004324,0.07652348097191064,0.0,0.1905348076799438,0.07004383122794122,0.06510502767067705,0.0,0.08850750164196253,0.08695357257983649,0.0,0.0,0.053491942916889634,0.0,0.019616387014213643,0.10241413506796837,8.881784197001252e-16,0.031980991005090775,0.1453165387830262,0.2390798665105991,0.056886363484269786,0.0,0.0,0.0,0.2635474973324934,0.0,0.034791501312456896,0.0,0.05724847583759374,0.0,0.003465093580250045,0.0,0.05471473458393117,0.0,0.0,0.2733004723196919,0.0,0.06404797294205888,0.0,0.0,0.030004598431633722,0.2123500754705112,0.0,0.04063133754604853,0.11274357600809903,0.06809128739133952,0.05054427387202631,0.12772458081460436,0.0,0.0,0.0,0.0,0.0,0.0,0.1298736809765404,0.13879900515818466,0.08268473150771838,0.0,0.0,0.12242318692618603,0.13080365218018186,0.1583434105897883,0.3900230350697158,0.1872303835714244,0.14040383720139538,0.0,0.0,0.0,0.0,0.0,0.05232400658899916,0.1997741667525088,0.1440059518818113,0.0,0.0,0.03025747295619885,0.07801887136691765,0.0478547562711964,0.0,0.0,0.0,0.0,0.015342145297191134,0.07779760428891125,0.027660278818065764,0.026463560208743075,0.013597247627439524,0.0,0.0,0.11956275256853921,0.13514274903548928,0.0,0.05818667695737556,0.0,0.20854909789149856,0.12281802318348656,0.0,0.1497189300673898,0.058711125723764246,0.053833286375347456,0.11845735582423034,0.07102466323147194,0.30776841691473034,0.0,0.046763377979895715,0.0,0.19494272202678098,0.13933084682086028,0.0,0.0,0.2624050562065863,0.0,0.171301756224014,0.0,0.0,0.3813039795652866,0.2660355768927687,0.07248486081199745,0.0,0.024231302691038348,0.0,0.08830582777022289,0.0,0.021765719518541005,0.250987379702704,0.2155782685812757
EG10040_transl,0.0,0.12252932742678935,0.030744131017904186,0.11797571574690546,0.16039394583065003,0.0,0.07871189914610555,0.0,0.16700079914343924,0.03851187121483468,0.09536685177513649,0.0,0.06524197880568261,0.037004591450963464,0.0,0.0699843298388998,0.013808902755848562,0.031017603457110132,0.008368057627920145,0.0,0.10953402002239288,0.04072590255205144,0.04016010419818694,0.11009264785235562,0.02552062689621315,0.016235261130510326,0.0010508122711254675,0.023987242565780997,0.08828630482711253,0.04629619378564365,0.0,0.0,0.0,0.1152473485813279,0.0368471949310023,0.0751733508428587,0.0,0.0,0.034437863959808634,0.09394844235552613,7.771561172376096e-16,7.771561172376096e-16,7.771561172376096e-16,7.771561172376096e-16,7.771561172376096e-16,0.0,7.771561172376096e-16,0.0,7.771561172376096e-16,7.771561172376096e-16,0.09536685177513649,7.771561172376096e-16,7.771561172376096e-16,7.771561172376096e-16,7.771561172376096e-16,7.771561172376096e-16,7.771561172376096e-16,7.771561172376096e-16,7.771561172376096e-16,7.771561172376096e-16,7.771561172376096e-16,7.771561172376096e-16,0.0,0.11009264785235562,7.771561172376096e-16,7.771561172376096e-16,7.771561172376096e-16,7.771561172376096e-16,0.08828630482711253,7.771561172376096e-16,7.771561172376096e-16,7.771561172376096e-16,7.771561172376096e-16,7.771561172376096e-16,7.771561172376096e-16,7.771561172376096e-16,7.771561172376096e-16,7.771561172376096e-16,7.771561172376096e-16,7.771561172376096e-16,0.09148447765021994,7.771561172376096e-16,0.14698610804239154,7.771561172376096e-16,7.771561172376096e-16,0.0,7.771561172376096e-16,0.08397427882705966,0.03724702397897417,0.05564764376086084,0.0,7.771561172376096e-16,7.771561172376096e-16,0.001021846370684254,7.771561172376096e-16,0.0,0.054249067505582005,0.12530326026619543,0.00415844008394628,7.771561172376096e-16,7.771561172376096e-16,7.771561172376096e-16,0.0,0.11009264785235562,0.09089164161024277,0.0,7.771561172376096e-16,7.771561172376096e-16,7.771561172376096e-16,7.771561172376096e-16,7.771561172376096e-16,0.0,7.771561172376096e-16,7.771561172376096e-16,7.771561172376096e-16,7.771561172376096e-16,7.771561172376096e-16,7.771561172376096e-16,7.771561172376096e-16,7.771561172376096e-16,7.771561172376096e-16,7.771561172376096e-16,7.771561172376096e-16,7.771561172376096e-16,7.771561172376096e-16,7.771561172376096e-16,7.771561172376096e-16,7.771561172376096e-16,7.771561172376096e-16,7.771561172376096e-16,7.771561172376096e-16,7.771561172376096e-16,7.771561172376096e-16,7.771561172376096e-16,7.771561172376096e-16,7.771561172376096e-16,7.771561172376096e-16,7.771561172376096e-16,7.771561172376096e-16,7.771561172376096e-16,7.771561172376096e-16,7.771561172376096e-16,7.771561172376096e-16,7.771561172376096e-16,7.771561172376096e-16,7.771561172376096e-16,7.771561172376096e-16,7.771561172376096e-16,7.771561172376096e-16,7.771561172376096e-16,7.771561172376096e-16,7.771561172376096e-16,7.771561172376096e-16,7.771561172376096e-16,7.771561172376096e-16,7.771561172376096e-16,7.771561172376096e-16,7.771561172376096e-16,7.771561172376096e-16,7.771561172376096e-16
EG10043_transl,0.031137524357126356,0.18579641712174233,0.07636755618754565,0.06269806951953316,0.06198152584463501,0.0,0.013644860447640905,0.0009738366624345574,0.028707888817666394,0.020098469585157597,0.004754237362306402,0.04780065283223256,0.0016236021657929367,0.04547541487475548,0.0038196584799883304,0.0,0.0,0.0,0.0,0.0,0.0,0.0,0.06745106761933095,0.03133934159792373,0.0,0.0,0.00040086050262844175,0.03443284967224636,0.008220266590292624,0.0,0.02167720629707348,0.0,0.0,0.19079915881466536,0.03380058326533564,0.03089921677010965,0.0,0.04911577906337028,0.0,0.03138216040185493,7.771561172376096e-16,7.771561172376096e-16,7.771561172376096e-16,7.771561172376096e-16,7.771561172376096e-16,0.023520953963707125,7.771561172376096e-16,0.06038313786074756,7.771561172376096e-16,7.771561172376096e-16,0.004754237362306402,7.771561172376096e-16,7.771561172376096e-16,7.771561172376096e-16,7.771561172376096e-16,7.771561172376096e-16,7.771561172376096e-16,7.771561172376096e-16,7.771561172376096e-16,7.771561172376096e-16,7.771561172376096e-16,7.771561172376096e-16,0.0,0.03133934159792373,7.771561172376096e-16,7.771561172376096e-16,7.771561172376096e-16,7.771561172376096e-16,0.008220266590292624,7.771561172376096e-16,7.771561172376096e-16,7.771561172376096e-16,7.771561172376096e-16,7.771561172376096e-16,7.771561172376096e-16,7.771561172376096e-16,7.771561172376096e-16,7.771561172376096e-16,7.771561172376096e-16,7.771561172376096e-16,0.0006329409607890302,7.771561172376096e-16,0.06287728687547567,7.771561172376096e-16,7.771561172376096e-16,0.015645434184871965,7.771561172376096e-16,0.08721813028645342,0.2146713099639801,0.013934119382362553,0.07898828727745055,7.771561172376096e-16,7.771561172376096e-16,7.771561172376096e-16,7.771561172376096e-16,0.01819667624504384,0.0,0.13197486361699795,0.0,7.771561172376096e-16,7.771561172376096e-16,7.771561172376096e-16,0.032163462701682466,0.03133934159792373,0.1422241378984368,0.06206117849082604,7.771561172376096e-16,7.771561172376096e-16,7.771561172376096e-16,7.771561172376096e-16,7.771561172376096e-16,0.012095210706654869,7.771561172376096e-16,7.771561172376096e-16,7.771561172376096e-16,7.771561172376096e-16,7.771561172376096e-16,7.771561172376096e-16,7.771561172376096e-16,7.771561172376096e-16,7.771561172376096e-16,7.771561172376096e-16,7.771561172376096e-16,7.771561172376096e-16,7.771561172376096e-16,7.771561172376096e-16,7.771561172376096e-16,7.771561172376096e-16,7.771561172376096e-16,7.771561172376096e-16,7.771561172376096e-16,7.771561172376096e-16,7.771561172376096e-16,7.771561172376096e-16,7.771561172376096e-16,7.771561172376096e-16,7.771561172376096e-16,7.771561172376096e-16,7.771561172376096e-16,7.771561172376096e-16,7.771561172376096e-16,7.771561172376096e-16,7.771561172376096e-16,7.771561172376096e-16,7.771561172376096e-16,7.771561172376096e-16,7.771561172376096e-16,7.771561172376096e-16,7.771561172376096e-16,7.771561172376096e-16,7.771561172376096e-16,7.771561172376096e-16,7.771561172376096e-16,7.771561172376096e-16,7.771561172376096e-16,7.771561172376096e-16,7.771561172376096e-16,7.771561172376096e-16,7.771561172376096e-16,7.771561172376096e-16
EG10044_transl,0.0,0.0,0.05716576426934039,0.0,0.0,0.044433906768258424,0.0,0.03715694905135192,0.0,0.020093422256976856,0.19014591067766906,0.0,0.0,0.0,0.0,0.0,0.0,0.0067354049711019215,0.0,0.009926796206521926,0.0,0.0,0.009895312876697204,0.16581909582559318,0.0,0.0,0.0,0.0,0.2156755043605254,0.0,0.017913042588437178,0.0,0.04147629868544378,0.0,0.0038734011740462204,0.0,0.0006040508947124934,0.0,0.003880114896108733,0.0,7.771561172376096e-16,7.771561172376096e-16,7.771561172376096e-16,7.771561172376096e-16,7.771561172376096e-16,0.0,7.771561172376096e-16,0.0,7.771561172376096e-16,7.771561172376096e-16,0.19014591067766906,7.771561172376096e-16,7.771561172376096e-16,7.771561172376096e-16,7.771561172376096e-16,7.771561172376096e-16,7.771561172376096e-16,7.771561172376096e-16,7.771561172376096e-16,7.771561172376096e-16,7.771561172376096e-16,7.771561172376096e-16,0.0,0.16581909582559318,7.771561172376096e-16,7.771561172376096e-16,7.771561172376096e-16,7.771561172376096e-16,0.2156755043605254,7.771561172376096e-16,7.771561172376096e-16,7.771561172376096e-16,7.771561172376096e-16,7.771561172376096e-16,7.771561172376096e-16,7.771561172376096e-16,7.771561172376096e-16,7.771561172376096e-16,7.771561172376096e-16,7.771561172376096e-16,0.0,7.771561172376096e-16,0.03672947415438799,7.771561172376096e-16,7.771561172376096e-16,0.15946180357311124,7.771561172376096e-16,0.0,0.06580846753257252,0.016782365924175924,0.06436800927965658,7.771561172376096e-16,7.771561172376096e-16,0.0010101010101019048,7.771561172376096e-16,0.04890866856942466,0.03023852279990158,0.0,0.003505380019885651,7.771561172376096e-16,7.771561172376096e-16,7.771561172376096e-16,0.0,0.16581909582559318,0.0,0.0672421657686908,7.771561172376096e-16,7.771561172376096e-16,7.771561172376096e-16,7.771561172376096e-16,7.771561172376096e-16,0.0014918378178375713,7.771561172376096e-16,7.771561172376096e-16,7.771561172376096e-16,7.771561172376096e-16,7.771561172376096e-16,7.771561172376096e-16,7.771561172376096e-16,7.771561172376096e-16,7.771561172376096e-16,7.771561172376096e-16,7.771561172376096e-16,7.771561172376096e-16,7.771561172376096e-16,7.771561172376096e-16,7.771561172376096e-16,7.771561172376096e-16,7.771561172376096e-16,7.771561172376096e-16,7.771561172376096e-16,7.771561172376096e-16,7.771561172376096e-16,7.771561172376096e-16,7.771561172376096e-16,7.771561172376096e-16,7.771561172376096e-16,7.771561172376096e-16,7.771561172376096e-16,7.771561172376096e-16,7.771561172376096e-16,7.771561172376096e-16,7.771561172376096e-16,7.771561172376096e-16,7.771561172376096e-16,7.771561172376096e-16,7.771561172376096e-16,7.771561172376096e-16,7.771561172376096e-16,7.771561172376096e-16,7.771561172376096e-16,7.771561172376096e-16,7.771561172376096e-16,7.771561172376096e-16,7.771561172376096e-16,7.771561172376096e-16,7.771561172376096e-16,7.771561172376096e-16,7.771561172376096e-16,7.771561172376096e-16
EG10046_transl,0.0,0.0,0.05471623319991048,0.08320665334032507,0.12047720803039264,0.04527148641197121,0.0,0.0,0.011454983155628984,0.13847875932244946,8.881784197001252e-16,0.09005098376163323,0.02425410797618044,0.10801839313974027,0.026299711418539484,0.010207056880664034,0.3953003946202722,0.0,0.07342701485200553,0.0,0.11522335586871524,0.0,0.0,0.0,0.0,0.0,0.10664827088341378,0.03378129037439104,0.0,0.05851056563364465,0.019971582274844524,0.06575803263780422,0.010305686739424225,0.053301431310766034,0.02534702160741853,0.025622922052643382,0.0,0.0,0.14583429122965308,0.13397264682342414,0.0,0.0,0.08758386965485232,0.08739868301608222,0.0,0.043110670249145944,0.04700337680486344,0.0,0.0,0.026732509255023462,8.881784197001252e-16,0.012661116168305231,0.0,0.07631313165847597,0.0,0.0,0.08995981955301269,0.0,0.07380832115837577,0.0,0.21364063016136536,0.0,0.0,0.0,0.057516311077238313,0.0,0.0945370632742033,0.0,0.0,0.15137605719858915,0.0326742685385919,0.07959464553838891,0.0,0.0,0.0,0.15307249884213725,0.0,0.0,0.0,0.11337504473647719,0.05159088836291348,0.0,0.1643163068021023,0.0,0.0,0.0,0.0014960421953786884,0.0,0.062480760668243374,0.15543039845624484,0.06236549542394876,0.0,0.0,0.10196068475794418,0.08308402056755648,0.12782025267960861,0.26449719844314146,0.18583875280531403,0.159267793791809,0.012166466614447646,0.0,0.0028473652969118746,0.0973734237164332,0.0,0.13337012774605927,0.1584332237448991,0.14644600747349168,0.0,0.019693387030969012,0.043272122814215885,0.11241762462488736,0.0,0.0,0.01572117348005464,0.0,0.19058666227906773,0.0,0.0,0.05564197116271763,0.28188337503698735,0.0,0.0,0.0,0.0,0.07033383519440384,0.011059354025284573,0.0,0.0,0.025339604674297966,0.05618808406345677,0.0,0.2457014694744002,0.0,0.0,0.20151489001275014,0.0219712723034704,0.19923187185321156,0.05378178531061906,0.0,0.0,0.0781394484466118,0.16537586448167385,0.0,0.015575182524896203,0.12053664889373517,0.0,0.25056720767798324,0.0,0.008049877322717558,0.15390013263089752,0.18298277796371254,0.0,0.0,0.05239117658859116,0.0,0.09471766455113118,0.0,0.03099777981941032,0.3506387566619753,0.3155395586893357
EG10050_transl,0.0,0.0,0.0,0.0,0.0,0.008779704693074208,0.0,0.08559560238412645,0.16553189074388652,0.0,0.00429126910846378,0.007037626175430134,0.027051631031967727,0.0,0.0,0.00878662403783026,0.0468620076873163,0.0036171651724630216,0.09173354373625697,0.024159677717033867,0.053907769122966354,0.0,0.0,0.022033285329584817,0.0,0.0,0.11986416412600609,0.057422936579088146,0.0,0.05701419921570272,0.01159337936617999,0.03610313496176576,0.0,0.02913998971723908,0.016868035002189696,0.04643402406252184,0.0,0.019000692010972653,0.04552918364092684,0.09057903141143364,7.771561172376096e-16,7.771561172376096e-16,7.771561172376096e-16,7.771561172376096e-16,7.771561172376096e-16,0.0,7.771561172376096e-16,0.0826269492916083,7.771561172376096e-16,7.771561172376096e-16,0.00429126910846378,7.771561172376096e-16,7.771561172376096e-16,7.771561172376096e-16,7.771561172376096e-16,7.771561172376096e-16,7.771561172376096e-16,7.771561172376096e-16,7.771561172376096e-16,7.771561172376096e-16,7.771561172376096e-16,7.771561172376096e-16,0.02818234783832252,0.022033285329584817,7.771561172376096e-16,7.771561172376096e-16,7.771561172376096e-16,7.771561172376096e-16,0.0,7.771561172376096e-16,7.771561172376096e-16,7.771561172376096e-16,7.771561172376096e-16,7.771561172376096e-16,7.771561172376096e-16,7.771561172376096e-16,7.771561172376096e-16,7.771561172376096e-16,7.771561172376096e-16,7.771561172376096e-16,0.06066161772859746,7.771561172376096e-16,0.0,7.771561172376096e-16,7.771561172376096e-16,0.0,7.771561172376096e-16,0.0,0.0,0.022968203024351874,0.08799694904077704,7.771561172376096e-16,7.771561172376096e-16,7.771561172376096e-16,7.771561172376096e-16,0.013037548847194547,0.09289070234281493,0.043381511055299304,0.0,7.771561172376096e-16,7.771561172376096e-16,7.771561172376096e-16,0.0988783777751967,0.022033285329584817,0.0,0.0,7.771561172376096e-16,7.771561172376096e-16,7.771561172376096e-16,7.771561172376096e-16,7.771561172376096e-16,0.0,7.771561172376096e-16,7.771561172376096e-16,7.771561172376096e-16,7.771561172376096e-16,7.771561172376096e-16,7.771561172376096e-16,7.771561172376096e-16,7.771561172376096e-16,7.771561172376096e-16,7.771561172376096e-16,7.771561172376096e-16,7.771561172376096e-16,7.771561172376096e-16,7.771561172376096e-16,7.771561172376096e-16,7.771561172376096e-16,7.771561172376096e-16,7.771561172376096e-16,7.771561172376096e-16,7.771561172376096e-16,7.771561172376096e-16,7.771561172376096e-16,7.771561172376096e-16,7.771561172376096e-16,7.771561172376096e-16,7.771561172376096e-16,7.771561172376096e-16,7.771561172376096e-16,7.771561172376096e-16,7.771561172376096e-16,7.771561172376096e-16,7.771561172376096e-16,7.771561172376096e-16,7.771561172376096e-16,7.771561172376096e-16,7.771561172376096e-16,7.771561172376096e-16,7.771561172376096e-16,7.771561172376096e-16,7.771561172376096e-16,7.771561172376096e-16,7.771561172376096e-16,7.771561172376096e-16,7.771561172376096e-16,7.771561172376096e-16,7.771561172376096e-16,7.771561172376096e-16,7.771561172376096e-16
EG10051_transl,0.0,0.06869014988749322,0.020100857004166084,0.13061686015585128,0.0,0.0,0.0,0.043671285659822257,0.13879322592817633,0.2163631341495491,8.881784197001252e-16,0.006141346784530377,0.14490512144157597,0.0,0.004934488441588947,0.021205153322463755,0.04119551382676212,0.0,0.08198685083756185,0.0310249749382292,0.013823649587102693,0.0,0.0,0.006902356902357187,0.0,0.0,0.01696791112608187,0.0,0.0,0.0,0.0,0.03569648679030468,0.0,0.0,0.23260938341054427,0.08486501136127167,0.010402035350563388,0.0,0.003517166993926235,0.12976833356141704,0.04435641111968813,0.0,0.0,0.12530907882040365,0.032732633794535726,0.0,0.17385921319476116,0.0,0.09161732853959448,0.30308091732830356,8.881784197001252e-16,0.0,0.07073122837253276,0.018758156957905836,0.13830868629090132,0.0,0.08526437307595858,0.0,0.14684423574390415,0.0,0.14856479301315462,0.0,0.10469969935613577,0.006902356902357187,0.09597421751299429,0.0,0.049205663256623566,0.11690473846112015,0.0,0.3200219239477837,0.07586599567787777,0.0,0.0,0.0318735988327945,0.0,0.07773524932023301,0.0,0.13462327665444995,0.16820962180762322,0.18318256305297176,0.0204862722092769,0.06135591820754138,0.0,0.0,0.0,0.0,0.0,0.0,0.1271900176010874,0.1716649663574792,0.03971830129063125,0.05690064534516326,0.0,0.16455192081327263,0.275981856194627,0.04098670646764413,0.3092141504166772,0.19472476061634625,0.08791867038466661,0.0,0.020684081646237473,0.012481780383958974,0.0,0.006902356902357187,0.07558648099051846,0.09132957771248451,0.23480300366228324,0.0014281927374879544,0.0063810572035643,0.019375808951046736,0.06910973191042658,0.04484943175398026,0.05256962667328713,0.07098822580731401,0.0,0.1097549304945109,0.06333149721601838,0.0,0.19634826503483493,0.10035137233721025,0.05483776941237961,0.029579620405759677,0.0,0.08833228079702682,0.08548616727732794,0.0,0.138731762611783,0.0,0.13247546951422606,0.0,0.0,0.14568492979495495,0.09354045245822773,0.11383957414624568,0.33023750451491685,0.0,0.1321518133645041,0.0,0.0,0.0,0.09205512333727839,0.11289302308751381,0.026402499828321435,0.0,0.16009778925763163,0.0,0.19201547920105533,0.08036169708633567,0.0,0.13798019369771142,0.2497213478306941,0.08355360271418544,0.0,0.09621591502973681,0.027073152608710238,0.14181827998819285,0.0,0.08066713271951986,0.03824888073892163,0.09190503837951569
EG10054_transl,0.009717971498086841,0.0,0.0,0.0,0.20384381080461367,0.0,0.09059175882460524,0.0,0.019251460679351018,0.006418409347104692,0.0,0.0,0.0,0.0,0.0,0.0,0.0,0.0,0.0,0.0,0.0,0.0,0.0,0.0,0.014332613011880158,0.11108056565878988,0.0,0.07982580453189136,0.0,0.0,0.0172018486891361,0.10920216466967636,0.00038413666573755556,0.0,0.0,0.0011795963866585435,0.04086884817509495,0.00289094426048897,0.0,0.0242394734744642,7.771561172376096e-16,7.771561172376096e-16,7.771561172376096e-16,7.771561172376096e-16,7.771561172376096e-16,0.037604229138935685,7.771561172376096e-16,0.035595621890348816,7.771561172376096e-16,7.771561172376096e-16,0.0,7.771561172376096e-16,7.771561172376096e-16,7.771561172376096e-16,7.771561172376096e-16,7.771561172376096e-16,7.771561172376096e-16,7.771561172376096e-16,7.771561172376096e-16,7.771561172376096e-16,7.771561172376096e-16,7.771561172376096e-16,0.0,0.0,7.771561172376096e-16,7.771561172376096e-16,7.771561172376096e-16,7.771561172376096e-16,0.0,7.771561172376096e-16,7.771561172376096e-16,7.771561172376096e-16,7.771561172376096e-16,7.771561172376096e-16,7.771561172376096e-16,7.771561172376096e-16,7.771561172376096e-16,7.771561172376096e-16,7.771561172376096e-16,7.771561172376096e-16,0.0062089877191999765,7.771561172376096e-16,0.0,7.771561172376096e-16,7.771561172376096e-16,0.003643450371622503,7.771561172376096e-16,0.05101430066763579,0.0,0.003251457412252412,0.07270344163121023,7.771561172376096e-16,7.771561172376096e-16,0.0,7.771561172376096e-16,0.0,0.011227352153474035,0.0,0.0,7.771561172376096e-16,7.771561172376096e-16,7.771561172376096e-16,0.0,0.0,0.0,0.0,7.771561172376096e-16,7.771561172376096e-16,7.771561172376096e-16,7.771561172376096e-16,7.771561172376096e-16,0.0073809942588966004,7.771561172376096e-16,7.771561172376096e-16,7.771561172376096e-16,7.771561172376096e-16,7.771561172376096e-16,7.771561172376096e-16,0.000505050505051563,7.771561172376096e-16,7.771561172376096e-16,7.771561172376096e-16,7.771561172376096e-16,7.771561172376096e-16,7.771561172376096e-16,7.771561172376096e-16,7.771561172376096e-16,7.771561172376096e-16,7.771561172376096e-16,7.771561172376096e-16,7.771561172376096e-16,7.771561172376096e-16,7.771561172376096e-16,7.771561172376096e-16,7.771561172376096e-16,7.771561172376096e-16,7.771561172376096e-16,7.771561172376096e-16,7.771561172376096e-16,7.771561172376096e-16,7.771561172376096e-16,7.771561172376096e-16,7.771561172376096e-16,7.771561172376096e-16,7.771561172376096e-16,7.771561172376096e-16,7.771561172376096e-16,7.771561172376096e-16,7.771561172376096e-16,7.771561172376096e-16,7.771561172376096e-16,7.771561172376096e-16,7.771561172376096e-16,7.771561172376096e-16,7.771561172376096e-16,7.771561172376096e-16,7.771561172376096e-16,7.771561172376096e-16,7.771561172376096e-16,7.771561172376096e-16
EG10071_transl,0.11549963519794515,0.0,0.03138819244568536,0.04472149021659089,0.0,0.0,0.06953315893748613,0.0580128931786037,0.0,0.17533529563964434,8.881784197001252e-16,0.0,0.0,0.09051890962137232,0.053820110042619884,0.0623985344505269,0.005408662495217875,0.0,0.0,0.0017651785403445253,0.2501881353957045,0.0,0.0,0.006902356902357187,0.2049566513495873,0.0380298116836113,0.0,0.0,0.0,0.0,0.09705368502575018,0.0,0.08135078072723934,0.02646689152064674,0.08544068871473653,0.0,0.0,0.0,0.13680828242327747,0.0,0.11807644787661431,0.0,0.02113213970433092,0.34326666235796877,0.0,0.090006079298393,0.27214510939663095,0.02384034934511403,0.0,0.0,8.881784197001252e-16,0.05056235932049313,0.0,0.12747838569484538,0.0,0.0,0.0,0.0,0.03568475440491925,0.01156896390576101,0.0,0.0,0.0,0.006902356902357187,0.1094755650352548,0.03293061946279696,0.03443025264580868,0.02310152082549921,0.0,0.0,0.0,0.10089404239106603,0.0012389830647121514,0.03024736473751588,0.028604720243993853,0.20608750681041021,0.0,0.006566268714287116,0.0,0.0,0.005191108025572433,0.18624794793922028,0.014431127178881287,0.0,0.017351840523511797,0.036549610433263435,0.0,0.0,0.024784979041675204,0.11576027307778292,0.0,0.0,0.10704162208838319,0.0,0.046345107793443585,0.0,0.1394529951726633,0.0,0.04453569173968841,0.0,0.031036398016366817,0.09016496117695594,0.0,0.0,0.0,0.0,0.04926702695955898,0.0,0.036424575406141635,0.0,0.0,0.0,0.0,0.0,0.14644687362498843,0.00047718151441733525,0.0,0.0,0.0,0.0,0.0,0.0051421551071788585,0.1122054788206519,0.021661315473478382,0.0,0.057429052074950526,0.0,0.0,0.13833826415956718,0.0,0.05725703643610158,0.0,0.07462070810963661,0.0,0.0,0.0,0.0,0.0,0.0,0.0,0.035046186472639906,0.0,0.05367772280578054,0.0,0.0,0.0,0.0,0.0,0.0,0.0,7.47512094001479e-07,0.0,0.007021543979929934,0.0,0.20347475059718656,0.0,0.0,0.0,0.0,0.0
EG10084_transl,0.004257186610935992,0.0,0.0,0.05879580386940475,0.04073104531100746,0.0,0.0,0.0,0.059117857685447195,0.37311056017458055,8.881784197001252e-16,0.0,0.0,0.13633508102273106,0.18611693844222188,0.0,0.16443998314335007,0.0,0.1075110939567665,0.0,0.0,0.17407359275892853,0.0,0.0,0.03346941605820675,0.042193933713053244,0.040559680358549066,0.06967886802401635,0.0,0.08994168188030782,0.06718234841093151,0.01596508402500385,0.0,0.0,0.04976165114330655,0.0,0.0,0.0,0.0,0.0,0.0682110941465841,0.010245522697471365,0.029243575470791594,0.0,0.12847715814892258,0.0,0.08983392822667735,0.0,0.033296281637763325,0.06199021407883398,8.881784197001252e-16,0.0,0.0,0.0,0.10424758870004958,0.0,0.14803433479405337,0.11834722743198434,0.18843860168073912,0.0,0.17794092305805265,0.0,0.0,0.0,0.03771606364272628,0.0,0.0,0.0,0.0,0.17444549485459815,0.00618491177267444,0.0,0.0035487273305303546,0.0,0.04557450950627295,0.17109246307344117,0.0,0.0021850811013806037,0.01162753148123441,0.006306493071987607,0.0021370233026005714,0.002738201227209469,0.07702263712851165,0.004768330351437644,0.15551051981640063,0.0,0.0,0.0,0.06891125524420172,0.17539211985774683,0.07053508606722358,0.0,0.0026191427588444505,0.12084349165070929,0.23561866247265062,0.2142879617453457,0.14323729618063075,0.13723016485493833,0.3488390009393494,0.0,0.0,0.009088652683081122,0.0,0.0,0.07320018733874178,0.1519557220584189,0.08153967921135408,0.0,0.07358368239234325,0.12491241165215738,0.0,0.0,0.0,0.009887222760087688,0.08642427966829747,0.013265120956442722,0.0,0.0,0.0,0.16802219077649516,0.046227089965902746,0.2977573856597302,0.0,0.0,0.10582355141143251,0.0,0.1247416878522194,0.022880823405051043,0.11909022294218463,0.0,0.025032262350333845,0.18203934706392433,0.029902382043169418,0.22573923775116755,0.157544714175196,0.09037769862932432,0.2112925946414399,0.0,0.0,0.0,0.1342768937507013,0.06442633289231647,0.0,0.0,0.16858788216563347,0.0,0.08248757725137557,0.0012528373665081638,0.0,0.0,0.16163185243887535,0.0,0.0,0.021401237349649715,0.12700784083601446,0.018290822784177152,0.0,0.0,0.07896766262870036,0.0
EG10085_transl,0.06752245025632386,0.0398253882228794,0.017708891270476812,0.019998920792650532,0.012243936669268818,0.0737343031913591,0.019146079370999214,0.0,0.0,0.0,0.07254632767091529,0.0,0.0,0.0,0.06474807793419879,0.09990487693639438,0.022857280828986748,0.0003942675057413414,0.04991783725240273,0.09649818150680178,0.0,0.0012870097118520274,0.0,0.052979096550731075,0.010953977949880178,0.0,0.0,0.042506543535564933,0.087637974526936,0.0074579027999484016,0.0,0.0,0.0,0.010894058133461115,0.0014781414757540912,0.03834471601109524,0.0,0.09701775580561445,0.05360429175861203,0.006330586101948699,7.771561172376096e-16,7.771561172376096e-16,7.771561172376096e-16,7.771561172376096e-16,7.771561172376096e-16,0.0,7.771561172376096e-16,0.0,7.771561172376096e-16,7.771561172376096e-16,0.07254632767091529,7.771561172376096e-16,7.771561172376096e-16,7.771561172376096e-16,7.771561172376096e-16,7.771561172376096e-16,7.771561172376096e-16,7.771561172376096e-16,7.771561172376096e-16,7.771561172376096e-16,7.771561172376096e-16,7.771561172376096e-16,0.02126390618513041,0.052979096550731075,7.771561172376096e-16,7.771561172376096e-16,7.771561172376096e-16,7.771561172376096e-16,0.087637974526936,7.771561172376096e-16,7.771561172376096e-16,7.771561172376096e-16,7.771561172376096e-16,7.771561172376096e-16,7.771561172376096e-16,7.771561172376096e-16,7.771561172376096e-16,7.771561172376096e-16,7.771561172376096e-16,7.771561172376096e-16,0.0,7.771561172376096e-16,0.0,7.771561172376096e-16,7.771561172376096e-16,0.0,7.771561172376096e-16,0.0,0.0,0.07158346094577084,0.0,7.771561172376096e-16,7.771561172376096e-16,7.771561172376096e-16,7.771561172376096e-16,0.0,0.0,0.0,0.0,7.771561172376096e-16,7.771561172376096e-16,7.771561172376096e-16,0.03866088694367731,0.052979096550731075,0.01717121882401229,0.010676458633199104,7.771561172376096e-16,7.771561172376096e-16,7.771561172376096e-16,7.771561172376096e-16,7.771561172376096e-16,0.0007749919397014304,7.771561172376096e-16,7.771561172376096e-16,7.771561172376096e-16,7.771561172376096e-16,7.771561172376096e-16,7.771561172376096e-16,7.771561172376096e-16,7.771561172376096e-16,7.771561172376096e-16,7.771561172376096e-16,7.771561172376096e-16,7.771561172376096e-16,7.771561172376096e-16,7.771561172376096e-16,7.771561172376096e-16,7.771561172376096e-16,7.771561172376096e-16,7.771561172376096e-16,7.771561172376096e-16,7.771561172376096e-16,7.771561172376096e-16,7.771561172376096e-16,7.771561172376096e-16,7.771561172376096e-16,7.771561172376096e-16,7.771561172376096e-16,7.771561172376096e-16,7.771561172376096e-16,7.771561172376096e-16,7.771561172376096e-16,7.771561172376096e-16,7.771561172376096e-16,7.771561172376096e-16,7.771561172376096e-16,7.771561172376096e-16,7.771561172376096e-16,7.771561172376096e-16,7.771561172376096e-16,7.771561172376096e-16,7.771561172376096e-16,7.771561172376096e-16,7.771561172376096e-16,7.771561172376096e-16,7.771561172376096e-16,7.771561172376096e-16,7.771561172376096e-16,7.771561172376096e-16,7.771561172376096e-16
EG10107_transl,0.0,0.0,0.0,0.0614734903850882,0.0,0.0,0.1731009177186893,0.0,0.03700109471296087,0.09803833203371015,0.07832385854526613,0.058025494099636976,0.012532392131157977,0.08131298256257968,0.06600411692078434,0.07236493185750548,0.01952885358403922,0.0031793531855677237,0.015954826085207374,0.0,0.132880158501403,0.0,0.14966510553464984,0.052610361804959815,0.10493660416810036,0.15998843424985498,0.018475705419629396,0.0,0.08039340319944532,0.0,0.0,0.084375280497887,0.08014498020129723,0.0,0.0,0.0,0.0,0.05348077568945886,0.0,0.0,7.771561172376096e-16,7.771561172376096e-16,7.771561172376096e-16,7.771561172376096e-16,7.771561172376096e-16,0.0,7.771561172376096e-16,0.0,7.771561172376096e-16,7.771561172376096e-16,0.07832385854526613,7.771561172376096e-16,7.771561172376096e-16,7.771561172376096e-16,7.771561172376096e-16,7.771561172376096e-16,7.771561172376096e-16,7.771561172376096e-16,7.771561172376096e-16,7.771561172376096e-16,7.771561172376096e-16,7.771561172376096e-16,0.0,0.052610361804959815,7.771561172376096e-16,7.771561172376096e-16,7.771561172376096e-16,7.771561172376096e-16,0.08039340319944532,7.771561172376096e-16,7.771561172376096e-16,7.771561172376096e-16,7.771561172376096e-16,7.771561172376096e-16,7.771561172376096e-16,7.771561172376096e-16,7.771561172376096e-16,7.771561172376096e-16,7.771561172376096e-16,7.771561172376096e-16,0.06458626503398834,7.771561172376096e-16,0.06232413150711702,7.771561172376096e-16,7.771561172376096e-16,0.0,7.771561172376096e-16,0.0,0.013433902740152659,0.0,0.0,7.771561172376096e-16,7.771561172376096e-16,0.0026485078753947233,7.771561172376096e-16,0.027621329623423785,0.0,0.03941036399575637,0.0004096381131792892,7.771561172376096e-16,7.771561172376096e-16,7.771561172376096e-16,0.0,0.052610361804959815,0.037463215800748184,0.007778665785811212,7.771561172376096e-16,7.771561172376096e-16,7.771561172376096e-16,7.771561172376096e-16,7.771561172376096e-16,0.006571935217834279,7.771561172376096e-16,7.771561172376096e-16,7.771561172376096e-16,7.771561172376096e-16,7.771561172376096e-16,7.771561172376096e-16,7.771561172376096e-16,7.771561172376096e-16,7.771561172376096e-16,7.771561172376096e-16,7.771561172376096e-16,7.771561172376096e-16,7.771561172376096e-16,7.771561172376096e-16,7.771561172376096e-16,7.771561172376096e-16,7.771561172376096e-16,7.771561172376096e-16,7.771561172376096e-16,7.771561172376096e-16,7.771561172376096e-16,7.771561172376096e-16,7.771561172376096e-16,7.771561172376096e-16,7.771561172376096e-16,7.771561172376096e-16,7.771561172376096e-16,7.771561172376096e-16,7.771561172376096e-16,7.771561172376096e-16,7.771561172376096e-16,7.771561172376096e-16,7.771561172376096e-16,7.771561172376096e-16,7.771561172376096e-16,7.771561172376096e-16,7.771561172376096e-16,7.771561172376096e-16,7.771561172376096e-16,7.771561172376096e-16,7.771561172376096e-16,7.771561172376096e-16,7.771561172376096e-16,7.771561172376096e-16,7.771561172376096e-16,7.771561172376096e-16,7.771561172376096e-16,7.771561172376096e-16
EG10108_transl,0.0,0.017377354037426462,0.06098574981861793,0.03823415774602523,0.21193632602733503,0.0,0.0,0.08258606348333664,0.04333921884965308,0.0,0.05571620801143373,0.07354165661979617,0.0,0.0,0.0,0.007576628895489934,0.0,0.0,0.028240978618050194,0.0003451838095167581,0.0,0.0,0.0,0.052340090239848536,0.0,0.0,0.0,0.08642516827110924,0.061348508902022036,0.04052715301353116,0.0,0.09311379230186811,0.0,0.0,0.0,0.0,0.0,0.0,0.07126738935153365,0.0,7.771561172376096e-16,7.771561172376096e-16,7.771561172376096e-16,7.771561172376096e-16,7.771561172376096e-16,0.07152807508835002,7.771561172376096e-16,0.11120065603557583,7.771561172376096e-16,7.771561172376096e-16,0.05571620801143373,7.771561172376096e-16,7.771561172376096e-16,7.771561172376096e-16,7.771561172376096e-16,7.771561172376096e-16,7.771561172376096e-16,7.771561172376096e-16,7.771561172376096e-16,7.771561172376096e-16,7.771561172376096e-16,7.771561172376096e-16,0.0001275175745938384,0.052340090239848536,7.771561172376096e-16,7.771561172376096e-16,7.771561172376096e-16,7.771561172376096e-16,0.061348508902022036,7.771561172376096e-16,7.771561172376096e-16,7.771561172376096e-16,7.771561172376096e-16,7.771561172376096e-16,7.771561172376096e-16,7.771561172376096e-16,7.771561172376096e-16,7.771561172376096e-16,7.771561172376096e-16,7.771561172376096e-16,0.0,7.771561172376096e-16,0.0,7.771561172376096e-16,7.771561172376096e-16,0.0,7.771561172376096e-16,0.1940450511647387,0.032831410713004994,0.0,0.0,7.771561172376096e-16,7.771561172376096e-16,0.001021846370684254,7.771561172376096e-16,0.0,0.0,0.0,0.0,7.771561172376096e-16,7.771561172376096e-16,7.771561172376096e-16,0.04015071491052691,0.052340090239848536,0.0,0.024256693284907316,7.771561172376096e-16,7.771561172376096e-16,7.771561172376096e-16,7.771561172376096e-16,7.771561172376096e-16,0.010156781831618722,7.771561172376096e-16,7.771561172376096e-16,7.771561172376096e-16,7.771561172376096e-16,7.771561172376096e-16,7.771561172376096e-16,7.771561172376096e-16,7.771561172376096e-16,7.771561172376096e-16,7.771561172376096e-16,7.771561172376096e-16,7.771561172376096e-16,7.771561172376096e-16,7.771561172376096e-16,7.771561172376096e-16,7.771561172376096e-16,7.771561172376096e-16,7.771561172376096e-16,7.771561172376096e-16,7.771561172376096e-16,7.771561172376096e-16,7.771561172376096e-16,7.771561172376096e-16,7.771561172376096e-16,7.771561172376096e-16,7.771561172376096e-16,7.771561172376096e-16,7.771561172376096e-16,7.771561172376096e-16,7.771561172376096e-16,7.771561172376096e-16,7.771561172376096e-16,7.771561172376096e-16,7.771561172376096e-16,7.771561172376096e-16,7.771561172376096e-16,7.771561172376096e-16,7.771561172376096e-16,7.771561172376096e-16,7.771561172376096e-16,7.771561172376096e-16,7.771561172376096e-16,7.771561172376096e-16,7.771561172376096e-16,7.771561172376096e-16,7.771561172376096e-16,7.771561172376096e-16,7.771561172376096e-16
EG10112_transl,0.0,0.0,0.0,0.0564198454447582,0.07283203443291475,0.0,0.0,0.0,0.1838055308165294,0.2049065382421973,8.881784197001252e-16,0.09634675654069014,0.0,0.005166355068158435,0.0,0.0,0.05055168789751452,0.026146066392336742,0.2314514515726045,0.0,0.16200540402297703,0.01141939754773702,0.026422519695631586,0.0,0.052019800776477165,0.0804321182538188,0.0027255953136782196,0.0,0.0,0.0,0.0016571266852891675,0.03149886874624874,0.0,0.013239065675778594,0.04082568264419839,0.0,0.022737528556203923,0.0,0.017328099305124134,0.0,0.1734110878015631,0.04388594130537449,0.0,0.0,0.0,0.10540908890163125,0.0002607546920825321,0.0,0.14984077762152115,0.0,8.881784197001252e-16,0.0,0.0,0.0,0.005580344771747736,0.0,0.0,0.009173221877055937,0.0,0.0,0.04333562166304983,0.029328291804365136,0.0,0.0,0.014216233171439274,0.009282505375681094,0.042881317527527774,0.0,0.0,0.11153435972586179,0.020045223453027283,0.0,0.029433296347962212,0.07711987466643944,0.07282547937495032,0.13985488103125787,0.0,0.010765344270388333,0.059935653089496554,0.0,0.03128334054246551,0.11297998441403889,0.0,0.0,0.0,0.0024421918534178744,0.0003513215970256667,0.122041911561527,0.07810127890381313,0.007356512604929311,0.013660025126826625,0.0,0.0,0.02605420075407494,0.0,0.0,0.2687804149304629,0.0,0.10707482551699243,0.04315503799782361,0.0,0.04700240628822572,0.0,0.0,0.008208628237306392,0.00907330723612132,0.007232637875214554,0.0,0.0,0.11964877390809292,0.0309308481811863,0.035179949855293824,0.0,0.0,0.0,0.014510751460810045,0.0,0.0,0.31034101608621345,0.09493275212963459,0.05907995171426306,0.0,0.05898346251762954,0.0,0.0,0.22939310378685196,0.0,0.026339547557259646,0.05943055951756371,0.0,0.0,0.12001579403797402,0.01966013630182628,0.0,0.0,0.0,0.029422655695054978,0.0,0.0,5.414666882996855e-05,0.052382161960240925,0.0591886082427564,0.2124271744614541,0.0,0.03039034758972825,0.03542833208480545,0.06517715414542646,0.011403236971446074,0.15931282811517056,0.07119724307297304,0.033712496531706826,0.0,0.0,0.0,0.0,0.0926142923099671,0.004992666791145517,0.0,0.1569961396636903,0.09361573645998789
EG10122_transl,0.0454204116178194,0.18999607944524266,0.0,0.0,0.0,0.0,0.04258898234198272,0.0,0.0,0.0,0.0,0.0,0.01386602733800113,0.03320835183774462,0.0,0.0,0.0,0.054305973214607395,0.0,0.07463826622331715,0.0,0.0,0.0,0.0,0.030307837360343814,0.0,0.0,0.007891553984726851,0.0,0.02749221752183595,0.0,0.0,0.0,0.0,0.0,0.0,0.020038033547965517,0.0797929761481635,0.0,0.06462758117325729,7.771561172376096e-16,7.771561172376096e-16,7.771561172376096e-16,7.771561172376096e-16,7.771561172376096e-16,0.0,7.771561172376096e-16,0.0,7.771561172376096e-16,7.771561172376096e-16,0.0,7.771561172376096e-16,7.771561172376096e-16,7.771561172376096e-16,7.771561172376096e-16,7.771561172376096e-16,7.771561172376096e-16,7.771561172376096e-16,7.771561172376096e-16,7.771561172376096e-16,7.771561172376096e-16,7.771561172376096e-16,0.0,0.0,7.771561172376096e-16,7.771561172376096e-16,7.771561172376096e-16,7.771561172376096e-16,0.0,7.771561172376096e-16,7.771561172376096e-16,7.771561172376096e-16,7.771561172376096e-16,7.771561172376096e-16,7.771561172376096e-16,7.771561172376096e-16,7.771561172376096e-16,7.771561172376096e-16,7.771561172376096e-16,7.771561172376096e-16,0.0,7.771561172376096e-16,0.0,7.771561172376096e-16,7.771561172376096e-16,0.014351624492883408,7.771561172376096e-16,0.0,0.08083910528390925,0.0,0.12043601737669496,7.771561172376096e-16,7.771561172376096e-16,7.771561172376096e-16,7.771561172376096e-16,0.02988863773504491,0.05802314267348252,0.033010734254204754,0.0,7.771561172376096e-16,7.771561172376096e-16,7.771561172376096e-16,0.0,0.0,0.11058432347123248,0.04684837049542234,7.771561172376096e-16,7.771561172376096e-16,7.771561172376096e-16,7.771561172376096e-16,7.771561172376096e-16,0.0024938115784315373,7.771561172376096e-16,7.771561172376096e-16,7.771561172376096e-16,7.771561172376096e-16,7.771561172376096e-16,7.771561172376096e-16,7.771561172376096e-16,7.771561172376096e-16,7.771561172376096e-16,7.771561172376096e-16,7.771561172376096e-16,7.771561172376096e-16,7.771561172376096e-16,7.771561172376096e-16,7.771561172376096e-16,7.771561172376096e-16,7.771561172376096e-16,7.771561172376096e-16,7.771561172376096e-16,7.771561172376096e-16,7.771561172376096e-16,7.771561172376096e-16,7.771561172376096e-16,7.771561172376096e-16,7.771561172376096e-16,7.771561172376096e-16,7.771561172376096e-16,7.771561172376096e-16,7.771561172376096e-16,7.771561172376096e-16,7.771561172376096e-16,7.771561172376096e-16,7.771561172376096e-16,7.771561172376096e-16,7.771561172376096e-16,7.771561172376096e-16,7.771561172376096e-16,7.771561172376096e-16,7.771561172376096e-16,7.771561172376096e-16,7.771561172376096e-16,7.771561172376096e-16,7.771561172376096e-16,7.771561172376096e-16,7.771561172376096e-16,7.771561172376096e-16,7.771561172376096e-16,7.771561172376096e-16
EG10124_transl,0.0783708946315822,0.0,0.055537896603184755,0.0,0.0,0.0,0.011474362082058986,0.0,0.069214251459776,0.0,0.0,0.0,0.030507250544412834,0.010243594672045386,0.0,0.018511874687491492,0.0,0.006809157867280868,0.007830574837520476,0.0,0.0,0.07168506271376285,0.0,0.0,0.0,0.0,0.0,0.0,0.0,0.005806426877611681,0.029603488543574086,0.0,0.05253352905482367,0.05012381488236062,0.057990458991168614,0.09452072937951272,0.0,0.07642675023507195,0.005939318805814331,0.004140056694371674,7.771561172376096e-16,7.771561172376096e-16,7.771561172376096e-16,7.771561172376096e-16,7.771561172376096e-16,0.0,7.771561172376096e-16,0.0,7.771561172376096e-16,7.771561172376096e-16,0.0,7.771561172376096e-16,7.771561172376096e-16,7.771561172376096e-16,7.771561172376096e-16,7.771561172376096e-16,7.771561172376096e-16,7.771561172376096e-16,7.771561172376096e-16,7.771561172376096e-16,7.771561172376096e-16,7.771561172376096e-16,0.0,0.0,7.771561172376096e-16,7.771561172376096e-16,7.771561172376096e-16,7.771561172376096e-16,0.0,7.771561172376096e-16,7.771561172376096e-16,7.771561172376096e-16,7.771561172376096e-16,7.771561172376096e-16,7.771561172376096e-16,7.771561172376096e-16,7.771561172376096e-16,7.771561172376096e-16,7.771561172376096e-16,7.771561172376096e-16,0.0,7.771561172376096e-16,0.00012905859941159115,7.771561172376096e-16,7.771561172376096e-16,0.08744523941973403,7.771561172376096e-16,0.0,0.0,0.022268516685282957,0.01068203356738695,7.771561172376096e-16,7.771561172376096e-16,0.001021846370684254,7.771561172376096e-16,0.018637028150914725,0.03466957917115332,0.0336084038070954,0.004101188605633688,7.771561172376096e-16,7.771561172376096e-16,7.771561172376096e-16,0.0,0.0,0.037821837374321765,0.0,7.771561172376096e-16,7.771561172376096e-16,7.771561172376096e-16,7.771561172376096e-16,7.771561172376096e-16,0.0,7.771561172376096e-16,7.771561172376096e-16,7.771561172376096e-16,7.771561172376096e-16,7.771561172376096e-16,7.771561172376096e-16,7.771561172376096e-16,7.771561172376096e-16,7.771561172376096e-16,7.771561172376096e-16,7.771561172376096e-16,7.771561172376096e-16,7.771561172376096e-16,7.771561172376096e-16,7.771561172376096e-16,7.771561172376096e-16,7.771561172376096e-16,7.771561172376096e-16,7.771561172376096e-16,7.771561172376096e-16,7.771561172376096e-16,7.771561172376096e-16,7.771561172376096e-16,7.771561172376096e-16,7.771561172376096e-16,7.771561172376096e-16,7.771561172376096e-16,7.771561172376096e-16,7.771561172376096e-16,7.771561172376096e-16,7.771561172376096e-16,7.771561172376096e-16,7.771561172376096e-16,7.771561172376096e-16,7.771561172376096e-16,7.771561172376096e-16,7.771561172376096e-16,7.771561172376096e-16,7.771561172376096e-16,7.771561172376096e-16,7.771561172376096e-16,7.771561172376096e-16,7.771561172376096e-16,7.771561172376096e-16,7.771561172376096e-16,7.771561172376096e-16,7.771561172376096e-16,7.771561172376096e-16
EG10129_transl,0.0,0.0,0.0,0.0,0.0,0.0,0.11344965620161984,0.0,0.0,0.23740586691537136,8.881784197001252e-16,0.0,0.0,0.11051409204429907,0.057795529697591164,0.019960090474090197,0.11509357973566425,0.0,0.05584340950348521,0.0,0.0,0.0,0.0,0.016161616161616266,0.02716136035100236,0.05800619014637354,0.16844974122044798,0.13324897260516666,0.0,0.09233125170749723,0.0,0.04044774630894388,0.0,0.0,0.0,0.10061160754442477,0.017798059106066244,0.0,0.04377211370461298,0.0829303302188018,0.0,0.0,0.07905970456695233,0.0,0.11868987792719077,0.08318310113187932,0.14013468735089418,0.0,0.017923690312847018,0.0836413298695371,8.881784197001252e-16,0.012156602695073904,0.1889938472455257,0.18457619524251667,0.0,0.11118286570526825,0.0923613435830597,0.0,0.018777496426211293,0.0,0.10915062017843491,0.0,0.0,0.016161616161616266,0.11429135529353118,0.056311307201706295,0.02176390880881307,0.0,0.0,0.25718636959891406,0.012945426214872047,0.0,0.091883315572022,0.0,0.0,0.030890449693234068,0.0,0.058307632980587165,0.06526661291939151,0.031167556634936755,0.0,0.0,0.04688234046961881,0.0,0.0,0.0,0.0,0.004200671627250241,0.15964289744761206,0.19369178315740987,0.023713818330242553,0.0,0.12285235094875757,0.16268450897850606,0.12701711111834646,0.14336088044605333,0.27668955610139223,0.0,0.2545587286289268,0.0,0.007626150905541973,0.0,0.0,0.01666666666666705,0.06729356892531646,0.15931487983295378,0.06221976122592654,0.0,0.0,0.0,0.1385583746125163,0.0266358960192008,0.0,0.0,0.0,0.0,0.022097885843925802,0.029450968406531608,0.0,0.01808410323677334,0.043596036837392216,0.20737536800499878,0.0,0.0,0.08169623032399986,0.0,0.04256459458578998,0.0017685308065154004,0.20266001111757692,0.03066260273070931,0.03526703572802603,0.09921230124262648,0.1523818397038177,0.05254872938572808,0.16668030053684868,0.0423377435505663,0.13107816930978755,0.0,0.0,0.0,0.2394504551734662,0.08541508297043343,0.0,0.0,0.15897313853930406,0.0,0.1847411659295024,0.005869735845631219,0.0,0.13946483691347877,0.14157716236348783,0.0,0.0,0.08980354264895674,0.027389118570740223,0.2265284381187227,0.039117488770208375,0.0,0.11603587412872063,0.1666775481306937
EG10138_transl,0.0,0.03904845446398619,0.0,0.0,0.0,0.0,0.02334122840144648,0.049748828557138136,0.21074886135181847,0.22149460113366404,8.881784197001252e-16,0.03798367289315685,0.10100200479110955,0.005880052496002985,0.04333920702777316,0.0020362088552374757,0.15293734606141163,0.004606697496846834,0.08100480583907066,0.0,0.0,0.0,0.10695771397894926,0.0,0.11807660749504345,0.1096285889266917,0.0,0.0,0.0,0.0,0.0,0.0,0.03619126642076864,0.0,5.591172303809344e-05,0.05939197006581276,0.001165709092557865,0.0,0.16728994521206486,0.0,0.12110767885867801,0.022078352527889145,0.06587008968502195,0.0,0.021021557850289696,0.0,0.011991845024694303,0.0,0.0,0.04792785081840911,8.881784197001252e-16,0.013565406554373105,0.0,0.16102162416879828,0.0,0.06967809632318334,0.0,0.08676247498597833,0.08828564576171516,0.0,0.0007148941782828544,0.0,0.0,0.0,0.0,0.05621318528178598,0.0,0.146629101797616,0.0,0.20175655900487577,0.031205931970642364,0.0,0.0,0.020290843468132813,0.020093717697889257,0.15830983976298363,0.0,0.0,0.0,0.0,0.0,0.1141275688753538,0.0,0.0,0.0,0.052564343541884995,0.0,0.0,0.0,0.12047857670260109,0.04799429552464485,0.051436255131044994,0.031589329808264566,0.05672411334658145,0.09176812164163728,0.0,0.21190543726567102,0.08861590257792251,0.25867107520374777,0.00020003642479604622,0.08166717632682685,0.1423430628880209,0.0,0.0,0.0,0.07792094304009156,0.04694032237588308,0.00767196494332989,0.0032029464360041615,0.0,0.0,0.0,0.01632661836967131,0.05711900723971919,0.00010721269724367488,0.0,0.04826347517876828,0.0,0.018096972692058788,0.0801538717798973,0.0650145653355354,0.05886302187550818,0.0,0.0,0.06472245836515533,0.008488477400311112,0.05836954618101764,0.0,0.13266968374773347,0.0,0.05680866107917737,0.22450790860711,0.00956440235427225,0.06402443416333892,0.16952435492981177,0.07977209296910726,0.13245458343956873,0.0,0.04950216102070293,0.0006577039832587062,0.1022976163892042,0.1944812073307962,0.08085332423316549,0.0,0.15795581435464934,0.0,0.04448562127079603,0.026801054964514126,0.0,0.17829577477747804,0.1388611490637457,0.0,0.021106498715816713,0.0,0.15556581875809083,0.1054480985995645,0.0,0.0,0.13982515623851333,0.15727669183861837
EG10160_transl,0.039139226012987915,0.025282965002003666,0.0,0.0,0.0,0.048524760572403736,0.018637101535647682,0.0,0.0,0.08003118747029103,0.0,0.0,0.05823006616622628,0.03203114537041363,0.0,0.0,0.013515602101437763,0.02286955896233489,0.0,0.0,0.014365471524260709,0.007376010144394263,0.05105493280288087,0.0,0.0801924281532298,0.0,0.0,0.05839551986233937,0.0,0.0,0.03617283666513671,0.13214333344204898,0.0,0.0,0.03052425018441851,0.0,0.06661680907806411,0.15061960648044792,0.06604637404168545,0.03630419891803416,7.771561172376096e-16,7.771561172376096e-16,7.771561172376096e-16,7.771561172376096e-16,7.771561172376096e-16,0.05661025314461732,7.771561172376096e-16,0.0,7.771561172376096e-16,7.771561172376096e-16,0.0,7.771561172376096e-16,7.771561172376096e-16,7.771561172376096e-16,7.771561172376096e-16,7.771561172376096e-16,7.771561172376096e-16,7.771561172376096e-16,7.771561172376096e-16,7.771561172376096e-16,7.771561172376096e-16,7.771561172376096e-16,0.025727342328506486,0.0,7.771561172376096e-16,7.771561172376096e-16,7.771561172376096e-16,7.771561172376096e-16,0.0,7.771561172376096e-16,7.771561172376096e-16,7.771561172376096e-16,7.771561172376096e-16,7.771561172376096e-16,7.771561172376096e-16,7.771561172376096e-16,7.771561172376096e-16,7.771561172376096e-16,7.771561172376096e-16,7.771561172376096e-16,0.053996926834104286,7.771561172376096e-16,0.0,7.771561172376096e-16,7.771561172376096e-16,0.012377108147502813,7.771561172376096e-16,0.0,0.0781968230858685,0.08368762106472416,0.0,7.771561172376096e-16,7.771561172376096e-16,0.000505050505051563,7.771561172376096e-16,0.014494807411261856,0.03727712888236323,0.0,0.04176504312646456,7.771561172376096e-16,7.771561172376096e-16,7.771561172376096e-16,0.0,0.0,0.0,0.06303714962886153,7.771561172376096e-16,7.771561172376096e-16,7.771561172376096e-16,7.771561172376096e-16,7.771561172376096e-16,0.0,7.771561172376096e-16,7.771561172376096e-16,7.771561172376096e-16,7.771561172376096e-16,7.771561172376096e-16,7.771561172376096e-16,7.771561172376096e-16,7.771561172376096e-16,7.771561172376096e-16,7.771561172376096e-16,7.771561172376096e-16,7.771561172376096e-16,7.771561172376096e-16,7.771561172376096e-16,7.771561172376096e-16,7.771561172376096e-16,7.771561172376096e-16,7.771561172376096e-16,7.771561172376096e-16,7.771561172376096e-16,7.771561172376096e-16,7.771561172376096e-16,7.771561172376096e-16,7.771561172376096e-16,7.771561172376096e-16,7.771561172376096e-16,7.771561172376096e-16,7.771561172376096e-16,7.771561172376096e-16,7.771561172376096e-16,7.771561172376096e-16,7.771561172376096e-16,7.771561172376096e-16,7.771561172376096e-16,7.771561172376096e-16,7.771561172376096e-16,7.771561172376096e-16,7.771561172376096e-16,7.771561172376096e-16,7.771561172376096e-16,7.771561172376096e-16,7.771561172376096e-16,7.771561172376096e-16,7.771561172376096e-16,7.771561172376096e-16,7.771561172376096e-16,7.771561172376096e-16,7.771561172376096e-16
EG10167_transl,0.0,0.009914887148271934,0.0,0.03831456005782452,0.0,0.0,0.0,0.0,0.0,0.0,0.0,0.02405373333826777,0.0,0.0,0.041385920122892106,0.0,0.0,0.0,0.0,0.03480255784756525,0.0,0.053602631890858676,0.0,0.0,0.0,0.0,0.0,0.039150275789447964,0.0,0.009232075761928193,0.0,0.0,0.0,0.0,0.0,0.0,0.11599662765347052,0.0,0.0,0.0,7.771561172376096e-16,7.771561172376096e-16,7.771561172376096e-16,7.771561172376096e-16,7.771561172376096e-16,0.0,7.771561172376096e-16,0.0,7.771561172376096e-16,7.771561172376096e-16,0.0,7.771561172376096e-16,7.771561172376096e-16,7.771561172376096e-16,7.771561172376096e-16,7.771561172376096e-16,7.771561172376096e-16,7.771561172376096e-16,7.771561172376096e-16,7.771561172376096e-16,7.771561172376096e-16,7.771561172376096e-16,0.0,0.0,7.771561172376096e-16,7.771561172376096e-16,7.771561172376096e-16,7.771561172376096e-16,0.0,7.771561172376096e-16,7.771561172376096e-16,7.771561172376096e-16,7.771561172376096e-16,7.771561172376096e-16,7.771561172376096e-16,7.771561172376096e-16,7.771561172376096e-16,7.771561172376096e-16,7.771561172376096e-16,7.771561172376096e-16,0.0,7.771561172376096e-16,0.010199987621003714,7.771561172376096e-16,7.771561172376096e-16,0.02454935300377148,7.771561172376096e-16,0.08197579081074968,0.0,0.0,0.0,7.771561172376096e-16,7.771561172376096e-16,0.0,7.771561172376096e-16,0.0,0.0,0.0,0.0,7.771561172376096e-16,7.771561172376096e-16,7.771561172376096e-16,0.0,0.0,0.0,0.0,7.771561172376096e-16,7.771561172376096e-16,7.771561172376096e-16,7.771561172376096e-16,7.771561172376096e-16,0.0,7.771561172376096e-16,7.771561172376096e-16,7.771561172376096e-16,7.771561172376096e-16,7.771561172376096e-16,7.771561172376096e-16,7.771561172376096e-16,7.771561172376096e-16,7.771561172376096e-16,7.771561172376096e-16,7.771561172376096e-16,7.771561172376096e-16,7.771561172376096e-16,7.771561172376096e-16,7.771561172376096e-16,7.771561172376096e-16,7.771561172376096e-16,7.771561172376096e-16,7.771561172376096e-16,7.771561172376096e-16,7.771561172376096e-16,7.771561172376096e-16,7.771561172376096e-16,7.771561172376096e-16,7.771561172376096e-16,7.771561172376096e-16,7.771561172376096e-16,7.771561172376096e-16,7.771561172376096e-16,7.771561172376096e-16,7.771561172376096e-16,7.771561172376096e-16,7.771561172376096e-16,7.771561172376096e-16,7.771561172376096e-16,7.771561172376096e-16,7.771561172376096e-16,7.771561172376096e-16,7.771561172376096e-16,7.771561172376096e-16,7.771561172376096e-16,7.771561172376096e-16,7.771561172376096e-16,7.771561172376096e-16,7.771561172376096e-16,7.771561172376096e-16,7.771561172376096e-16,7.771561172376096e-16
EG10170_transl,0.0,0.0,0.0,0.0843729495182739,0.0,0.04343825791207623,0.0,0.0,0.03061963674973267,0.2024364390044111,8.881784197001252e-16,0.015253900086500405,0.0,0.1025823982239702,0.046687285298757875,0.033904453927537936,0.07981901171005923,0.0,0.08122681528404341,0.0,0.005829086144303108,0.0,0.0,0.008754208754208737,0.0,0.0,0.0765335381962875,0.18559160422321597,0.0,0.0416558414856496,0.0,0.0379993095151705,0.29179654761191776,0.0,0.0,0.0,0.0,0.0,0.14467622367344557,0.12119590329057628,0.054023185954887865,0.0,0.16520094137136665,0.0,0.00892169438634749,0.0,0.05341091647499052,0.0,0.1255782783967594,0.2070346283806419,8.881784197001252e-16,0.0,0.24378863845849352,0.11256697211133648,0.0,0.0,0.17371799244529074,0.09181119800467652,0.15956170308988238,0.0,0.11341280341558457,0.0,0.01989401262328583,0.008754208754208737,0.20808946794746142,0.02755499812077522,0.1029340268856882,0.0,0.0,0.13197239355914903,0.09708051900869874,0.0,0.0,0.0,0.0,0.06870751347935711,0.10030631081006547,0.03134360667009872,0.026063489520779193,0.06214257001956991,0.06914642612484911,0.0,0.08993461861993612,0.0,0.09000887713756489,0.0,0.0,0.0,0.03493942797090188,0.19984838787423387,0.08267262236918294,0.0,0.0,0.06032026402782664,0.05273179858520738,0.11944593662639846,0.32329509907068044,0.22078261853673808,0.15724701012626774,0.0,0.0,0.12484696153599639,0.0,0.008754208754208737,0.08638342394970344,0.07753593657310232,0.0,0.1077108843842276,0.0,0.003050512493035118,0.05230519659573041,0.02648348506595255,0.0,0.0,0.0,0.0,0.0,0.07432367174024401,0.1371494793565713,0.05501643713589299,0.08948374894413691,0.0,0.0,0.0,0.05544249910226773,0.0,0.1212280442000293,0.0,0.24181312933424293,0.0,0.0,0.13760967220822584,0.0,0.0,0.06476279909799887,0.020156704105768863,0.12527049220374575,0.013722473169600402,0.0,0.0,0.07349154520045875,0.07503676105168466,0.0,0.0,0.2035103021830844,0.0,0.09909692992166619,0.0522878087477876,0.0,0.19061814263663068,0.1848233851411818,0.0,0.0,0.2273438867438693,0.1687946370594644,0.0623948042875031,0.0,0.0,0.3440931484639136,0.16049428665607302
EG10172_transl,0.0,0.0,0.03418057015776488,0.02397787478680069,0.03013276465200132,0.0,0.0,0.0077209561568349905,0.0,0.0038704760356880197,0.0,0.0,0.0,0.0,0.0,0.04049920090046255,0.0,0.038204787138489404,0.020536468478273617,0.00401059720207364,0.0,0.04784838940597136,0.0,0.0,0.0,0.0,0.0,0.0,0.0,0.005937858360581805,0.0,0.014512649625354035,0.061181913927523146,0.028511081759339918,0.02891837977584344,0.02220038214121489,0.0,0.08338839989379476,0.04101771536616905,0.0,7.771561172376096e-16,7.771561172376096e-16,7.771561172376096e-16,7.771561172376096e-16,7.771561172376096e-16,0.0,7.771561172376096e-16,0.05665854149688898,7.771561172376096e-16,7.771561172376096e-16,0.0,7.771561172376096e-16,7.771561172376096e-16,7.771561172376096e-16,7.771561172376096e-16,7.771561172376096e-16,7.771561172376096e-16,7.771561172376096e-16,7.771561172376096e-16,7.771561172376096e-16,7.771561172376096e-16,7.771561172376096e-16,0.047045043059878666,0.0,7.771561172376096e-16,7.771561172376096e-16,7.771561172376096e-16,7.771561172376096e-16,0.0,7.771561172376096e-16,7.771561172376096e-16,7.771561172376096e-16,7.771561172376096e-16,7.771561172376096e-16,7.771561172376096e-16,7.771561172376096e-16,7.771561172376096e-16,7.771561172376096e-16,7.771561172376096e-16,7.771561172376096e-16,0.022933336515866154,7.771561172376096e-16,0.0,7.771561172376096e-16,7.771561172376096e-16,0.0,7.771561172376096e-16,0.08477604141731776,0.0,0.04551689383755875,0.03144159385580081,7.771561172376096e-16,7.771561172376096e-16,7.771561172376096e-16,7.771561172376096e-16,0.019178639685106136,0.00778810147986464,0.0,0.0,7.771561172376096e-16,7.771561172376096e-16,7.771561172376096e-16,0.012304179163974638,0.0,0.02461538481565073,4.733555109215359e-06,7.771561172376096e-16,7.771561172376096e-16,7.771561172376096e-16,7.771561172376096e-16,7.771561172376096e-16,0.004240154815878916,7.771561172376096e-16,7.771561172376096e-16,7.771561172376096e-16,7.771561172376096e-16,7.771561172376096e-16,7.771561172376096e-16,7.771561172376096e-16,7.771561172376096e-16,7.771561172376096e-16,7.771561172376096e-16,7.771561172376096e-16,7.771561172376096e-16,7.771561172376096e-16,7.771561172376096e-16,7.771561172376096e-16,7.771561172376096e-16,7.771561172376096e-16,7.771561172376096e-16,7.771561172376096e-16,7.771561172376096e-16,7.771561172376096e-16,7.771561172376096e-16,7.771561172376096e-16,7.771561172376096e-16,7.771561172376096e-16,7.771561172376096e-16,7.771561172376096e-16,7.771561172376096e-16,7.771561172376096e-16,7.771561172376096e-16,7.771561172376096e-16,7.771561172376096e-16,7.771561172376096e-16,7.771561172376096e-16,7.771561172376096e-16,7.771561172376096e-16,7.771561172376096e-16,7.771561172376096e-16,7.771561172376096e-16,7.771561172376096e-16,7.771561172376096e-16,7.771561172376096e-16,7.771561172376096e-16,7.771561172376096e-16,7.771561172376096e-16,7.771561172376096e-16,7.771561172376096e-16,7.771561172376096e-16
