,EG10001_max_mrna,EG10003_max_mrna,EG10004_max_mrna,EG10011_max_mrna,EG10013_max_mrna,EG10014_max_mrna,EG10015_max_mrna,EG10016_max_mrna,EG10017_max_mrna,EG10018_max_mrna,EG10026_max_mrna,EG10028_max_mrna,EG10030_max_mrna,EG10031_max_mrna,EG10032_max_mrna,EG10033_max_mrna,EG10034_max_mrna,EG10035_max_mrna,EG10039_max_mrna,EG10040_max_mrna,EG10043_max_mrna,EG10044_max_mrna,EG10046_max_mrna,EG10050_max_mrna,EG10051_max_mrna,EG10054_max_mrna,EG10071_max_mrna,EG10084_max_mrna,EG10085_max_mrna,EG10107_max_mrna,EG10108_max_mrna,EG10112_max_mrna,EG10122_max_mrna,EG10124_max_mrna,EG10129_max_mrna,EG10138_max_mrna,EG10160_max_mrna,EG10167_max_mrna,EG10170_max_mrna,EG10172_max_mrna,EG10001_mean_mrna,EG10003_mean_mrna,EG10004_mean_mrna,EG10011_mean_mrna,EG10013_mean_mrna,EG10014_mean_mrna,EG10015_mean_mrna,EG10016_mean_mrna,EG10017_mean_mrna,EG10018_mean_mrna,EG10026_mean_mrna,EG10028_mean_mrna,EG10030_mean_mrna,EG10031_mean_mrna,EG10032_mean_mrna,EG10033_mean_mrna,EG10034_mean_mrna,EG10035_mean_mrna,EG10039_mean_mrna,EG10040_mean_mrna,EG10043_mean_mrna,EG10044_mean_mrna,EG10046_mean_mrna,EG10050_mean_mrna,EG10051_mean_mrna,EG10054_mean_mrna,EG10071_mean_mrna,EG10084_mean_mrna,EG10085_mean_mrna,EG10107_mean_mrna,EG10108_mean_mrna,EG10112_mean_mrna,EG10122_mean_mrna,EG10124_mean_mrna,EG10129_mean_mrna,EG10138_mean_mrna,EG10160_mean_mrna,EG10167_mean_mrna,EG10170_mean_mrna,EG10172_mean_mrna,EG10001_max_prot,EG10003_max_prot,EG10004_max_prot,EG10011_max_prot,EG10013_max_prot,EG10014_max_prot,EG10015_max_prot,EG10016_max_prot,EG10017_max_prot,EG10018_max_prot,EG10026_max_prot,EG10028_max_prot,EG10030_max_prot,EG10031_max_prot,EG10032_max_prot,EG10033_max_prot,EG10034_max_prot,EG10035_max_prot,EG10039_max_prot,EG10040_max_prot,EG10043_max_prot,EG10044_max_prot,EG10046_max_prot,EG10050_max_prot,EG10051_max_prot,EG10054_max_prot,EG10071_max_prot,EG10084_max_prot,EG10085_max_prot,EG10107_max_prot,EG10108_max_prot,EG10112_max_prot,EG10122_max_prot,EG10124_max_prot,EG10129_max_prot,EG10138_max_prot,EG10160_max_prot,EG10167_max_prot,EG10170_max_prot,EG10172_max_prot,EG10001_mean_prot,EG10003_mean_prot,EG10004_mean_prot,EG10011_mean_prot,EG10013_mean_prot,EG10014_mean_prot,EG10015_mean_prot,EG10016_mean_prot,EG10017_mean_prot,EG10018_mean_prot,EG10026_mean_prot,EG10028_mean_prot,EG10030_mean_prot,EG10031_mean_prot,EG10032_mean_prot,EG10033_mean_prot,EG10034_mean_prot,EG10035_mean_prot,EG10039_mean_prot,EG10040_mean_prot,EG10043_mean_prot,EG10044_mean_prot,EG10046_mean_prot,EG10050_mean_prot,EG10051_mean_prot,EG10054_mean_prot,EG10071_mean_prot,EG10084_mean_prot,EG10085_mean_prot,EG10107_mean_prot,EG10108_mean_prot,EG10112_mean_prot,EG10122_mean_prot,EG10124_mean_prot,EG10129_mean_prot,EG10138_mean_prot,EG10160_mean_prot,EG10167_mean_prot,EG10170_mean_prot,EG10172_mean_prot
EG10001_trans,0.03565192967907457,0.0,0.06881516036576753,0.0,0.0,0.0,0.0,0.08551343789019719,0.06978802141394387,0.23175220766265656,,0.0,0.0,0.0,0.025835652193529877,0.0,0.0614209792726048,0.01486431649712935,0.0,0.014295810638019423,0.051863698012131886,0.04271715911251177,0.0,0.009961544877047921,0.0001510808735457026,0.0,0.0,0.03011722904825325,0.010690438404634605,0.0024139158641721227,0.0025869721843862236,0.0,0.0016849733454207645,0.0,0.0,0.0400529223910109,0.0,0.04125328017166538,0.03697833801354719,0.0,0.18305514862476907,0.0,0.04364494798904196,0.0,0.0,0.0,0.012815155825842557,0.003398713686875674,0.09897589694867197,0.0,,0.056560190470147396,0.027709488037119652,0.0,0.03500097835812042,0.0,0.04540420759461538,0.07115419775799728,0.017358609612146646,0.03571471338493505,0.009227942144209893,0.0,0.0,0.00628279600870402,0.014309895617981872,0.0,0.00484569976113521,0.0,0.010690438404634605,0.08262749967451068,0.052101347093873776,0.0343926833826973,0.001680866981976668,0.0,0.024216687305952122,0.08699542989100041,0.0,0.0,0.0,0.009537720421238193,0.0,0.0,0.05815392245631632,0.007447182294374266,0.047031584035699216,0.011054585284305179,0.0,0.056449361739337914,0.06366616834144498,0.1180243905973429,0.1351531182626222,0.0,0.006402041007353078,0.0,0.0249908195524137,0.05691753514109062,0.1534856627381562,0.04773393772553041,0.07476167007905528,0.0,0.012859320490310215,0.0,0.0,0.00628279600870402,0.007747161550174781,0.18044951029037404,0.022944040875332684,0.0,0.0,0.0,0.029290453740721725,0.0,0.03719218669599268,0.01749527425513171,0.0,0.0,0.0,0.0025452525629525136,0.028666716935975445,0.019948254610308386,0.027417313277420766,0.013175709958922602,0.0,0.0,0.07392273672506054,0.0027189209259984755,0.0,0.0,0.0,0.01284049141737195,0.0,0.0,0.04147441270663984,0.0089187752957956,0.0,0.0,0.031047223934278827,0.0,0.0,0.0,0.012102074617063125,0.002437453665725214,0.06261944473927189,0.05915316331782109,0.004915083038504911,0.0,0.0,0.0,0.0,0.057346474592522484,0.01717638042450834,0.0,0.013895618096878075,0.0,0.0,0.05699724135178651,0.016093889260988578,0.0,0.0,0.03490081745789187
EG10003_trans,0.0,0.09381175719056765,0.0,0.012230840122763185,0.006682532293824722,0.0,0.05602248208605577,0.0,0.0,0.18725936816952138,,0.0,0.0,0.058941404243718326,0.06289531977075372,0.011506707154248941,0.004836881932507714,0.0,0.0,0.01747491063281386,0.1178631678425254,0.0,0.0,0.06933326548603747,0.0,0.0,0.0,0.0,0.07268272119770497,0.0,0.09410915475937214,0.06027941124693915,0.0,0.031578097413893565,0.0,0.07458769002017264,0.0,0.021144958004820084,0.0038575188760588547,0.0,0.0013472156711796873,0.2841345899556432,0.034948097098825556,0.011436229458507334,0.0,0.031003678500537105,0.02930563549377187,0.0,0.0,0.0,,0.0,0.005331902425330207,0.004537283882080396,0.015234677358803331,0.0,0.016924335045064045,0.0,0.01556269193468512,0.0,0.023095419012469212,0.0,0.0,0.04372883614365479,0.0,0.007812114906408593,0.0,0.0,0.07268272119770497,0.0440791210685809,0.0,0.028890146182284675,0.0,0.0,0.021152081424799622,0.009626570672141203,0.0,0.0,0.01532261273205088,0.0,0.0,0.10108090299434218,0.0,0.0,0.0018767989231824355,0.0,0.0,0.029980161503634545,0.007496446601485448,0.03217012100110556,0.06114404664689013,0.0,0.0033458852670076606,0.0,0.05572732993516589,0.043611201923835295,0.1080687742154526,0.0,0.07361266881335635,0.04868511365618045,0.0,0.0,0.0,0.04372883614365479,0.003321809734498972,0.018830891866206224,0.044267259551986356,0.0,0.0,0.04710750083009045,0.047074373552753866,0.008933367642009653,0.03474390227272476,0.014780296386558808,0.020857347613351382,0.03430441430916314,0.006133219928902168,0.010293233171798689,0.0,0.0,0.0,0.10018301125060365,0.0,0.0,0.0027608663958646074,0.0,0.0,0.0,0.022805265715639664,0.0,0.028933159140877702,0.005992817606026035,0.0,0.0,0.0,0.0,0.0,0.035410485951467854,0.0035786428651173184,0.0,0.041433145141782535,0.0,0.0,0.0624384309043715,0.0,0.04344779355505855,0.01677833948637136,0.0,0.0,0.016359535938780673,0.009993804371984985,0.0,0.0,0.0,0.020337346229074665,0.031297354495722206,0.015037836852067395,0.04479740075216591,0.06883309885485489,0.0
EG10004_trans,0.006911213382826455,0.10571713471696437,0.021269782831494034,0.020117513559231703,0.07901939940266144,0.0,0.0,0.017361257705346567,0.10974978879779654,0.12099168411156755,,0.20253859400816507,0.06668189779426416,0.07704938451230382,0.0,0.030750092615458965,0.0012942642336044243,0.0,0.0,0.010332711567543963,0.039302615938268816,0.0,0.0,0.006334503479430373,0.0,0.0,0.0,0.016351741295043652,0.006894579130165369,0.03166995581971516,0.0,0.006388591191445272,0.06376443719945132,0.0,0.04970343680920389,0.12080069572758374,0.0,0.030512323682749525,0.0020873412284801375,0.0,0.0,0.0343016310430258,0.238940773878056,0.03744520432955692,0.029687712825959764,0.0,0.0,0.012040255103736486,0.07548580380596269,0.03495835057185692,,0.04866438355721883,0.0,0.0,0.034803726270297944,0.026311229046066757,0.08188610088537103,0.07122711137956199,0.012733452599310267,0.03065863855557093,0.04650052395283305,0.0,0.0,0.003995202919718315,0.004186140562790151,0.0351616015709978,0.0,0.0,0.006894579130165369,0.02336383114199041,0.0,0.008545428692911899,0.0,0.018425020055392594,0.009896333020866212,0.008667328035052168,0.0,0.0,0.06634820161928208,0.0030152661663417984,0.0409641119653859,0.0,0.0,0.0,0.003994505288775894,0.0,0.007946207865200769,0.0,0.0027740406232901805,0.04901018785429464,0.0,0.0039009301142624367,0.04938367177917674,0.031055469345093793,0.025954774101873884,0.06468417589002963,0.10269924215800522,0.05135151587158283,0.08231903984065084,0.0,0.0,0.007597955496918752,0.004587278813854155,0.003995202919718315,0.0,0.037869395750400645,0.05828811817199087,0.0,0.027731419483017286,0.02061509569341023,0.02880831313148431,0.02809168279634491,0.0,0.0,0.01648493505467279,0.0,0.0,0.0311189009071453,0.023538655457867368,0.0,0.012420553611683692,0.0,0.010146793182741623,0.033958425695205845,0.0,0.017359561387667206,0.0,0.0,0.003927966110501933,0.0,0.0,0.043630772465435924,0.025902079058634713,0.014772284293678446,0.020542345244654852,0.04421091575561013,0.009456811516167157,0.0,0.020798587373649004,0.0,0.051341561517276084,0.0,0.032141815296220545,0.00871958586798447,0.0,0.005677536115907742,0.0,0.0,0.0,0.03420700724483968,0.0,0.0,0.021794607713779085,0.0,0.0,0.0,0.006708854246791529,0.0,0.0,0.0
EG10011_trans,0.0,0.0,0.0,0.02831123188089095,0.0911487801296135,0.0,0.059128482709430455,0.029601530403526515,0.013479940736797487,0.12322210370970325,,0.027870278119828305,0.0,0.012233481387965725,0.01294757583711192,0.026315106778574928,0.0,0.0,0.0,0.015965854699310472,0.03750079996797848,0.0,0.0,0.0,0.0,0.0,0.011431433112565925,0.0,0.0,0.0059913082575295375,0.013453359985186457,0.016434740331099526,0.07062156955571912,0.0008839770866033967,0.0,0.04709178873307497,0.10924989987718436,0.0,0.015925493772621112,0.04476047206622167,0.0,0.0,0.0,0.17313476982316683,0.0,0.0,0.028523898248991094,0.0,0.053044671210107884,0.016967708035212675,,0.0,0.0,0.013959444783276808,0.032080396067004774,0.0,0.06374463226860813,0.0,0.0,0.0,0.07859475480313614,0.003816833517209155,0.0,0.0,0.10059755286734608,0.0,0.00036489986493589257,0.0,0.0,0.07286195484026114,0.032556724185466505,0.0,0.0,0.027201448717195893,0.03225259822473781,0.06542928146377233,0.0,0.0,0.12599803372816004,0.0,0.0,0.0,0.006167838540548778,0.05751997784592879,0.028604385348357457,0.0,0.0,0.0,0.025244008098267955,0.02668161465380201,0.0,0.0,0.0,0.0,2.498924104930595e-05,0.07016200879499661,0.08810085082758874,0.08460122780144837,0.022858526915626183,0.0,0.0,0.04132439649746887,0.0,0.0,0.0,0.0,0.018762409049300405,0.03389224497212825,0.0,0.0,0.014445050442986067,0.02430251106199126,0.022552462673499165,0.0,0.0,0.026455848537245367,0.0,0.027370902918890827,0.003801137257637085,0.0,0.03207595492203979,0.0,0.0,0.14158539353373414,0.0,0.0,0.027478875046151152,0.0194215899038485,0.017428143838659736,0.0,0.0,0.025372546339214232,0.0,0.0003519676112643009,0.0,0.0,0.02408689890261805,0.0,0.0005209078204859644,0.04671474249555944,0.060899009569898715,0.0,0.007718019889783855,0.0,0.0037464134082767007,0.0,0.03380277943421291,0.042122203415945206,0.0,0.005761834706992642,0.0,0.0,0.010225697135147857,0.0,0.0,0.10198519197140084,0.0,0.0,0.0,0.008258889029405107
EG10013_trans,0.03788345991474242,0.06602462217833606,0.0,0.07287359460805531,0.11283408708479017,0.0,0.0,0.0,0.0,0.12234768002719507,,0.0,0.03830928067671182,0.0,0.0,0.021401026030160687,0.0029786568176839697,0.0,0.0,0.05193561232010007,0.0,0.002796721573189527,0.0,0.009961544877047921,0.0,0.0,0.0,0.020636819080026764,0.0,0.11124834829238771,0.0,0.08098018605120134,0.03127673030948827,0.0,0.1051141518200947,0.12462250976600249,0.0017357402353473496,0.0,0.12398551400584688,0.0,0.018294766955497335,0.0,0.012623847825288054,0.0,0.12999704589633998,0.0,0.02200634225104966,0.0,0.09438508303916514,0.06352261778324636,,0.0,0.04888121410466549,0.0,0.0,0.0,0.09336624091466823,0.03062423625285865,0.0,0.0,0.0,0.0,0.0,0.00628279600870402,0.022418358483302377,0.041353387599837525,0.0,0.02751993650593077,0.0,0.07373421236190243,0.020860438662470143,0.0,0.02072763066025532,0.0,0.06949229163340793,0.03175503822108855,0.023875434917095907,0.02789737367299027,0.07708591745897336,0.0,0.001140199208696109,0.0,0.10131920180559388,0.0,0.03686816524976701,0.0,0.0,0.0,0.04504947645782344,0.11756478581605963,0.03674347483444135,0.0,0.012612843516584253,0.0,0.0742877233150169,0.01739099684549361,0.11035366769206602,0.017993926094571233,0.03596528693932657,0.0,0.013861104545340125,0.0,0.0,0.00628279600870402,0.0,0.052217844899476444,0.009169462032929924,0.009923195895726626,0.0034461261671696196,0.0,0.0869583460703462,0.0,0.016157205819577268,0.0,0.0,0.0,0.05806398943842786,0.0,0.0,0.0,0.0,0.0,0.049223467161841394,0.0,0.07006770815869126,0.0,0.005401786857093325,0.0,0.09603072822204033,0.017603069661096878,0.023443769227508068,0.0,0.02667105257243044,0.0,0.004250967035522914,0.014725165034988842,0.025583608294730276,0.0,0.0359561654328801,0.014314788795266603,0.0,0.003322240037306101,0.0,0.015948401716715584,0.0,0.0,0.0691197402298156,0.040660477253325826,0.0,0.0,0.05392040394333975,0.0,0.060964145573653546,0.06961254324659936,0.00041244700841696795,0.0,0.0,0.050988779301955646,0.06010182206794721,0.0
EG10014_trans,0.040505245017813135,0.08293958338330806,0.02631850049197241,0.045401460389714786,0.04833317665644785,0.20813691914165325,0.011828495792714647,0.0,0.012092650685313682,0.02194009106780211,,0.0814588103881059,0.0,0.0,0.0,0.06332519518666083,0.0,0.0,0.0,0.0,0.04283649443643313,0.0,0.0,0.0,0.0,0.0,0.0,0.0,0.0,0.0021750023440099044,0.0,0.0,0.0,0.031374691031326916,0.0,0.001160527271607751,0.0037418776319013054,0.014421030718360412,0.0,0.0,0.06214164364641412,0.040135186560466184,0.012895031855552281,0.03508139121086186,0.0031572541415799136,0.17933858030544453,0.06195839761080728,0.0,0.017747648490437508,0.0668668682828338,,0.013040920759502308,0.0,0.03263005033962395,0.0,0.01890422831924645,0.0,0.03335578405042359,0.0,0.0,0.015793042349329715,0.005727957073326244,0.0809826207566545,0.0,0.0,0.0,0.048454459139978805,0.0,0.0,0.037605937734564505,0.0,0.07018236413180878,0.0,0.07450225548973655,0.012531519211145498,0.0534833592517795,0.004796874511592964,0.0,0.007905437050281398,0.04491510478394604,0.0,0.005063280000760691,0.029235689887619345,0.0,0.0,0.10176274940748202,0.0,0.02880649292259558,0.0,0.0,0.0,0.0,0.0,0.0,0.060026215693822015,0.06749321823448247,0.04118685704406643,0.04063133436225314,0.0,0.0,0.02154801586317154,0.0,0.0,0.0,0.0,0.0,0.025322414173324845,0.0,0.0061619425245470795,0.0,0.0,0.0,0.0,0.023413600649359566,0.0,0.060472860695499696,0.0029909341776323383,0.0,0.0,0.0,0.008700530678377477,0.00316076241190585,0.0112509942445548,0.028843061792509835,0.0,0.0,0.0,0.0,0.0,0.0,0.006194206259379872,0.06576523202718734,0.00742192373937762,0.09135911682786511,0.031048997700028426,0.0,0.05321153879585958,0.0,0.009493619458015612,0.008539766632589131,0.09812807052962655,0.0,0.0,0.05115840949308988,0.01098269676434494,0.0,0.0,0.0,0.06361479563331536,0.0,0.0,0.0,0.0,0.0891273072220808,0.0,0.06110834754983449,0.00021475694052986,0.0,0.02247372508210863,0.029397601245055482
EG10015_trans,0.0,0.0,0.0,0.03470725960117319,0.0,0.0,0.009470901305860653,0.0,0.011172128495503702,0.13788554552800708,,0.06282940943718149,0.002731534496288333,0.0,0.0,0.0,0.10477348989705815,0.009932989357938666,0.0,0.05587437307426154,0.029982926655048262,0.059139174216709674,0.0,0.05272329849559275,0.0,0.0,0.0,0.0,0.02138087680927049,0.0,0.034565208287335086,0.0,0.0,0.006575018628662076,0.0,0.030138047837913653,0.0,0.0,0.02066251870065044,0.0,0.013388446691708807,0.07441116055758912,0.022132742067755364,0.06271656703806815,0.03749333617847071,0.0,0.15583004063147848,0.011239709498689833,0.019676174286219754,0.02789579336532811,,0.09017163405660081,0.0078228192748961,0.0,0.0,0.0,0.02919759748208464,0.0,0.0,0.0,0.078355469382694,0.0,0.04737684022373633,0.03325284716801736,0.0,0.0,0.0,0.0,0.02138087680927049,0.060002027972823994,0.0,0.0,0.0,0.000690410985098139,0.08595641869347177,0.02898677042637452,0.0,0.026976892260905,0.002309787908477853,0.0,0.0686727437912495,0.00735463042733199,0.020016300142216188,0.0,0.0,0.0,0.0,0.0,0.028577338260685165,0.015718373090091976,0.0036489748869793443,0.0,0.019401873092976803,0.05535258194751672,0.04143022251120883,0.1279754266830202,0.13009996610314564,0.01073609306277755,0.18190323633118943,0.0,0.0,0.004110455161263923,0.0,0.036182277758217966,0.02335736448438213,0.06122735369163807,0.07155426232122047,0.0,0.0,0.0,0.013801446003513239,0.002837199746951943,0.0,0.0,0.02945334222174421,0.009805080020942903,0.0,0.00882631021626964,0.05352360489168454,0.02850106006074938,0.0,0.0,0.002892339414838166,0.0,0.02193170610034809,0.10174169292297316,0.02943508955766412,0.0,0.033011749335595954,0.0,0.0028979894254321354,0.01160463555350282,0.0,0.0068005043945293785,0.003524761665710223,0.005082447991964557,0.07039076340676771,0.0,0.0,0.0,0.0031269016529661964,0.0,0.07488776691327549,0.01446875387544665,0.0,0.0,0.0,0.0,0.0,0.0,0.04057653689051015,0.0,0.0,0.016321728608383584,0.10013508410546271,0.0,0.025781333773893616,0.0,0.0,0.0
EG10016_trans,0.0,0.0,0.0,0.0,0.0,0.0,0.0,0.5413895704221682,0.0,0.0,,0.0,0.0,0.0,0.0,0.018323514735242158,0.0,0.0,0.0,0.0,0.025469250890383092,0.0,0.0,0.05580260341469206,0.02399005096550768,0.0,0.0,0.0,0.020658878618437546,0.04668024675060066,0.0,0.0,0.0,0.04969037484780655,0.0,0.0,0.043010609289584424,0.0,0.022102360835167312,0.0,0.0,0.08397083334041212,0.04171775257140421,0.0,0.0,0.023355807628818573,0.058667621730424044,0.2334441159138431,0.049220588161072054,0.009902413032050902,,0.08948350077168604,0.0,0.010400531397274728,0.03905678068524164,0.037457800957951266,0.0,0.0,0.0,0.0,0.039913496089704785,0.007288456561912378,0.0,0.03519498012973053,0.0,0.03231954981582107,0.0,0.04339604403495099,0.020658878618437546,0.058140587428557745,0.045696058857646306,0.0,0.0,0.0,0.0,0.0,0.012475976956773922,0.018470408686201503,0.0,0.0,0.0,0.0,0.00961703402117617,0.0,0.0,0.0820918408394009,0.031843572330939936,0.26620727813907485,0.0,0.008644148792563753,0.0,0.03829220676544942,0.0,0.0,0.0,0.0,0.043897493889640385,0.0,0.009420501367706417,0.03377257587750653,0.0,0.013329530261069663,0.0,0.03519498012973053,0.0,0.0,0.04964370769915686,0.0,0.05209176528632393,0.0,0.044075403366800416,0.0,0.004146349513045366,0.03401971917995565,0.0,0.009933735500267472,0.028326183568019126,0.03591204528204369,0.007171251132238397,0.0,0.03248107762701885,0.04368072399095999,0.017543765971062195,0.0,0.017607905669816546,0.03767748005430722,0.0,0.04206986768396673,0.0,0.01411249742181342,0.03328145822930558,0.03974142790788116,0.045611009382102864,0.06136346100905248,0.0,0.0,0.02461478202901717,0.046462758537773256,0.06468918074052764,0.020980838051267697,0.07480943121675014,0.051427616326440696,0.04516651161299066,0.006148637666891451,0.0,0.0,0.019441925770267945,0.0190086988534494,0.0,0.08719162108627532,0.0,0.0,0.0001509058820718518,0.0,0.0,0.0,0.0,0.030149106676106208,0.0,0.0
EG10017_trans,0.0,0.0,0.06647330231351477,0.028202056671867697,0.05404611710483701,0.002008094173391395,0.0,0.0,0.023365163688836628,0.15110024012207554,,0.01746637926181155,0.07510293362953074,0.020754185906964335,0.01099257846155308,0.0,0.08003243413165867,0.0,0.008918914559026561,0.0,0.0,0.09379622929437101,0.0,0.031342421686320336,0.0,0.0,8.799168746210142e-05,0.031888862520466424,0.010690438404633964,0.05951830203502555,0.0,0.08855375098171246,0.0,0.0,0.0,0.0,0.0,0.0,0.014586599664469225,0.06938583507720666,0.0,0.0,0.014769722391785992,0.0,0.0014411708390689752,0.0,0.0,0.0,0.15322240396016115,0.017720332854339306,,0.0,0.0,0.0,0.03978069077474507,0.0,0.05491776084759497,0.0,0.014116764961485277,0.0,0.0457554039254018,0.07304659065963383,0.03491029602339389,0.019767821588360688,0.0,0.010049879226660743,0.0005357077843881583,0.0,0.010690438404633964,0.08974676863784198,0.0,9.672364168500677e-05,0.010709813517606743,0.009870322634232681,0.06609713320731131,0.006232427694743862,0.013767216998562823,0.0,0.0,0.0,0.06014522178662148,0.01918731392470779,0.0,0.0,0.061309577981018215,0.0,0.004309212727764343,0.0,0.060267715267080094,0.03882921218485951,0.01595310583654237,0.0,0.059331907410046875,0.055829062074793545,0.020917207378485677,0.06103976099316009,0.1533740734033823,0.011561762921733323,0.016914338038591735,0.0,0.0,0.008275906618802486,0.0,0.019767821588360688,0.03973976359660001,0.07610740681026924,0.0,0.07904139262959892,0.00012545664391483354,0.0,0.03285301599506271,0.08335330042320979,0.0,0.0,0.013982342568435733,0.0,0.0,0.0,0.0,0.03411820427903097,0.0,0.0005768773160995163,0.007375963951411998,0.01833841635786613,0.014212103347512812,0.020132366726080392,0.044975668685886906,0.0,0.02160541862725641,0.0,0.006973218937696107,0.0,0.0,0.0,0.0,0.0,0.013535588525195383,0.0,0.0,0.0,0.028293125302459404,0.032981224601259324,0.020840502909119884,0.0,0.011924181566335876,0.013270856672011116,0.0,0.0,0.0350224471816268,0.030466080758646465,0.0,0.06229139478848224,0.0,0.020754826744715765,0.009001280276808885,0.051585973603206305,0.0,0.0,0.03925827544756816,0.0
EG10018_trans,0.0,0.0,0.08235107075363873,0.09776188663450293,0.0,0.0,0.0,0.0,0.030046605373201835,0.12783360896587326,,0.0,0.0,0.0,0.04023448958312945,0.0,0.13311156275274272,0.04107469839544146,0.02268677465865128,0.016088415678302114,0.009494427546284934,0.07234943400451557,0.0,0.0,0.06551755811519494,0.0,0.0,0.0,0.0,0.0,0.05147608235637823,0.0,0.004844195486598804,0.0,0.008318089947055136,0.020878079266867355,0.0,0.0,0.03784548589652382,0.1064749618993657,0.0,7.710579320472174e-05,0.08233713055761839,0.033251702381660024,0.0,0.0,0.094543083102131,0.0,0.03679057746341195,0.1399073568306492,,0.045065529152675844,0.0071060742599168315,0.08065408393363044,0.02698841595571787,0.010464286830311042,0.018721006903547287,0.0,0.0681395472994699,0.0,0.0,0.0,0.0,0.0,0.0656922847754755,0.019839384212365245,0.0308227001635472,0.0038672233037131626,0.0,0.07173823848373102,0.12077214840507129,0.0,0.0026416856218060883,0.018076591215373538,0.04052389149583743,0.11998816495624821,0.014588248923291209,0.010483342612626227,0.0701445835099779,0.0,0.0,0.0,0.0,0.044604190786720996,0.0,0.0,0.03522398200308452,0.0,0.0,0.13010255162298667,0.0,0.01706995067005545,0.007608418042156058,0.0,0.0,0.05372236052751641,0.14515437364871914,0.037053549575372026,0.0,0.0,0.0,0.06045186783381559,0.0,0.0,0.021420829468835906,0.0,0.12686630686856323,0.0,0.0,0.013291007534954501,0.0,0.02564643133467958,0.0,0.0,0.0,0.053972480874946445,0.0,0.07543245381738083,0.0746041624367898,0.03857110883168058,0.0,0.0,0.0,0.0,0.0,0.0,0.0,0.02838488583714921,0.02709614282505495,0.0883946536346988,0.015243881601512911,0.07779060859317881,3.4441835974172866e-05,0.0,0.0,0.0046929196644616014,0.0,0.016339528711895503,0.0,0.00022407295766503556,0.0033034433651314356,0.00902281524455812,0.0,0.0,0.0,0.0005413803941448908,0.0,0.03937792785442542,0.0,0.0,0.0,0.0,0.0,0.0,0.01033794106049156,0.02141376924378222,0.0,0.014021013462460348,0.0,0.0
EG10026_trans,0.0,0.007355644578901854,0.007025769035855219,0.0,0.0,0.0,0.0,0.0,0.01483553822363192,0.0,,0.0,0.0,0.0025792184272668568,0.0,0.011345946153295625,0.0,0.0,0.0,0.0,0.019334131474554483,0.0,0.0,0.0,0.012147662311801716,0.07827261058671821,0.008391093197528522,0.0,0.0,0.0,0.0,0.0,0.0,0.0,0.028678557191426063,0.0,0.03522129930279672,0.0,0.0,0.0,3.384237459334215e-16,3.384237459334215e-16,3.384237459334215e-16,3.384237459334215e-16,3.384237459334215e-16,0.0,3.384237459334215e-16,0.0,3.384237459334215e-16,3.384237459334215e-16,,3.384237459334215e-16,3.384237459334215e-16,3.384237459334215e-16,3.384237459334215e-16,3.384237459334215e-16,3.384237459334215e-16,3.384237459334215e-16,3.384237459334215e-16,3.384237459334215e-16,3.384237459334215e-16,3.384237459334215e-16,0.0,0.0,3.384237459334215e-16,3.384237459334215e-16,3.384237459334215e-16,3.384237459334215e-16,0.0,3.384237459334215e-16,3.384237459334215e-16,3.384237459334215e-16,3.384237459334215e-16,3.384237459334215e-16,3.384237459334215e-16,3.384237459334215e-16,3.384237459334215e-16,3.384237459334215e-16,3.384237459334215e-16,3.384237459334215e-16,0.0,3.384237459334215e-16,0.0,3.384237459334215e-16,3.384237459334215e-16,0.0,3.384237459334215e-16,0.0,0.0,0.002196692492135628,0.0,3.384237459334215e-16,3.384237459334215e-16,0.00025993789676762285,3.384237459334215e-16,0.0,0.020119287503665338,0.0,0.010078776559194863,3.384237459334215e-16,3.384237459334215e-16,3.384237459334215e-16,0.0,0.0,0.0,0.035669415079851316,3.384237459334215e-16,3.384237459334215e-16,3.384237459334215e-16,3.384237459334215e-16,3.384237459334215e-16,0.000429710648125511,3.384237459334215e-16,3.384237459334215e-16,3.384237459334215e-16,3.384237459334215e-16,3.384237459334215e-16,3.384237459334215e-16,3.384237459334215e-16,3.384237459334215e-16,3.384237459334215e-16,3.384237459334215e-16,3.384237459334215e-16,3.384237459334215e-16,3.384237459334215e-16,3.384237459334215e-16,3.384237459334215e-16,3.384237459334215e-16,3.384237459334215e-16,3.384237459334215e-16,3.384237459334215e-16,3.384237459334215e-16,3.384237459334215e-16,3.384237459334215e-16,3.384237459334215e-16,3.384237459334215e-16,3.384237459334215e-16,3.384237459334215e-16,3.384237459334215e-16,3.384237459334215e-16,3.384237459334215e-16,3.384237459334215e-16,3.384237459334215e-16,3.384237459334215e-16,3.384237459334215e-16,3.384237459334215e-16,3.384237459334215e-16,3.384237459334215e-16,3.384237459334215e-16,3.384237459334215e-16,3.384237459334215e-16,3.384237459334215e-16,3.384237459334215e-16,3.384237459334215e-16,3.384237459334215e-16,3.384237459334215e-16,3.384237459334215e-16,3.384237459334215e-16,3.384237459334215e-16,3.384237459334215e-16
EG10028_trans,0.0,0.06841528630201955,0.0,0.0,0.0,0.04607846780960441,0.023107268882789883,0.015965829234191965,0.0,0.09629664626215906,,0.019453484161881758,0.09028732060704271,0.0,0.06082561635877026,0.0,0.060204280113123544,0.02952829456782034,0.0,0.0,0.10235126037976529,0.0,0.0,0.0,0.0,0.0,0.026019824649523095,0.0,0.02138087680927049,0.0,0.01946410728123511,0.011194241052320572,0.051142815895440064,0.0,0.1234357659213295,0.004894558983085128,0.00783314862236896,0.04418009303841084,0.008173280768201166,0.0,0.0,0.0,0.045629353127619086,2.8349755196661688e-05,0.0,0.0,0.0,0.0,0.04401750500240366,0.017158983571625416,,0.09058984882627329,0.0,0.040585675896599296,0.0,0.06242292701056244,0.05731195213789768,0.0,0.04990046006549829,0.0,0.041765870349827566,0.0,0.0,0.0,0.0,0.019731372004797097,0.04291901026795851,0.044899555719123026,0.02138087680927049,0.06288422122317061,0.002230275709131251,0.05697874442585476,0.0,0.00972018885475353,0.0,0.07877962113467167,0.0,0.0,0.04173427793340708,0.050630514797215524,0.0,0.021529048675374276,0.0,0.011975562506831764,0.0,0.06264299834502327,0.0,0.0,0.01536557284741114,0.08829942855423284,0.015404399358564975,0.053257780277124044,0.0257198270324556,0.013649636373202772,0.0,0.09422279494846954,0.09312600294968892,0.0169120856317155,0.022413437569179788,0.0,0.0,0.0,0.0,0.0,0.0,0.0520602865505737,0.02823853812143553,0.01639435858213087,0.0,0.0,0.0,0.0,0.038621225307974176,0.0,0.0,0.0,0.060819738967645906,0.0,0.07287433013586198,0.027841205535647055,0.0,0.0,0.044832579031388944,0.0,0.0,0.0,0.0,0.0,0.01218851209507302,0.0,0.05611337271949869,0.07714850837270694,0.012783334701216176,0.06383677347585338,0.0,0.024857007890720716,0.0,0.0,0.0,0.0,0.014407514141371789,0.0,0.04686802501284142,0.047250161099356,0.013867221634980173,0.0,0.030767725202151604,0.028199156483177067,0.0018615252767942914,0.0,0.0,0.0,0.030759614585904774,0.027448301850324465,0.0,0.012179880829146505,0.044868475080017574,0.0,0.0,0.006774500456779044
EG10030_trans,0.0,0.012606306457599577,0.0,0.02819368286804112,0.04251773155260384,0.0,0.014194155354558752,0.07342211941645896,0.04084169081125352,0.1266553423040587,,0.0,0.15063375796785552,0.0,0.0,0.016357386148607874,0.017171689256839706,0.029748237646626933,0.0,0.0,0.0370819094776043,0.0,0.0,0.000547547188757441,0.0,0.0,0.07022023342386112,0.047186210398525004,0.0,0.016234477548455844,0.08813609537442864,0.0,0.0,0.0,0.0,0.0,0.0,0.0,0.0,0.03634757561511134,0.0020381725870111714,0.036936601184872075,0.0,0.0,0.05054115837003579,0.0,0.05088838419615891,0.0,0.020985071458187718,0.020061418374670445,,0.0,0.08513516005889703,0.0,0.0,0.08475975231280022,0.08513409340132261,0.0,0.0,0.0,0.019891889363555963,0.0,0.0,0.000345340741276852,0.0,0.009181406024989952,0.010208276766667974,0.0,0.0,0.06778403487117407,0.03709268937897505,0.0,0.0,0.0,0.0,0.09497672131157199,0.0,0.09065135137188449,0.04383994886378829,0.0,0.0532024828795407,0.0,0.02951826765368424,0.0,0.00691758200266281,0.0,0.003950295046241679,0.0,0.04243131470626499,0.07225081200028026,0.05336855213913083,0.029468944341631203,0.0,0.0,0.02854177130578164,0.03743607709487944,0.07833986178387323,0.08088485338432125,0.07392270796091736,0.003996112884056094,0.0,0.0,0.0,0.000345340741276852,0.0,0.017473560310632096,0.03947992849453501,0.0,0.0,0.024678853433897106,0.03677398104869704,0.07413144603955105,0.01035486279649128,0.008035938269259366,0.0,0.0,0.0,0.012021306039729222,0.03775857510335569,0.06367674006914109,0.021443220267481838,0.008849631680935433,0.0,0.0,0.0,0.0,0.01589549109386395,0.0,0.0,0.0,0.007998034786544593,0.0,0.03687463968633411,0.05058517030575667,0.0,0.022003084205601393,0.06310935388744739,0.0,0.0,0.0,0.0,0.0,0.0,0.0,0.0025760415599513104,0.0,0.0,0.0,0.04732767781764996,0.0,0.0,0.0,0.0,0.04488615885292957,0.0,0.0,0.0168970617510813,0.0,0.0,0.0
EG10031_trans,0.0,0.0,0.025513613775604425,0.04998501555121572,0.026960979134286096,0.0,0.0,0.0,0.0,0.15837935176911766,,0.03183090921885397,0.07030674784412197,0.044153693916969945,0.019614007744643187,0.0,0.1004378475550206,0.0007951006615072763,0.0,0.01770243501921796,0.08822603311474239,0.00791834808265773,0.011179403520473558,0.0,0.08879712885893658,0.0,0.0,0.0,0.0,0.12152416970767213,0.0,0.014651439508724304,0.0,0.0,0.0,0.008567526305842454,0.0,0.0,0.029418619482522425,0.027940408448715228,0.0,0.0,0.006196445751855823,0.09467456044344538,0.0,0.047446947048516167,0.0,0.0,0.06274128142562514,0.05887184438438233,,0.02468068459026532,0.0,0.20575620529127497,0.021839164682089365,0.006291968205959857,0.05849340157679464,0.004676366473502123,0.05347778481453084,0.0234968661263075,0.02192158764016201,0.0,0.0,0.0,0.008869541207793081,0.0,0.003238458456458949,0.036730782631829946,0.0,0.2397506529101595,0.0,0.0,0.0,0.0,0.0,0.0,0.0,0.0,0.08971414236602591,0.0,0.0,0.02912732938893141,0.0,0.041280733819828185,0.0386212933794716,0.0,0.0,0.0,0.008813170933261418,0.0,0.0,0.0,0.0014500975857079997,0.0483646159645229,0.052957593632301486,0.031095194951407158,0.16453701595776765,0.07408728339972684,0.070590648933049,0.0,0.0,0.0839993271108129,0.0,0.0,0.0,0.0703317363875264,0.0,0.046506423983722116,0.0015199618152347582,0.06765518818073686,0.026340068375322837,0.038678051847748564,0.0,0.0,0.0,0.034469111266316445,0.04507530010850084,0.0,0.004001433478729266,0.0,0.018200715388325538,0.0,0.06469882679754697,0.05613148265493123,0.0,0.0,0.013616407662990325,0.0,0.03477851032288765,0.04723980638968698,0.035911250907508116,0.0,0.07836810302770537,0.0,0.06951416203490804,0.03629316121507592,0.01899779404476413,0.0,0.0,0.0,0.03189596805859287,0.0,0.0,0.05202055123237965,0.00858905511864743,0.0,0.0,0.017089917036083754,0.0,0.19043514717247023,0.001210586075115054,0.0,0.0,0.0,0.0,0.04537995902143465,0.0,0.0,0.0,0.00680218231475847
EG10032_trans,0.03859185736023984,0.0,0.035990474250793374,0.0,0.09977603198033959,0.0,0.0,0.050903107128196914,0.07628942761678091,0.17144563936497262,,0.0,0.06281180894229357,0.0,0.07350984132525569,0.00793254176138295,0.05908006888495901,0.0,0.0020643712661297864,0.0,0.06955078340327547,0.0,0.0,0.020651983281683807,0.0,0.03375985864488067,0.03773203705819699,0.0,0.0,0.0465127654433991,0.0,0.0,0.12891573275711415,0.0,0.06302113524135862,0.025801470920458747,0.0,0.0,0.005184219403628824,0.06893203660179185,0.0,0.028568304545991897,0.006767423612162021,0.06183114650433973,0.0,0.0,0.015956905810924262,0.0,0.06556974234072557,0.08322251058381189,,0.0,0.0,0.02414554965701258,0.0958662571510945,0.0,0.020738964546348944,0.002196356992122804,0.06311588508684371,0.0,0.0,0.0,0.022695627488657586,0.013025308798532153,0.0,0.0,0.0187405681564317,0.0,0.0,0.11678171561135887,0.05933432982075389,0.0,0.0,0.010083769882608817,0.0025981037343660272,0.0,0.0,0.0,0.10866415142911373,0.01869021388920471,0.037135744428114084,0.00673082137375062,0.05847304884196292,0.07483805734335346,0.0,0.0,0.024261789340291266,0.0,0.016594111980563018,0.09693263155295243,0.0,0.0,0.0,0.020928170550953282,0.029323430927152127,0.13437952555783356,0.11724329755913919,0.10231876547381967,0.0010942221842357605,0.0,0.0,0.0,0.0,0.013025308798532153,0.0,0.035245945354610994,0.054978286914007996,0.0028921104996551075,0.0,0.003221471590377687,0.026616569597221983,0.011141202938037739,0.0535108489592136,0.0,0.0,0.0,0.0,0.0,0.04320525192975715,0.10696903508943101,0.0,0.0,0.0,0.037363491226866136,0.0,0.0,0.0,0.0008147147676784484,0.001190305115157648,0.0,0.03773373829029646,0.054066172530513934,0.0,0.0,0.05553911129473961,0.05025486787766139,0.0,0.0,0.03841760691753742,0.0,0.0,0.013616856042345587,0.0,0.0,0.0,0.03113318440915523,0.0,0.0,0.0011022748498047052,0.045884134355810964,0.0,0.0,0.0,0.0,0.0,0.0314418719251791,0.0,0.0,0.0,0.0019675993860005887
EG10033_trans,0.010229112471483033,0.0,0.0,0.0,0.0786275256285285,0.0,0.020581451442379946,0.0,0.0,0.05349177811285434,,0.0,0.0,0.0,0.015156271962540659,0.05348155109171539,0.0057059876197612346,0.0,0.05644143719631954,0.0,0.030211918305600455,0.0,0.0,0.028467265558995262,0.05136183115386618,0.03656797190193679,0.0,0.0,0.044785044143610946,0.0,0.0,0.02264440583683065,0.0,0.0,0.0,0.0,0.022325726002918055,0.0,0.006118139171371544,0.0,0.0,0.0,0.0,0.04099890127043297,0.06894910167351345,0.0,0.025722073039548245,0.0,0.04222619069542603,0.011410861312694502,,0.0,0.0,0.0,0.07452921421950051,0.12018148295925456,0.02517766293064079,0.0,0.0,0.0,0.006388296833475335,0.0,0.0,0.01795444628722847,0.028453239849197953,0.03529852510541675,0.06733038730699428,0.0,0.044785044143610946,0.025415831657876566,0.03921216891343531,0.021527325867605012,0.0,0.011550268870923433,0.019609592525068237,0.07507674249982757,0.05296752146075968,0.0,0.0,0.013069511592476692,0.0,0.035411742690150086,0.0,0.0,0.0,0.018406453698882084,0.0,0.0,0.0,0.0,0.0037016124575592383,0.0,0.028366554574335227,0.0,0.0,0.14546767231700733,0.06346177226454544,0.0,0.0798548395808081,0.0,0.0,0.0042200079197076135,0.0,0.01795444628722847,0.030766678958311592,0.08688207332687442,0.010544415567668245,0.008867982524708523,0.0,0.0010905804477736286,0.017450204775620964,0.0,0.036557066971764404,0.0,0.0,0.001077579146728121,0.0,0.029086727929031483,0.07230750655601349,0.0,0.0,0.023473651140463483,0.0,0.0,0.04841618841751451,0.0,0.0,0.050064744720458416,0.0,0.0,0.0,0.02369166540347837,0.0,0.0,0.0,0.07928601549491889,0.0,0.012981554553020492,0.0,0.013668544610765065,0.0,0.0,0.011988691513148571,0.09852564479730698,0.0,0.0,0.0,0.0,0.04407944988113441,0.0,0.0030989381907703477,0.0,0.0,0.028932346328184314,0.0,0.0,0.0,0.05390576796045423,0.0023701279662436928,0.0
EG10034_trans,0.04636157120739817,0.03853164884005022,0.06787864762206751,0.03019717420561126,0.014400449926022262,0.0,0.0,0.0,0.05815133849345088,0.10541390559846749,,0.0625985161044373,0.0,0.041760189367807524,0.03209544906908538,0.0,0.24742144136862698,0.015095008561252968,0.0,0.0,0.006694933588417426,0.0,0.03771536041347778,0.020651983281683807,0.03650167108071251,0.0,0.0,0.0,0.010690438404633964,0.05846323927941266,0.12461121340707643,0.030992693697901315,0.009997713693321048,0.0,0.2094861852804463,0.0,0.0,0.0,0.02945574519553363,0.05530657048384848,0.0,0.002627754847837027,0.038828373678342076,0.013610408536635631,0.0,0.0,0.006353684299186207,0.0,0.07442997429772565,0.030027077025898397,,0.0,0.012896865126993486,0.091978231811001,0.0497618500095372,0.0,0.15136048044286365,0.0,0.022271341542132034,0.0027575180565415826,0.09019652182467268,0.007034041250144704,0.059351667363314334,0.013025308798532153,0.04531052049801083,0.0160107978393219,0.05936515379326174,0.0,0.010690438404633964,0.12449618519699018,0.0512443450290073,0.0,0.0,0.03416453490597539,0.07056901738374267,0.03957863510158107,0.0,0.01051650510499611,0.07754734714873268,0.07629833205211066,0.05047752754043673,0.0,0.009605706729794702,0.02942525980524534,0.021321996804042377,0.0,0.0,0.0,0.05917106665015213,0.14652435951731282,0.057914276887094086,0.015597604351809922,0.02643020264706628,0.17626510144427646,0.016310639872142797,0.033239706697590736,0.1968462490235241,0.0,0.04437012730675424,0.04636858474489339,0.01134952088393222,0.06871054248333966,0.0,0.013025308798532153,0.0,0.06661490256678888,0.02498859273700206,0.00767468567985439,0.0,0.0278256833578439,0.05846017854713587,0.09687211151092467,0.0,0.0,0.0,0.0,0.0,0.032521742692320214,0.0,0.07463916047465259,0.0,0.0,0.0014615407920945352,0.0,0.055277709427001026,0.0,0.0,0.0,0.059940004499174165,0.0,0.03609652914116852,0.030513655273661715,0.014667534820832247,0.0,0.01398772387490532,0.025226335901956966,0.056511076490238586,0.0,0.0,0.018622016659743886,0.05756056373679426,0.0,0.014915209158820312,0.0,0.05269078811060198,0.03749993019873126,0.03489669114525385,0.0,0.0,0.03577154240792046,0.12277625203932731,0.0,0.005044700520553643,0.0,0.0,0.09352415224722714,0.0,0.0,0.13082393128897102,0.04799228248047221
EG10035_trans,0.0,0.06429356259128585,0.011818439912138757,0.007550175235234751,0.006199175208785155,0.0,0.009482746431041965,0.054975576620637207,0.04430162353192326,0.13139599529517595,,0.0469738174032239,0.044820283927037435,0.029190942952687027,0.0,0.0,0.10380104827066917,0.00457539754419295,0.0,0.0,0.0,0.0,0.0,0.03210602442950843,0.0,0.0,0.007871782412060376,0.0,0.02212672134912957,0.03686275410033173,0.0,0.0,0.0,0.06246952695966372,0.05694056331357259,0.021865118833216457,0.0,0.02748380525961439,0.017727821501879616,0.0,0.021542668812194958,0.0,0.025965053765968568,0.02530248506110742,0.014826790088222548,0.011293224945533536,0.04681038398795021,0.0,0.06254578950496097,0.04585908509444705,,0.0,0.026518044160083413,0.00016792515733969255,0.0010797273656413993,0.004121042656033218,0.030661423464359697,0.15998154689935046,0.0,0.0,0.05863863504197301,0.018806681778908894,0.0,0.02024942964477687,0.0,0.037838798380958535,0.0,0.0,0.02212672134912957,0.05093950756879986,0.009157979057114417,0.018410819239589468,0.010473894484044104,0.0,0.08372303394040485,0.022692144507041424,0.05373414169901804,0.01918313284135182,0.0037625608971881704,0.04683959918657259,0.1157791815768833,0.0,0.005443980923559043,0.017362292441901378,0.0,0.01586481747057039,0.0,0.00292910896697583,0.0,0.07913757611964718,0.20645555242706695,0.0,0.006889526388136946,0.013400943187573913,0.0,0.054451356140927276,0.12695211432798334,0.09462581840342246,0.1257933755272959,0.0,0.03851217107764366,0.0,0.0,0.02024942964477687,0.0,0.010920105412771573,0.0,0.0,0.0,0.0,0.0,0.0,0.0,0.0,0.002067344446420697,0.0,0.0,0.0,0.02591341557347056,0.017088452891734312,0.0,0.0,0.0,0.0,0.0,0.0004144276606584883,0.012064033597064686,0.0,0.0,0.0,0.0,0.0,0.0,0.0,0.0,0.0005919621589965901,0.04612127055540596,0.02299910488935089,0.0,0.006372581953272395,0.03306390363617184,0.0,0.0,0.0,0.010221636988335708,0.0,0.0,0.0,0.0,0.018845408126587197,0.031143979637316167,0.021275493212590084,0.0,0.0,0.10639834971627044,0.01111054390416518,0.0,0.0,0.0,0.0
EG10039_trans,0.03803715240944572,0.005710153545849982,0.0,0.04582049958859581,0.07420794522344666,0.0,0.0,0.0,0.02446563634160054,0.12164411671328633,,0.023262484688256257,0.05073509205712795,0.0,0.0,0.0,0.1055688497918996,0.0,0.17281606669567218,0.0,0.0,0.0,0.0,0.06691547306680179,0.0,0.0016980713202662848,0.0,0.0,0.03491880532303143,0.08146627776125051,0.0,0.02065849659712163,0.0,0.0031365193389420363,0.0,0.0,0.009299310573065269,0.0,0.01374437243830784,0.02476037295137413,0.009657017623939546,0.0,0.0,0.05208625167308246,0.0,0.0,0.0210475565325217,0.0,0.07036587127280508,0.003825034164173116,,0.022692894725089553,0.07407628227810044,0.04176761539493462,0.002574340189135108,0.020909115938751027,0.11487294544865814,0.0,0.21677710052957305,0.0,0.03760033619938073,0.0,0.0,0.04220392241300959,0.0,0.0,0.0,0.06993125561013443,0.03491880532303143,0.09620438093102615,0.0,0.0,0.0,0.0,0.004101180086911811,0.013539952681783873,0.03004313023827725,0.050197048674024636,0.086810581089254,0.008606223048828776,0.0,0.0055349419436519064,0.0,0.0,0.0,0.0,0.0601388957603736,0.0,0.0,0.07608063547834668,0.056310993910191,0.0,0.05493499419812758,0.0,0.0578889820202824,0.008867554423820265,0.16595993568455858,0.018087472165175,0.0741391247167588,0.0,0.0,0.009021222458422181,0.0,0.04220392241300959,0.007375511929304578,0.05675000186488943,0.0,0.10642259396123162,0.0,0.012090922880016664,0.0020037916587690645,0.0,0.06330938287440901,0.0,0.0,0.0,0.0,0.0,0.10510015233074228,0.0,0.0,0.0,0.041998433712918885,0.016011126470209743,0.0,0.0,0.0,0.0,0.015573582172141503,0.0,0.0011779318012127243,0.03536647934395831,0.0,0.0,0.0,0.0,0.023692476858369085,0.0,0.04721755243595012,0.01453447461973145,0.0,0.0,0.0,0.056642333745119865,0.0,0.0,0.03865993870418249,0.09345050265912529,0.08702756068329924,0.0285218103951476,0.0009624503546248183,0.0,0.11782075633693302,0.0,0.0,0.01632753402904842,0.023837491829605664,0.01783469400273718,0.0,0.0
EG10040_trans,0.051276189381953836,0.04246003296818923,0.06431835445225385,0.09225853207641853,0.0,0.0,0.0,0.0,0.03674753549549558,0.08547738994615343,,0.0054144747498425325,0.0,0.021110035855756413,0.0123337732400133,0.02234523407989693,0.04111906157621586,0.03987379522717737,0.002281153197451548,0.08720109058673665,0.0,0.0,0.0,0.07578143928342775,0.11280845954554912,0.004372369214541034,0.0,0.0,0.06133827815432359,0.017119126112089617,0.02335183347071352,0.0,0.0070628927744750295,0.0,0.0,0.0,0.0,0.0,0.022642321331962017,0.030492890065757096,0.0,0.003879913730666966,0.056106244175512375,0.007251073943704428,0.0,0.026525792830279987,0.0,0.0,0.009740942395612509,0.0,,0.03647851132317516,0.0,0.0,0.02171935501463379,0.0,0.0,0.0,0.03707644399153603,0.15205062790225504,0.0,0.024473238768538894,0.0,0.04779573149951643,0.0,0.0,0.010263432134344089,0.0,0.06133827815432359,0.0,0.025947235862635445,0.0,0.0,0.0,0.0,0.03873036647084138,0.0,0.0,0.004533141673637842,0.08154380037014579,0.0,0.03580984697566564,0.07606087388228103,0.005807538939613038,0.0,0.06413117714535775,0.0,0.0,0.007219404470110834,0.06942702073108785,0.0,0.036725219025551314,0.01281855158309227,0.0,0.00548729492116528,0.0,0.09870662640815979,0.0,0.04979453562259891,0.016449683895868608,0.0,0.0,0.0,0.04779573149951643,0.022779736698695062,0.03339967111574004,0.050791305318323605,0.03040780747792964,0.0,0.05630704410611543,0.0,0.0,0.0,0.0,0.0,0.010798281525960325,0.0,0.0,0.05974223266536398,0.08965389297082284,0.0,0.014508586256314394,0.021317246394284874,0.020992410635668923,0.011724406407848696,0.020597463988069283,0.0,0.0,0.005449721827642318,0.06209532910265648,0.0,0.12608289981838874,0.015326393494021989,0.04078070949915119,0.019110296958149895,0.09809634336464507,0.0,0.012028457084040685,0.021913137148767362,0.11284994885763193,0.017431876359052023,0.001291085334836973,0.0,0.0,0.0,0.0,0.0,0.0,0.0,0.0,0.06118390942695123,0.0,0.05770798531795535,0.028551503183639842,0.0,0.02422125378938327,0.0,0.0,0.0,0.04668463108742542
EG10043_trans,0.022573714901265664,0.0,0.0,0.0,0.009583999739386072,0.016939074949032615,0.07678543982661029,0.0716533043728934,0.0,0.10136736782499212,,0.0,0.0,0.055301142415847396,0.07284337607466504,0.0,0.02335918634828001,0.0,0.0,0.039135989800637254,0.1505365389274959,0.0,0.0,0.009961544877047921,0.0,0.003054464217265123,0.024535958921291772,0.0,0.0,0.04659619198905811,0.04050219594506049,0.0,0.0,0.003932752698391907,0.0,0.04782936548791001,0.0,0.0,0.03835679746052273,0.035576242642553844,0.0,0.0,0.01896355595185051,0.08312669658419836,0.0,0.06314350119804284,0.0,0.0,0.08615857504158922,0.007567494575439731,,0.0,0.0,0.0,0.03060182357503011,0.0,0.037482647387793964,0.0,0.0,0.0,0.2217856821796038,0.026948209431024123,0.0,0.00628279600870402,0.023414772705730034,0.0007540320356676939,0.04274657286456702,0.007999522656124391,0.0,0.12327465448210376,0.06893872370532923,0.03295287955643329,0.0074022619029383415,0.0,0.0,0.02985273474023991,0.02785098038175792,0.045752527608264114,0.038825848136466175,0.04718447132124272,0.05240102231066381,0.0,0.0,0.0,0.0043774110116682795,0.0,0.002346344404750126,0.0077175732719937775,0.03610038116884981,0.03944810566478795,0.07187332471289319,0.0,0.0,0.008318641432287428,0.1150365377941055,0.014875396846358075,0.18423587196192223,0.0,0.06658827467878983,0.0,0.06714797388810335,0.0,0.0,0.00628279600870402,0.0,0.01592277906352908,0.03055809412847494,0.05729277001123259,0.0006675379429189419,0.04188942787854624,0.046807178271887656,0.014886226780203222,0.0,0.0,0.025700207149371757,0.01930051952419782,0.0,0.036731979755781026,0.0,0.020071000363916323,0.030106170911035002,0.0,0.015251943013390891,0.026556639527073597,0.0,0.01514212371281894,0.004779843594409025,0.0,0.10611416490913074,0.03317297849087486,0.01583353320296798,0.056375026315228755,0.0,0.06294315256538792,0.0,0.02723299589608649,0.0,0.0,0.0,0.0,0.06493108481615621,0.004620206681137338,0.0,0.0,0.0,0.0,0.050406084533755266,0.05095829253246263,0.08203242712971473,0.07618779825356213,0.0,0.08478445727146942,0.0,0.033415649370598606,0.014189465923153573,0.014012469565533116,0.00011084786417397823,0.0,0.0,0.023798778853119953
EG10044_trans,0.09735301496628594,0.0,0.0,0.0,0.0006759750027588389,0.0,0.0,0.0,0.0,0.14617456129546563,,0.0012066460069946403,0.061427283513907326,0.006233221465308306,0.13637321314182552,0.053563815649568684,0.02818685505567658,0.03362228934429988,0.0,0.0,0.04327895388136234,0.031213184036817294,0.0009223403709456828,0.022197813225212144,0.0,0.0,0.01057487546709722,0.0,0.022890324092317664,0.039995620561033354,0.0,0.09257292276204743,0.019463667649980754,0.03700724961906758,0.0,0.0030340804615621914,0.0,0.0,0.0411483954755971,0.0,0.0,0.03858422221306316,0.03767770883125955,0.06466349539760027,0.0,0.0,0.0,0.0,0.0,0.025588198367012423,,0.0,0.0,0.10141220148670949,0.0,0.0,0.0,0.0,0.0,0.026959738083195853,0.0,0.10179155591019518,0.031993751262668124,0.01400027144932665,0.03098567551534163,0.0,0.02714159119387525,0.0004985688586337151,0.022890324092317664,0.032819113937537704,0.0,0.0,0.034961700495162326,0.0,0.0,0.0,0.0,0.0,0.0,0.0,0.0,0.0,0.08976704315242606,0.0,0.06920506890881577,0.0,0.03313090219535001,0.0,0.006521599984939524,0.022400016455872186,0.0873707420108922,0.045311764086384425,0.01734713142085912,0.02219939639977034,0.0,0.07742948559353667,0.17385601757045407,0.04850334661467034,0.09029165592958585,0.0,0.04851906266781217,0.05297897852145601,0.0,0.01400027144932665,0.0,0.06467645105808227,0.05776620215653591,0.0037213394843113056,0.0,0.0,0.0,0.0,0.0,0.0,0.07760079197941724,0.0,0.0,0.0,0.06773118196696049,0.042154238592708476,0.01793905186691612,0.0,0.053931152339847695,0.0,0.05675192870089428,0.0,0.02334580229419739,0.0,0.0,0.0,0.0,0.0020072475792793235,0.0,0.0,0.012788961006243077,0.005788468169927272,0.029747559766383297,0.0,0.008338078548077549,0.012406298654646252,0.022959440689189405,0.025997034326797498,0.0,0.010363926539703621,0.034530351312730995,0.0,0.055635782534037614,0.0,0.01686218240762611,0.019895139558044023,0.0,0.0,0.0,0.000588495268205033,0.025441025604095936,0.007042411373187213,0.0,0.12438977787415681,0.00575943423324034,0.0
EG10046_trans,0.0,0.0,0.0,0.05906342673663874,0.0,0.0,0.0,0.0,0.02984705093762211,0.0,,0.035091857059012604,0.0,0.013743907839947004,0.014576071890481554,0.0,0.0,0.0,0.0,0.0,0.0,0.0,0.31856291451804775,0.0,0.0,0.015900728776725763,0.0,0.016993143735972483,0.0,0.02508299405821753,0.004568543152007013,0.0,0.0,0.0,0.003928657816448113,0.02961705554564094,0.0,0.0,0.0,0.011404829975768055,0.003778902464843563,0.0,0.0,0.06115031511748348,0.0,0.0,0.0,0.029481173495353483,0.0,0.0,,0.08985853906847414,0.0,0.0037689986270259086,0.0,0.0,0.05805752534104443,0.0,0.0304046763065124,0.08225134039282062,0.11488507681981676,0.0,0.1970642417608972,0.0,0.0,0.0,0.026054148660564422,0.006059177458406348,0.0,0.056713700159204045,0.0,0.0,0.01831833603522507,0.014961635203031157,0.09280377312448254,0.09026135241128237,0.018474397048295014,0.024882464618054836,0.0,0.009239070077034221,0.0,0.01728026961862695,0.0,0.0,0.0,0.0,0.02589128792962608,0.0,0.022035453731071356,0.02228590192175254,0.056816536283829655,0.0,0.0,0.0521303228412452,0.0,0.02437993420829844,0.013508500036933708,0.0,0.0,0.00860988550223693,0.07496591449432419,0.059731416685762956,0.16156593055569332,0.0,0.0,0.0,0.053419988393456797,0.0,0.0,0.09925343222546498,0.0,0.010537873815628929,0.019851728985712924,0.0,0.034040994352533695,0.0,0.0,0.0,0.016718527991428356,0.007151993794691147,0.03614040121043224,0.0,0.04101627553596538,0.0,0.0,0.02538941988829308,0.04660745422867012,0.07094728115322986,0.0,0.06395328099906193,0.0,0.0,0.0,0.011576666089130935,0.015513813722878649,0.03299809361350292,0.0,0.0,0.0,0.07464875000188517,0.0,0.0,0.07373436402362651,0.03516734051713533,0.0,0.10300413088638573,0.0,0.0,0.0,0.040280601456897845,0.0,0.0,0.04081608654966681,0.0,0.04571526371805474,0.07710200355028671,0.0,0.0462344596840776,0.0,0.0
EG10050_trans,0.01659795460131321,0.024610558912558523,0.0,0.0,0.0,0.05562423670728296,0.0,0.010113268139740537,0.0,0.0,,0.0,0.0,0.0,0.010105398952362257,0.0002353394231017301,0.0,0.0,0.0,0.0,0.0,0.06251848289811603,0.0,0.0,0.00821155847081704,0.045861613599819946,0.0,0.060861449264496506,0.0,0.016271333837730995,0.0,0.0,0.0,0.0,0.0,0.0,0.05699627057167001,0.0,0.02451777344301002,0.0,0.0,0.0030057300288237154,0.0,0.0,0.0,0.02548300925777958,0.007949212917284695,0.015583172517450443,0.0,0.0,,0.006231391523170941,0.0030057300288237154,0.009457053017518166,0.0,0.0021993146552368365,0.0,0.0,0.0,0.0,0.0,0.0030057300288236187,0.020963987164772126,0.0,0.0,0.0038121454024104976,0.006231391523170941,0.0,0.0,0.012682714511865487,0.0,0.0,0.0021993146552368365,0.0,0.0,0.0,0.0030057300288236187,0.00461856077599728,0.0,0.0030057300288237154,0.0,0.0,0.0,0.0030057300288236187,0.0,0.005108730321600065,0.012682714511865487,0.0,0.0,0.005706408862680408,0.0,0.0,0.0,0.0038248004810079767,0.0,0.0,0.0,0.0,0.0,0.0,0.0,0.0,0.0,0.0,0.0,0.0,0.0,0.0030057300288236187,0.0030057300288237154,0.009457053017518166,0.0,0.0,0.0030057300288237154,0.006231391523170941,0.0,0.009457053017518166,0.0030057300288237154,0.0,0.006231391523170941,0.006231391523170941,0.0,0.012682714511865487,0.0,0.0,0.0030057300288237154,0.0030057300288237154,0.009457053017518166,0.0030057300288236187,0.003445592959871025,0.0,0.0030057300288237154,0.0,0.0,0.0,0.0,0.0,0.012682714511865487,0.0,0.003445592959871025,0.0,0.006231391523170941,0.0,0.0,0.019134037500560034,0.0,0.0,0.006231391523171037,0.0030057300288236187,0.0,0.0030057300288236187,0.0,0.0030057300288236187,0.0030057300288236187,0.0030057300288237154,0.0,0.006231391523170941,0.0030057300288237154,0.0,0.0030057300288236187,0.0030057300288237154
EG10051_trans,0.011205026430397018,0.0,0.02832839491118288,0.0091538227096035,0.02588754802608927,0.0,0.0,0.0,0.0,0.09193901257414193,,0.025863456296595113,0.01730075859449712,0.0,0.03442506236243802,0.01716573757781672,0.06124381989163364,0.0548785353353889,0.0,0.05025157690516362,0.04332277446127276,0.05557229214740176,0.0,0.031342421686320336,0.06463050303764727,0.005565685300455878,0.0,0.011624752370239242,0.010690438404633964,0.0,0.04115469703680255,0.011451234676331936,0.005907936930261811,0.021569898227753254,0.12165897569589516,0.0056205901519291515,0.0,0.007630554912404465,0.0,0.12720594757743325,0.0,0.046249447778876004,0.0,0.027672024526174673,0.0,0.0,0.021221978026247187,0.0,0.008250420207178127,0.05310879077316985,,0.00023225698628724753,0.0,0.0,0.0,0.008906970983726076,0.1060977849823523,0.005902057175577211,0.009860923584885975,0.003530039063656315,0.024739403037601793,0.0,0.02694104026341173,0.019767821588360688,0.1326963678252186,0.0,0.042489674362308806,0.0,0.010690438404633964,0.07083101352265,0.011808947566357213,0.0,0.019326708319931683,0.0,0.0,0.011758062382541033,0.0,0.00697465564724412,0.0,0.04534995064233478,0.0,0.0,0.02380797644772359,0.06176812877605996,0.0,0.0,0.0,0.0,0.09834116714830138,0.0717260282502877,0.0,0.0030061783754634593,0.019030222874076155,0.015251796779044398,0.0601403175410556,0.02792630273726724,0.10086240734157419,0.027660618526567902,0.0583665404343537,0.0,0.0,0.0,0.007372112115836687,0.019767821588360688,0.057578632005249104,0.0463718932503479,0.003633598312114313,0.02914782457224491,0.0,0.0,0.0,0.04497436159028763,0.0,0.0,0.0,0.0,0.0,0.0,0.08477366614041709,0.11765614862326906,0.0,0.01944424158735501,0.04632581145931738,0.0,0.0,0.0,0.0,0.0,0.0,0.0,0.0,0.03262115518788307,0.03407771456011583,0.0528615923825001,0.0013263569477455185,0.008791978981274047,0.0,0.019702263725384507,0.0,0.0,0.015707481523286826,0.0,0.04540903827950243,0.0,0.0,0.002867610714538507,0.0,0.0,0.0,0.004285600840558915,0.0,0.0014319042632881347,0.019527621299381397,0.0,0.04909872420932709,0.04759646483114972,0.0,0.0,0.0,0.041627958896708304
EG10054_trans,0.0,0.0,0.08770801715505282,0.008637794734829906,0.0,0.0,0.004244607268642834,0.0,0.0,0.12532823583874692,,0.03590659072907462,0.0,0.0,0.0,0.0,0.06203624617427065,0.024904664644006046,0.008833051728479178,0.0,0.03018992624412053,0.0,0.0,0.0,0.0038899357601150544,0.0,0.0,0.0,0.0,0.0,0.03440649394686636,0.0,0.0884841316072126,0.0,0.0,0.0016605150131216784,0.0,0.030155054509082343,0.04411373703954289,0.0,0.0,0.0,0.010377652516025236,0.0,0.0,0.05849038990439965,0.003494656732245356,0.0,0.04536170353319815,0.0,,0.0,0.0,0.0,0.06616418032115252,0.0,0.008510906302790371,0.0020255387460031337,0.001948912391249774,0.0,0.029957048478195577,0.03383098419626865,0.0,0.0,0.04750450938398569,0.0924914529032022,0.03957729634724204,0.0,0.0,0.020424377314682753,0.03354644893756774,0.01500377743407504,0.0,0.019125749167052918,0.0,0.015161097208952796,0.03481710632443822,0.0,0.0001621558938038595,0.05277885755406352,0.042302665675604076,0.0,0.0,0.0,0.01624680228690122,0.0192960099011652,0.01137758463737358,0.0,0.06448390103048435,0.0,0.020355540032996177,0.020755887749345794,0.003657762319930149,0.034898743621402696,0.0,0.016986713173538108,0.13322175749953177,0.016358817014255896,0.07927969996641926,0.0,0.0,0.00876881508651987,0.0,0.0,0.0,0.04111414601381823,0.07432317692042997,0.0,0.02210713060627378,0.0,0.0,0.06348248638319241,0.039357825843008745,0.0,0.04724205872376239,0.0,0.043314899109674544,0.10149792910964683,0.0,0.02778382783619657,0.10216472641872822,0.0,0.00035560999454406115,0.0,0.0,0.0011951867579019478,0.0,0.0,0.03539623353419852,0.0,0.046859136220264705,0.056504119961243285,0.0,0.0,0.0,0.0016241677792096596,0.0026163709695734786,0.00885024628640218,0.010970974869559494,0.0,0.03164866782351751,0.0,0.051626667621041074,0.019021371417494205,0.0,0.0,0.029752894359441284,0.0,0.0,0.0,0.0028208954170765867,0.07992741691735725,0.02107270458850626,0.0,0.044638107034503736,0.02015059395770793,0.03451404837861572,0.0,0.0,0.0
EG10071_trans,0.02917027614904978,0.0,0.0,0.006664254757367337,0.0,0.0,0.03316585866295743,0.02851946524740152,0.10870333705538904,0.10593375936871541,,0.0,0.0,0.0,0.0506433700209224,0.022713187771967805,0.10997359275682085,0.0,0.07933045063597244,0.007808380130641357,0.0315065847880655,0.03460084885314537,0.0,0.0,0.06418974023307526,0.019594372678743366,0.0033517347062287555,0.013608133525402357,0.0,0.0,0.004623484017459675,0.0330479866379476,0.0,0.005473230977731685,0.10053544146027561,0.02664356588663469,0.0394582073226185,0.029297500033558223,0.013457427042798425,0.0,0.0,0.07022291107566729,0.0,0.012746217643793098,0.0,0.0,0.0,0.0,0.030995196822931014,0.016473866582108324,,0.02281790021774031,0.017316787350993436,0.0,0.03614877207523491,0.009228291431192148,0.07112199789483706,0.0,0.06574396967547615,0.0016700045117971304,0.039433205004856337,0.0,0.0,0.0,0.03692428643598988,0.01076622054520406,0.23400109217286014,0.015721811084099948,0.0,0.018699916428294806,0.009866519188189161,0.01616495573581565,0.00418152971368991,0.03416154900486705,0.021810680069730946,0.0,0.020772923500995324,0.0,0.0,0.0,0.0,0.0,0.0,0.0,0.0,0.0,0.0,0.0,0.06757642519255853,0.12483995080392932,0.04503291012482816,0.025639159036475647,0.021057654475031093,0.012494819240701826,0.0,0.03247766895505703,0.1056432727083595,0.12957992358337847,0.11586642680025563,0.026233124915346552,0.03649762488674491,0.0,0.0,0.0,0.06176247505286589,0.17457426388779534,0.09252756710352254,0.0,0.010672385018266712,0.027863606082623244,0.012162448777608255,0.0,0.0,0.048577982534403596,0.0,0.06412793172302239,0.031375756017416274,0.0,0.003084695252835806,0.012101060306353332,0.0,0.02900274841348163,0.052066865618705466,0.018238304492838944,0.0,0.0,0.0,0.0,0.045165815000732266,0.0,0.04781370393092073,0.0793931503511776,0.07214153184584635,0.0,0.050849112168187216,0.009534877274114334,0.10892251136490859,0.0,0.0,0.0,0.10729428271455389,0.02065066471004116,0.0,0.015348235416359872,0.0029286763224173435,0.0,0.10504607317802343,0.06602923631807282,0.0,0.06821142627195044,0.06130657056120003,0.0,0.0,0.07896015563606804,0.019564594420164762,0.0606047841798021,0.0,0.0,0.026195437501182823,0.04686590472353748
EG10084_trans,0.050860605956372526,0.0,0.014710210578730296,0.0,0.0,0.0,0.0,0.0,0.0510287446021462,0.17845137909787925,,0.0,0.0,0.02555276196556135,0.0442883840550768,0.0,0.04887303285649313,0.0,0.004987839856882419,0.01579670250131245,0.0,0.0,0.0,0.0,0.036750688949964104,0.0,0.005279847429511317,0.05643555495157302,0.0015094472830446087,0.014743013560991633,0.029224594704595548,0.0,0.0,0.020643674127015125,0.0,0.00750184701696264,0.011566891985945517,0.03907171850286835,0.03819538388175492,0.0,0.0,0.0,0.0,0.0,0.0,0.0,0.0,0.008518321857678922,0.020024063913963868,0.046642561333864026,,0.0,0.0,0.0,0.012011567172702242,0.0,0.006102365875020567,0.0,0.023766453653264203,0.0,0.12229715046838277,0.0005019080047850404,0.0,0.0,0.013423784855664587,0.03550008023981745,0.06220871781543853,0.17413338473863227,0.0015094472830446087,0.049060506382339275,0.05039499572587607,0.060781384115978596,0.0,0.0,0.0,0.03908516917249938,0.010789472656829967,0.03170507225080977,0.048173712187836316,0.016022301479542735,0.0510904007755023,0.05885133557347751,0.03714965164856368,0.0,0.02630224459011441,0.0203399768476554,0.0,0.0,0.0532232332845428,0.2335352227054422,0.020650601094842076,0.0,0.01366518991288946,0.053262095784635505,0.05379623078547201,0.07304228825429643,0.22868663194800237,0.04359716586802361,0.035485373471431235,0.0,0.025562310232101013,0.0,0.0,0.0,0.02176494156137481,0.12218668530471151,0.0,0.03244026253633178,0.0,0.022384964644194063,0.015980576833583688,0.0,0.006712487988437375,0.0,0.0,0.009530804861894483,0.0,0.0,0.06267170383850289,0.003643387077007409,0.0,0.08793073558887118,0.021747860457232135,0.0,0.0,0.02156053550540404,0.028509124325088175,0.0,0.050103102195233874,0.0,0.0,0.015871629748420574,0.0,0.0426892222168421,0.0021223136381700552,0.054163096515282436,0.0,0.046228877030834045,0.006426566165362843,0.016433317064970893,0.0,0.03609259251681121,0.0,0.006907087248227054,0.0,0.0,0.03382013265543206,0.1439739774236242,0.0,0.005409830204846374,0.014952441775624718,0.0,0.0,0.0,0.0,0.0289387209751228,0.0,0.0,0.0,0.0
EG10085_trans,0.0,0.00988361565155016,0.0079284994490879,0.0,0.0,0.0,0.03341489694839347,0.2004382237119458,0.0,0.0,,0.02532003476198779,0.0,0.0019920957127244157,0.00023254054082260417,0.0,0.0,0.0,0.0012793564978662172,0.048927713021249195,0.0,0.0033269967354828114,0.0,0.0,0.03264096968757197,0.0,0.0,0.0,0.0,0.014834229596425143,0.0,0.009200198818264572,0.0,0.0028416834816075787,0.0,0.03842178788120724,0.0,0.0,0.016524422731887985,0.0,0.0,0.003225661494346645,0.0,0.0,0.0,0.00920205537943071,0.006451322988693822,0.04091244126845875,0.0,0.0,,0.006451322988693918,0.0,0.006451322988693822,0.0032256614943465484,0.0,0.0,0.003225661494346645,0.0,0.0,0.0,0.006451322988693822,0.0,0.0,0.0,0.0,0.0032256614943465484,0.0,0.0,0.0032256614943465484,0.0,0.0,0.0032256614943465484,0.003225661494346645,0.0,0.0,0.0032256614943465484,0.0032256614943465484,0.0,0.0,0.0,0.0,0.0,0.0032256614943465484,0.0032256614943465484,0.0,0.009676984483041095,0.0013201537016600058,0.036147509300359426,0.03736244209873368,0.009629344047708314,0.0,0.0,0.0,0.0032256614943465484,0.04878443865159165,0.0,0.0,0.0,0.0,0.0,0.0,0.0,0.0,0.022401773157889555,0.08156577003290308,0.0032256614943465484,0.0,0.0032256614943465484,0.0032256614943465484,0.0,0.0,0.0032256614943465484,0.003225661494346645,0.0,0.0,0.0,0.0,0.0032256614943465484,0.003225661494346645,0.0,0.009676984483041095,0.003225661494346645,0.003225661494346645,0.006451322988693822,0.0,0.0032256614943465484,0.0032256614943465484,0.0,0.006451322988693918,0.003225661494346645,0.0,0.0,0.003225661494346645,0.0032256614943465484,0.0032256614943465484,0.006451322988693918,0.0032256614943465484,0.003225661494346645,0.003225661494346645,0.0,0.003225661494346645,0.0,0.006451322988693822,0.0,0.006451322988693822,0.003225661494346645,0.0,0.0032256614943465484,0.0,0.0,0.006451322988693822,0.0,0.0032256614943465484,0.0032256614943465484,0.003225661494346645,0.0032256614943465484,0.0,0.006451322988693822,0.003225661494346645
EG10107_trans,0.18975144845022782,0.0,0.0,0.08257885464138852,0.0,0.0,0.0,0.11884736648162521,0.0,0.12997334501427477,,0.022395079480715088,0.0,0.041273441449898786,0.0,0.04493087138952191,0.07877596004613241,0.018954799481228666,0.0199246128921162,0.0,0.0,0.0,0.07401611358592693,0.031342421686320975,0.030250415016779553,0.0,0.0,0.0,0.010690438404634605,0.28692523126806196,0.0,0.0,0.0,0.015218329393986414,0.0,0.0,0.0,0.0,0.04342399975352725,0.02550692858047785,0.0,0.0,0.048728942493612495,0.0,0.0,0.0,0.0,0.011245853070646282,0.13437241523316493,0.041813716744392854,,0.0,0.020273119274136813,0.09650233128095492,0.03071462423343436,0.0,0.04039396679333619,0.030431760951866393,0.062027228956973254,0.007947584340657595,0.0529742568134747,0.0012345072180407295,0.0,0.019767821588361094,0.0,0.03991323644568514,0.023819253016555946,0.0,0.010690438404634605,0.4773846972939081,0.06795980357740718,0.0,0.0,0.048291867287199156,0.007708827818717906,0.02734344725377411,0.02082435057700994,0.0,0.10200081606611042,0.06481665030231722,0.0,0.0,0.10019793000231572,0.043077943371171365,0.0,0.0,0.005240292829357532,0.0025769306782032777,0.0,0.0817439966969458,0.0,0.0,0.007023236009752634,0.0,0.03105827495623401,0.03198066350063331,0.140541947483163,0.06107232000836118,0.0,0.013735703587268128,0.0,0.015786432541808632,0.06534703616797254,0.019767821588361094,0.0020196933943332188,0.0,0.08294956473525704,0.0,0.0,0.12866138603606292,0.0,0.057369443129740794,0.008095555284730115,0.0,0.05321401709862542,0.036093593608641915,0.0,0.0,0.0,0.10816705063371154,0.0,0.01965673273147954,0.0,0.0,0.01916154492849886,0.0,0.0,0.0,0.11905459401016082,0.08417677751249941,0.03254370869190143,0.0,0.0286132160649396,0.0,0.0,0.007049478865015558,0.03036939934044721,0.0,0.036355884927956994,0.0,0.02680239864294798,0.001483442720895056,0.0024879744360813147,0.0,0.0,0.03647465347480959,0.00782047307939448,0.0,0.0,0.2544992495822238,0.0016432466869006586,0.0,0.0,0.0,0.024296882860107387,0.0653158497020601,0.0,0.0,0.017648694509214212,0.0
EG10108_trans,0.0,0.0,0.03461498034474708,0.017247757643032,0.09456987732707162,0.0,0.0,0.0,0.04369727564155309,0.16505519747124967,,0.06824809794750429,0.0,0.0,0.026656119329213055,0.0,0.10232762638006786,0.04311282701856951,0.016966335921877667,0.0,0.0,0.04500721093703605,0.0,0.009961544877047921,0.07157740111953492,0.029964738508394224,0.0,0.0,0.0,0.01883251961433578,0.0779302500932222,0.014145081012225981,0.0,0.05870013152794336,0.0,0.07185671541676592,0.0,0.1514313875879932,0.019138998348453465,0.04771021707553863,0.04436690250473009,0.02726159751809015,0.011751545893726536,0.0,0.0,0.0,0.0,0.0,0.03753261741142481,0.014810312844782724,,0.012320728784765202,0.009407283555234887,0.01108630195091349,0.01332902776312508,0.0,0.07667987460839806,0.0,0.0,0.025612916576905405,0.033939016155376076,0.0,0.0,0.00628279600870402,0.007424192848447654,0.03845408381315461,0.04898521189845867,0.09473734739324496,0.0,0.07373162217637905,0.13220703439041748,0.0,0.0,0.05769202778532207,0.012414605512356484,0.0507021478800289,0.01007959306543593,0.0014250483283661996,0.06739085402368458,0.011181064751641292,0.03308781608524318,0.0,0.09460511025664634,0.0,0.009842370460623456,0.02535520113842552,0.0,0.0,0.07871759923465098,0.06363027481594213,0.0,0.0,0.0,0.04407326588603436,0.012915680380609067,0.05062426795607525,0.13626930187084157,0.02630077430532955,0.05983386816132651,0.004378221468263573,0.0,0.04104342880218326,0.0566869564873181,0.00628279600870402,0.011158480197174496,0.04380988092085865,0.0,0.0073028517303737085,0.0,0.0,0.004386912005731525,0.03164122641906662,0.0,0.0,0.0,0.0,0.0,0.0,0.0,0.027618725570631383,0.022769226437608304,0.0,0.0,0.0,0.004268150189482973,0.038775114958765775,0.0,0.01541021499987054,0.04270770041296931,0.0,0.0,0.0,0.0,0.0,0.0,0.0,0.0,0.0,0.0,0.0,0.03248030669255024,0.0,0.03173936641992351,0.03465774201024268,0.014717080390921553,0.04616688476810079,0.0,0.021537226372726467,0.03287314320440332,0.0033659299661790553,0.02611971513175035,0.011289793305134079,0.0,0.011043128974774384,0.0,0.009443383388265336,0.0,0.010371136655734027,0.0,0.0
EG10112_trans,0.0,0.0,0.025375012868253517,0.10037678570343199,0.011842958708356572,0.0,0.014493409723866922,0.12729518622531233,0.035481841228194755,0.13735041836286013,,0.0,0.006209321067645895,0.0,0.0,0.0,0.01951913956836256,0.00582352815449342,0.0,0.08288030508605687,0.13115628884240269,0.0,0.0,0.0,0.013024489132463795,0.0,0.0,0.0,0.0,0.0,0.0,0.04634772413341491,0.06997598161666961,0.0,0.05432466705220595,0.05770360863997519,0.0,0.0,0.048408672926871815,0.07194856214162972,0.0,0.0,0.08713601067825269,0.029239026567013257,0.033098948708018903,0.004583366493408199,0.01748397173493465,0.03348376248477685,0.0,0.0,,0.05083723106828173,0.0,0.010190364502967227,0.001983522453892595,0.0,0.015165011654146677,0.0,0.0,0.0,0.020258120375914422,0.0011512631672530352,0.0,0.0,0.008755776510261952,0.0356221463100603,0.0,0.05214887704849796,0.0,0.11161230263461569,0.03956958457683842,0.059582682689379676,0.03152041722998946,0.023627455653073386,0.0,0.03862423039338123,0.0,6.250301820186671e-05,0.0,0.0,0.0,0.0,0.003552137189831891,0.0,0.003755219347697638,0.008740628241077493,0.003883710998266927,0.030787684439126786,0.026342751316169727,0.007425206478923482,0.0,0.0,0.0,0.00415336043992196,0.032059239766427515,0.07552958501408738,0.10995630783176076,0.19195210841532387,0.09543334839250725,0.003957304157885099,0.0,0.0,0.07867632054720532,0.0,0.0,0.12796222042510816,0.023072836866692897,0.008966344127561194,0.0,0.020762797720636033,0.024791687209644652,0.05465374786264474,0.002661454370032656,0.0,0.0,0.0,0.04950761969249917,0.0,0.0,0.09958018265834516,0.0,0.03369674843833999,0.07540751506499162,0.015676531469473953,0.03325756830531721,0.041752229589055376,0.0,0.005986273401617607,0.06981022722560995,0.0,0.0415218763730533,0.028730131070791413,0.011328849552773124,0.0,0.0257011613036239,0.05762036662102648,0.030160428706124936,0.0,0.0,0.02006278467748734,0.06216210908097114,0.013648095514489643,0.030077568848021884,0.020155422860583076,0.11438776700003246,0.0,0.008292911458328904,0.0,0.0,0.09696032241975788,0.014045542081856776,0.0,0.0,0.10892209148901968,0.0,0.02818746953273736,0.0,0.0,0.0,0.0
EG10122_trans,0.0,0.0,0.0,0.0,0.0,0.0,0.0,0.0,0.01068733983308394,0.08205130507008677,,0.0,0.0,0.08703829327337417,0.0,0.0,0.02849398794431881,0.03467526176557907,0.03562248756290491,0.0,0.0,0.0,0.0,0.023147839386649993,0.0,0.0,0.0,0.013039845704392889,0.013301339949880546,0.028625427046264564,0.06737537274324483,0.08244184793002843,0.08881648703016802,0.0,0.0,0.0,0.012022373652894373,0.0,0.004871824300935161,0.0,0.03774936835780622,0.012535741958611929,0.020151638836208213,0.012021817967287381,0.0,0.0,0.0,0.0,0.09160626764376288,0.06252656083683612,,0.10618449775588765,0.0,0.0,0.0,0.0,0.0,0.033424597677172235,0.05239086956975619,0.0,0.008993905993876089,0.006923651632737191,0.07747597657332264,0.01459945768488723,0.0,0.0,0.0,0.010681045083917862,0.013301339949880546,0.05985049132927864,0.044061272948675186,0.0,0.07627300513860762,0.028111350524822824,0.012981971270857928,0.03889015159864194,0.041479253974105595,0.04549940709691794,0.008375405027246081,0.048535193962341176,0.0,0.029316762270147723,0.014386813769154393,0.0,0.03468226806175959,0.0,0.0,0.0,0.022048039742550016,0.06262211268094305,0.0,0.0,0.0,0.050569211999030236,0.0,0.023253568685970536,0.13349731550502839,0.009539348708330968,0.021119858838327454,0.0,0.0,0.0,0.028271707982374526,0.01459945768488723,0.011178988950370644,0.08208277720379632,0.0,0.0,0.048297003617490335,0.053403302013227794,0.05233359119318783,0.03405799285494532,0.10982356254073024,0.0,0.0,0.013957709141760094,0.0,0.013937976430835773,0.09208348143928516,0.020646837398389694,0.0,0.0008889302498042705,0.00599336974354854,0.008909398337144,0.01989882565688937,0.05431697306456649,0.03842203758033916,0.02375565426856899,0.0,0.0,0.0,0.04749564659609576,0.0,0.0,0.0,0.0,0.016854342495916753,0.019234691581435565,0.058008917230465876,0.013837076990916663,0.0,0.044544918999897674,0.03632846252588737,0.03921379342659051,0.00488387037982122,0.0,0.00031865149689169634,0.016740119687955485,0.01049463308846837,0.0,0.0,0.0,0.09132168400160141,0.0,0.0508795900373467,0.0,0.0,0.07793253668644705,0.0,0.0
EG10124_trans,0.0,0.0,0.02146163526187727,0.028150554326680375,0.016750261722626312,0.004120166947800072,0.0,0.0,0.05481732548243668,0.15916894944124707,,0.0,0.08415324049404976,0.0648897788733602,0.014635895749596103,0.0,0.04436812231947103,0.04800929882687714,0.07999609101275688,0.0,0.0,0.0,0.010479883345331556,0.0053768303875254934,0.030620285935032677,0.0,0.009561917210539707,0.052073101200493875,0.00022707099134135631,0.0862029399297542,0.0,0.06926602688667303,0.0,0.09316045038021108,0.043249291269054316,0.0,0.0,0.0,0.011445200674365453,0.0,0.0,0.0,0.04544135856485972,0.0,0.010177196540764382,0.0,0.031543411323797635,0.019697964169173035,0.031920568498731115,0.05582277347548896,,0.05306805090688787,0.0,0.046928141981171144,0.006189765665971329,0.0,0.0739749433577974,0.0,0.06610126631015502,0.0,0.03168482740321932,0.0,0.0,0.0033911937269949567,9.755593615787977e-06,0.0336828486074893,0.013103061710639581,0.061386287696091404,0.00022707099134135631,0.058492895939783976,0.0,0.00024920356688306743,0.0,0.1366655956885774,0.0,0.08286051874039935,0.012817378266794946,0.033417784787396224,0.009590586438053625,0.04506478057955451,0.023276587916048676,0.0,0.0,0.0,0.0,0.0,0.0,0.0,0.001394886642343473,0.02623076102623726,0.0,0.0,0.0298994719707403,0.050112055407789735,0.043441532912644826,0.08159059825229507,0.2316652743820625,0.0,0.10564153456413639,0.009045219572042573,0.0,0.017151646247829534,0.0,0.0033911937269949567,0.0009735918565182537,0.027637603587783235,0.0,0.0,0.049851710948449986,0.02484430498342803,0.0,0.038903169854014936,0.0,0.07212223723894712,0.016177915662667106,0.0,0.0,0.012217256611849397,0.0,0.0,0.0,0.01901847461831189,0.0,0.000956237349947964,0.0,0.007734333709456906,0.0,0.09825680783306191,0.09429945235222657,0.009165921515969875,0.0,0.043833203094905925,0.04927714002619348,0.007489787048652007,0.02659018947128339,0.0013260306020791068,0.007197931074094201,0.04780212387690107,0.0,0.0,0.04542985411195874,0.0,0.0,0.0,0.02285734089625601,0.0,0.0,0.01017827505751714,0.051188899924541134,0.0118061514990197,0.0,0.0,0.0,0.008447981705548838,0.0,0.016860170370265173,0.0,0.0,0.05671712064952627,0.0
EG10129_trans,0.0,0.0,0.0,0.0,0.0,0.0,0.012608815973335364,0.0,0.0,0.11919229475578973,,0.015346902033923514,0.0,0.01430769358954273,0.010152683404729478,0.04701219806733656,0.041145227542452346,0.0,0.05722223249384396,0.0,0.0,0.0,0.0,0.00605242128395453,0.0643145366529996,0.0,0.00393362218087542,0.0,0.0,0.023266385516118857,0.02766771752944873,0.06152631417011158,0.03288536689229083,0.0,0.09404712904166332,0.0,0.0,0.0,0.011427440038793119,0.0476302672198387,0.005211872603289655,0.06079713743174203,0.0,0.0,0.017043224894834334,0.024734534346161945,0.0,0.010018921605685948,0.04880515049835556,0.0511529887667496,,0.0,0.0,0.0016491750339196918,0.010505122676554296,0.0,0.0,0.07461462693078416,0.0717938101547511,0.0,0.11492388475496905,0.0,0.0,0.003817292272952519,0.024213340890323367,0.052517925749769136,0.020278697906510792,0.060583495792252695,0.0,0.10986020557567894,0.0,0.0,0.0,0.0,0.11772346605704792,0.08724498812621666,0.0,0.031072797251005316,0.0,0.018982915640252288,0.0003786641086155837,0.0,0.0,0.0,0.0,0.0,0.11081225132784797,0.0266029520636092,0.0,0.0,0.018313458109648673,0.0,0.0,0.0,0.018740347600174675,0.08303020154568927,0.16173024148209075,0.08892228251549947,0.08918298267476038,0.0,0.057035797832157,0.028295229060952963,0.02412543810943752,0.003817292272952519,0.0,0.0016995268517362987,0.0051131520024715925,0.03270471610426887,0.0,0.07290525416674064,0.0006750244878762356,0.0,0.0,0.0,0.0,0.0,0.0,0.0,0.040184237728697045,0.011433625718231855,0.053807890954799244,0.0,0.0,0.0,0.0,0.0,0.0,0.0,0.0,0.03821356161974428,0.020215246322061713,0.0,0.0,0.0,0.0,0.0,0.010050544002188503,0.0,0.0,0.012163332982556839,0.08841638910564105,0.0,0.012106581652643925,0.0,0.0,0.025278000472873936,0.0229292154305991,0.0321008164560081,0.0,0.040942137368921445,0.0,0.0,0.0,0.0,0.0590782458954052,0.005098474457215262,0.0,0.011475682230245374,0.0,0.0
EG10138_trans,0.026028979728507613,0.0,0.0,0.0,0.0,0.058512130564858524,0.0,0.0,0.07369495813299828,0.07359166201197605,,0.0,0.0057316219646232364,0.0,0.0,0.0,0.036476812670207394,0.0,0.01418878800359826,0.0,0.02429205832028869,0.0,0.0,0.0,0.0,0.0,0.0,0.0,0.0,0.0024631338220290878,0.0,0.0,0.0,0.0,0.0,0.17094490119325753,0.0,0.020939514738029307,0.034234501690687855,0.0,0.05256549052733313,0.0,0.0,0.0,0.0,0.0,0.0,0.0,0.022760005540337608,0.0,,0.03601290566373935,0.01823039461997462,0.0,0.014318541775138777,0.04436122502560912,0.06713601266918667,0.0,0.0,0.04498832238427721,0.011443166556658436,0.0,0.0,0.0,0.043990626644950626,0.02345562066400058,0.0,0.0,0.0,0.13647783007941633,0.0,0.0,0.0,0.07750192813377459,0.0,0.16715113511006288,0.006334556891017579,0.04098659651608834,0.009820095113986065,0.0,0.0,0.0,0.11521462299013958,0.009572235093305868,0.08692362265257822,0.026937378265399332,0.0,0.0,0.046810664058459274,0.048059474193794485,0.12063214774851178,0.02640945858688428,0.048100968412394585,0.0017929788561619744,0.06012758259166602,0.04341905618975842,0.0895932111359975,0.03391175780268304,0.14055940194039868,0.0,0.05690249754873047,0.0,0.012166894504518596,0.0,0.02433417306928968,0.0850538921644889,0.06002010112367423,0.0,0.0,0.0,0.014770304476024499,0.06397297626277974,0.0,0.0043554108589359125,0.013635138904323559,0.0,0.033569282172131294,0.0,0.0,0.0025935473306874517,0.02092124402306087,0.03273546883818728,0.0,0.0004704238313126432,0.0,0.0,0.0,0.0,0.04743519860578312,0.0,0.0,0.022238842299211442,0.04022756417434068,0.0,0.0,0.0,0.056703981151869705,0.0,0.0,0.0,0.04824266911907687,0.0,0.009288830568969992,0.016575809209863047,0.0,0.0070561364225845595,0.0036695008382040917,0.0,0.0,0.02493920012254607,0.05236089541019848,0.0,0.0,0.0,0.0,0.04150683121098983,0.11477062421881758,0.01726080086192423,0.0,0.0
EG10160_trans,0.0,0.0,0.07441099451638053,0.0679091930023131,0.03485384852040349,0.0,0.0,0.0005686849550220885,0.03404393006968987,0.11655168930045916,,0.0,0.0,0.0,0.0,0.0,0.09566917384277401,0.0,0.007378297349483122,0.0,0.0,0.012717487324518877,0.0,0.0538050057633744,0.0,0.0,0.0,0.0,0.03418627984812428,0.0,0.020432828100734542,0.13735326050771196,0.0,0.0,0.0,0.004752542455098996,0.02390910517800219,0.012153156991369414,0.009121115412492303,0.0,0.0,0.011523176581012328,0.01571000249277345,0.006373416837010457,0.0,0.0,0.012199434210376003,0.00835120737315355,0.013656788369799592,0.01657684738211835,,0.0,0.03474223063588966,0.0,0.022079224736055,0.0,0.03826549608687554,0.0,0.0,0.011406554717039953,0.05547263996784154,0.0,0.023892896701531333,0.033935085333732344,0.04515966935561477,0.09715765746730094,0.006529593125772515,0.0374979717063487,0.03418627984812428,0.028846477974886715,0.011606912098257536,0.0,0.025352015917368836,0.053551306914121695,0.09339263449251686,0.02458527356145386,0.27678677575144145,0.0,0.05550355186894404,0.037437741308356656,0.0,0.04849312950818565,0.0008080884942486208,0.0,0.0,0.0,0.01762554019764228,0.10538372273476929,0.014705936746940262,0.0,0.04331607046005881,0.0,0.0,0.043180156568605334,0.005329308761787881,0.07946283313610514,0.14919704531050146,0.09609404993937638,0.1292335813743378,0.0377974991902055,0.0,0.0,0.0,0.033935085333732344,0.014224427526258975,0.0,0.06489164845084884,0.09615087332735911,0.0,0.0623247817317574,0.0,0.0687680991770292,0.02478550891624381,0.0,0.0,0.0,0.07559062934932101,0.0,0.0,0.0,0.032654339420498474,0.0023626896331668933,0.04645681669181517,0.024437428707156334,0.004339149903548383,0.04995065383714675,0.0,0.0,0.0021646739660491033,0.0,0.0,0.017832036076344468,0.0,0.0,0.039937474854254605,0.0,0.0,0.0,0.05655782446395128,0.022843689319731447,0.04379912932515093,0.0,0.0,0.0,0.0,0.0,0.0,0.030531591961495484,0.0,0.0,0.0,0.06855861398306679,0.0,0.038618613283376825,0.06751936622446478,0.13630006300033928,0.06390884276369412,0.0,0.0,0.0
EG10167_trans,0.0,0.08205175091998955,0.0,0.0,0.05487048105883231,0.0,0.05769477986485544,0.012619607477175214,0.0,0.16377188705364928,,0.05696228123402311,0.0,0.0,0.0,0.010852085536134082,0.12983695392781983,0.0,0.0,0.05117043773265569,0.03387321238611248,0.07712749020650463,0.0,0.0,0.0,0.023017675837903775,0.0,0.0,0.0,0.0782925464656376,0.0,0.02782581568512328,0.04990544027962095,0.0,0.0,0.0,0.06451591036588201,0.012451236411671805,0.03219201729823481,0.0503439330246975,0.0025443746857759047,0.03641203759495195,0.012643359759559688,0.0,0.09545103710717387,0.0,0.02421898134925878,0.0,0.07455377663215715,0.03593845788241531,,0.04063160046018223,0.008441450656325055,0.046748869821574404,0.03654286133080892,0.0,0.08195139338624755,0.0,0.010359263264863014,0.0,0.07500372392763423,0.0021713513962816587,0.0,0.0,0.05792495759280929,0.023864407621461775,0.0,0.0,0.0,0.04813984544909779,0.0,0.0,0.035034105787773016,0.0635903680824768,0.004526545129565482,0.17086151476584951,0.04271914813554,0.21342188266174064,0.11285304256318332,0.07075012560041367,0.0,0.038346752295352025,0.049263708912015126,0.0,0.012380878160404507,0.0,0.0,0.0,0.01917759734671707,0.0670746128608018,0.0,0.0022120455161831905,0.0,0.03256296368777384,0.0,0.01689206228603824,0.12086515364089513,0.0,0.04662873918634404,0.0,0.0,0.0,0.03673939741314287,0.0,0.11310580567702433,0.1712557635360128,0.008881543338454147,0.11825412259542963,0.021389285070309856,0.0,0.0,0.0,0.07693041930629413,0.0,0.0,0.041127713844911214,0.0,0.0,0.032262879920170365,0.08836174849815266,0.0,0.029281358777549456,0.0,0.0009330979320827201,0.06853259013545045,0.0,0.0,0.0,0.027981447872308184,0.08616623944082326,0.12982762747628632,0.0,0.0,0.01194053103369513,0.0,0.050711747672883715,0.07363149988689739,0.004566948935887255,0.055951802632840726,0.0,0.09248922405172143,0.015400338126810999,0.0,0.0,0.0,0.056253927589741085,0.0,0.035806068506118,0.050518305345413086,0.0,0.004798803415476317,0.0,0.030424218476980746,0.0,0.08823591615666607,0.0746959952233757,0.021819057787416447,0.013292394891441,0.03172198546141079,0.019875702478294344
EG10170_trans,0.04928414153348814,0.004599962328674038,0.06513731420571924,0.036762682796492634,0.0,0.0,0.012207889022342294,0.0,0.01754121683152451,0.12760100732098462,,0.0,0.052193649478001196,0.0,0.0,0.009033111951785269,0.13335363097608316,0.0,0.03736910252297869,0.0,0.017480487484576156,0.0,0.0,0.0,0.04061010391361561,0.0,0.0,0.0,0.0,0.044530409189997365,0.020218091786902162,0.0,0.052640167248719075,0.0,0.0,0.0,0.0,0.0,0.04014828585305657,0.10644410525836875,0.0,0.0,0.013213002661015305,0.017784812567716343,0.005183368333610191,0.0,0.06273902927426858,0.0,0.018671634039313812,0.05192785053602628,,0.03863766303091629,0.0,0.0617133683266376,0.07886345549675149,0.0,0.0882517631926626,0.0,0.0,0.04940521310289106,0.057956984556344425,0.0,0.0,0.0,0.03007055394647553,0.04321158063036458,0.0,0.019004787038909253,0.0,0.14021727974924147,0.06733617674049797,0.0,0.0,0.019576264727335004,0.026175468758606154,0.11132445471239256,0.0,0.0,0.11675749042476981,0.07437732969488318,0.001759775578546595,0.0,0.0,0.09620930689579371,0.01800020151758011,0.006438925712056896,0.02936991682053283,0.01781768720538816,0.0006736609832926619,0.0,0.056238239088490134,0.018348538770974223,0.020868680331820523,0.0,0.0,0.06919916357779674,0.1804156247430403,0.05043553712005229,0.06305916203955282,0.0,0.013900717485589376,0.02458480783517906,0.0,0.0,0.014276414404144087,0.07491372172888446,0.0,0.02649578979602034,0.0,0.0,0.0,0.0919168901034514,0.021802129024493685,0.0,0.0,0.0,0.0,0.04633157977548428,0.07634114695229134,0.016271238956866108,0.0,0.0,0.006364654719388837,0.023681146714178085,0.020908881872396923,0.016036450977795515,8.926337158417027e-05,0.0,0.06524692927406651,0.0,0.013328531705557945,0.0,0.06529065122414188,0.0,0.023605010283380454,0.020428225063418383,0.07227515967237368,0.0,0.0,0.0,0.049998950068839004,0.03450603533646507,0.0,0.027271699032489105,0.03831517684186138,0.007527207606233804,0.0,0.07476965849250317,0.0,0.039383640657615564,0.03119559457656369,0.03861685961594477,0.0,0.0,0.0,0.008314689545782235,0.025437991811708686,0.0,0.02380236421086645,0.0
EG10172_trans,0.009459105538639545,0.0,0.013666370948696742,0.07115456052746738,0.0,0.0,0.01892608721657736,0.0,0.016975060809089674,0.10599196365308179,,0.0,0.0,0.024213047547048727,0.0,0.0,0.09698711590760407,0.006006452773259639,0.0,0.0,0.006364091271099937,0.0,0.0,0.020651983281683807,0.0,0.0,0.0,0.0,0.0,0.042582677865093815,0.017191081917795916,0.048930205094466335,0.0,0.0,0.0,0.0,0.0,0.06129394109345875,0.03965670129400245,0.09550732239127477,0.01551922734544537,0.0,0.006336101450838768,0.01389891860019442,0.0,0.03136213356494039,0.0,0.0,0.0,0.017383013453010125,,0.011636301720142276,0.00031590809462879064,0.044675388650372905,0.03446646815368032,0.0,0.14522720221481608,0.023983273724326924,0.017985836094708295,0.08113681788676143,0.06498200253606257,0.014765497396507106,0.0,0.013025308798532153,0.0,0.04849900453374407,0.047926781040844066,0.0,0.0,0.07375937539711926,0.0,0.0,0.0,0.007418033886165849,0.024472663406834086,0.06468594414730384,0.0,0.0,0.037686420781180424,0.042165777524099245,0.0,0.0,0.030488003675240117,0.0,0.0,0.0,0.0,0.0,0.04143881593187725,0.11278009082287746,0.0,0.0,0.0,0.016651227320882235,0.012323535820739081,0.00957395170452558,0.09214401764895674,0.03570002996232432,0.057310186973500855,0.0,0.021264845877170604,0.04775587853334254,0.0,0.013025308798532153,0.048172293060484726,0.02330435865731816,0.0,0.0,0.0,0.0,0.021716548475934738,0.0,0.0,0.0,0.0,0.003524658427046058,0.0,0.0,0.0433973237368123,0.05862009617458046,0.0,0.015624183753312974,0.0,0.0,0.0,0.0090583872937762,0.0,0.0,0.021071873951371244,0.0,0.0,0.04380164528273301,0.07491248610451351,0.006800523201200484,0.0,0.0,0.0,0.03081924846235279,0.0,0.05210568633548244,0.0014547982392102915,0.016592235121277468,0.038750123635972605,0.0,0.0,0.0,0.024192209593051336,0.0,0.0,0.0,0.009403784593349904,0.020206474032227546,0.0,0.0,0.0,0.008042681651122052,0.010073944456626767,0.0,0.0,0.027250693984032858
EG10001_transl,0.0,0.0,0.0,0.0,0.004764895956072545,0.10928132680037703,0.0,0.11909647366877314,0.0,0.0,,0.0,0.0,0.0,0.024416489833083435,0.0,0.020195878137946908,0.0250220263888082,0.008456545254043834,0.0,0.009054293544315301,0.0390039634772574,0.04609467105718473,0.128037908102507,0.01664741054564385,0.0,0.0,0.0,0.12276187222246598,0.0006166786289713603,0.018911178742489484,0.0,0.0,0.0,0.00952163098543551,0.0,0.02359808602110307,0.0,0.0,0.019889635373510812,0.015360178145062011,0.0,0.0,0.012193666218562058,0.0,0.03116317306706073,0.005006860244201873,0.0051863029056102355,0.0,0.0,,0.01126617476023278,0.0,0.0,0.018544876040241718,0.0,0.0,0.016971556759223367,0.011635282985933698,0.004749479678392197,0.014176810099785091,0.0,0.0,0.08075414686357722,0.008121077023224734,0.0,0.0,0.0,0.12276187222246598,0.0,0.0,0.0,0.013513128269726194,0.0,0.0,0.024468607848147722,0.019685549897579542,0.0,0.008053731946314077,0.004237350146092054,0.0,0.01065350734732309,0.005470004442021924,0.0,0.00028269246539877916,0.030360960831750636,0.004321340500446353,0.005900800378691956,0.0,0.0,0.0,0.0,0.0070053405417626795,0.005200099051734211,0.018125187354284793,0.0,0.005346841357930621,0.0,0.00050898755223276,0.0,0.008912785106627626,0.018973850251553303,0.0,0.07982402221339445,0.0016529185787071997,0.0,0.0011109111744098928,0.0,0.003993653993283957,0.0,0.024598454903081407,0.0,0.0,0.0,0.0,0.0,0.0,0.0009110193257257024,0.021267836387283634,0.0,0.005693315977693526,0.0,0.0,0.0,0.0,0.006742021115219857,0.0018793157384117964,0.0003581835509614126,0.006519880607513448,0.0,0.006311899822613757,0.006241904378010361,0.0,0.0,0.03428928039153052,0.0,0.02507720246872852,0.001699398637000987,0.0,0.006474260038962796,0.0,0.0,0.004401970922405745,0.016054607592200395,0.012802967050652139,0.008994093010607359,0.0,0.002824646830337475,0.0019832862813307537,0.0,0.0,0.0018545139826525562,0.0008848330896868146,0.0006405890712183377,0.0,0.01587003679062876,0.0010235297215186454,0.0,0.009676984483042063,0.009034172759499987
EG10003_transl,0.0,0.0229794569092318,0.0,0.0,0.04528715782414732,0.0,0.045511961262769324,0.03979422116220695,0.0,0.01901230587279133,,0.09254514039069098,0.0,0.0,0.0,0.0,0.001628740650459137,0.003963991133191567,0.0,0.0,0.0,0.0,0.03229870871956173,0.0,0.026086292434394604,0.0,0.003962156343361083,0.0,0.0,0.0,0.0,0.07034352844139068,0.00031374685065131995,0.0,0.06920468458503075,0.08253561414484877,0.0,0.0,0.00957125863112784,0.0,3.384237459334215e-16,3.384237459334215e-16,3.384237459334215e-16,3.384237459334215e-16,3.384237459334215e-16,0.0,3.384237459334215e-16,0.002681350280037073,3.384237459334215e-16,3.384237459334215e-16,,3.384237459334215e-16,3.384237459334215e-16,3.384237459334215e-16,3.384237459334215e-16,3.384237459334215e-16,3.384237459334215e-16,3.384237459334215e-16,3.384237459334215e-16,3.384237459334215e-16,3.384237459334215e-16,3.384237459334215e-16,0.0,0.0,3.384237459334215e-16,3.384237459334215e-16,3.384237459334215e-16,3.384237459334215e-16,0.0,3.384237459334215e-16,3.384237459334215e-16,3.384237459334215e-16,3.384237459334215e-16,3.384237459334215e-16,3.384237459334215e-16,3.384237459334215e-16,3.384237459334215e-16,3.384237459334215e-16,3.384237459334215e-16,3.384237459334215e-16,0.0,3.384237459334215e-16,0.0,3.384237459334215e-16,3.384237459334215e-16,0.0,3.384237459334215e-16,0.0,0.0,0.0011758078056206772,0.061352485505238114,3.384237459334215e-16,3.384237459334215e-16,0.0007858587576697846,3.384237459334215e-16,0.0,0.0,0.02096675557176224,0.0,3.384237459334215e-16,3.384237459334215e-16,3.384237459334215e-16,0.0,0.0,0.023838374193286015,0.06158968674855115,3.384237459334215e-16,3.384237459334215e-16,3.384237459334215e-16,3.384237459334215e-16,3.384237459334215e-16,0.0,3.384237459334215e-16,3.384237459334215e-16,3.384237459334215e-16,3.384237459334215e-16,3.384237459334215e-16,3.384237459334215e-16,3.384237459334215e-16,3.384237459334215e-16,3.384237459334215e-16,3.384237459334215e-16,3.384237459334215e-16,3.384237459334215e-16,3.384237459334215e-16,3.384237459334215e-16,3.384237459334215e-16,3.384237459334215e-16,3.384237459334215e-16,3.384237459334215e-16,3.384237459334215e-16,3.384237459334215e-16,3.384237459334215e-16,3.384237459334215e-16,3.384237459334215e-16,3.384237459334215e-16,3.384237459334215e-16,3.384237459334215e-16,3.384237459334215e-16,3.384237459334215e-16,3.384237459334215e-16,3.384237459334215e-16,3.384237459334215e-16,3.384237459334215e-16,3.384237459334215e-16,3.384237459334215e-16,3.384237459334215e-16,3.384237459334215e-16,3.384237459334215e-16,3.384237459334215e-16,3.384237459334215e-16,3.384237459334215e-16,3.384237459334215e-16,3.384237459334215e-16,3.384237459334215e-16,3.384237459334215e-16,3.384237459334215e-16,3.384237459334215e-16,3.384237459334215e-16,3.384237459334215e-16
EG10004_transl,0.0,0.0,0.025006446705535118,0.0,0.00904991852104137,0.0,0.0,0.09744568235305658,0.0,0.0,,0.0,0.019003078623630168,0.0,0.0,0.0,0.0,0.00215323981326743,0.0,0.0,0.0,0.0,0.039494866683501766,0.0,0.0,0.0,0.0,0.0,0.0,0.0,0.0,0.0,0.0,0.019009100138780568,0.0,0.0,0.0681354343515312,0.01451896173060166,0.0,0.0,3.384237459334215e-16,3.384237459334215e-16,3.384237459334215e-16,3.384237459334215e-16,3.384237459334215e-16,0.008559350206805401,3.384237459334215e-16,0.0038013704418060536,3.384237459334215e-16,3.384237459334215e-16,,3.384237459334215e-16,3.384237459334215e-16,3.384237459334215e-16,3.384237459334215e-16,3.384237459334215e-16,3.384237459334215e-16,3.384237459334215e-16,3.384237459334215e-16,3.384237459334215e-16,3.384237459334215e-16,3.384237459334215e-16,0.003569781427840684,0.0,3.384237459334215e-16,3.384237459334215e-16,3.384237459334215e-16,3.384237459334215e-16,0.0,3.384237459334215e-16,3.384237459334215e-16,3.384237459334215e-16,3.384237459334215e-16,3.384237459334215e-16,3.384237459334215e-16,3.384237459334215e-16,3.384237459334215e-16,3.384237459334215e-16,3.384237459334215e-16,3.384237459334215e-16,0.030129136949493707,3.384237459334215e-16,0.0009908166032783978,3.384237459334215e-16,3.384237459334215e-16,0.003373971222695942,3.384237459334215e-16,0.0,0.0102142646546471,0.0,0.0,3.384237459334215e-16,3.384237459334215e-16,0.0013241576136556645,3.384237459334215e-16,0.011842944881156128,0.010569364807818322,0.0,0.0,3.384237459334215e-16,3.384237459334215e-16,3.384237459334215e-16,0.01709283200746103,0.0,0.004363656161543552,0.0009493305783802211,3.384237459334215e-16,3.384237459334215e-16,3.384237459334215e-16,3.384237459334215e-16,3.384237459334215e-16,0.001651503971868902,3.384237459334215e-16,3.384237459334215e-16,3.384237459334215e-16,3.384237459334215e-16,3.384237459334215e-16,3.384237459334215e-16,3.384237459334215e-16,3.384237459334215e-16,3.384237459334215e-16,3.384237459334215e-16,3.384237459334215e-16,3.384237459334215e-16,3.384237459334215e-16,3.384237459334215e-16,3.384237459334215e-16,3.384237459334215e-16,3.384237459334215e-16,3.384237459334215e-16,3.384237459334215e-16,3.384237459334215e-16,3.384237459334215e-16,3.384237459334215e-16,3.384237459334215e-16,3.384237459334215e-16,3.384237459334215e-16,3.384237459334215e-16,3.384237459334215e-16,3.384237459334215e-16,3.384237459334215e-16,3.384237459334215e-16,3.384237459334215e-16,3.384237459334215e-16,3.384237459334215e-16,3.384237459334215e-16,3.384237459334215e-16,3.384237459334215e-16,3.384237459334215e-16,3.384237459334215e-16,3.384237459334215e-16,3.384237459334215e-16,3.384237459334215e-16,3.384237459334215e-16,3.384237459334215e-16,3.384237459334215e-16,3.384237459334215e-16,3.384237459334215e-16,3.384237459334215e-16,3.384237459334215e-16
EG10011_transl,0.060899777330576624,0.0,0.0,0.007683332394509419,0.01765641622496434,0.01567293017959999,0.0,0.13685009721957722,0.0,0.0280931590083638,,0.0,0.0,0.0,0.0,0.028020898635103063,0.0,0.0,0.0,0.008805184469215941,0.0060024994434238685,0.0,0.009951362558575516,0.09243156279479263,0.006354634549450381,0.00970344279337799,0.0,0.0,0.06694718006959632,0.0,0.0018427673365100422,0.0,0.025982601195983744,0.02883143666883429,0.0,0.0,0.04990976589002457,0.010511760824748629,0.017395658000090127,0.0,3.384237459334215e-16,3.384237459334215e-16,3.384237459334215e-16,3.384237459334215e-16,3.384237459334215e-16,0.0,3.384237459334215e-16,0.018231117884473715,3.384237459334215e-16,3.384237459334215e-16,,3.384237459334215e-16,3.384237459334215e-16,3.384237459334215e-16,3.384237459334215e-16,3.384237459334215e-16,3.384237459334215e-16,3.384237459334215e-16,3.384237459334215e-16,3.384237459334215e-16,3.384237459334215e-16,3.384237459334215e-16,0.0,0.05829704739306416,3.384237459334215e-16,3.384237459334215e-16,3.384237459334215e-16,3.384237459334215e-16,0.06694718006959632,3.384237459334215e-16,3.384237459334215e-16,3.384237459334215e-16,3.384237459334215e-16,3.384237459334215e-16,3.384237459334215e-16,3.384237459334215e-16,3.384237459334215e-16,3.384237459334215e-16,3.384237459334215e-16,3.384237459334215e-16,0.016869205436632558,3.384237459334215e-16,0.0,3.384237459334215e-16,3.384237459334215e-16,0.024624260111764194,3.384237459334215e-16,0.07356169649553292,0.0724342192188784,0.0,0.032313756538356116,3.384237459334215e-16,3.384237459334215e-16,3.999844066180415e-16,3.384237459334215e-16,0.03573176008463794,0.027909830343032693,0.0,0.007387088200976087,3.384237459334215e-16,3.384237459334215e-16,3.384237459334215e-16,0.022211390301024984,0.05829704739306416,0.00086826457780766,0.008154782522554069,3.384237459334215e-16,3.384237459334215e-16,3.384237459334215e-16,3.384237459334215e-16,3.384237459334215e-16,0.0,3.384237459334215e-16,3.384237459334215e-16,3.384237459334215e-16,3.384237459334215e-16,3.384237459334215e-16,3.384237459334215e-16,3.384237459334215e-16,3.384237459334215e-16,3.384237459334215e-16,3.384237459334215e-16,3.384237459334215e-16,3.384237459334215e-16,3.384237459334215e-16,3.384237459334215e-16,3.384237459334215e-16,3.384237459334215e-16,3.384237459334215e-16,3.384237459334215e-16,3.384237459334215e-16,3.384237459334215e-16,3.384237459334215e-16,3.384237459334215e-16,3.384237459334215e-16,3.384237459334215e-16,3.384237459334215e-16,3.384237459334215e-16,3.384237459334215e-16,3.384237459334215e-16,3.384237459334215e-16,3.384237459334215e-16,3.384237459334215e-16,3.384237459334215e-16,3.384237459334215e-16,3.384237459334215e-16,3.384237459334215e-16,3.384237459334215e-16,3.384237459334215e-16,3.384237459334215e-16,3.384237459334215e-16,3.384237459334215e-16,3.384237459334215e-16,3.384237459334215e-16,3.384237459334215e-16,3.384237459334215e-16,3.384237459334215e-16,3.384237459334215e-16,3.384237459334215e-16,3.384237459334215e-16
EG10013_transl,0.017379141916336313,0.0,0.0,0.0,0.0,0.03620490201385605,0.0,0.0,0.03759890092795257,0.0,,0.0,0.005276456768298584,0.008415353761538838,0.0,0.0,0.0,0.0,0.0,0.03009168607954721,0.026234531037363326,0.008248474616966353,0.015091184782746203,0.032141861655803454,0.0008423366149872043,0.028143298523816522,0.0,0.006218919684572623,0.014314808292847795,0.0,0.009875597959882592,0.002874648697273695,0.0022147925435430627,0.0,0.0,0.0047452603345507,0.028398351296831936,0.060201298150157165,0.044563772668720636,0.0,3.384237459334215e-16,3.384237459334215e-16,3.384237459334215e-16,3.384237459334215e-16,3.384237459334215e-16,0.010499291416225923,3.384237459334215e-16,0.02008801639510896,3.384237459334215e-16,3.384237459334215e-16,,3.384237459334215e-16,3.384237459334215e-16,3.384237459334215e-16,3.384237459334215e-16,3.384237459334215e-16,3.384237459334215e-16,3.384237459334215e-16,3.384237459334215e-16,3.384237459334215e-16,3.384237459334215e-16,3.384237459334215e-16,0.0,0.020272032362036937,3.384237459334215e-16,3.384237459334215e-16,3.384237459334215e-16,3.384237459334215e-16,0.014314808292847795,3.384237459334215e-16,3.384237459334215e-16,3.384237459334215e-16,3.384237459334215e-16,3.384237459334215e-16,3.384237459334215e-16,3.384237459334215e-16,3.384237459334215e-16,3.384237459334215e-16,3.384237459334215e-16,3.384237459334215e-16,0.0,3.384237459334215e-16,0.0,3.384237459334215e-16,3.384237459334215e-16,0.011337204974169547,3.384237459334215e-16,0.019438106161799973,0.0,0.0,0.0,3.384237459334215e-16,3.384237459334215e-16,3.999844066180415e-16,3.384237459334215e-16,0.0,0.02022942906236209,0.0,0.0,3.384237459334215e-16,3.384237459334215e-16,3.384237459334215e-16,0.008768067141846048,0.020272032362036937,0.0,0.003524134410684514,3.384237459334215e-16,3.384237459334215e-16,3.384237459334215e-16,3.384237459334215e-16,3.384237459334215e-16,0.0,3.384237459334215e-16,3.384237459334215e-16,3.384237459334215e-16,3.384237459334215e-16,3.384237459334215e-16,3.384237459334215e-16,3.384237459334215e-16,3.384237459334215e-16,3.384237459334215e-16,3.384237459334215e-16,3.384237459334215e-16,3.384237459334215e-16,3.384237459334215e-16,3.384237459334215e-16,3.384237459334215e-16,3.384237459334215e-16,3.384237459334215e-16,3.384237459334215e-16,3.384237459334215e-16,3.384237459334215e-16,3.384237459334215e-16,3.384237459334215e-16,3.384237459334215e-16,3.384237459334215e-16,3.384237459334215e-16,3.384237459334215e-16,3.384237459334215e-16,3.384237459334215e-16,3.384237459334215e-16,3.384237459334215e-16,3.384237459334215e-16,3.384237459334215e-16,3.384237459334215e-16,3.384237459334215e-16,3.384237459334215e-16,3.384237459334215e-16,3.384237459334215e-16,3.384237459334215e-16,3.384237459334215e-16,3.384237459334215e-16,3.384237459334215e-16,3.384237459334215e-16,3.384237459334215e-16,3.384237459334215e-16,3.384237459334215e-16,3.384237459334215e-16,3.384237459334215e-16,3.384237459334215e-16
EG10014_transl,0.0,0.05250819406925466,0.0,0.023013808042876453,0.039990764550485995,0.0,0.02775234148219178,0.040859745523730104,0.03884965943687304,0.14467756221222342,,0.00018030225421846282,0.022078485075770014,0.04410675500196639,0.04879492532087383,0.0,0.18149012787271507,0.006088364024424612,0.022015502368710704,0.005740887805803159,0.01970241485138504,0.0,0.0,0.0,0.0,0.0,0.061162341776032504,0.0,0.0,0.024591591237597805,0.02832954075843416,0.0,0.0530270563417831,0.0,0.032632338816370884,0.01785167571261355,0.023710429966366374,0.0,0.036352674846108324,0.0,0.013894139415266469,0.0,0.0,0.015586830170685774,0.03223781548942926,0.001284371338370804,0.0,0.0,0.1055860228859257,0.05101410006249108,,0.0,0.0,0.08409173550042409,0.0979665625331621,0.0,0.09131227333273956,0.0,0.0387664457595261,0.0,0.022177113523025725,0.0,0.05118086452963163,0.0,0.09162688222797817,0.0,0.0,0.0,0.0,0.1379219166914069,0.031267861165325886,0.0,0.0,0.0,0.028702429229595067,0.0736112035617485,0.0,0.0,0.016993287798447207,0.00011476256316478364,0.0,0.0,0.00663082707630122,0.0,0.008429260380128438,0.0,0.0,0.0,0.0906644785160603,0.06566991644773645,0.018820527869915622,0.016283964141990334,0.0,0.14745557238858994,0.022619883058565986,0.051076766554517684,0.17279191262868374,0.052935087416329386,0.08907975626305221,0.014546272099597479,0.0,0.0,0.008915230885822767,0.0,0.051346376412719025,0.03339014682305765,0.042823696202664525,0.0,0.027742172839591864,0.0,0.0,0.022862585742096566,0.01894992170436839,0.0,0.0,0.08453863986586169,0.0,0.0,0.035701499969111795,0.03395929143477787,0.024030931731668342,0.0,0.08574726745884871,0.039592348417979144,0.03894867682936299,0.0037853179289437655,0.0810700432427035,0.0,0.05249203912415782,0.0,0.0,0.0748849657395987,0.0198955228532637,0.07022046252092569,0.07758065469620114,0.0,0.049680081963275446,0.10517970686507665,0.0,0.010855019880973113,0.06248948664052307,0.011702211350203268,0.0,0.022854715100610483,0.0456410446446674,0.0,0.0,0.0,0.0,0.07221961056525078,0.1066710615005372,0.006740592807211613,0.00735708217929133,0.021731339507600672,0.0,0.007049429008364717,0.0,0.04049041231024722,0.015509781203361325,0.03314237992377771
EG10015_transl,0.021410524539550137,0.03179255864524871,0.03292304631039826,0.0,0.0,0.03127336341247754,0.0,0.0,0.0,0.0,,0.0,0.0,0.0,0.0074613340238058766,0.0,0.013529175094231688,0.0,0.0,0.0,0.0,0.0,0.0,0.005827629469308602,0.006891613147093485,0.0,0.008553987018723501,0.01662053908018892,0.009174547608548394,0.0,7.78341293418454e-05,0.006096440295125635,0.0,0.0,0.0,0.0,0.02841122226153431,0.0,0.01432953789175022,0.03187959776836364,3.384237459334215e-16,3.384237459334215e-16,3.384237459334215e-16,3.384237459334215e-16,3.384237459334215e-16,0.0214588107639809,3.384237459334215e-16,0.0,3.384237459334215e-16,3.384237459334215e-16,,3.384237459334215e-16,3.384237459334215e-16,3.384237459334215e-16,3.384237459334215e-16,3.384237459334215e-16,3.384237459334215e-16,3.384237459334215e-16,3.384237459334215e-16,3.384237459334215e-16,3.384237459334215e-16,3.384237459334215e-16,0.009338201790381763,0.0036755149549482754,3.384237459334215e-16,3.384237459334215e-16,3.384237459334215e-16,3.384237459334215e-16,0.009174547608548394,3.384237459334215e-16,3.384237459334215e-16,3.384237459334215e-16,3.384237459334215e-16,3.384237459334215e-16,3.384237459334215e-16,3.384237459334215e-16,3.384237459334215e-16,3.384237459334215e-16,3.384237459334215e-16,3.384237459334215e-16,0.03104091286012469,3.384237459334215e-16,0.0,3.384237459334215e-16,3.384237459334215e-16,0.0,3.384237459334215e-16,0.0,0.0,0.0,0.0,3.384237459334215e-16,3.384237459334215e-16,3.999844066180415e-16,3.384237459334215e-16,0.0,0.0,0.00886053892588425,0.0,3.384237459334215e-16,3.384237459334215e-16,3.384237459334215e-16,0.0,0.0036755149549482754,0.0,0.0,3.384237459334215e-16,3.384237459334215e-16,3.384237459334215e-16,3.384237459334215e-16,3.384237459334215e-16,0.0006753820087456961,3.384237459334215e-16,3.384237459334215e-16,3.384237459334215e-16,3.384237459334215e-16,3.384237459334215e-16,3.384237459334215e-16,3.384237459334215e-16,3.384237459334215e-16,3.384237459334215e-16,3.384237459334215e-16,3.384237459334215e-16,3.384237459334215e-16,3.384237459334215e-16,3.384237459334215e-16,3.384237459334215e-16,3.384237459334215e-16,3.384237459334215e-16,3.384237459334215e-16,3.384237459334215e-16,3.384237459334215e-16,3.384237459334215e-16,3.384237459334215e-16,3.384237459334215e-16,3.384237459334215e-16,3.384237459334215e-16,3.384237459334215e-16,3.384237459334215e-16,3.384237459334215e-16,3.384237459334215e-16,3.384237459334215e-16,3.384237459334215e-16,3.384237459334215e-16,3.384237459334215e-16,3.384237459334215e-16,3.384237459334215e-16,3.384237459334215e-16,3.384237459334215e-16,3.384237459334215e-16,3.384237459334215e-16,3.384237459334215e-16,3.384237459334215e-16,3.384237459334215e-16,3.384237459334215e-16,3.384237459334215e-16,3.384237459334215e-16,3.384237459334215e-16,3.384237459334215e-16,3.384237459334215e-16
EG10016_transl,0.0,0.0,0.0,0.02858596880695582,0.0073063610107392,0.03323709918387978,0.0,0.11173459076073304,0.0006227552277727084,0.0,,0.0037627521099314163,0.0,0.012342798429540659,0.0,0.07155595341910027,0.0,0.0,0.0,0.0,0.0,0.0,0.0,0.008212820745535669,0.007878400602404618,0.02042516514573021,0.0,0.0,0.08564818989409144,0.0,0.0024496350651360627,0.0,0.0,0.0,0.0,0.019295650447197072,0.0,0.0,0.005629931008828988,0.0,3.384237459334215e-16,3.384237459334215e-16,3.384237459334215e-16,3.384237459334215e-16,3.384237459334215e-16,0.011665260825392681,3.384237459334215e-16,0.026989748444186494,3.384237459334215e-16,3.384237459334215e-16,,3.384237459334215e-16,3.384237459334215e-16,3.384237459334215e-16,3.384237459334215e-16,3.384237459334215e-16,3.384237459334215e-16,3.384237459334215e-16,3.384237459334215e-16,3.384237459334215e-16,3.384237459334215e-16,3.384237459334215e-16,0.0,0.005179866982192871,3.384237459334215e-16,3.384237459334215e-16,3.384237459334215e-16,3.384237459334215e-16,0.08564818989409144,3.384237459334215e-16,3.384237459334215e-16,3.384237459334215e-16,3.384237459334215e-16,3.384237459334215e-16,3.384237459334215e-16,3.384237459334215e-16,3.384237459334215e-16,3.384237459334215e-16,3.384237459334215e-16,3.384237459334215e-16,0.0,3.384237459334215e-16,0.0,3.384237459334215e-16,3.384237459334215e-16,0.039911880353562475,3.384237459334215e-16,0.018900900374505657,0.0,0.0,0.0,3.384237459334215e-16,3.384237459334215e-16,0.0,3.384237459334215e-16,0.0,0.0,0.0,0.004277533296750085,3.384237459334215e-16,3.384237459334215e-16,3.384237459334215e-16,0.005732392347824835,0.005179866982192871,0.0,0.0,3.384237459334215e-16,3.384237459334215e-16,3.384237459334215e-16,3.384237459334215e-16,3.384237459334215e-16,0.0,3.384237459334215e-16,3.384237459334215e-16,3.384237459334215e-16,3.384237459334215e-16,3.384237459334215e-16,3.384237459334215e-16,3.384237459334215e-16,3.384237459334215e-16,3.384237459334215e-16,3.384237459334215e-16,3.384237459334215e-16,3.384237459334215e-16,3.384237459334215e-16,3.384237459334215e-16,3.384237459334215e-16,3.384237459334215e-16,3.384237459334215e-16,3.384237459334215e-16,3.384237459334215e-16,3.384237459334215e-16,3.384237459334215e-16,3.384237459334215e-16,3.384237459334215e-16,3.384237459334215e-16,3.384237459334215e-16,3.384237459334215e-16,3.384237459334215e-16,3.384237459334215e-16,3.384237459334215e-16,3.384237459334215e-16,3.384237459334215e-16,3.384237459334215e-16,3.384237459334215e-16,3.384237459334215e-16,3.384237459334215e-16,3.384237459334215e-16,3.384237459334215e-16,3.384237459334215e-16,3.384237459334215e-16,3.384237459334215e-16,3.384237459334215e-16,3.384237459334215e-16,3.384237459334215e-16,3.384237459334215e-16,3.384237459334215e-16,3.384237459334215e-16,3.384237459334215e-16,3.384237459334215e-16
EG10017_transl,0.02300404857019117,0.054901143635362915,0.012522825370650645,0.03211839411244458,0.04857331126640742,0.0,0.039884769687082836,0.0,0.0005344841191226141,0.0,,0.0,0.0,0.0,0.005671507079648846,0.014034361929315996,0.015562626726470522,0.019462870449870075,0.0,0.021801614532853217,0.038968431702479676,0.0,0.05125961601926494,0.0,0.0,0.07499954071605018,0.02029779677980451,0.0,0.0,0.02607352158677859,0.0018201100601222986,0.09472770706850099,0.0827554478289364,0.009969926376721172,0.0,0.0,0.0,0.0,0.0,0.013232429036784385,3.384237459334215e-16,3.384237459334215e-16,3.384237459334215e-16,3.384237459334215e-16,3.384237459334215e-16,0.0,3.384237459334215e-16,0.00016479271260175666,3.384237459334215e-16,3.384237459334215e-16,,3.384237459334215e-16,3.384237459334215e-16,3.384237459334215e-16,3.384237459334215e-16,3.384237459334215e-16,3.384237459334215e-16,3.384237459334215e-16,3.384237459334215e-16,3.384237459334215e-16,3.384237459334215e-16,3.384237459334215e-16,0.004038578160131003,0.0,3.384237459334215e-16,3.384237459334215e-16,3.384237459334215e-16,3.384237459334215e-16,0.0,3.384237459334215e-16,3.384237459334215e-16,3.384237459334215e-16,3.384237459334215e-16,3.384237459334215e-16,3.384237459334215e-16,3.384237459334215e-16,3.384237459334215e-16,3.384237459334215e-16,3.384237459334215e-16,3.384237459334215e-16,0.0,3.384237459334215e-16,0.0,3.384237459334215e-16,3.384237459334215e-16,0.0,3.384237459334215e-16,0.0,0.007255874623864071,0.0,0.0,3.384237459334215e-16,3.384237459334215e-16,0.0005259208609021046,3.384237459334215e-16,0.0,0.0,0.0,0.0022728871166613827,3.384237459334215e-16,3.384237459334215e-16,3.384237459334215e-16,0.0,0.0,0.0,0.0,3.384237459334215e-16,3.384237459334215e-16,3.384237459334215e-16,3.384237459334215e-16,3.384237459334215e-16,0.002286298987200199,3.384237459334215e-16,3.384237459334215e-16,3.384237459334215e-16,3.384237459334215e-16,3.384237459334215e-16,3.384237459334215e-16,3.384237459334215e-16,3.384237459334215e-16,3.384237459334215e-16,3.384237459334215e-16,3.384237459334215e-16,3.384237459334215e-16,3.384237459334215e-16,3.384237459334215e-16,3.384237459334215e-16,3.384237459334215e-16,3.384237459334215e-16,3.384237459334215e-16,3.384237459334215e-16,3.384237459334215e-16,3.384237459334215e-16,3.384237459334215e-16,3.384237459334215e-16,3.384237459334215e-16,3.384237459334215e-16,3.384237459334215e-16,3.384237459334215e-16,3.384237459334215e-16,3.384237459334215e-16,3.384237459334215e-16,3.384237459334215e-16,3.384237459334215e-16,3.384237459334215e-16,3.384237459334215e-16,3.384237459334215e-16,3.384237459334215e-16,3.384237459334215e-16,3.384237459334215e-16,3.384237459334215e-16,3.384237459334215e-16,3.384237459334215e-16,3.384237459334215e-16,3.384237459334215e-16,3.384237459334215e-16,3.384237459334215e-16,3.384237459334215e-16,3.384237459334215e-16,3.384237459334215e-16
EG10018_transl,0.009307800875343148,0.1519635682349679,0.031153403545821516,0.06516133213284812,0.08449799327994448,0.061476716998285004,0.042225795096643606,0.10981932088382071,0.0782539778867576,0.06510551383422004,,0.030021883861801327,0.10620152677601329,0.02279103429524856,0.0,0.06171745514454341,0.008561140920249639,0.006550189945968318,0.0,0.029961244184579034,0.16470034124822994,0.11428402584270504,0.012362673570746116,0.0986017377198859,0.010417904268255113,0.0030731653289781157,0.029984583059735084,0.0,0.08892893398917125,0.02497668101382518,0.0,0.06068711748289301,0.05407559045139419,0.026638724775880078,0.015687055415430147,0.14564783124454167,0.10284680122965704,0.005029101443104838,0.03576689680289583,0.028522531930840433,3.384237459334215e-16,3.384237459334215e-16,3.384237459334215e-16,3.384237459334215e-16,3.384237459334215e-16,0.022748054275628826,3.384237459334215e-16,0.004170664703876186,3.384237459334215e-16,3.384237459334215e-16,,3.384237459334215e-16,3.384237459334215e-16,3.384237459334215e-16,3.384237459334215e-16,3.384237459334215e-16,3.384237459334215e-16,3.384237459334215e-16,3.384237459334215e-16,3.384237459334215e-16,3.384237459334215e-16,3.384237459334215e-16,0.0,0.062188607474442804,3.384237459334215e-16,3.384237459334215e-16,3.384237459334215e-16,3.384237459334215e-16,0.08892893398917125,3.384237459334215e-16,3.384237459334215e-16,3.384237459334215e-16,3.384237459334215e-16,3.384237459334215e-16,3.384237459334215e-16,3.384237459334215e-16,3.384237459334215e-16,3.384237459334215e-16,3.384237459334215e-16,3.384237459334215e-16,0.06935001416498948,3.384237459334215e-16,0.022645538427728772,3.384237459334215e-16,3.384237459334215e-16,0.029960622199288654,3.384237459334215e-16,0.008115643514822126,0.06599663739885375,0.0,0.10488810375645079,3.384237459334215e-16,3.384237459334215e-16,0.0005198757935355314,3.384237459334215e-16,0.013744987444419066,0.0,0.02687937372296799,0.0,3.384237459334215e-16,3.384237459334215e-16,3.384237459334215e-16,0.034349881504437366,0.062188607474442804,0.04943354122316037,0.02294549219543621,3.384237459334215e-16,3.384237459334215e-16,3.384237459334215e-16,3.384237459334215e-16,3.384237459334215e-16,0.0,3.384237459334215e-16,3.384237459334215e-16,3.384237459334215e-16,3.384237459334215e-16,3.384237459334215e-16,3.384237459334215e-16,3.384237459334215e-16,3.384237459334215e-16,3.384237459334215e-16,3.384237459334215e-16,3.384237459334215e-16,3.384237459334215e-16,3.384237459334215e-16,3.384237459334215e-16,3.384237459334215e-16,3.384237459334215e-16,3.384237459334215e-16,3.384237459334215e-16,3.384237459334215e-16,3.384237459334215e-16,3.384237459334215e-16,3.384237459334215e-16,3.384237459334215e-16,3.384237459334215e-16,3.384237459334215e-16,3.384237459334215e-16,3.384237459334215e-16,3.384237459334215e-16,3.384237459334215e-16,3.384237459334215e-16,3.384237459334215e-16,3.384237459334215e-16,3.384237459334215e-16,3.384237459334215e-16,3.384237459334215e-16,3.384237459334215e-16,3.384237459334215e-16,3.384237459334215e-16,3.384237459334215e-16,3.384237459334215e-16,3.384237459334215e-16,3.384237459334215e-16,3.384237459334215e-16,3.384237459334215e-16,3.384237459334215e-16,3.384237459334215e-16,3.384237459334215e-16,3.384237459334215e-16
EG10026_transl,0.028484450963159755,0.044262315832304,0.003563976750870374,0.0657103497350669,0.015902560332773204,0.027206203804872355,0.12016427077836958,0.05678980366440459,0.00276566853886368,0.05875245723685385,,0.114741432652118,0.006988372903021726,0.0017842633383723524,0.011170941090404087,0.036015328303009526,0.009705018187555101,0.06058974743717705,0.0,0.046279180473718734,0.03399640480707617,0.0,0.08238965745718946,0.2571484845044421,0.0,0.06724117984612812,0.042011060620826234,0.0,0.275855626147879,0.004015667673514195,0.002956566310700723,0.014873261369482308,0.019798120937367887,0.01526837027995787,0.0,0.1118482159627014,0.027388773211591055,0.09089927998799004,0.0,0.07900435971833222,3.384237459334215e-16,3.384237459334215e-16,3.384237459334215e-16,3.384237459334215e-16,3.384237459334215e-16,0.0,3.384237459334215e-16,0.005012031034700122,3.384237459334215e-16,3.384237459334215e-16,,3.384237459334215e-16,3.384237459334215e-16,3.384237459334215e-16,3.384237459334215e-16,3.384237459334215e-16,3.384237459334215e-16,3.384237459334215e-16,3.384237459334215e-16,3.384237459334215e-16,3.384237459334215e-16,3.384237459334215e-16,0.0,0.16218483097047282,3.384237459334215e-16,3.384237459334215e-16,3.384237459334215e-16,3.384237459334215e-16,0.275855626147879,3.384237459334215e-16,3.384237459334215e-16,3.384237459334215e-16,3.384237459334215e-16,3.384237459334215e-16,3.384237459334215e-16,3.384237459334215e-16,3.384237459334215e-16,3.384237459334215e-16,3.384237459334215e-16,3.384237459334215e-16,0.027648623117185873,3.384237459334215e-16,0.0782972081044131,3.384237459334215e-16,3.384237459334215e-16,0.021268624455631515,3.384237459334215e-16,0.08609802313370336,0.0945240047619723,0.0,0.1617657686290942,3.384237459334215e-16,3.384237459334215e-16,3.999844066180415e-16,3.384237459334215e-16,0.017858469203429064,0.023436225851327673,0.023944574703561615,0.005532524617205311,3.384237459334215e-16,3.384237459334215e-16,3.384237459334215e-16,0.01697017882683565,0.16218483097047282,0.12323683028931906,0.09466755056127131,3.384237459334215e-16,3.384237459334215e-16,3.384237459334215e-16,3.384237459334215e-16,3.384237459334215e-16,0.0,3.384237459334215e-16,3.384237459334215e-16,3.384237459334215e-16,3.384237459334215e-16,3.384237459334215e-16,3.384237459334215e-16,3.384237459334215e-16,3.384237459334215e-16,3.384237459334215e-16,3.384237459334215e-16,3.384237459334215e-16,3.384237459334215e-16,3.384237459334215e-16,3.384237459334215e-16,3.384237459334215e-16,3.384237459334215e-16,3.384237459334215e-16,3.384237459334215e-16,3.384237459334215e-16,3.384237459334215e-16,3.384237459334215e-16,3.384237459334215e-16,3.384237459334215e-16,3.384237459334215e-16,3.384237459334215e-16,3.384237459334215e-16,3.384237459334215e-16,3.384237459334215e-16,3.384237459334215e-16,3.384237459334215e-16,3.384237459334215e-16,3.384237459334215e-16,3.384237459334215e-16,3.384237459334215e-16,3.384237459334215e-16,3.384237459334215e-16,3.384237459334215e-16,3.384237459334215e-16,3.384237459334215e-16,3.384237459334215e-16,3.384237459334215e-16,3.384237459334215e-16,3.384237459334215e-16,3.384237459334215e-16,3.384237459334215e-16,3.384237459334215e-16,3.384237459334215e-16,3.384237459334215e-16
EG10028_transl,0.0,0.0,0.02085803477570019,0.020631982976936403,0.0,0.0,0.0,0.0,0.0,0.0,,0.0,0.0,0.013477232537075548,0.0,0.008376898873899419,0.0,0.0,0.0,0.0,0.02234327264613639,0.00159018285499531,0.0,0.0,4.8241378477644645e-05,0.0,0.0,0.04164379366178553,0.0,0.007993022400125147,0.0,0.0,0.0,0.0,0.0009181076192527381,0.0,0.014748291442878949,0.021354229624399233,0.0,0.0,3.384237459334215e-16,3.384237459334215e-16,3.384237459334215e-16,3.384237459334215e-16,3.384237459334215e-16,0.0,3.384237459334215e-16,0.0,3.384237459334215e-16,3.384237459334215e-16,,3.384237459334215e-16,3.384237459334215e-16,3.384237459334215e-16,3.384237459334215e-16,3.384237459334215e-16,3.384237459334215e-16,3.384237459334215e-16,3.384237459334215e-16,3.384237459334215e-16,3.384237459334215e-16,3.384237459334215e-16,0.03674544081777113,0.0,3.384237459334215e-16,3.384237459334215e-16,3.384237459334215e-16,3.384237459334215e-16,0.0,3.384237459334215e-16,3.384237459334215e-16,3.384237459334215e-16,3.384237459334215e-16,3.384237459334215e-16,3.384237459334215e-16,3.384237459334215e-16,3.384237459334215e-16,3.384237459334215e-16,3.384237459334215e-16,3.384237459334215e-16,0.004081616568732998,3.384237459334215e-16,0.00929887602827944,3.384237459334215e-16,3.384237459334215e-16,0.0,3.384237459334215e-16,0.0,0.0,0.019438823146800784,0.020239873610591402,3.384237459334215e-16,3.384237459334215e-16,0.0010457966544374646,3.384237459334215e-16,0.012217538746308298,0.005101058782479714,0.0,0.0,3.384237459334215e-16,3.384237459334215e-16,3.384237459334215e-16,0.02991206299423264,0.0,0.0,0.0,3.384237459334215e-16,3.384237459334215e-16,3.384237459334215e-16,3.384237459334215e-16,3.384237459334215e-16,0.0,3.384237459334215e-16,3.384237459334215e-16,3.384237459334215e-16,3.384237459334215e-16,3.384237459334215e-16,3.384237459334215e-16,3.384237459334215e-16,3.384237459334215e-16,3.384237459334215e-16,3.384237459334215e-16,3.384237459334215e-16,3.384237459334215e-16,3.384237459334215e-16,3.384237459334215e-16,3.384237459334215e-16,3.384237459334215e-16,3.384237459334215e-16,3.384237459334215e-16,3.384237459334215e-16,3.384237459334215e-16,3.384237459334215e-16,3.384237459334215e-16,3.384237459334215e-16,3.384237459334215e-16,3.384237459334215e-16,3.384237459334215e-16,3.384237459334215e-16,3.384237459334215e-16,3.384237459334215e-16,3.384237459334215e-16,3.384237459334215e-16,3.384237459334215e-16,3.384237459334215e-16,3.384237459334215e-16,3.384237459334215e-16,3.384237459334215e-16,3.384237459334215e-16,3.384237459334215e-16,3.384237459334215e-16,3.384237459334215e-16,3.384237459334215e-16,3.384237459334215e-16,3.384237459334215e-16,3.384237459334215e-16,3.384237459334215e-16,3.384237459334215e-16,3.384237459334215e-16,3.384237459334215e-16
EG10030_transl,0.049192586443639184,0.0,0.0,0.0,0.0,0.0,0.0,0.11705540233872991,0.0,0.026501578933077752,,0.026378662944887152,0.0,0.01189062052333001,0.007269502823738086,0.0,0.03493961235568725,0.03212123159460807,0.0,0.0,0.0,0.040162898589758134,0.01041182208110966,0.0,0.0,0.0,0.0,0.0,0.0,0.0,0.0,0.0,0.06852979308762673,0.04879949894172924,0.0,0.01929969049930153,0.09144785738410668,0.0,0.0,0.01644340354182494,0.0,0.0026402174319939157,0.05370483709031035,0.0,0.0,0.0,0.0011182337279858558,0.022000487557349402,0.00375857399486557,0.0,,0.0,0.04528951750303368,0.0,0.0,0.09165193094532824,0.0,0.01788230756570645,0.0,0.0,0.0,0.0,0.0,0.0,0.0,0.007129481617888744,0.0,0.049808919872474974,0.0,0.0,0.0,0.0,0.030397027988116176,0.0,0.021578621552039056,0.01709935254807624,0.0,0.029962224557021726,0.0,0.0,0.0,0.0,0.029423703969414374,0.0,0.0,0.05089251886466854,0.0,0.0,0.0,0.012457089641350248,0.0,0.01785937908638023,0.0,0.0,0.0,0.0056175502059863415,0.019483339573564486,0.0,0.0,0.0,0.02022506673837784,0.024163097988960967,0.0,0.0,0.0,0.0,0.009173848810991134,0.0032107335571070245,0.0,0.057680674826780694,0.019190734772989906,0.0,0.02223810466529299,0.017962435905189686,0.03392299947173735,0.0,0.006446327630973595,0.0,0.0611655962994559,0.0,0.0,0.0,0.0,0.0,0.010757867576068256,0.02494488219731144,0.0,0.0,0.0,0.055088841820460935,0.01827387945001856,0.0011169148335405897,0.0,0.0,0.0,0.0,0.0,0.017556751951821752,0.0,0.014569060245101512,0.014628253913160616,0.0,0.021890959103895203,0.0,0.01645915286589074,0.012336359308273013,0.0,0.04585751282035226,0.00380413702505031,0.0,0.021757909778621444,0.0,0.0,0.016544402244120272,0.017726582814901304,0.0,0.0,0.0,0.0,0.0
EG10031_transl,0.035814828276578725,0.0,0.0,0.0009016794524004259,0.0,0.0,0.0,0.0,0.001996160548203372,0.12613774410287698,,0.0,0.0,0.019000152411914214,0.11730120386617188,0.0,0.06996369701834915,0.0272506841500241,0.01986321260116455,0.0,0.0,0.0,0.0,0.0,0.0,0.0,0.0,0.0,0.0,0.0031313056157792956,0.008362213279441564,0.0,0.0,0.0,0.0,0.0,0.0,0.0,0.0,0.031941933947590276,0.055558039200200526,0.05972213329431757,0.004548415631912089,0.022976729147458963,0.0,0.0,0.013165196933017036,0.0,0.0,0.0,,0.033404955744757756,0.0,0.04470790751140041,0.0,0.0,0.04968566010158112,0.0,0.031829920552775344,0.0,0.0,0.008182736175157773,0.0009995074443450262,0.0,0.0,0.002317210736008195,0.0,0.0,0.0,0.060992216122442794,0.003185603310590291,0.0,0.03568675227875501,0.015498539343519012,0.023290149325651842,0.025172112735179532,0.0022911176186950167,0.0,0.0,0.0,0.07918818734371512,0.02015744933987724,0.0,0.05279992957185895,0.01680764092878261,0.019023399547403196,0.0,0.0,0.016492037004770962,0.027081079465827145,0.018557239193605822,0.04699694351290438,0.0,0.049163605073679124,0.0,0.04716575715998349,0.09339440755314167,0.023007100336414302,0.1149903526624127,0.002302923781614352,0.0,0.0,0.042276939500955665,0.0,0.0,0.0009606568623729957,0.0,0.0,0.0,0.018030496615754482,0.03659075486635433,0.0,0.01900702883550025,0.005852427320177656,0.008799559486410273,0.030173268653653884,0.011494657934834548,0.0,0.07098076682914316,0.03905040405489827,0.014731076133677754,0.0,0.010373013160677179,0.0619003862520793,0.03695363666447591,0.009380692454666217,0.011678693201844743,0.0,0.02335637649010608,0.09150639666532731,0.050473835717349605,0.12555747601713727,0.00329510803734576,0.0,0.07069502702367259,0.0,0.005232565492529858,0.06179256126922701,0.0539552448627718,0.0,0.0,0.03369686891835907,0.041802233068316735,0.009892300372835661,0.08033558336237483,0.14742736552352628,0.004214689965535245,0.04193738621699963,0.0,0.0,0.0,0.02108990451809698,0.08580330946233347,0.02684490605965545,0.0,0.004734081611943459,0.0,0.0,0.0345293172374968,0.03945247258616278
EG10032_transl,0.014738151995304339,0.0,0.0,0.008631475127421791,0.0,0.02222408320570936,0.0,0.0,0.022841915599881205,0.1318434677892607,,0.0034933913154732146,0.0,0.03443587787620494,0.004588830215634703,0.0,0.042236217320186814,0.0,0.021358744373891785,0.0,0.04186379900029586,0.0,0.0,0.0,0.0,0.0,0.0004739762647287032,0.05005944597698626,0.0,0.028581131949294444,0.0,0.0,0.15237701654900718,0.0,0.0,0.0,0.0,0.0,0.06869582064109105,0.051373186575223447,0.01913923321563571,0.0,0.046980391413905864,0.0,0.0,0.0,0.0249385299895778,0.0,0.017591891767226878,0.05548511128352939,,0.0,0.09312824700819883,0.05611329689644627,0.009515561995270764,0.0,0.10516357966207585,0.0224864503681631,0.02812980275819763,0.0,0.08094287810991047,0.0,0.0,0.0,0.08620504394195383,0.0,0.020543399505981143,0.00681323072174489,0.0,0.05095225197684142,0.03063192971605762,0.008590029922310602,0.0,0.0,0.008606281475168705,0.04397371952417565,0.03378994851056343,0.031094720304704743,0.0014756754185018363,0.03494960752726446,0.0,0.0,0.0711275920636337,0.0,0.026834347478279782,0.02153670709563674,0.0,0.0,0.07494369557347738,0.11492785697488718,0.04063505932292293,0.002068043034360751,0.0,0.03631188000873244,0.03507121748383258,0.07563835008772003,0.18867267531932003,0.05591763945678585,0.07840450223132527,0.0,0.0,0.03834609177960379,0.0,0.0,0.01880754975769958,0.0720853928974279,0.0,0.053645230271853965,0.0,0.022624406122869666,0.06567918912179566,0.009668523664063945,0.0,0.0,0.0,0.0,0.0,0.0,0.05458282404603355,0.029811582237134253,0.045508697016568025,0.0,0.0,0.016006435589288062,0.02499365594581772,0.0,0.03066858686655073,0.0,0.042469733826835505,0.0,0.002891155143897622,0.09528795357668352,0.0,0.016403568705596623,0.03085247300339799,0.001999315550068202,0.028080544036850657,0.0,0.0,0.0,0.049635957584333645,0.045967501157272835,0.0,0.0,0.07411896420415946,0.00026425904913516434,0.05591401261230036,0.020634298065012147,0.0,0.10475513266991014,0.09403531453762257,0.0,0.0,0.08730357301480686,0.04900623814103829,0.022053182660354984,0.0,0.0,0.1257610353770446,0.08316684852301462
EG10033_transl,0.0,0.0,0.004104721760399648,0.012448429300671344,0.009289327539609456,0.06526044253903628,0.009620832024970343,0.0,0.03158048175049298,0.0,,0.0,0.0,0.0,0.0,0.05829765273676175,0.0,0.0,0.01968346118865817,0.0,0.0,0.0,0.0,0.024981993515427556,0.0,0.0015594367424351773,0.013755810046912032,0.0,0.0032698243430094097,0.0,0.0,0.0,0.0,0.0,0.01262798339036025,0.09218866449295281,0.0,0.0,0.0,0.0,3.384237459334215e-16,3.384237459334215e-16,3.384237459334215e-16,3.384237459334215e-16,3.384237459334215e-16,0.000145045673438538,3.384237459334215e-16,0.0,3.384237459334215e-16,3.384237459334215e-16,,3.384237459334215e-16,3.384237459334215e-16,3.384237459334215e-16,3.384237459334215e-16,3.384237459334215e-16,3.384237459334215e-16,3.384237459334215e-16,3.384237459334215e-16,3.384237459334215e-16,3.384237459334215e-16,3.384237459334215e-16,0.0,0.01575626783651169,3.384237459334215e-16,3.384237459334215e-16,3.384237459334215e-16,3.384237459334215e-16,0.0032698243430094097,3.384237459334215e-16,3.384237459334215e-16,3.384237459334215e-16,3.384237459334215e-16,3.384237459334215e-16,3.384237459334215e-16,3.384237459334215e-16,3.384237459334215e-16,3.384237459334215e-16,3.384237459334215e-16,3.384237459334215e-16,0.07718206753557373,3.384237459334215e-16,0.005543518545210737,3.384237459334215e-16,3.384237459334215e-16,0.012749774585597541,3.384237459334215e-16,0.0,0.0,0.0030533166254514675,0.0026167663548453007,3.384237459334215e-16,3.384237459334215e-16,0.0005259208609021046,3.384237459334215e-16,0.04162391324417092,0.033370357843972145,0.02690889886430872,0.008764584572062882,3.384237459334215e-16,3.384237459334215e-16,3.384237459334215e-16,0.0,0.01575626783651169,0.0,0.03372877303891166,3.384237459334215e-16,3.384237459334215e-16,3.384237459334215e-16,3.384237459334215e-16,3.384237459334215e-16,0.0011533306326032009,3.384237459334215e-16,3.384237459334215e-16,3.384237459334215e-16,3.384237459334215e-16,3.384237459334215e-16,3.384237459334215e-16,3.384237459334215e-16,3.384237459334215e-16,3.384237459334215e-16,3.384237459334215e-16,3.384237459334215e-16,3.384237459334215e-16,3.384237459334215e-16,3.384237459334215e-16,3.384237459334215e-16,3.384237459334215e-16,3.384237459334215e-16,3.384237459334215e-16,3.384237459334215e-16,3.384237459334215e-16,3.384237459334215e-16,3.384237459334215e-16,3.384237459334215e-16,3.384237459334215e-16,3.384237459334215e-16,3.384237459334215e-16,3.384237459334215e-16,3.384237459334215e-16,3.384237459334215e-16,3.384237459334215e-16,3.384237459334215e-16,3.384237459334215e-16,3.384237459334215e-16,3.384237459334215e-16,3.384237459334215e-16,3.384237459334215e-16,3.384237459334215e-16,3.384237459334215e-16,3.384237459334215e-16,3.384237459334215e-16,3.384237459334215e-16,3.384237459334215e-16,3.384237459334215e-16,3.384237459334215e-16,3.384237459334215e-16,3.384237459334215e-16,3.384237459334215e-16,3.384237459334215e-16
EG10034_transl,0.0,0.0035549131397200275,0.061011414962447455,0.02670618535092285,0.0,0.0,0.0,0.034860413464315336,0.0,0.1250094645642028,,0.0,0.012298006597145375,0.0,0.006282407106557095,0.0009603415275465003,0.29214817772498386,0.023082738305377996,0.004870945047529202,0.006112803387910042,0.0,0.02581498824642892,0.006274700763848694,0.0,0.010403230924803308,0.0,0.023545917642401503,0.0,0.010690438404634605,0.0647521128606655,0.0,0.0,0.04021961844571919,0.0,0.0,0.01549450049041031,0.0,0.0,0.04074137283293884,0.09658806371970453,0.0,0.0,0.0,0.058505275365818586,0.020609530854160292,0.0017145775460866862,0.04729474725359623,0.0,0.0,0.05169242963660623,,0.07273051216247127,0.050805408094949496,0.007287226718393351,0.0040948397749890455,0.0,0.02555405389154721,0.0,0.12635966185012465,0.0,0.05999867954578337,0.01268033533505222,0.005946175982886727,0.0,0.04929066958204033,0.0,0.06857912461470567,0.0,0.010690438404634605,0.12172854755302041,0.023972325082072928,0.018353034382096487,0.0,0.0,0.14204258964528077,0.03314722285259464,0.0,0.012663415003884083,0.0,0.0,0.0,0.0,0.06601941996594231,0.0,0.0,2.9393715041238494e-05,0.007836294826751451,0.07630889915879349,0.10205603535321052,0.14779088337061175,0.03900649523660041,0.0019320386360321875,0.009266330109589698,0.08118278458662592,0.0005731211770182741,0.102521502188948,0.19518874040716072,0.02644625594736959,0.09970545704230625,0.0,0.021235140471474442,0.06123404162307424,0.061015323645535,0.0,0.00949460352819034,0.1147578159094596,0.0,0.0,0.06103913917349213,0.0351211788539081,0.018216060495464297,0.019211487355495105,0.03374795706902517,0.0,0.0,0.0,0.0,0.0,0.0,0.05266012114483933,0.0,0.03242164616758311,0.02662591726949531,0.003819191539730352,0.07699106058631514,0.0029527317807369,0.062035098826179635,0.0,0.041926808844970354,0.0,0.0,0.10724871247895466,0.053599732781660435,0.030513911062822165,0.05825632545001055,0.043651249408423694,0.07157397981405575,0.0,0.0248713711532338,0.0,0.009919764006953437,0.04512863992509186,0.0196476778132386,0.0,0.11901361584748589,0.0011730237310199876,0.0924611836958764,0.0,0.008811178033399758,0.05363388172040943,0.13541172634195425,0.0,0.01014160801870646,0.0,0.01954347918668927,0.03963603919282057,0.0,0.002892761834910154,0.0739294284380225,0.09417860912287361
EG10035_transl,0.03168401068688549,0.0647192678950155,0.0,0.0,0.0,0.11688410718408533,0.02552037709383955,0.047429955272574334,0.008933745154549998,0.010347345720038965,,0.06252426526294994,0.028328359908072663,0.0,0.018605554382270403,0.0,0.03325840883744114,0.027509650837552566,0.0,0.06442186274853534,0.04722523742960282,0.02021519561022758,0.024118654715597414,0.05194448651717899,0.026258649480851853,0.08399958439481357,0.05950022985829321,0.015939787857844022,0.0744957338095253,0.021016438978230308,0.0,0.1008865630265835,0.0,0.0,0.00969814163860814,0.03072465698812521,0.026586197160069176,0.05970693724375192,0.02030712256148155,0.07030677126971939,3.384237459334215e-16,3.384237459334215e-16,3.384237459334215e-16,3.384237459334215e-16,3.384237459334215e-16,0.0023080306383591966,3.384237459334215e-16,0.0,3.384237459334215e-16,3.384237459334215e-16,,3.384237459334215e-16,3.384237459334215e-16,3.384237459334215e-16,3.384237459334215e-16,3.384237459334215e-16,3.384237459334215e-16,3.384237459334215e-16,3.384237459334215e-16,3.384237459334215e-16,3.384237459334215e-16,3.384237459334215e-16,0.0039834101633304244,0.03276164657113174,3.384237459334215e-16,3.384237459334215e-16,3.384237459334215e-16,3.384237459334215e-16,0.0744957338095253,3.384237459334215e-16,3.384237459334215e-16,3.384237459334215e-16,3.384237459334215e-16,3.384237459334215e-16,3.384237459334215e-16,3.384237459334215e-16,3.384237459334215e-16,3.384237459334215e-16,3.384237459334215e-16,3.384237459334215e-16,0.025776107409347503,3.384237459334215e-16,0.02735588080533991,3.384237459334215e-16,3.384237459334215e-16,0.0,3.384237459334215e-16,0.0,0.02551251221577682,0.0204907876681233,0.03713767736858296,3.384237459334215e-16,3.384237459334215e-16,3.999844066180415e-16,3.384237459334215e-16,0.0,0.0,0.010105504242186852,0.0,3.384237459334215e-16,3.384237459334215e-16,3.384237459334215e-16,0.0,0.03276164657113174,0.027152556740612285,0.025885492893055646,3.384237459334215e-16,3.384237459334215e-16,3.384237459334215e-16,3.384237459334215e-16,3.384237459334215e-16,0.0,3.384237459334215e-16,3.384237459334215e-16,3.384237459334215e-16,3.384237459334215e-16,3.384237459334215e-16,3.384237459334215e-16,3.384237459334215e-16,3.384237459334215e-16,3.384237459334215e-16,3.384237459334215e-16,3.384237459334215e-16,3.384237459334215e-16,3.384237459334215e-16,3.384237459334215e-16,3.384237459334215e-16,3.384237459334215e-16,3.384237459334215e-16,3.384237459334215e-16,3.384237459334215e-16,3.384237459334215e-16,3.384237459334215e-16,3.384237459334215e-16,3.384237459334215e-16,3.384237459334215e-16,3.384237459334215e-16,3.384237459334215e-16,3.384237459334215e-16,3.384237459334215e-16,3.384237459334215e-16,3.384237459334215e-16,3.384237459334215e-16,3.384237459334215e-16,3.384237459334215e-16,3.384237459334215e-16,3.384237459334215e-16,3.384237459334215e-16,3.384237459334215e-16,3.384237459334215e-16,3.384237459334215e-16,3.384237459334215e-16,3.384237459334215e-16,3.384237459334215e-16,3.384237459334215e-16,3.384237459334215e-16,3.384237459334215e-16,3.384237459334215e-16,3.384237459334215e-16,3.384237459334215e-16
EG10039_transl,0.1048189417166104,0.0,0.0,0.03657133764379207,0.04184548848320788,0.06660506411323106,0.0,0.0,0.0,0.16887287495330203,,0.0,0.0,0.08910214891865306,0.06892685923611351,0.0,0.13774853365174872,0.0,0.0,0.0,0.03318191614090741,0.0,0.0,0.0,0.043924339479607326,0.0,0.0,0.0,0.0,0.0429308611276082,0.0,0.0,0.0910947638787749,0.0,0.0,0.06576610473899049,0.04754671204195579,0.0,0.09179406013339907,0.033745055478322926,0.02835091541417172,0.0,0.038541857400993085,0.03786517676700572,0.0,0.0,0.023293831570852457,0.0,0.00854223627374497,0.04459769981535949,,0.013926579916885336,0.06328016509197093,0.10411074712938483,0.024771980553027963,0.0,0.0,0.0,0.11476552690039682,0.0,0.015150456825406831,0.0,0.024929667556118477,0.0,0.0015089245563765358,0.0,0.023826313690310377,0.0,0.0,0.11901259934305448,0.0,0.02789060581487634,0.0,0.0,0.013065931504926902,0.09247087733854022,0.0,0.01769349703312555,0.04909580260168585,0.029651324918234974,0.03647920066658133,0.055619495399067555,0.0,0.0,0.0,0.0,0.0,0.0,0.06684300112742958,0.1001750816384671,0.05967585804812229,0.0,0.0,0.06300840293583984,0.056960321061276784,0.08848296215417749,0.21794650830614806,0.10462512384920729,0.07845825328075609,0.0,0.0,0.0,0.0,0.0,0.026929964601926315,0.1441825425253001,0.06270945128216789,0.0,0.0,0.013176049333193702,0.03397443334209436,0.02083903802442518,0.0,0.0,0.0,0.0,0.006680956588987114,0.033878079428472936,0.012045064001356456,0.01152393576777222,0.005921115943626418,0.0,0.0,0.05206531056099844,0.05884984284354193,0.0,0.02533822065163303,0.0,0.09081568729117792,0.05348286470630107,0.0,0.06519724933858885,0.025566599367485246,0.023442474461642247,0.05158394973959575,0.030928705380190075,0.13402215876843843,0.0,0.020363781738873137,0.0,0.08489059632607913,0.060673609921254285,0.0,0.0,0.11426803457322818,0.0,0.07459579966039172,0.0,0.0,0.16604427121089158,0.11584899672877791,0.031564569299991505,0.0,0.010551867306528026,0.0,0.038454035629257415,0.0,0.009478193851942266,0.1092960440470075,0.09387664019739109
EG10040_transl,0.0,0.0761317516383574,0.015823298214384333,0.06592532491666975,0.09965836183644484,0.0,0.04398453947206724,0.0,0.0859514762459296,0.02779508281489078,,0.0,0.040537120631768384,0.01611417857725237,0.0,0.043483709000651086,0.00665272275119341,0.014943368047053178,0.0038084671518034195,0.0,0.07905373230469201,0.022757805208221807,0.03655530218661089,0.15888672054030534,0.012295086595873602,0.010087534912083841,0.0005062504115606708,0.01234568289596759,0.1274156060031714,0.021070305813605233,0.0,0.0,0.0,0.07160720378894814,0.02659363989068193,0.046707829026574346,0.0,0.0,0.016591148849309418,0.045261593259687205,3.384237459334215e-16,3.384237459334215e-16,3.384237459334215e-16,3.384237459334215e-16,3.384237459334215e-16,0.0,3.384237459334215e-16,0.0,3.384237459334215e-16,3.384237459334215e-16,,3.384237459334215e-16,3.384237459334215e-16,3.384237459334215e-16,3.384237459334215e-16,3.384237459334215e-16,3.384237459334215e-16,3.384237459334215e-16,3.384237459334215e-16,3.384237459334215e-16,3.384237459334215e-16,3.384237459334215e-16,0.0,0.10021064663842894,3.384237459334215e-16,3.384237459334215e-16,3.384237459334215e-16,3.384237459334215e-16,0.1274156060031714,3.384237459334215e-16,3.384237459334215e-16,3.384237459334215e-16,3.384237459334215e-16,3.384237459334215e-16,3.384237459334215e-16,3.384237459334215e-16,3.384237459334215e-16,3.384237459334215e-16,3.384237459334215e-16,3.384237459334215e-16,0.06602687826774307,3.384237459334215e-16,0.09132760382169137,3.384237459334215e-16,3.384237459334215e-16,0.0,3.384237459334215e-16,0.0521761530397017,0.01917018788641012,0.0401624438905703,0.0,3.384237459334215e-16,3.384237459334215e-16,0.0005259208609021046,3.384237459334215e-16,0.0,0.030314606519568025,0.0700199875361523,0.0023237537652985407,3.384237459334215e-16,3.384237459334215e-16,3.384237459334215e-16,0.0,0.10021064663842894,0.04677984066475192,0.0,3.384237459334215e-16,3.384237459334215e-16,3.384237459334215e-16,3.384237459334215e-16,3.384237459334215e-16,0.0,3.384237459334215e-16,3.384237459334215e-16,3.384237459334215e-16,3.384237459334215e-16,3.384237459334215e-16,3.384237459334215e-16,3.384237459334215e-16,3.384237459334215e-16,3.384237459334215e-16,3.384237459334215e-16,3.384237459334215e-16,3.384237459334215e-16,3.384237459334215e-16,3.384237459334215e-16,3.384237459334215e-16,3.384237459334215e-16,3.384237459334215e-16,3.384237459334215e-16,3.384237459334215e-16,3.384237459334215e-16,3.384237459334215e-16,3.384237459334215e-16,3.384237459334215e-16,3.384237459334215e-16,3.384237459334215e-16,3.384237459334215e-16,3.384237459334215e-16,3.384237459334215e-16,3.384237459334215e-16,3.384237459334215e-16,3.384237459334215e-16,3.384237459334215e-16,3.384237459334215e-16,3.384237459334215e-16,3.384237459334215e-16,3.384237459334215e-16,3.384237459334215e-16,3.384237459334215e-16,3.384237459334215e-16,3.384237459334215e-16,3.384237459334215e-16,3.384237459334215e-16,3.384237459334215e-16,3.384237459334215e-16,3.384237459334215e-16,3.384237459334215e-16,3.384237459334215e-16,3.384237459334215e-16
EG10043_transl,0.01739977924565478,0.1154418046737481,0.039304627434601065,0.035035944292048864,0.03851128730458118,0.0,0.007624805264018393,0.0008864243304752921,0.014775291115002896,0.01450562148631284,,0.034499053464999256,0.0010088007454337983,0.01980291978463038,0.0016633249128614757,0.0,0.0,0.0,0.0,0.0,0.0,0.0,0.06139660762497433,0.045229225634252294,0.0,0.0,0.00019312278701952404,0.017721796996562553,0.011863564243183808,0.0,0.00943964950376143,0.0,0.0,0.11855018285613907,0.024394815972736378,0.019198762829799338,0.0,0.02744610340177558,0.0,0.015119000848825358,3.384237459334215e-16,3.384237459334215e-16,3.384237459334215e-16,3.384237459334215e-16,3.384237459334215e-16,0.010242535793991054,3.384237459334215e-16,0.026294700965212275,3.384237459334215e-16,3.384237459334215e-16,,3.384237459334215e-16,3.384237459334215e-16,3.384237459334215e-16,3.384237459334215e-16,3.384237459334215e-16,3.384237459334215e-16,3.384237459334215e-16,3.384237459334215e-16,3.384237459334215e-16,3.384237459334215e-16,3.384237459334215e-16,0.0,0.028526298059088375,3.384237459334215e-16,3.384237459334215e-16,3.384237459334215e-16,3.384237459334215e-16,0.011863564243183808,3.384237459334215e-16,3.384237459334215e-16,3.384237459334215e-16,3.384237459334215e-16,3.384237459334215e-16,3.384237459334215e-16,3.384237459334215e-16,3.384237459334215e-16,3.384237459334215e-16,3.384237459334215e-16,3.384237459334215e-16,0.0004568110005335442,3.384237459334215e-16,0.03906785492605961,3.384237459334215e-16,3.384237459334215e-16,0.006813028072685603,3.384237459334215e-16,0.05419167127394523,0.11048639344056994,0.010056639419695475,0.05700803199189724,3.384237459334215e-16,3.384237459334215e-16,3.999844066180415e-16,3.384237459334215e-16,0.010168379028371588,0.0,0.07374810747873749,0.0,3.384237459334215e-16,3.384237459334215e-16,3.384237459334215e-16,0.01797307789683169,0.028526298059088375,0.07319949768429326,0.04479126932367192,3.384237459334215e-16,3.384237459334215e-16,3.384237459334215e-16,3.384237459334215e-16,3.384237459334215e-16,0.005267032484733913,3.384237459334215e-16,3.384237459334215e-16,3.384237459334215e-16,3.384237459334215e-16,3.384237459334215e-16,3.384237459334215e-16,3.384237459334215e-16,3.384237459334215e-16,3.384237459334215e-16,3.384237459334215e-16,3.384237459334215e-16,3.384237459334215e-16,3.384237459334215e-16,3.384237459334215e-16,3.384237459334215e-16,3.384237459334215e-16,3.384237459334215e-16,3.384237459334215e-16,3.384237459334215e-16,3.384237459334215e-16,3.384237459334215e-16,3.384237459334215e-16,3.384237459334215e-16,3.384237459334215e-16,3.384237459334215e-16,3.384237459334215e-16,3.384237459334215e-16,3.384237459334215e-16,3.384237459334215e-16,3.384237459334215e-16,3.384237459334215e-16,3.384237459334215e-16,3.384237459334215e-16,3.384237459334215e-16,3.384237459334215e-16,3.384237459334215e-16,3.384237459334215e-16,3.384237459334215e-16,3.384237459334215e-16,3.384237459334215e-16,3.384237459334215e-16,3.384237459334215e-16,3.384237459334215e-16,3.384237459334215e-16,3.384237459334215e-16,3.384237459334215e-16,3.384237459334215e-16,3.384237459334215e-16
EG10044_transl,0.0,0.0,0.029421906091936515,0.0,0.0,0.04044548493274855,0.0,0.03382171256831537,0.0,0.014501978689939871,,0.0,0.0,0.0,0.0,0.0,0.0,0.0032449197942807464,0.0,0.007164443428563874,0.0,0.0,0.009007101940115449,0.23931164208185957,0.0,0.0,0.0,0.0,0.3112648687919352,0.0,0.007800490582756813,0.0,0.02993459212579069,0.0,0.0027955407777339814,0.0,0.00037531792313686205,0.0,0.0018693251088073713,0.0,3.384237459334215e-16,3.384237459334215e-16,3.384237459334215e-16,3.384237459334215e-16,3.384237459334215e-16,0.0,3.384237459334215e-16,0.0,3.384237459334215e-16,3.384237459334215e-16,,3.384237459334215e-16,3.384237459334215e-16,3.384237459334215e-16,3.384237459334215e-16,3.384237459334215e-16,3.384237459334215e-16,3.384237459334215e-16,3.384237459334215e-16,3.384237459334215e-16,3.384237459334215e-16,3.384237459334215e-16,0.0,0.15093504554424939,3.384237459334215e-16,3.384237459334215e-16,3.384237459334215e-16,3.384237459334215e-16,0.3112648687919352,3.384237459334215e-16,3.384237459334215e-16,3.384237459334215e-16,3.384237459334215e-16,3.384237459334215e-16,3.384237459334215e-16,3.384237459334215e-16,3.384237459334215e-16,3.384237459334215e-16,3.384237459334215e-16,3.384237459334215e-16,0.0,3.384237459334215e-16,0.02282130542012561,3.384237459334215e-16,3.384237459334215e-16,0.0694399229466686,3.384237459334215e-16,0.0,0.03387010698702486,0.012112297740354635,0.04645617291814557,3.384237459334215e-16,3.384237459334215e-16,0.0005198757935355314,3.384237459334215e-16,0.027330369188843923,0.016897413403791344,0.0,0.001958821061642302,3.384237459334215e-16,3.384237459334215e-16,3.384237459334215e-16,0.0,0.15093504554424939,0.0,0.048530531164464416,3.384237459334215e-16,3.384237459334215e-16,3.384237459334215e-16,3.384237459334215e-16,3.384237459334215e-16,0.0006496421136493107,3.384237459334215e-16,3.384237459334215e-16,3.384237459334215e-16,3.384237459334215e-16,3.384237459334215e-16,3.384237459334215e-16,3.384237459334215e-16,3.384237459334215e-16,3.384237459334215e-16,3.384237459334215e-16,3.384237459334215e-16,3.384237459334215e-16,3.384237459334215e-16,3.384237459334215e-16,3.384237459334215e-16,3.384237459334215e-16,3.384237459334215e-16,3.384237459334215e-16,3.384237459334215e-16,3.384237459334215e-16,3.384237459334215e-16,3.384237459334215e-16,3.384237459334215e-16,3.384237459334215e-16,3.384237459334215e-16,3.384237459334215e-16,3.384237459334215e-16,3.384237459334215e-16,3.384237459334215e-16,3.384237459334215e-16,3.384237459334215e-16,3.384237459334215e-16,3.384237459334215e-16,3.384237459334215e-16,3.384237459334215e-16,3.384237459334215e-16,3.384237459334215e-16,3.384237459334215e-16,3.384237459334215e-16,3.384237459334215e-16,3.384237459334215e-16,3.384237459334215e-16,3.384237459334215e-16,3.384237459334215e-16,3.384237459334215e-16,3.384237459334215e-16,3.384237459334215e-16,3.384237459334215e-16
EG10046_transl,0.0,0.0,0.028161188702512916,0.04649622697316433,0.07485669816748874,0.04120788277988005,0.0,0.0,0.005895616773383854,0.09994395135981278,,0.06499228607341313,0.015069924592181832,0.047038154143336924,0.01145258546875578,0.0063420010189936225,0.190444090695924,0.0,0.033418074606203406,0.0,0.08315988336985612,0.0,0.0,0.0,0.0,0.0,0.051379996704012235,0.01738645438862494,0.0,0.026629306005933755,0.008696911129895846,0.04745939122812641,0.007437899207459938,0.03311804133540845,0.018293646672188798,0.01592041659680521,0.0,0.0,0.07025866749309727,0.06454407647865457,0.0,0.0,0.038139648642664295,0.03805900647232127,0.0,0.018773157917453282,0.02046829265960538,0.0,0.0,0.01164105347641351,,0.0055134641114405756,0.0,0.03323164459101293,0.0,0.0,0.03917429000602851,0.0,0.03214088903560359,0.0,0.09303286783584627,0.0,0.0,0.0,0.025046300241730834,0.0,0.041167516246956304,0.0,0.0,0.06591886904766583,0.01422847753392127,0.0346606267413691,0.0,0.0,0.0,0.06665760882341087,0.0,0.0,0.0,0.04937078469055772,0.03723457129729397,0.0,0.10209546173396132,0.0,0.0,0.0,0.0006514729699794915,0.0,0.03215741268274709,0.11217841825817766,0.045010903272667394,0.0,0.0,0.05247682297893628,0.03618012500194367,0.07142649345659983,0.14780214416601542,0.10384747473863373,0.08899951136563947,0.005298061888865523,0.0,0.0012399259408095572,0.054412677694839894,0.0,0.06864254198589778,0.11434564033656483,0.06377200838659815,0.0,0.008575767032275075,0.018843464745965093,0.048953862410195406,0.0,0.0,0.00684600983197637,0.0,0.08299368780971704,0.0,0.0,0.024230092119636518,0.12275014708171714,0.0,0.0,0.0,0.0,0.030627874431407954,0.004815953878281514,0.0,0.0,0.011034493255781777,0.02446790479262639,0.0,0.10699421884039534,0.0,0.0,0.08775254086898668,0.009567704751901617,0.08675836796029059,0.023420047586451588,0.0,0.0,0.03402694035590884,0.0720152853506452,0.0,0.0067824359826284,0.05248940764421401,0.0,0.1091130741296531,0.0,0.003505434207404757,0.06701801379332721,0.07968246763584287,0.0,0.0,0.022814487130324492,0.0,0.04124616165590649,0.0,0.013498426544453105,0.15269066133169532,0.13740621359501526
EG10050_transl,0.0,0.0,0.0,0.0,0.0,0.007991631609835884,0.0,0.07791247491678555,0.08519546282528027,0.0,,0.005079249493620414,0.01680812339697843,0.0,0.0,0.005459436471545176,0.02257673547421921,0.001742643674384427,0.041749734953114855,0.01743670774084225,0.038906728234012505,0.0,0.0,0.03179863975514007,0.0,0.0,0.05774702493260188,0.029554266773955826,0.0,0.02594828030042484,0.005048502850464337,0.026056631227851533,0.0,0.018105693604028503,0.01217412748383256,0.028851081302226446,0.0,0.010617666411553853,0.021934620093038953,0.04363831027752627,3.384237459334215e-16,3.384237459334215e-16,3.384237459334215e-16,3.384237459334215e-16,3.384237459334215e-16,0.0,3.384237459334215e-16,0.035981086777918905,3.384237459334215e-16,3.384237459334215e-16,,3.384237459334215e-16,3.384237459334215e-16,3.384237459334215e-16,3.384237459334215e-16,3.384237459334215e-16,3.384237459334215e-16,3.384237459334215e-16,3.384237459334215e-16,3.384237459334215e-16,3.384237459334215e-16,3.384237459334215e-16,0.012272406422721021,0.020055560598449727,3.384237459334215e-16,3.384237459334215e-16,3.384237459334215e-16,3.384237459334215e-16,0.0,3.384237459334215e-16,3.384237459334215e-16,3.384237459334215e-16,3.384237459334215e-16,3.384237459334215e-16,3.384237459334215e-16,3.384237459334215e-16,3.384237459334215e-16,3.384237459334215e-16,3.384237459334215e-16,3.384237459334215e-16,0.04378116760533135,3.384237459334215e-16,0.0,3.384237459334215e-16,3.384237459334215e-16,0.0,3.384237459334215e-16,0.0,0.0,0.016576787495206774,0.06350983239432867,3.384237459334215e-16,3.384237459334215e-16,3.999844066180415e-16,3.384237459334215e-16,0.007285436993763682,0.05190771418437748,0.024241770381221224,0.0,3.384237459334215e-16,3.384237459334215e-16,3.384237459334215e-16,0.05525365233678647,0.020055560598449727,0.0,0.0,3.384237459334215e-16,3.384237459334215e-16,3.384237459334215e-16,3.384237459334215e-16,3.384237459334215e-16,0.0,3.384237459334215e-16,3.384237459334215e-16,3.384237459334215e-16,3.384237459334215e-16,3.384237459334215e-16,3.384237459334215e-16,3.384237459334215e-16,3.384237459334215e-16,3.384237459334215e-16,3.384237459334215e-16,3.384237459334215e-16,3.384237459334215e-16,3.384237459334215e-16,3.384237459334215e-16,3.384237459334215e-16,3.384237459334215e-16,3.384237459334215e-16,3.384237459334215e-16,3.384237459334215e-16,3.384237459334215e-16,3.384237459334215e-16,3.384237459334215e-16,3.384237459334215e-16,3.384237459334215e-16,3.384237459334215e-16,3.384237459334215e-16,3.384237459334215e-16,3.384237459334215e-16,3.384237459334215e-16,3.384237459334215e-16,3.384237459334215e-16,3.384237459334215e-16,3.384237459334215e-16,3.384237459334215e-16,3.384237459334215e-16,3.384237459334215e-16,3.384237459334215e-16,3.384237459334215e-16,3.384237459334215e-16,3.384237459334215e-16,3.384237459334215e-16,3.384237459334215e-16,3.384237459334215e-16,3.384237459334215e-16,3.384237459334215e-16,3.384237459334215e-16,3.384237459334215e-16,3.384237459334215e-16
EG10051_transl,0.0,0.042679589785235526,0.010345449495918072,0.0729892494472582,0.0,0.0,0.0,0.03975131728479631,0.07143368608203601,0.15615525919861112,,0.004432379863309059,0.0900346141482542,0.0,0.0021487935636452424,0.01317550255193955,0.01984678557942107,0.0,0.037313823849976085,0.02239158266103205,0.009976910312515425,0.0,0.0,0.009961544877047921,0.0,0.0,0.008174639968472713,0.0,0.0,0.0,0.0,0.02576314199334426,0.0,0.0,0.16788062671247986,0.05272959628055644,0.006463147953829071,0.0,0.0016944674963642135,0.06251856214302406,0.01931563359578903,0.0,0.0,0.054567630509818894,0.014253893519346543,0.0,0.07570948087438024,0.0,0.03989607599949296,0.13198092003414316,,0.0,0.030800924974236865,0.008168507721545286,0.06022849549981271,0.0,0.03712959068455524,0.0,0.0639454225823052,0.0,0.06469466385215768,0.0,0.04559298147218106,0.00628279600870402,0.04179334561403962,0.0,0.0214273097915457,0.05090784030370442,0.0,0.13935812365241498,0.0330369328334403,0.0,0.0,0.013879814459564334,0.0,0.033850926065577644,0.0,0.05862363116586104,0.07324928550588153,0.07976946691023458,0.01478550936797661,0.02671831207967221,0.0,0.0,0.0,0.0,0.0,0.0,0.06546178121680389,0.12389535501156396,0.028665796774232852,0.024778199793609443,0.0,0.08469109480641505,0.12018024629984164,0.02290354353043613,0.17279016453507842,0.10881301318394491,0.04912932186641782,0.0,0.009007179171147444,0.005435369779333797,0.0,0.00628279600870402,0.03890262596761464,0.0659150826976613,0.10224832603551855,0.0006219269531758771,0.002778722619493224,0.008437473115454782,0.03009482114959697,0.019530326482042927,0.02289219577185151,0.03091283818272205,0.0,0.04779435416997213,0.027578606213124687,0.0,0.0855026601306425,0.04369944028316105,0.023879890965969996,0.012880868745636143,0.0,0.03846555497810341,0.03722617414158384,0.0,0.06041273013446686,0.0,0.05768833782927796,0.0,0.0,0.06344058622674663,0.04073352781387408,0.0495730706656188,0.14380664431091844,0.0,0.05754739713003643,0.0,0.0,0.0,0.04008672000537042,0.049160881469769824,0.011497346151848123,0.0,0.06971687200869293,0.0,0.08361588657296021,0.03499465030809193,0.0,0.06008544870209353,0.10874473236188606,0.03638461126353355,0.0,0.04189859625439944,0.01178939149656803,0.06175679826858393,0.0,0.035127656622822044,0.016656022143191757,0.040021363364037076
EG10054_transl,0.00543044324407174,0.0,0.0,0.0,0.12665528084666652,0.0,0.050623054901375655,0.0,0.009908284713412957,0.004632343579138389,,0.0,0.0,0.0,0.0,0.0,0.0,0.0,0.0,0.0,0.0,0.0,0.0,0.0,0.0069050309321500095,0.06901823599444887,0.0,0.041084508440836554,0.0,0.0,0.0074907910279981395,0.07881422311647662,0.000277242058087756,0.0,0.0,0.0007329244437112406,0.02539324310639933,0.0016154717814773336,0.0,0.011677864600228172,3.384237459334215e-16,3.384237459334215e-16,3.384237459334215e-16,3.384237459334215e-16,3.384237459334215e-16,0.016375299384340312,3.384237459334215e-16,0.015500622631370795,3.384237459334215e-16,3.384237459334215e-16,,3.384237459334215e-16,3.384237459334215e-16,3.384237459334215e-16,3.384237459334215e-16,3.384237459334215e-16,3.384237459334215e-16,3.384237459334215e-16,3.384237459334215e-16,3.384237459334215e-16,3.384237459334215e-16,3.384237459334215e-16,0.0,0.0,3.384237459334215e-16,3.384237459334215e-16,3.384237459334215e-16,3.384237459334215e-16,0.0,3.384237459334215e-16,3.384237459334215e-16,3.384237459334215e-16,3.384237459334215e-16,3.384237459334215e-16,3.384237459334215e-16,3.384237459334215e-16,3.384237459334215e-16,3.384237459334215e-16,3.384237459334215e-16,3.384237459334215e-16,0.004481198197020508,3.384237459334215e-16,0.0,3.384237459334215e-16,3.384237459334215e-16,0.001586592571991574,3.384237459334215e-16,0.031696967166929844,0.0,0.002346666759932304,0.05247208503046353,3.384237459334215e-16,3.384237459334215e-16,0.0,3.384237459334215e-16,0.0,0.006273891486783052,0.0,0.0,3.384237459334215e-16,3.384237459334215e-16,3.384237459334215e-16,0.0,0.0,0.0,0.0,3.384237459334215e-16,3.384237459334215e-16,3.384237459334215e-16,3.384237459334215e-16,3.384237459334215e-16,0.0032141595110743377,3.384237459334215e-16,3.384237459334215e-16,3.384237459334215e-16,3.384237459334215e-16,3.384237459334215e-16,3.384237459334215e-16,0.00021993146552413812,3.384237459334215e-16,3.384237459334215e-16,3.384237459334215e-16,3.384237459334215e-16,3.384237459334215e-16,3.384237459334215e-16,3.384237459334215e-16,3.384237459334215e-16,3.384237459334215e-16,3.384237459334215e-16,3.384237459334215e-16,3.384237459334215e-16,3.384237459334215e-16,3.384237459334215e-16,3.384237459334215e-16,3.384237459334215e-16,3.384237459334215e-16,3.384237459334215e-16,3.384237459334215e-16,3.384237459334215e-16,3.384237459334215e-16,3.384237459334215e-16,3.384237459334215e-16,3.384237459334215e-16,3.384237459334215e-16,3.384237459334215e-16,3.384237459334215e-16,3.384237459334215e-16,3.384237459334215e-16,3.384237459334215e-16,3.384237459334215e-16,3.384237459334215e-16,3.384237459334215e-16,3.384237459334215e-16,3.384237459334215e-16,3.384237459334215e-16,3.384237459334215e-16,3.384237459334215e-16,3.384237459334215e-16,3.384237459334215e-16,3.384237459334215e-16
EG10071_transl,0.0645416807177208,0.0,0.01615478184077887,0.024990556358322036,0.0,0.0,0.0388554209348499,0.052805611021277565,0.0,0.12654433318732192,,0.0,0.0,0.03941775377225477,0.02343673663911158,0.03877038931943381,0.002605734334701045,0.0,0.0,0.0012739781829412913,0.18056769830358307,0.0,0.0,0.009961544877047921,0.09874207976910518,0.023629250553750987,0.0,0.0,0.0,0.0,0.04226341518072951,0.0,0.058713108868588236,0.016444804310977387,0.06166490860284729,0.0,0.0,0.0,0.06591020221672222,0.0,0.05141807792616111,0.0,0.00920229246055269,0.14948037743326267,0.0,0.039194434473749075,0.11850948003451106,0.010381621080733396,0.0,0.0,,0.022018102495667834,0.0,0.05551228621315068,0.0,0.0,0.0,0.0,0.015539436659590261,0.005037870789041401,0.0,0.0,0.0,0.00628279600870402,0.04767270048532777,0.014340109210129832,0.014993145927031486,0.010059887635336036,0.0,0.0,0.0,0.04393575371923687,0.0005395328951386982,0.013171647564803119,0.012456334527429617,0.08974375224989005,0.0,0.002859375620683768,0.0,0.0,0.0037465662643847548,0.08110433259927959,0.008966563461311639,0.0,0.007556107117420785,0.015916050586076095,0.0,0.0,0.012756259540570587,0.08354739137245423,0.0,0.0,0.04661280521950092,0.0,0.020181640004192408,0.0,0.07792691876592199,0.0,0.02488673138992688,0.0,0.013515243390625103,0.03926362186005613,0.0,0.0,0.0,0.0,0.021454031493596457,0.0,0.015861602295297848,0.0,0.0,0.0,0.0,0.0,0.06377238556465488,0.00020779551497749244,0.0,0.0,0.0,0.0,0.0,0.0022392249831703795,0.04886148048568761,0.009432729617360566,0.0,0.025008302061229323,0.0,0.0,0.060241375605738154,0.0,0.024933395391170145,0.0,0.032494654552074544,0.0,0.0,0.0,0.0,0.0,0.0,0.0,0.015261363120848671,0.0,0.02337473208044509,0.0,0.0,0.0,0.0,0.0,0.0,0.0,3.25514832054228e-07,0.0,0.003057631746334991,0.0,0.08860599018988992,0.0,0.0,0.0,0.0,0.0
EG10084_transl,0.0023789337388632295,0.0,0.0,0.032855341875126266,0.025307621372859402,0.0,0.0,0.0,0.030426603744552097,0.26928421268629527,,0.0,0.0,0.05936906085980472,0.08104728264014827,0.0,0.07922234202136655,0.0,0.04893040750850619,0.0,0.0,0.09727305394496348,0.0,0.0,0.016124579165805515,0.026216565042412533,0.019540459736250102,0.035862113238544865,0.0,0.04093422347812421,0.029255514439810167,0.011522442785141534,0.0,0.0,0.03591436019346502,0.0,0.0,0.0,0.0,0.0,0.029703496483250918,0.0044615593873837366,0.012734533172678052,0.0,0.05594721596245944,0.0,0.03911946882751116,0.0,0.01449934203382315,0.026994525288359227,,0.0,0.0,0.0,0.045396103421020684,0.0,0.06446366823417617,0.051535992756164946,0.08205828410117737,0.0,0.07748691980989102,0.0,0.0,0.0,0.016423999318443575,0.0,0.0,0.0,0.0,0.07596478560800231,0.0026933082863918917,0.0,0.0015453440690439877,0.0,0.01984607195915001,0.07450465996471921,0.0,0.0009515248160511602,0.0050633748773993474,0.0027462526020015626,0.0015423488342538399,0.001192388885421843,0.047856855199852506,0.0020764376469395713,0.06771927992458834,0.0,0.0,0.0,0.035467040568541414,0.12658534479746258,0.050907122836418746,0.0,0.0011405431726294075,0.062195370054306594,0.10260351632983072,0.11974501205061235,0.0800416020458942,0.07668479185867763,0.1949326972499109,0.0,0.0,0.003957783794366954,0.0,0.0,0.03767445542484779,0.1096706481814197,0.0355076194716216,0.0,0.0320430668722102,0.05439489611837659,0.0,0.0,0.0,0.004305532555338586,0.0376346885988681,0.005776486634752601,0.0,0.0,0.0,0.07316766598278752,0.020130247453329832,0.12966271203331367,0.0,0.0,0.04608237892269642,0.0,0.05432055199804673,0.009963781787245444,0.05185954077720795,0.0,0.010900656645282551,0.0792716371578296,0.013021419916698229,0.09830137954192801,0.06860509895063827,0.03935626142620501,0.09201038218770853,0.0,0.0,0.0,0.05847279377654654,0.02805536806642046,0.0,0.0,0.0734140043885572,0.0,0.03592039522973731,0.0005455659489963508,0.0,0.0,0.07038490176073349,0.0,0.0,0.009319474878770478,0.055307380724763995,0.007965000371904743,0.0,0.0,0.03438759806640062,0.0
EG10085_transl,0.03773182848805546,0.024744904985273906,0.009114359662846768,0.011175480842741246,0.0076075855891521715,0.06711585511277146,0.010698909478297268,0.0,0.0,0.0,,0.0,0.0,0.0,0.028195476546421048,0.06207439017346067,0.011011964881642241,0.00018994647524697695,0.022718586787755696,0.0696454070358116,0.0,0.0007191864265250704,0.0,0.07645991873519782,0.005277304041581014,0.0,0.0,0.02187714182047501,0.12647992975928538,0.003394237838441579,0.0,0.0,0.0,0.006768858897442668,0.001066815593080919,0.023824911613460755,0.0,0.05421392897409925,0.0258249694164215,0.0030498899828218027,3.384237459334215e-16,3.384237459334215e-16,3.384237459334215e-16,3.384237459334215e-16,3.384237459334215e-16,0.0,3.384237459334215e-16,0.0,3.384237459334215e-16,3.384237459334215e-16,,3.384237459334215e-16,3.384237459334215e-16,3.384237459334215e-16,3.384237459334215e-16,3.384237459334215e-16,3.384237459334215e-16,3.384237459334215e-16,3.384237459334215e-16,3.384237459334215e-16,3.384237459334215e-16,3.384237459334215e-16,0.009259672059106366,0.04822365187172601,3.384237459334215e-16,3.384237459334215e-16,3.384237459334215e-16,3.384237459334215e-16,0.12647992975928538,3.384237459334215e-16,3.384237459334215e-16,3.384237459334215e-16,3.384237459334215e-16,3.384237459334215e-16,3.384237459334215e-16,3.384237459334215e-16,3.384237459334215e-16,3.384237459334215e-16,3.384237459334215e-16,3.384237459334215e-16,0.0,3.384237459334215e-16,0.0,3.384237459334215e-16,3.384237459334215e-16,0.0,3.384237459334215e-16,0.0,0.0,0.05166376398760351,0.0,3.384237459334215e-16,3.384237459334215e-16,3.999844066180415e-16,3.384237459334215e-16,0.0,0.0,0.0,0.0,3.384237459334215e-16,3.384237459334215e-16,3.384237459334215e-16,0.021603865822661182,0.04822365187172601,0.008837632001976759,0.007705495539910721,3.384237459334215e-16,3.384237459334215e-16,3.384237459334215e-16,3.384237459334215e-16,3.384237459334215e-16,0.00033748132387379463,3.384237459334215e-16,3.384237459334215e-16,3.384237459334215e-16,3.384237459334215e-16,3.384237459334215e-16,3.384237459334215e-16,3.384237459334215e-16,3.384237459334215e-16,3.384237459334215e-16,3.384237459334215e-16,3.384237459334215e-16,3.384237459334215e-16,3.384237459334215e-16,3.384237459334215e-16,3.384237459334215e-16,3.384237459334215e-16,3.384237459334215e-16,3.384237459334215e-16,3.384237459334215e-16,3.384237459334215e-16,3.384237459334215e-16,3.384237459334215e-16,3.384237459334215e-16,3.384237459334215e-16,3.384237459334215e-16,3.384237459334215e-16,3.384237459334215e-16,3.384237459334215e-16,3.384237459334215e-16,3.384237459334215e-16,3.384237459334215e-16,3.384237459334215e-16,3.384237459334215e-16,3.384237459334215e-16,3.384237459334215e-16,3.384237459334215e-16,3.384237459334215e-16,3.384237459334215e-16,3.384237459334215e-16,3.384237459334215e-16,3.384237459334215e-16,3.384237459334215e-16,3.384237459334215e-16,3.384237459334215e-16,3.384237459334215e-16,3.384237459334215e-16,3.384237459334215e-16,3.384237459334215e-16
EG10107_transl,0.0,0.0,0.0,0.03435164433410115,0.0,0.0,0.0967295190517006,0.0,0.01904361374081118,0.0707569762764754,,0.04187860425886318,0.0077868130446884344,0.03540890117375697,0.028742436686668826,0.04496286020009393,0.00940842663898382,0.0015317187502640126,0.007261354278382425,0.0,0.09590328627240566,0.0,0.1362310499148837,0.07592775736341005,0.05055536607978663,0.0994064033249284,0.008901050862818012,0.0,0.1160244978807733,0.0,0.0,0.06089597402021421,0.05784284927279146,0.0,0.0,0.0,0.0,0.029885281829414023,0.0,0.0,3.384237459334215e-16,3.384237459334215e-16,3.384237459334215e-16,3.384237459334215e-16,3.384237459334215e-16,0.0,3.384237459334215e-16,0.0,3.384237459334215e-16,3.384237459334215e-16,,3.384237459334215e-16,3.384237459334215e-16,3.384237459334215e-16,3.384237459334215e-16,3.384237459334215e-16,3.384237459334215e-16,3.384237459334215e-16,3.384237459334215e-16,3.384237459334215e-16,3.384237459334215e-16,3.384237459334215e-16,0.0,0.047888015041904736,3.384237459334215e-16,3.384237459334215e-16,3.384237459334215e-16,3.384237459334215e-16,0.1160244978807733,3.384237459334215e-16,3.384237459334215e-16,3.384237459334215e-16,3.384237459334215e-16,3.384237459334215e-16,3.384237459334215e-16,3.384237459334215e-16,3.384237459334215e-16,3.384237459334215e-16,3.384237459334215e-16,3.384237459334215e-16,0.0466136941336855,3.384237459334215e-16,0.03872416017145919,3.384237459334215e-16,3.384237459334215e-16,0.0,3.384237459334215e-16,0.0,0.006914121238836729,0.0,0.0,3.384237459334215e-16,3.384237459334215e-16,0.0013631261820706692,3.384237459334215e-16,0.015434914876559349,0.0,0.02202267674373157,0.00022890749624720577,3.384237459334215e-16,3.384237459334215e-16,3.384237459334215e-16,0.0,0.047888015041904736,0.019281456852361673,0.005614078279912222,3.384237459334215e-16,3.384237459334215e-16,3.384237459334215e-16,3.384237459334215e-16,3.384237459334215e-16,0.0028618431806942232,3.384237459334215e-16,3.384237459334215e-16,3.384237459334215e-16,3.384237459334215e-16,3.384237459334215e-16,3.384237459334215e-16,3.384237459334215e-16,3.384237459334215e-16,3.384237459334215e-16,3.384237459334215e-16,3.384237459334215e-16,3.384237459334215e-16,3.384237459334215e-16,3.384237459334215e-16,3.384237459334215e-16,3.384237459334215e-16,3.384237459334215e-16,3.384237459334215e-16,3.384237459334215e-16,3.384237459334215e-16,3.384237459334215e-16,3.384237459334215e-16,3.384237459334215e-16,3.384237459334215e-16,3.384237459334215e-16,3.384237459334215e-16,3.384237459334215e-16,3.384237459334215e-16,3.384237459334215e-16,3.384237459334215e-16,3.384237459334215e-16,3.384237459334215e-16,3.384237459334215e-16,3.384237459334215e-16,3.384237459334215e-16,3.384237459334215e-16,3.384237459334215e-16,3.384237459334215e-16,3.384237459334215e-16,3.384237459334215e-16,3.384237459334215e-16,3.384237459334215e-16,3.384237459334215e-16,3.384237459334215e-16,3.384237459334215e-16,3.384237459334215e-16,3.384237459334215e-16,3.384237459334215e-16
EG10108_transl,0.0,0.010797157133663577,0.031387964930472446,0.02136540775670636,0.13168344326299875,0.0,0.0,0.07517307455522725,0.022305700682746964,0.0,,0.05307704797538153,0.0,0.0,0.0,0.004707624218961702,0.0,0.0,0.01285302326823953,0.0002491287041950335,0.0,0.0,0.0,0.07553769895829823,0.0,0.0,0.0,0.0444810494069815,0.08853873151050246,0.018444702208212052,0.0,0.06720279972379092,0.0,0.0,0.0,0.0,0.0,0.0,0.034334529755182704,0.0,3.384237459334215e-16,3.384237459334215e-16,3.384237459334215e-16,3.384237459334215e-16,3.384237459334215e-16,0.031147923272931553,3.384237459334215e-16,0.04842391603321514,3.384237459334215e-16,3.384237459334215e-16,,3.384237459334215e-16,3.384237459334215e-16,3.384237459334215e-16,3.384237459334215e-16,3.384237459334215e-16,3.384237459334215e-16,3.384237459334215e-16,3.384237459334215e-16,3.384237459334215e-16,3.384237459334215e-16,3.384237459334215e-16,5.552935157968651e-05,0.04764200326149862,3.384237459334215e-16,3.384237459334215e-16,3.384237459334215e-16,3.384237459334215e-16,0.08853873151050246,3.384237459334215e-16,3.384237459334215e-16,3.384237459334215e-16,3.384237459334215e-16,3.384237459334215e-16,3.384237459334215e-16,3.384237459334215e-16,3.384237459334215e-16,3.384237459334215e-16,3.384237459334215e-16,3.384237459334215e-16,0.0,3.384237459334215e-16,0.0,3.384237459334215e-16,3.384237459334215e-16,0.0,3.384237459334215e-16,0.12056696916705943,0.016897573140326305,0.0,0.0,3.384237459334215e-16,3.384237459334215e-16,0.0005259208609021046,3.384237459334215e-16,0.0,0.0,0.0,0.0,3.384237459334215e-16,3.384237459334215e-16,3.384237459334215e-16,0.02243638794098601,0.04764200326149862,0.0,0.0175067265599314,3.384237459334215e-16,3.384237459334215e-16,3.384237459334215e-16,3.384237459334215e-16,3.384237459334215e-16,0.004422915908199689,3.384237459334215e-16,3.384237459334215e-16,3.384237459334215e-16,3.384237459334215e-16,3.384237459334215e-16,3.384237459334215e-16,3.384237459334215e-16,3.384237459334215e-16,3.384237459334215e-16,3.384237459334215e-16,3.384237459334215e-16,3.384237459334215e-16,3.384237459334215e-16,3.384237459334215e-16,3.384237459334215e-16,3.384237459334215e-16,3.384237459334215e-16,3.384237459334215e-16,3.384237459334215e-16,3.384237459334215e-16,3.384237459334215e-16,3.384237459334215e-16,3.384237459334215e-16,3.384237459334215e-16,3.384237459334215e-16,3.384237459334215e-16,3.384237459334215e-16,3.384237459334215e-16,3.384237459334215e-16,3.384237459334215e-16,3.384237459334215e-16,3.384237459334215e-16,3.384237459334215e-16,3.384237459334215e-16,3.384237459334215e-16,3.384237459334215e-16,3.384237459334215e-16,3.384237459334215e-16,3.384237459334215e-16,3.384237459334215e-16,3.384237459334215e-16,3.384237459334215e-16,3.384237459334215e-16,3.384237459334215e-16,3.384237459334215e-16,3.384237459334215e-16,3.384237459334215e-16,3.384237459334215e-16
EG10112_transl,0.0,0.0,0.0,0.0315276463392979,0.04525308734821848,0.0,0.0,0.0,0.09460048572748436,0.14788671700690062,,0.06953611944887934,0.0,0.0022497632022804104,0.0,0.0,0.024354314758613656,0.01259640492933743,0.1053380951405532,0.0,0.11692378166096379,0.006381207258807681,0.024050813893284076,0.0,0.02506160831581234,0.049975284931727454,0.00131311156827239,0.0,0.0,0.0,0.000721619514899,0.02273360493166878,0.0,0.008225894005290295,0.029465024530743632,0.0,0.014127620817516269,0.0,0.008348168027565642,0.0,0.0755143382629407,0.01911076078661066,0.0,0.0,0.0,0.045901895295269696,0.00011354935991233533,0.0,0.06525030959866701,0.0,,0.0,0.0,0.0,0.0024300409394801843,0.0,0.0,0.003994610659369647,0.0,0.0,0.01887111622783366,0.012771424111723363,0.0,0.0,0.006190662051329493,0.004042199721789814,0.01867328299468237,0.0,0.0,0.04856923207769254,0.008728979234132283,0.0,0.012817149841980064,0.03358295237165685,0.03171289652466639,0.060901808112771315,0.0,0.004687923125661791,0.02609983732176157,0.0,0.022578052264812333,0.04919875002310318,0.0,0.0,0.0,0.0010634873701561146,0.00015298801393386793,0.0758289031336113,0.040196934702761505,0.0053093986511887495,0.009858818013168432,0.0,0.0,0.013409498809027285,0.0,0.0,0.150195623509009,0.0,0.05983386172241642,0.018792478488150837,0.0,0.02046787003425541,0.0,0.0,0.00422479244751701,0.006548456828443993,0.0031495556020460264,0.0,0.0,0.05210276978356167,0.013469280205349777,0.015319612298874023,0.0,0.0,0.0,0.006318914252559076,0.0,0.0,0.13514243387029717,0.041339824618091756,0.025727209919900226,0.0,0.025685192319263056,0.0,0.0,0.09989250776379743,0.0,0.011469932685087449,0.025879887102148044,0.0,0.0,0.05226259394814372,0.008561287526726693,0.0,0.0,0.0,0.01281251621749179,0.0,0.0,2.357894133342041e-05,0.02281056158148454,0.025774525959209732,0.09250445119679578,0.0,0.013233911492702127,0.015427773893012153,0.028382323919135213,0.004965702625310953,0.06937504945290053,0.03100385774036321,0.014680588761986746,0.0,0.0,0.0,0.0,0.040330218131615234,0.002174128158011098,0.0,0.0683662143340348,0.040766311309132525
EG10122_transl,0.025381116569595113,0.11805120158869264,0.0,0.0,0.0,0.0,0.02379890201123164,0.0,0.0,0.0,,0.0,0.00861544718865872,0.01446105174485614,0.0,0.0,0.0,0.0261630188812433,0.0,0.053868501461903605,0.0,0.0,0.0,0.0,0.014601423640356334,0.0,0.0,0.0040616016111343755,0.0,0.01251224740766637,0.0,0.0,0.0,0.0,0.0,0.0,0.012450330263228459,0.04458864983638583,0.0,0.03113566568088321,3.384237459334215e-16,3.384237459334215e-16,3.384237459334215e-16,3.384237459334215e-16,3.384237459334215e-16,0.0,3.384237459334215e-16,0.0,3.384237459334215e-16,3.384237459334215e-16,,3.384237459334215e-16,3.384237459334215e-16,3.384237459334215e-16,3.384237459334215e-16,3.384237459334215e-16,3.384237459334215e-16,3.384237459334215e-16,3.384237459334215e-16,3.384237459334215e-16,3.384237459334215e-16,3.384237459334215e-16,0.0,0.0,3.384237459334215e-16,3.384237459334215e-16,3.384237459334215e-16,3.384237459334215e-16,0.0,3.384237459334215e-16,3.384237459334215e-16,3.384237459334215e-16,3.384237459334215e-16,3.384237459334215e-16,3.384237459334215e-16,3.384237459334215e-16,3.384237459334215e-16,3.384237459334215e-16,3.384237459334215e-16,3.384237459334215e-16,0.0,3.384237459334215e-16,0.0,3.384237459334215e-16,3.384237459334215e-16,0.0062496201385833965,3.384237459334215e-16,0.0,0.04160603106805609,0.0,0.08692200537873114,3.384237459334215e-16,3.384237459334215e-16,3.999844066180415e-16,3.384237459334215e-16,0.016701896161635758,0.032423575557209164,0.018446536795038444,0.0,3.384237459334215e-16,3.384237459334215e-16,3.384237459334215e-16,0.0,0.0,0.05691521178797449,0.033811764959407194,3.384237459334215e-16,3.384237459334215e-16,3.384237459334215e-16,3.384237459334215e-16,3.384237459334215e-16,0.0010859659176650392,3.384237459334215e-16,3.384237459334215e-16,3.384237459334215e-16,3.384237459334215e-16,3.384237459334215e-16,3.384237459334215e-16,3.384237459334215e-16,3.384237459334215e-16,3.384237459334215e-16,3.384237459334215e-16,3.384237459334215e-16,3.384237459334215e-16,3.384237459334215e-16,3.384237459334215e-16,3.384237459334215e-16,3.384237459334215e-16,3.384237459334215e-16,3.384237459334215e-16,3.384237459334215e-16,3.384237459334215e-16,3.384237459334215e-16,3.384237459334215e-16,3.384237459334215e-16,3.384237459334215e-16,3.384237459334215e-16,3.384237459334215e-16,3.384237459334215e-16,3.384237459334215e-16,3.384237459334215e-16,3.384237459334215e-16,3.384237459334215e-16,3.384237459334215e-16,3.384237459334215e-16,3.384237459334215e-16,3.384237459334215e-16,3.384237459334215e-16,3.384237459334215e-16,3.384237459334215e-16,3.384237459334215e-16,3.384237459334215e-16,3.384237459334215e-16,3.384237459334215e-16,3.384237459334215e-16,3.384237459334215e-16,3.384237459334215e-16,3.384237459334215e-16,3.384237459334215e-16,3.384237459334215e-16
EG10124_transl,0.04379398471869553,0.0,0.0285840799871709,0.0,0.0,0.0,0.0064119216711859255,0.0,0.03562298576257112,0.0,,0.0,0.018955220520606428,0.004460719801137882,0.0,0.01150207444752826,0.0,0.0032804517680408104,0.0035638481920741054,0.0,0.0,0.040057913793166575,0.0,0.0,0.0,0.0,0.0,0.0,0.0,0.0026426187552712694,0.012891262467603254,0.0,0.03791490116104354,0.03114367723980963,0.04185331845190058,0.05872903120354631,0.0,0.04270758867342955,0.0028613889202237204,0.0019945574133478296,3.384237459334215e-16,3.384237459334215e-16,3.384237459334215e-16,3.384237459334215e-16,3.384237459334215e-16,0.0,3.384237459334215e-16,0.0,3.384237459334215e-16,3.384237459334215e-16,,3.384237459334215e-16,3.384237459334215e-16,3.384237459334215e-16,3.384237459334215e-16,3.384237459334215e-16,3.384237459334215e-16,3.384237459334215e-16,3.384237459334215e-16,3.384237459334215e-16,3.384237459334215e-16,3.384237459334215e-16,0.0,0.0,3.384237459334215e-16,3.384237459334215e-16,3.384237459334215e-16,3.384237459334215e-16,0.0,3.384237459334215e-16,3.384237459334215e-16,3.384237459334215e-16,3.384237459334215e-16,3.384237459334215e-16,3.384237459334215e-16,3.384237459334215e-16,3.384237459334215e-16,3.384237459334215e-16,3.384237459334215e-16,3.384237459334215e-16,0.0,3.384237459334215e-16,8.018861641975614e-05,3.384237459334215e-16,3.384237459334215e-16,0.03807928012412889,3.384237459334215e-16,0.0,0.0,0.016071804508782133,0.007709519124134254,3.384237459334215e-16,3.384237459334215e-16,0.0005259208609021046,3.384237459334215e-16,0.010414449520832017,0.019373506294175124,0.018780517048666616,0.0022917613990236507,3.384237459334215e-16,3.384237459334215e-16,3.384237459334215e-16,0.0,0.0,0.01946603114075063,0.0,3.384237459334215e-16,3.384237459334215e-16,3.384237459334215e-16,3.384237459334215e-16,3.384237459334215e-16,0.0,3.384237459334215e-16,3.384237459334215e-16,3.384237459334215e-16,3.384237459334215e-16,3.384237459334215e-16,3.384237459334215e-16,3.384237459334215e-16,3.384237459334215e-16,3.384237459334215e-16,3.384237459334215e-16,3.384237459334215e-16,3.384237459334215e-16,3.384237459334215e-16,3.384237459334215e-16,3.384237459334215e-16,3.384237459334215e-16,3.384237459334215e-16,3.384237459334215e-16,3.384237459334215e-16,3.384237459334215e-16,3.384237459334215e-16,3.384237459334215e-16,3.384237459334215e-16,3.384237459334215e-16,3.384237459334215e-16,3.384237459334215e-16,3.384237459334215e-16,3.384237459334215e-16,3.384237459334215e-16,3.384237459334215e-16,3.384237459334215e-16,3.384237459334215e-16,3.384237459334215e-16,3.384237459334215e-16,3.384237459334215e-16,3.384237459334215e-16,3.384237459334215e-16,3.384237459334215e-16,3.384237459334215e-16,3.384237459334215e-16,3.384237459334215e-16,3.384237459334215e-16,3.384237459334215e-16,3.384237459334215e-16,3.384237459334215e-16,3.384237459334215e-16,3.384237459334215e-16,3.384237459334215e-16
EG10129_transl,0.0,0.0,0.0,0.0,0.0,0.0,0.06339614385405792,0.0,0.0,0.17134238154369077,,0.0,0.0,0.048124941924156124,0.02516788998327472,0.012401901508522764,0.055448697840923766,0.0,0.025415430939329076,0.0,0.0,0.0,0.0,0.0233245928828431,0.013085543663774766,0.0360412723586494,0.0811541253974927,0.0685801862171355,0.0,0.04202176357386007,0.0,0.029192257422686073,0.0,0.0,0.0,0.06251350658955251,0.011058555889955772,0.0,0.021088115533811583,0.03995339125528531,0.0,0.0,0.03442767904477202,0.0,0.05168520481479981,0.03622327105070221,0.06102365377637331,0.0,0.00780512728663203,0.036422813307982124,,0.005293766504103047,0.08230007372333965,0.0803763439785328,0.0,0.048416168979450086,0.040220067990877274,0.0,0.008176929369606884,0.0,0.047531198600149704,0.0,0.0,0.014710936995989387,0.04976980522745937,0.024521564070482046,0.009477405352494944,0.0,0.0,0.11199548285363459,0.005637270987345574,0.0,0.04001190385684007,0.0,0.0,0.013451688106002432,0.0,0.02539089268182174,0.02842128002167414,0.013572358286877436,0.0,0.0,0.02912963594769204,0.0,0.0,0.0,0.0,0.0026100240306239464,0.08216453321288711,0.13979271802691046,0.01711491868752595,0.0,0.053497813222635,0.08372998081905356,0.0553114176017866,0.08011066145189984,0.154615284777468,0.0,0.1422484855378091,0.0,0.0033209164790219204,0.0,0.0,0.015170653777114308,0.03463445456940732,0.11498195592468648,0.027094484876483582,0.0,0.0,0.0,0.06033722585043663,0.011598981861137453,0.0,0.0,0.0,0.0,0.009622840428886463,0.012824845392625238,0.0,0.007874981388539178,0.018984517739890357,0.09030456982572559,0.0,0.0,0.03557579189257603,0.0,0.018535361460014475,0.0007701320327593924,0.08825120023130424,0.01335246888756372,0.0153575350876345,0.04320341548432946,0.06635685142400434,0.022883095749116414,0.07258332068657233,0.018436575932362503,0.05707986347143534,0.0,0.0,0.0,0.10427212526269185,0.03719521946351757,0.0,0.0,0.06922712676893854,0.0,0.08044818282354808,0.002556060421397741,0.0,0.060731957823376065,0.061651800150505295,0.0,0.0,0.03910623699312618,0.01192698339359604,0.0986450481289159,0.017034269933019087,0.0,0.05052948090389198,0.07258212211194795
EG10138_transl,0.0,0.02426216889903484,0.0,0.0,0.0,0.0,0.013043176356909889,0.04528333523144055,0.10846759921657037,0.15985878087351774,,0.027413867474513694,0.06275607403727364,0.002560552954348146,0.01887267752617938,0.001265167695818679,0.07368071016496708,0.002219371211963857,0.0368668759100064,0.0,0.0,0.0,0.09735710685397327,0.0,0.056885832781558954,0.06811607212662857,0.0,0.0,0.0,0.0,0.0,0.0,0.02612023813980648,0.0,4.035303721021012e-05,0.03690230583420819,0.0007242957827399855,0.0,0.08059536983029561,0.0,0.05273807080916868,0.009614334367057954,0.02868407261003383,0.0,0.009154138010697858,0.0,0.005222020420215399,0.0,0.0,0.020870868090387937,,0.005907250292976997,0.0,0.07011916913320428,0.0,0.030342323561730188,0.0,0.03778196058673269,0.03844524708501495,0.0,0.0003113108941617047,0.0,0.0,0.0,0.0,0.024478835477138864,0.0,0.06385173942860495,0.0,0.08785777908789412,0.013589069375644398,0.0,0.0,0.008835937982502814,0.00875009674660936,0.06893828383046523,0.0,0.0,0.0,0.0,0.0,0.04969848208923377,0.0,0.0,0.0,0.022889895156724495,0.0,0.0,0.0,0.08695272162156203,0.034638810752877405,0.022398652924600585,0.01375602544729198,0.029194598504241064,0.039961741012380765,0.0,0.11841364737568692,0.04951893814118887,0.14454648205682694,8.710872204575243e-05,0.035563139913984416,0.061985322487621,0.0,0.0,0.0,0.05623770012970608,0.02044083470671803,0.0033408668569969826,0.0013947688332551847,0.0,0.0,0.0,0.007109659468073456,0.024873288603548184,4.6687302342544544e-05,0.0,0.02101702051811763,0.0,0.00788058557689879,0.03490414980614049,0.02831152229656577,0.02563274471914094,0.0,0.0,0.02818432013867674,0.0036964288839357756,0.02541785367041549,0.0,0.057772911194859625,0.0,0.024738143929451117,0.09776517965600272,0.004164955792733749,0.027880355517037308,0.07382180484690572,0.03473789876288187,0.057679242689361275,0.0,0.021556423983347065,0.00028640660581931795,0.044546960090272154,0.08468962315125081,0.03520873638030107,0.0,0.06878411840322783,0.0,0.019371900004018547,0.01167090268593392,0.0,0.07764144506611073,0.060469073315425004,0.0,0.009191126725393507,0.0,0.06774336063961825,0.04591888262614117,0.0,0.0,0.06088886402665454,0.0684883847909906
EG10160_transl,0.021871163701423713,0.015709189404992902,0.0,0.0,0.0,0.044169140535677234,0.010414490528528674,0.0,0.0,0.05776072191096045,,0.0,0.03618037435079407,0.013948420352559708,0.0,0.0,0.006511419131996569,0.011017880124765579,0.0,0.0,0.010367958193056491,0.004121745414124337,0.04647220254997944,0.0,0.03863435065631695,0.0,0.0,0.03005483305505341,0.0,0.0,0.015751979060226014,0.09537149924417777,0.0,0.0,0.022030195754589737,0.0,0.041391350709089114,0.08416686801330063,0.031819198309210636,0.017490294078837218,3.384237459334215e-16,3.384237459334215e-16,3.384237459334215e-16,3.384237459334215e-16,3.384237459334215e-16,0.024651744356768868,3.384237459334215e-16,0.0,3.384237459334215e-16,3.384237459334215e-16,,3.384237459334215e-16,3.384237459334215e-16,3.384237459334215e-16,3.384237459334215e-16,3.384237459334215e-16,3.384237459334215e-16,3.384237459334215e-16,3.384237459334215e-16,3.384237459334215e-16,3.384237459334215e-16,3.384237459334215e-16,0.011203339162628787,0.0,3.384237459334215e-16,3.384237459334215e-16,3.384237459334215e-16,3.384237459334215e-16,0.0,3.384237459334215e-16,3.384237459334215e-16,3.384237459334215e-16,3.384237459334215e-16,3.384237459334215e-16,3.384237459334215e-16,3.384237459334215e-16,3.384237459334215e-16,3.384237459334215e-16,3.384237459334215e-16,3.384237459334215e-16,0.03897107582052267,3.384237459334215e-16,0.0,3.384237459334215e-16,3.384237459334215e-16,0.005389788756974177,3.384237459334215e-16,0.0,0.040246109099150565,0.06039967118448392,0.0,3.384237459334215e-16,3.384237459334215e-16,0.00025993789676807995,3.384237459334215e-16,0.008099759193171545,0.02083061601255707,0.0,0.02333848132083168,3.384237459334215e-16,3.384237459334215e-16,3.384237459334215e-16,0.0,0.0,0.0,0.045495654692414796,3.384237459334215e-16,3.384237459334215e-16,3.384237459334215e-16,3.384237459334215e-16,3.384237459334215e-16,0.0,3.384237459334215e-16,3.384237459334215e-16,3.384237459334215e-16,3.384237459334215e-16,3.384237459334215e-16,3.384237459334215e-16,3.384237459334215e-16,3.384237459334215e-16,3.384237459334215e-16,3.384237459334215e-16,3.384237459334215e-16,3.384237459334215e-16,3.384237459334215e-16,3.384237459334215e-16,3.384237459334215e-16,3.384237459334215e-16,3.384237459334215e-16,3.384237459334215e-16,3.384237459334215e-16,3.384237459334215e-16,3.384237459334215e-16,3.384237459334215e-16,3.384237459334215e-16,3.384237459334215e-16,3.384237459334215e-16,3.384237459334215e-16,3.384237459334215e-16,3.384237459334215e-16,3.384237459334215e-16,3.384237459334215e-16,3.384237459334215e-16,3.384237459334215e-16,3.384237459334215e-16,3.384237459334215e-16,3.384237459334215e-16,3.384237459334215e-16,3.384237459334215e-16,3.384237459334215e-16,3.384237459334215e-16,3.384237459334215e-16,3.384237459334215e-16,3.384237459334215e-16,3.384237459334215e-16,3.384237459334215e-16,3.384237459334215e-16,3.384237459334215e-16,3.384237459334215e-16,3.384237459334215e-16
EG10167_transl,0.0,0.006160465757437478,0.0,0.021410336905861013,0.0,0.0,0.0,0.0,0.0,0.0,,0.01736024475193296,0.0,0.0,0.018022090808053556,0.0,0.0,0.0,0.0,0.02511796874649098,0.0,0.029953375585993793,0.0,0.0,0.0,0.0,0.0,0.020149747886224572,0.0,0.004201698750848944,0.0,0.0,0.0,0.0,0.0,0.0,0.07207275705220476,0.0,0.0,0.0,3.384237459334215e-16,3.384237459334215e-16,3.384237459334215e-16,3.384237459334215e-16,3.384237459334215e-16,0.0,3.384237459334215e-16,0.0,3.384237459334215e-16,3.384237459334215e-16,,3.384237459334215e-16,3.384237459334215e-16,3.384237459334215e-16,3.384237459334215e-16,3.384237459334215e-16,3.384237459334215e-16,3.384237459334215e-16,3.384237459334215e-16,3.384237459334215e-16,3.384237459334215e-16,3.384237459334215e-16,0.0,0.0,3.384237459334215e-16,3.384237459334215e-16,3.384237459334215e-16,3.384237459334215e-16,0.0,3.384237459334215e-16,3.384237459334215e-16,3.384237459334215e-16,3.384237459334215e-16,3.384237459334215e-16,3.384237459334215e-16,3.384237459334215e-16,3.384237459334215e-16,3.384237459334215e-16,3.384237459334215e-16,3.384237459334215e-16,0.0,3.384237459334215e-16,0.006337608641005193,3.384237459334215e-16,3.384237459334215e-16,0.010690366863879556,3.384237459334215e-16,0.050934422618869574,0.0,0.0,0.0,3.384237459334215e-16,3.384237459334215e-16,0.0,3.384237459334215e-16,0.0,0.0,0.0,0.0,3.384237459334215e-16,3.384237459334215e-16,3.384237459334215e-16,0.0,0.0,0.0,0.0,3.384237459334215e-16,3.384237459334215e-16,3.384237459334215e-16,3.384237459334215e-16,3.384237459334215e-16,0.0,3.384237459334215e-16,3.384237459334215e-16,3.384237459334215e-16,3.384237459334215e-16,3.384237459334215e-16,3.384237459334215e-16,3.384237459334215e-16,3.384237459334215e-16,3.384237459334215e-16,3.384237459334215e-16,3.384237459334215e-16,3.384237459334215e-16,3.384237459334215e-16,3.384237459334215e-16,3.384237459334215e-16,3.384237459334215e-16,3.384237459334215e-16,3.384237459334215e-16,3.384237459334215e-16,3.384237459334215e-16,3.384237459334215e-16,3.384237459334215e-16,3.384237459334215e-16,3.384237459334215e-16,3.384237459334215e-16,3.384237459334215e-16,3.384237459334215e-16,3.384237459334215e-16,3.384237459334215e-16,3.384237459334215e-16,3.384237459334215e-16,3.384237459334215e-16,3.384237459334215e-16,3.384237459334215e-16,3.384237459334215e-16,3.384237459334215e-16,3.384237459334215e-16,3.384237459334215e-16,3.384237459334215e-16,3.384237459334215e-16,3.384237459334215e-16,3.384237459334215e-16,3.384237459334215e-16,3.384237459334215e-16,3.384237459334215e-16,3.384237459334215e-16,3.384237459334215e-16,3.384237459334215e-16
EG10170_transl,0.0,0.0,0.0,0.04714795817050071,0.0,0.039539206287905374,0.0,0.0,0.015759223873492663,0.1461039780562983,,0.011009161663145335,0.0,0.04467097241309587,0.02033064609261416,0.021066021662346154,0.03845444960906695,0.0,0.03696791676275432,0.0,0.0042070127211483715,0.0,0.0,0.012634154478206573,0.0,0.0,0.03687160520933684,0.0955197366938013,0.0,0.01895839046919391,0.0,0.02742515285717895,0.2105976404192047,0.0,0.0,0.0,0.0,0.0,0.06970074464326494,0.05838861764966544,0.023525168949446937,0.0,0.07193911258055764,0.0,0.003885079416260663,0.0,0.023258547447908638,0.0,0.054684857315364516,0.09015618988313094,,0.0,0.10616124921771289,0.04901889790909813,0.0,0.0,0.07564798427932135,0.03998049923073301,0.0694834256199832,0.0,0.049387227247389726,0.0,0.008663132315743866,0.00796842420616085,0.09061553485854043,0.011999218016024457,0.04482409414274158,0.0,0.0,0.05746926620977972,0.042275100422377025,0.0,0.0,0.0,0.0,0.0299196693813656,0.04367981759670775,0.013649021792509996,0.011349719264992635,0.027060870861707265,0.049904888541317756,0.0,0.05587952037486165,0.0,0.039195652832830434,0.0,0.0,0.0,0.017982521213613725,0.1442361099620381,0.05966711854786451,0.0,0.0,0.031045454676434252,0.022962815850237198,0.0667468905123198,0.18065865771838385,0.12337425351343458,0.08787028897530529,0.0,0.0,0.054366394929243944,0.0,0.00796842420616085,0.04445956456338724,0.05595983031199355,0.0,0.046904245057839626,0.0,0.0013283892927191706,0.022777045912770043,0.011532612331804151,0.0,0.0,0.0,0.0,0.0,0.032365305816886535,0.05972370226158613,0.02395769438143267,0.03896697825075697,0.0,0.0,0.0,0.024143229158116685,0.0,0.052790485618493546,0.0,0.10530098551634626,0.0,0.0,0.05992409982039618,0.0,0.0,0.028201887087736004,0.008777525078735566,0.05455082741573958,0.005975647196903127,0.0,0.0,0.03200294441428222,0.032675830755969075,0.0,0.0,0.08862147163641856,0.0,0.043153175392607025,0.022769474125706922,0.0,0.08300739638164162,0.08048398635515142,0.0,0.0,0.09900014689506767,0.07350403876402997,0.027170709881066905,0.0,0.0,0.14984028262828317,0.0698895324714457
EG10172_transl,0.0,0.0,0.01759195452390669,0.013398937028042759,0.01872253935315142,0.0,0.0,0.007027917161017201,0.0,0.0027934296244623664,,0.0,0.0,0.0,0.0,0.025163568341205467,0.0,0.01840594152153628,0.0093465495926551,0.0028945589464338005,0.0,0.02673788074399321,0.0,0.0,0.0,0.0,0.0,0.0,0.0,0.002702435800977841,0.0,0.010474180700023423,0.044156679765120714,0.017714931119163207,0.02087119465730903,0.013793872984910128,0.0,0.04659778770974574,0.01976112751629844,0.0,3.384237459334215e-16,3.384237459334215e-16,3.384237459334215e-16,3.384237459334215e-16,3.384237459334215e-16,0.0,3.384237459334215e-16,0.024672772210372874,3.384237459334215e-16,3.384237459334215e-16,,3.384237459334215e-16,3.384237459334215e-16,3.384237459334215e-16,3.384237459334215e-16,3.384237459334215e-16,3.384237459334215e-16,3.384237459334215e-16,3.384237459334215e-16,3.384237459334215e-16,3.384237459334215e-16,3.384237459334215e-16,0.020486436826251578,0.0,3.384237459334215e-16,3.384237459334215e-16,3.384237459334215e-16,3.384237459334215e-16,0.0,3.384237459334215e-16,3.384237459334215e-16,3.384237459334215e-16,3.384237459334215e-16,3.384237459334215e-16,3.384237459334215e-16,3.384237459334215e-16,3.384237459334215e-16,3.384237459334215e-16,3.384237459334215e-16,3.384237459334215e-16,0.01655162337151565,3.384237459334215e-16,0.0,3.384237459334215e-16,3.384237459334215e-16,0.0,3.384237459334215e-16,0.052674316146252065,0.0,0.0328508014226067,0.022692268058829405,3.384237459334215e-16,3.384237459334215e-16,3.999844066180415e-16,3.384237459334215e-16,0.010717104318424304,0.004352023781280093,0.0,0.0,3.384237459334215e-16,3.384237459334215e-16,3.384237459334215e-16,0.006875626937988912,0.0,0.012668973287065483,3.416337667301141e-06,3.384237459334215e-16,3.384237459334215e-16,3.384237459334215e-16,3.384237459334215e-16,3.384237459334215e-16,0.0018464360561529867,3.384237459334215e-16,3.384237459334215e-16,3.384237459334215e-16,3.384237459334215e-16,3.384237459334215e-16,3.384237459334215e-16,3.384237459334215e-16,3.384237459334215e-16,3.384237459334215e-16,3.384237459334215e-16,3.384237459334215e-16,3.384237459334215e-16,3.384237459334215e-16,3.384237459334215e-16,3.384237459334215e-16,3.384237459334215e-16,3.384237459334215e-16,3.384237459334215e-16,3.384237459334215e-16,3.384237459334215e-16,3.384237459334215e-16,3.384237459334215e-16,3.384237459334215e-16,3.384237459334215e-16,3.384237459334215e-16,3.384237459334215e-16,3.384237459334215e-16,3.384237459334215e-16,3.384237459334215e-16,3.384237459334215e-16,3.384237459334215e-16,3.384237459334215e-16,3.384237459334215e-16,3.384237459334215e-16,3.384237459334215e-16,3.384237459334215e-16,3.384237459334215e-16,3.384237459334215e-16,3.384237459334215e-16,3.384237459334215e-16,3.384237459334215e-16,3.384237459334215e-16,3.384237459334215e-16,3.384237459334215e-16,3.384237459334215e-16,3.384237459334215e-16,3.384237459334215e-16,3.384237459334215e-16
