cistron_id,num_tus,tu_ids,num_operons,operon_ids
EG10001_RNA,1,TU0-14120[c],1,1185
EG10002_RNA,1,TU0-14276[c],1,1297
EG10003_RNA,1,TU0-13622[c],1,767
EG10004_RNA,1,TU0-14356[c],1,1346
EG10006_RNA,1,TU0-4562[c],1,1740
EG10007_RNA,2,TU0-14415[c];TU0-3581[c],1,1369
EG10008_RNA,1,TU783[c],1,2516
EG10011_RNA,1,TU0-12788[c],1,65
EG10012_RNA,1,TU00254[c],1,2378
EG10013_RNA,1,TU0-14369[c],1,1355
EG10014_RNA,1,TU0-14793[c],1,1476
EG10015_RNA,1,TU0-14347[c],1,1339
EG10016_RNA,1,EG10016_RNA[c],1,2528
EG10017_RNA,1,TU0-13885[c],1,988
EG10018_RNA,1,TU0-13904[c],1,1006
EG10020_RNA,1,TU0-3[c],1,1572
EG10021_RNA,1,TU0-14208[c],1,1256
EG10022_RNA,2,TU00001[c];aceBA[c],1,1400
EG10023_RNA,2,TU00001[c];aceBA[c],1,1400
EG10024_RNA,2,TU0-45222[c];TU0-45254[c],1,1719
EG10025_RNA,2,TU0-45222[c];TU0-45254[c],1,1719
EG10026_RNA,2,TU0-14503[c];TU00001[c],1,1400
EG10027_RNA,2,TU0-8301[c];TU00385[c],1,1902
EG10028_RNA,1,TU0-13083[c],1,309
EG10029_RNA,1,TU0-45248[c],1,1727
EG10030_RNA,1,TU0-13350[c],1,530
EG10031_RNA,1,TU0-45181[c],1,1712
EG10032_RNA,1,TU0-6481[c],1,1796
EG10033_RNA,1,TU0-7401[c],1,1854
EG10034_RNA,1,TU0-6441[c],1,1794
EG10035_RNA,1,TU102[c],1,2476
EG10036_RNA,2,TU0-13210[c];TU0-13211[c],1,413
EG10037_RNA,2,TU0-45248[c];TU00073[c],1,1727
EG10039_RNA,1,TU0-6422[c],1,1791
EG10040_RNA,1,TU243[c],1,2484
EG10041_RNA,1,TU00237[c],1,2372
EG10042_RNA,1,TU00237[c],1,2372
EG10043_RNA,1,TU0-14162[c],1,1223
EG10044_RNA,1,TU0-45283[c],1,1738
EG10045_RNA,1,TU00238[c],1,2373
EG10046_RNA,1,TU0-6569[c],1,1817
EG10047_RNA,4,TU0-5186[c];TU0-5201[c];TU0-5202[c];TU00362[c],1,1683
EG10048_RNA,4,TU0-5186[c];TU0-5201[c];TU0-5202[c];TU00362[c],1,1683
EG10049_RNA,2,TU0-45265[c];TU00461[c],1,1734
EG10050_RNA,1,TU0-42454[c],1,1632
EG10051_RNA,1,TU0-12947[c],1,196
EG10052_RNA,1,TU00214[c],1,2361
EG10053_RNA,1,TU00214[c],1,2361
EG10054_RNA,1,TU00003[c],1,2256
EG10055_RNA,1,TU00214[c],1,2361
EG10056_RNA,2,TU0-42571[c];TU00076[c],1,875
EG10057_RNA,1,TU0-42451[c],1,1630
EG10058_RNA,1,TU0-42451[c],1,1630
EG10059_RNA,1,TU0-42451[c],1,1630
EG10060_RNA,1,TU00099[c],1,2296
EG10061_RNA,1,TU344[c],1,2488
EG10062_RNA,1,TU0-5621[c],1,1773
EG10063_RNA,1,TU0-8472[c],1,1929
EG10064_RNA,1,TU00004[c],1,1679
EG10065_RNA,1,TU00004[c],1,1679
EG10066_RNA,1,TU00111[c],1,2300
EG10067_RNA,2,TU0-198702[c];TU00005[c],1,132
EG10068_RNA,1,TU0-5501[c],1,1770
EG10069_RNA,1,TU00006[c],1,2257
EG10070_RNA,1,TU0-3501[c],1,1594
EG10071_RNA,1,TU0-13444[c],1,619
EG10072_RNA,2,TU0-3581[c];argT-hisJ[c],1,1369
EG10073_RNA,1,TU00357[c],1,1664
EG10074_RNA,2,TU872[c];aroKB-damX[c],1,2248
EG10075_RNA,1,TU0-13593[c],1,744
EG10076_RNA,2,TU0-13373[c];TU0-42694[c],1,552
EG10077_RNA,1,TU0-7281[c],1,1848
EG10078_RNA,1,TU00008[c],1,2258
EG10079_RNA,1,TU00009[c],1,2259
EG10080_RNA,1,TU0-14254[c],1,1291
EG10081_RNA,2,TU872[c];aroKB-damX[c],1,2248
EG10082_RNA,1,TU0-42568[c],1,1422
EG10083_RNA,3,TU0-14546[c];TU0-42568[c];TU0-44218[c],1,1422
EG10084_RNA,1,TU00012[c],1,2260
EG10085_RNA,2,TU0-42599[c];TU00241[c],1,1668
EG10086_RNA,1,TU00241[c],1,1668
EG10087_RNA,1,TU00242[c],1,2375
EG10088_RNA,1,TU0-13935[c],1,1033
EG10089_RNA,1,TU0-8769[c],1,2184
EG10090_RNA,1,TU0-8863[c],1,2249
EG10091_RNA,1,TU00112[c],1,2301
EG10092_RNA,1,TU0-4929[c],1,1751
EG10093_RNA,3,TU0-14262[c];TU0-14263[c];TU00113[c],1,1113
EG10094_RNA,1,TU0-13093[c],1,318
EG10095_RNA,2,TU0-6021[c];TU00160[c],1,1780
EG10096_RNA,1,TU0-6482[c],1,1797
EG10097_RNA,1,TU0-14634[c],1,1440
EG10098_RNA,2,TU0-6635[c];TU00243[c],1,1827
EG10099_RNA,2,TU0-6635[c];TU00243[c],1,1827
EG10100_RNA,2,TU0-6635[c];TU00243[c],1,1827
EG10101_RNA,2,TU0-6635[c];TU00243[c],1,1827
EG10102_RNA,2,TU0-6635[c];TU00243[c],1,1827
EG10103_RNA,2,TU0-6635[c];TU00243[c],1,1827
EG10104_RNA,2,TU0-6635[c];TU00243[c],1,1827
EG10105_RNA,2,TU0-6635[c];TU00243[c],1,1827
EG10106_RNA,1,TU00243[c],1,1827
EG10107_RNA,1,TU0-13984[c],1,1071
EG10108_RNA,1,TU0-6483[c],1,1798
EG10109_RNA,1,TU00115[c],1,2303
EG10110_RNA,1,TU00115[c],1,2303
EG10111_RNA,1,TU00115[c],1,2303
EG10112_RNA,1,TU00116[c],1,2304
EG10113_RNA,1,TU0-13914[c],1,1015
EG10114_RNA,1,TU0-4802[c],1,1652
EG10115_RNA,1,TU0-4802[c],1,1652
EG10116_RNA,2,TU0-42515[c];TU0-4802[c],1,1652
EG10117_RNA,1,TU00013[c],1,2261
EG10118_RNA,1,TU00117[c],1,2305
EG10119_RNA,1,TU00117[c],1,2305
EG10120_RNA,1,TU00117[c],1,2305
EG10121_RNA,1,TU00117[c],1,2305
EG10122_RNA,1,TU0-8772[c],1,2185
EG10123_RNA,1,TU0-14099[c],1,1170
EG10124_RNA,1,TU0-8773[c],1,2186
EG10125_RNA,1,TU0-14251[c],1,1289
EG10126_RNA,1,TU0-6281[c],1,1784
EG10127_RNA,1,TU00246[c],1,1689
EG10128_RNA,2,TU0-44193[c];TU00246[c],1,1689
EG10129_RNA,2,TU0-44213[c];TU00246[c],1,1689
EG10130_RNA,1,TU0-13196[c],1,403
EG10131_RNA,2,TU0-14513[c];TU00467[c],1,1405
EG10132_RNA,1,TU00467[c],1,1405
EG10133_RNA,1,TU00118[c],1,2306
EG10134_RNA,1,TU00109[c],1,1835
EG10135_RNA,2,TU0-6884[c];TU00109[c],1,1835
EG10136_RNA,1,TU-8393[c],1,10
EG10137_RNA,1,TU841[c],1,2521
EG10138_RNA,1,TU0-6485[c],1,1800
EG10139_RNA,3,TU0-12831[c];TU0-14340[c];TU0-14609[c],1,100
EG10140_RNA,1,TU00248[c],1,2377
EG10141_RNA,1,TU00248[c],1,2377
EG10142_RNA,1,TU00248[c],1,2377
EG10143_RNA,1,TU00248[c],1,2377
EG10144_RNA,1,TU00248[c],1,2377
EG10145_RNA,2,TU0-14683[c];TU00253[c],1,1390
EG10146_RNA,1,EG10146_RNA[c],1,2529
EG10147_RNA,1,TU0-1547[c],1,1489
EG10148_RNA,1,TU0-1547[c],1,1489
EG10149_RNA,1,EG10149_RNA[c],1,2530
EG10150_RNA,1,TU0-1547[c],1,1489
EG10151_RNA,1,TU0-1547[c],1,1489
EG10152_RNA,1,TU0-14276[c],1,1297
EG10153_RNA,1,TU00302[c],1,2399
EG10154_RNA,1,TU00302[c],1,2399
EG10155_RNA,1,TU00014[c],1,2262
EG10156_RNA,1,TU00445[c],1,2438
EG10157_RNA,1,TU0-45212[c],1,1716
EG10158_RNA,1,TU0-14490[c],1,1383
EG10159_RNA,3,TU0-14455[c];TU0-14490[c];clpX[c],1,1383
EG10160_RNA,1,TU00120[c],1,2307
EG10161_RNA,1,TU0-13499[c],1,660
EG10162_RNA,1,TU0-13499[c],1,660
EG10163_RNA,1,TU0-3[c],1,1572
EG10164_RNA,1,TU0-14396[c],1,1363
EG10165_RNA,2,TU0-45232[c];TU0-4782[c],1,1723
EG10166_RNA,1,TU0-1581[c],1,1492
EG10167_RNA,1,TU0-6821[c],1,1833
EG10168_RNA,2,TU0-13016[c];TU0-14471[c],1,250
EG10169_RNA,2,TU00444[c];cvpA-purF[c],1,1411
EG10170_RNA,1,TU0-14402[c],1,1365
EG10172_RNA,1,TU0-13253[c],1,449
EG10173_RNA,1,TU0-3161[c],1,1580
EG10174_RNA,1,TU0-3161[c],1,1580
EG10175_RNA,2,TU0-14378[c];TU00142[c],1,1359
EG10176_RNA,2,TU0-14378[c];TU00142[c],1,1359
EG10177_RNA,1,TU00142[c],1,1359
EG10178_RNA,1,TU00101[c],1,2297
EG10179_RNA,1,TU00101[c],1,2297
EG10180_RNA,1,TU00101[c],1,2297
EG10181_RNA,1,TU00101[c],1,2297
EG10182_RNA,1,TU00101[c],1,2297
EG10183_RNA,1,TU00144[c],1,2321
EG10184_RNA,1,TU00077[c],1,2286
EG10185_RNA,1,TU00146[c],1,2322
EG10186_RNA,1,TU00146[c],1,2322
EG10187_RNA,1,TU0-6501[c],1,1802
EG10188_RNA,2,TU0-0[c];TU00046[c],1,36
EG10189_RNA,2,TU0-14511[c];TU00078[c],1,1403
EG10190_RNA,1,TU00078[c],1,1403
EG10191_RNA,1,TU00078[c],1,1403
EG10192_RNA,1,TU0-14642[c],1,1444
EG10193_RNA,1,TU00144[c],1,2321
EG10194_RNA,1,TU00146[c],1,2322
EG10195_RNA,1,TU00144[c],1,2321
EG10196_RNA,1,TU0-8477[c],1,1932
EG10197_RNA,1,TU00144[c],1,2321
EG10198_RNA,1,TU00144[c],1,2321
EG10200_RNA,1,TU0-5961[c],1,1777
EG10201_RNA,1,TU0-13008[c],1,242
EG10202_RNA,1,TU0-8781[c],1,2191
EG10203_RNA,1,TU0-8782[c],1,2192
EG10204_RNA,3,TU872[c];TU874[c];TU875[c],1,2248
EG10205_RNA,1,TU00256[c],1,1616
EG10206_RNA,1,TU0-14399[c],1,1364
EG10207_RNA,2,TU0-12827[c];TU0-6443[c],1,99
EG10208_RNA,2,TU0-13642[c];TU0-14404[c],1,784
EG10209_RNA,1,TU0-14042[c],1,1123
EG10210_RNA,1,EG10210_RNA[c],1,2531
EG10211_RNA,1,TU00257[c],1,2380
EG10212_RNA,1,TU0-8783[c],1,2193
EG10213_RNA,1,TU0-8784[c],1,2194
EG10214_RNA,1,EG10214_RNA[c],1,2532
EG10215_RNA,2,TU0-13880[c];TU0-14763[c],1,984
EG10216_RNA,2,TU0-5182[c];TU0-5183[c],1,1762
EG10217_RNA,1,TU00232[c],1,2369
EG10218_RNA,1,TU0-13591[c],1,742
EG10219_RNA,2,TU0-14537[c];TU00017[c],1,1419
EG10220_RNA,3,TU0-14537[c];TU0-6646[c];TU00017[c],1,1419
EG10221_RNA,1,TU00017[c],1,1419
EG10222_RNA,3,TU0-14537[c];TU0-6646[c];TU00017[c],1,1419
EG10223_RNA,1,TU0-13067[c],1,294
EG10224_RNA,1,TU0-14115[c],1,1180
EG10225_RNA,1,TU0-12823[c],1,96
EG10226_RNA,1,TU0-13328[c],1,510
EG10227_RNA,1,TU0-13331[c],1,513
EG10228_RNA,1,TU0-13327[c],1,509
EG10229_RNA,1,TU0-5184[c],1,1763
EG10230_RNA,3,TU0-14494[c];TU00358[c];dksA[c],1,1394
EG10231_RNA,1,TU0-8787[c],1,2195
EG10232_RNA,1,TU0-1122[c],1,44
EG10233_RNA,1,TU0-1122[c],1,44
EG10234_RNA,2,TU0-1122[c];TU0-42696[c],1,44
EG10235_RNA,1,TU00259[c],1,56
EG10236_RNA,1,TU0-14119[c],1,1184
EG10237_RNA,4,TU0-8867[c];TU0-8868[c];TU0-8869[c];TU00261[c],1,2250
EG10238_RNA,1,TU0-8373[c],1,1615
EG10239_RNA,1,TU00352[c],1,1386
EG10240_RNA,1,TU00260[c],1,2382
EG10241_RNA,2,TU00260[c];dnaK[c],1,2382
EG10242_RNA,2,TU0-1193[c];TU00259[c],1,56
EG10243_RNA,1,TU0-12843[c],1,112
EG10244_RNA,4,TU0-8867[c];TU0-8868[c];TU0-8869[c];TU00261[c],1,2250
EG10245_RNA,1,TU0-12948[c],1,197
EG10246_RNA,1,TU0-12841[c],1,110
EG10247_RNA,2,TU483[c];TU484[c],1,2407
EG10248_RNA,1,TU0-198879[c],1,1521
EG10249_RNA,2,TU00148[c];TU00375[c],1,2324
EG10250_RNA,1,TU00148[c],1,2324
EG10251_RNA,1,TU0-8321[c],1,1903
EG10252_RNA,1,TU00127[c],1,2311
EG10253_RNA,1,TU00127[c],1,2311
EG10254_RNA,1,TU0-13850[c],1,955
EG10255_RNA,1,TU0-8790[c],1,2198
EG10256_RNA,2,TU00227[c];TU25[c],1,2368
EG10257_RNA,1,TU00227[c],1,2368
EG10258_RNA,2,TU0-14412[c];TU0-14654[c],1,1368
EG10259_RNA,1,TU00166[c],1,1434
EG10260_RNA,1,TU00166[c],1,1434
EG10261_RNA,1,TU00166[c],1,1434
EG10262_RNA,1,TU0-198711[c],1,1518
EG10263_RNA,1,TU00166[c],1,1434
EG10264_RNA,1,TU00270[c],1,2386
EG10265_RNA,1,TU0-12809[c],1,82
EG10266_RNA,1,TU00234[c],1,2370
EG10267_RNA,1,TU00234[c],1,2370
EG10268_RNA,1,TU00264[c],1,1876
EG10269_RNA,1,TU00177[c],1,2337
EG10270_RNA,2,TU00332[c];TU483[c],1,2407
EG10271_RNA,1,TU00265[c],1,1565
EG10272_RNA,2,TU0-2562[c];TU00265[c],1,1565
EG10273_RNA,1,TU00092[c],1,2293
EG10274_RNA,1,TU0-1482[c],1,1484
EG10275_RNA,1,TU0-42603[c],1,1671
EG10276_RNA,1,TU0-42603[c],1,1671
EG10277_RNA,3,TU0-1[c];TU0-5[c];TU00266[c],1,37
EG10278_RNA,1,TU00215[c],1,2362
EG10279_RNA,1,TU00215[c],1,2362
EG10280_RNA,1,TU00080[c],1,2287
EG10281_RNA,1,TU0-14737[c],1,1461
EG10282_RNA,2,TU0-14816[c];TU0-45273[c],1,1482
EG10283_RNA,1,TU0-8336[c],1,1913
EG10284_RNA,1,TU00268[c],1,2384
EG10285_RNA,1,TU00152[c],1,2327
EG10286_RNA,1,TU00151[c],1,2326
EG10287_RNA,1,TU00151[c],1,2326
EG10288_RNA,1,TU00151[c],1,2326
EG10289_RNA,1,TU00151[c],1,2326
EG10290_RNA,1,TU00151[c],1,2326
EG10291_RNA,1,TU00460[c],1,2446
EG10292_RNA,1,TU00460[c],1,2446
EG10293_RNA,1,TU0-198711[c],1,1518
EG10294_RNA,1,TU00164[c],1,2334
EG10295_RNA,1,TU0-3963[c],1,1610
EG10296_RNA,1,TU0-3963[c],1,1610
EG10297_RNA,1,TU00270[c],1,2386
EG10298_RNA,1,TU0-3963[c],1,1610
EG10299_RNA,1,TU00270[c],1,2386
EG10300_RNA,1,TU0-13680[c],1,815
EG10301_RNA,2,TU0-8344[c];TU0-8345[c],1,1919
EG10302_RNA,2,TU0-198712[c];fhuA[c],1,1519
EG10303_RNA,1,TU0-198712[c],1,1519
EG10304_RNA,1,TU0-198712[c],1,1519
EG10305_RNA,1,TU0-198712[c],1,1519
EG10306_RNA,1,TU0-2581[c],1,1566
EG10307_RNA,1,TU0-6885[c],1,1813
EG10308_RNA,1,fimA[c],1,2527
EG10309_RNA,1,TU00409[c],1,2431
EG10310_RNA,1,EG10310_RNA[c],1,2533
EG10311_RNA,1,EG10311_RNA[c],1,2534
EG10312_RNA,1,TU183[c],1,2481
EG10313_RNA,1,EG10313_RNA[c],1,2535
EG10314_RNA,1,EG10314_RNA[c],1,2536
EG10315_RNA,1,EG10315_RNA[c],1,2537
EG10316_RNA,3,TU0-4146[c];TU0-4184[c];TU0-8373[c],1,1615
EG10317_RNA,1,TU00021[c],1,2263
EG10318_RNA,1,TU0-1282[c],1,83
EG10319_RNA,1,TU0-14785[c],1,1472
EG10320_RNA,1,TU0-14785[c],1,1472
EG10321_RNA,1,EG10321_RNA[c],1,2538
EG10322_RNA,1,TU0-1441[c],1,1367
EG10323_RNA,1,TU0-1441[c],1,1367
EG10324_RNA,1,TU0-1441[c],1,1367
EG10325_RNA,1,TU00022[c],1,2264
EG10326_RNA,1,TU0-6401[c],1,1787
EG10327_RNA,1,TU0-13591[c],1,742
EG10328_RNA,1,TU0-12965[c],1,210
EG10329_RNA,3,TU0-5522[c];TU0-5523[c];TU0-5543[c],1,1771
EG10330_RNA,1,TU0-45225[c],1,1720
EG10331_RNA,1,TU0-45225[c],1,1720
EG10332_RNA,1,TU0-45225[c],1,1720
EG10333_RNA,1,TU0-45225[c],1,1720
EG10334_RNA,1,TU0-14055[c],1,1135
EG10335_RNA,1,TU0-42525[c],1,1655
EG10336_RNA,1,TU00161[c],1,2332
EG10337_RNA,1,TU00161[c],1,2332
EG10338_RNA,1,TU0-12808[c],1,81
EG10339_RNA,2,TU0-1422[c];TU0-45271[c],1,1267
EG10340_RNA,1,TU00278[c],1,2389
EG10341_RNA,1,EG10341_RNA[c],1,2539
EG10342_RNA,2,TU0-3941[c];TU0-45271[c],1,1267
EG10343_RNA,1,TU0-13942[c],1,1038
EG10344_RNA,1,EG10344_RNA[c],1,2540
EG10345_RNA,1,TU00278[c],1,2389
EG10346_RNA,1,TU00278[c],1,2389
EG10347_RNA,3,TU0-1422[c];TU0-1423[c];TU0-45271[c],1,1267
EG10348_RNA,1,TU00135[c],1,1680
EG10349_RNA,1,TU00128[c],1,1399
EG10350_RNA,1,TU00128[c],1,1399
EG10351_RNA,2,TU0-42697[c];TU00135[c],1,1680
EG10352_RNA,1,TU00128[c],1,1399
EG10353_RNA,2,TU0-14502[c];TU00128[c],1,1399
EG10355_RNA,2,TU0-42698[c];TU00128[c],1,1399
EG10356_RNA,2,TU0-42499[c];TU00104[c],1,1639
EG10357_RNA,2,TU0-4562[c];TU00159[c],1,1740
EG10358_RNA,2,TU0-42482[c];TU0-42499[c],1,1639
EG10359_RNA,3,TU0-1281[c];TU0-1282[c];TU0-1283[c],1,83
EG10360_RNA,2,TU0-5121[c];TU00348[c],1,1410
EG10361_RNA,3,TU0-1921[c];TU0-198884[c];TU0-4001[c],1,1302
EG10362_RNA,4,TU0-42578[c];TU0-42581[c];TU0-42583[c];TU0-45179[c],1,1667
EG10363_RNA,3,TU0-42583[c];TU0-42588[c];TU0-45179[c],1,1667
EG10364_RNA,1,TU0-881[c],1,2211
EG10365_RNA,1,TU00024[c],1,2265
EG10366_RNA,3,TU0-42581[c];TU0-42583[c];TU0-45179[c],1,1667
EG10367_RNA,2,TU0-42480[c];TU0-4904[c],1,573
EG10368_RNA,2,TU0-45273[c];TU0-45274[c],1,1482
EG10369_RNA,1,TU0-2042[c],1,1554
EG10370_RNA,1,EG10370_RNA[c],1,2541
EG10371_RNA,1,TU00170[c],1,1402
EG10372_RNA,1,TU0-1201[c],1,58
EG10373_RNA,1,TU0-12794[c],1,71
EG10374_RNA,1,TU0-8802[c],1,2204
EG10375_RNA,2,TU0-14029[c];TU0-14263[c],1,1113
EG10376_RNA,2,TU0-14029[c];TU0-42479[c],1,1113
EG10377_RNA,3,TU0-14302[c];TU0-36417[c];TU00122[c],1,1308
EG10378_RNA,1,TU0-14302[c],1,1308
EG10379_RNA,2,TU0-14302[c];TU00122[c],1,1308
EG10380_RNA,3,TU0-14302[c];TU0-36417[c];TU00122[c],1,1308
EG10381_RNA,1,TU0-14302[c],1,1308
EG10382_RNA,1,TU00280[c],1,2391
EG10383_RNA,1,EG10383_RNA[c],1,2542
EG10384_RNA,2,TU0-36399[c];TU00089[c],1,1324
EG10385_RNA,1,TU0-198713[c],1,1520
EG10386_RNA,1,TU0-6649[c],1,1828
EG10387_RNA,1,TU0-198713[c],1,1520
EG10388_RNA,1,TU0-6649[c],1,1828
EG10389_RNA,2,TU0-6649[c];TU0-8001[c],1,1828
EG10390_RNA,1,TU0-14467[c],1,1388
EG10391_RNA,1,TU00030[c],1,2266
EG10392_RNA,1,TU00030[c],1,2266
EG10393_RNA,1,TU00030[c],1,2266
EG10394_RNA,1,TU00031[c],1,2267
EG10395_RNA,1,TU401[c],1,2493
EG10396_RNA,2,TU0-198704[c];TU00173[c],1,1515
EG10397_RNA,2,TU401[c];TU402[c],1,2493
EG10398_RNA,2,TU0-198704[c];TU00173[c],1,1515
EG10399_RNA,2,TU0-42700[c];TU00216[c],1,1682
EG10401_RNA,1,TU00216[c],1,1682
EG10402_RNA,1,TU00106[c],1,2298
EG10403_RNA,2,TU0-198869[c];TU0-45182[c],1,1548
EG10404_RNA,2,TU0-198869[c];TU0-45182[c],1,1548
EG10405_RNA,1,TU0-14126[c],1,1191
EG10406_RNA,1,TU0-8804[c],1,2205
EG10407_RNA,1,TU0-6409[c],1,1790
EG10408_RNA,1,TU00192[c],1,2349
EG10409_RNA,1,TU00281[c],1,2392
EG10410_RNA,1,TU00281[c],1,2392
EG10411_RNA,1,TU0-5101[c],1,1759
EG10412_RNA,1,TU0-14[c],1,1084
EG10413_RNA,1,TU0-14036[c],1,1118
EG10414_RNA,1,TU0-14680[c],1,1453
EG10415_RNA,1,TU-8397[c],1,12
EG10416_RNA,1,TU00411[c],1,2432
EG10417_RNA,1,TU721[c],1,2512
EG10418_RNA,1,TU0-13714[c],1,840
EG10419_RNA,1,TU0-13805[c],1,915
EG10420_RNA,1,TU00205[c],1,2355
EG10421_RNA,1,TU00205[c],1,2355
EG10422_RNA,1,TU0-8807[c],1,2208
EG10423_RNA,1,TU00140[c],1,2318
EG10424_RNA,1,TU0-2603[c],1,1567
EG10425_RNA,1,TU0-13349[c],1,529
EG10426_RNA,1,TU0-8809[c],1,2210
EG10427_RNA,2,TU0-4201[c];TU0-4202[c],1,1624
EG10428_RNA,1,TU0-12908[c],1,165
EG10429_RNA,1,TU00283[c],1,2393
EG10430_RNA,1,TU00283[c],1,2393
EG10431_RNA,1,TU0-12951[c],1,198
EG10432_RNA,1,TU0-14805[c],1,1480
EG10433_RNA,1,TU00283[c],1,2393
EG10434_RNA,1,TU00283[c],1,2393
EG10435_RNA,5,TU0-14548[c];TU0-14561[c];TU0-14563[c];TU0-14759[c];TU00236[c],1,1424
EG10436_RNA,5,TU0-14548[c];TU0-14561[c];TU0-14563[c];TU0-14759[c];TU00236[c],1,1424
EG10437_RNA,5,TU0-14548[c];TU0-14561[c];TU0-14563[c];TU0-14759[c];TU00236[c],1,1424
EG10438_RNA,6,TU0-14548[c];TU0-14561[c];TU0-14563[c];TU0-14759[c];TU00236[c];yjeFE-amiB-mutL-miaA-hfq[c],1,1424
EG10439_RNA,2,TU0-12943[c];hha[c],1,192
EG10440_RNA,3,TU0-14257[c];TU0-6626[c];TU00174[c],1,1292
EG10441_RNA,2,TU0-45280[c];TU564[c],1,1737
EG10442_RNA,1,TU00284[c],1,2394
EG10443_RNA,1,TU00284[c],1,2394
EG10444_RNA,3,TU0-198747[c];TU0-6650[c];TU00285[c],1,1546
EG10445_RNA,3,TU0-198747[c];TU0-6650[c];TU00285[c],1,1546
EG10446_RNA,2,TU0-198747[c];TU00285[c],1,1546
EG10447_RNA,2,TU0-198747[c];TU00285[c],1,1546
EG10448_RNA,3,TU0-198747[c];TU0-6650[c];TU00285[c],1,1546
EG10449_RNA,2,TU0-198747[c];TU00285[c],1,1546
EG10450_RNA,3,TU0-198747[c];TU0-6650[c];TU00285[c],1,1546
EG10451_RNA,3,TU0-198747[c];TU0-6650[c];TU00285[c],1,1546
EG10452_RNA,2,TU0-14415[c];TU0-3581[c],1,1369
EG10453_RNA,1,TU0-6506[c],1,1804
EG10454_RNA,2,TU0-5182[c];TU0-5183[c],1,1762
EG10455_RNA,2,TU0-4146[c];TU0-8373[c],1,1615
EG10456_RNA,1,TU681[c],1,2508
EG10457_RNA,1,TU00139[c],1,2317
EG10458_RNA,2,TU0-14319[c];TU00286[c],1,1322
EG10459_RNA,1,TU0-14319[c],1,1322
EG10460_RNA,2,TU0-14319[c];TU00286[c],1,1322
EG10461_RNA,1,TU0-14784[c],1,1471
EG10462_RNA,1,TU00400[c],1,2428
EG10463_RNA,1,TU584[c],1,2502
EG10464_RNA,1,TU0-901[c],1,2254
EG10465_RNA,1,TU0-13839[c],1,946
EG10466_RNA,1,TU486[c],1,2494
EG10467_RNA,1,TU487[c],1,2495
EG10468_RNA,1,TU0-45171[c],1,1711
EG10469_RNA,1,TU0-45171[c],1,1711
EG10470_RNA,1,TU0-45171[c],1,1711
EG10471_RNA,1,TU0-45171[c],1,1711
EG10472_RNA,1,TU0-45171[c],1,1711
EG10473_RNA,1,TU0-45171[c],1,1711
EG10474_RNA,1,TU00153[c],1,2328
EG10475_RNA,1,TU00153[c],1,2328
EG10476_RNA,1,TU00153[c],1,2328
EG10477_RNA,1,TU00153[c],1,2328
EG10478_RNA,1,TU00153[c],1,2328
EG10479_RNA,1,TU00153[c],1,2328
EG10480_RNA,1,TU00153[c],1,2328
EG10481_RNA,1,TU00153[c],1,2328
EG10482_RNA,1,TU783[c],1,2516
EG10483_RNA,2,TU0-8344[c];TU00154[c],1,1919
EG10484_RNA,4,TU0-8344[c];TU0-8345[c];TU00154[c];TU00424[c],1,1919
EG10485_RNA,4,TU0-8344[c];TU0-8345[c];TU00154[c];TU00424[c],1,1919
EG10486_RNA,4,TU0-8344[c];TU0-8345[c];TU00154[c];TU00424[c],1,1919
EG10487_RNA,4,TU0-8344[c];TU0-8345[c];TU00154[c];TU00424[c],1,1919
EG10488_RNA,1,TU0-8811[c],1,2213
EG10489_RNA,1,TU00107[c],1,2299
EG10490_RNA,1,TU0-1341[c],1,584
EG10491_RNA,1,TU0-4288[c],1,1684
EG10492_RNA,2,TU0-14394[c];TU00291[c],1,1290
EG10493_RNA,3,TU0-6651[c];TU524[c];TU526[c],1,1653
EG10494_RNA,2,TU0-14764[c];TU00032[c],1,1466
EG10495_RNA,1,TU00090[c],1,2291
EG10496_RNA,2,TU524[c];TU526[c],1,1653
EG10497_RNA,2,TU524[c];TU526[c],1,1653
EG10499_RNA,1,TU0-6861[c],1,1834
EG10500_RNA,1,TU0-6861[c],1,1834
EG10501_RNA,1,TU524[c],1,1653
EG10502_RNA,2,TU0-14764[c];TU00032[c],1,1466
EG10503_RNA,1,TU0-45235[c],1,1724
EG10504_RNA,1,TU-8389[c],1,7
EG10505_RNA,3,TU0-44225[c];TU0-44226[c];TU00311[c],1,1701
EG10506_RNA,4,TU0-14257[c];TU0-3304[c];TU0-3305[c];TU00366[c],1,1292
EG10507_RNA,1,TU0-8837[c],1,2237
EG10508_RNA,1,TU00373[c],1,1397
EG10509_RNA,1,TU0-6507[c],1,1805
EG10510_RNA,2,TU0-14649[c];TU00309[c],1,1447
EG10511_RNA,1,TU00034[c],1,2268
EG10512_RNA,1,TU00225[c],1,2367
EG10513_RNA,1,TU00035[c],1,2269
EG10514_RNA,1,TU00035[c],1,2269
EG10515_RNA,1,TU00035[c],1,2269
EG10516_RNA,1,TU00292[c],1,2397
EG10517_RNA,1,TU00292[c],1,2397
EG10518_RNA,2,TU305[c];TU306[c],1,2487
EG10519_RNA,1,TU0-13088[c],1,314
EG10520_RNA,2,TU0-7163[c];TU00293[c],1,1843
EG10521_RNA,1,TU0-12800[c],1,76
EG10522_RNA,1,TU0-13674[c],1,811
EG10523_RNA,4,TU0-5186[c];TU0-5201[c];TU0-5221[c];TU00362[c],1,1683
EG10524_RNA,2,TU0-14521[c];TU0-4701[c],1,1412
EG10525_RNA,2,TU0-2405[c];TU0-6508[c],1,1559
EG10526_RNA,2,TU0-14521[c];TU0-4701[c],1,1412
EG10527_RNA,1,TU0-4701[c],1,1412
EG10528_RNA,1,TU00123[c],1,2308
EG10529_RNA,1,TU0-6942[c],1,1837
EG10530_RNA,1,TU0-6942[c],1,1837
EG10531_RNA,1,TU0-12807[c],1,80
EG10532_RNA,2,TU0-13010[c];leuS-lptE[c],1,244
EG10533_RNA,1,TU00037[c],1,2270
EG10534_RNA,1,TU0-13620[c],1,765
EG10535_RNA,1,TU0-8848[c],1,2247
EG10536_RNA,1,TU00184[c],1,2341
EG10537_RNA,1,TU00184[c],1,2341
EG10538_RNA,1,TU00184[c],1,2341
EG10539_RNA,1,TU00183[c],1,2340
EG10540_RNA,1,TU00184[c],1,2341
EG10541_RNA,1,TU00184[c],1,2341
EG10542_RNA,2,TU0-14455[c];TU0-45285[c],1,1383
EG10543_RNA,2,TU0-45222[c];TU00523[c],1,1719
EG10544_RNA,1,TU0-6509[c],1,1806
EG10545_RNA,2,TU0-4146[c];TU0-8373[c],1,1615
EG10546_RNA,1,TU0-8373[c],1,1615
EG10547_RNA,1,TU00181[c],1,2339
EG10548_RNA,3,TU0-14253[c];TU0-14394[c];TU00291[c],1,1290
EG10549_RNA,1,TU00185[c],1,2342
EG10550_RNA,1,TU0-6552[c],1,1812
EG10551_RNA,1,TU00186[c],1,2343
EG10552_RNA,1,TU00324[c],1,9
EG10553_RNA,1,TU00221[c],1,2365
EG10554_RNA,1,EG10554_RNA[c],1,2543
EG10555_RNA,1,EG10555_RNA[c],1,2544
EG10556_RNA,1,EG10556_RNA[c],1,2545
EG10557_RNA,1,TU00187[c],1,2344
EG10558_RNA,1,TU00123[c],1,2308
EG10559_RNA,1,TU00123[c],1,2308
EG10560_RNA,1,TU00039[c],1,19
EG10561_RNA,2,TU-8414[c];TU00039[c],1,19
EG10562_RNA,1,TU00091[c],1,2292
EG10563_RNA,1,TU00132[c],1,1690
EG10564_RNA,2,TU0-44194[c];TU00132[c],1,1690
EG10565_RNA,1,TU0-5402[c],1,1768
EG10566_RNA,1,TU0-6425[c],1,1793
EG10567_RNA,2,TU0-198707[c];TU00196[c],1,594
EG10568_RNA,2,TU0-198707[c];TU00196[c],1,594
EG10569_RNA,2,TU0-198707[c];TU00196[c],1,594
EG10570_RNA,2,TU0-12827[c];map[c],1,99
EG10571_RNA,4,TU0-14269[c];TU0-198693[c];TU0-198694[c];TU522[c],1,1295
EG10572_RNA,1,TU522[c],1,1295
EG10573_RNA,1,TU0-13154[c],1,374
EG10574_RNA,1,TU0-5661[c],1,1774
EG10575_RNA,1,TU0-5661[c],1,1774
EG10576_RNA,1,TU0-14745[c],1,1463
EG10577_RNA,1,TU00131[c],1,2313
EG10578_RNA,1,TU00131[c],1,2313
EG10579_RNA,2,TU0-14538[c];TU00298[c],1,1420
EG10580_RNA,1,TU0-13593[c],1,744
EG10581_RNA,1,TU0-5061[c],1,1755
EG10582_RNA,1,TU0-3741[c],1,1607
EG10583_RNA,1,TU00191[c],1,2348
EG10584_RNA,1,TU0-8221[c],1,1890
EG10585_RNA,1,TU00218[c],1,2363
EG10586_RNA,1,TU0-13519[c],1,678
EG10587_RNA,1,TU0-42471[c],1,1636
EG10588_RNA,1,TU0-2706[c],1,1570
EG10589_RNA,1,TU0-1783[c],1,1501
EG10590_RNA,1,TU0-3741[c],1,1607
EG10591_RNA,1,TU0-8223[c],1,1891
EG10592_RNA,2,TU0-45256[c];TU0-7901[c],1,1732
EG10593_RNA,1,TU0-45256[c],1,1732
EG10594_RNA,2,TU0-45256[c];TU0-7901[c],1,1732
EG10595_RNA,5,TU0-14561[c];TU0-14563[c];TU0-14759[c];TU00236[c];yjeFE-amiB-mutL-miaA-hfq[c],1,1424
EG10596_RNA,1,TU00299[c],1,2398
EG10597_RNA,1,TU00299[c],1,2398
EG10598_RNA,1,TU00299[c],1,2398
EG10599_RNA,2,TU0-14672[c];TU0-45180[c],1,1450
EG10600_RNA,1,TU0-45180[c],1,1450
EG10601_RNA,1,EG10601_RNA[c],1,2546
EG10602_RNA,1,EG10602_RNA[c],1,2547
EG10603_RNA,2,TU00459[c];mprA[c],1,2445
EG10604_RNA,1,EG10604_RNA[c],1,2548
EG10605_RNA,1,TU0-12820[c],1,93
EG10606_RNA,1,TU0-13009[c],1,243
EG10607_RNA,1,TU0-13009[c],1,243
EG10608_RNA,2,TU0-14386[c];TU0-14388[c],1,1361
EG10609_RNA,2,TU0-14386[c];TU0-14532[c],1,1361
EG10610_RNA,2,TU0-14386[c];TU0-14532[c],1,1361
EG10611_RNA,1,TU0-13518[c],1,677
EG10612_RNA,1,TU0-8821[c],1,2221
EG10613_RNA,1,TU0-13087[c],1,313
EG10614_RNA,1,TU0-13441[c],1,616
EG10615_RNA,1,TU00193[c],1,2350
EG10616_RNA,1,TU00193[c],1,2350
EG10617_RNA,1,TU0-14288[c],1,1300
EG10618_RNA,1,TU261[c],1,2485
EG10619_RNA,1,EG10619_RNA[c],1,2549
EG10620_RNA,1,EG10620_RNA[c],1,2550
EG10621_RNA,1,EG10621_RNA[c],1,2551
EG10622_RNA,1,EG10622_RNA[c],1,2552
EG10623_RNA,1,EG10623_RNA[c],1,2553
EG10624_RNA,1,TU0-13747[c],1,870
EG10625_RNA,1,TU723[c],1,2513
EG10626_RNA,1,TU0-4343[c],1,1685
EG10627_RNA,3,TU0-5561[c];TU0-5567[c];TU0-5568[c],1,1772
EG10628_RNA,1,TU00188[c],1,2345
EG10629_RNA,1,TU0-14417[c],1,1370
EG10630_RNA,1,TU0-13037[c],1,265
EG10631_RNA,1,TU00194[c],1,2351
EG10632_RNA,2,TU0-7805[c];TU00043[c],1,1387
EG10633_RNA,1,TU00043[c],1,1387
EG10634_RNA,2,TU0-6652[c];TU00043[c],1,1387
EG10635_RNA,1,TU0-4421[c],1,1695
EG10636_RNA,2,TU0-14463[c];TU00043[c],1,1387
EG10637_RNA,3,TU0-1601[c];TU0-198885[c];TU0-42543[c],1,1493
EG10638_RNA,1,TU00044[c],1,2272
EG10639_RNA,1,TU00044[c],1,2272
EG10640_RNA,1,TU00044[c],1,2272
EG10641_RNA,1,TU00044[c],1,2272
EG10642_RNA,1,EG10642_RNA[c],1,2554
EG10643_RNA,1,TU00156[c],1,2329
EG10644_RNA,3,TU-8427[c];TU0-194009[c];TU00306[c],1,25
EG10645_RNA,3,TU-8427[c];TU0-194009[c];TU00306[c],1,25
EG10646_RNA,1,TU00156[c],1,2329
EG10647_RNA,2,TU0-194009[c];TU00306[c],1,25
EG10648_RNA,2,TU0-194009[c];TU00306[c],1,25
EG10649_RNA,1,TU00158[c],1,2331
EG10650_RNA,1,TU0-13651[c],1,792
EG10651_RNA,1,TU00189[c],1,2346
EG10652_RNA,1,TU0-3862[c],1,1306
EG10653_RNA,1,TU00046[c],1,36
EG10654_RNA,1,TU00046[c],1,36
EG10655_RNA,1,TU00046[c],1,36
EG10656_RNA,1,TU0-13886[c],1,989
EG10657_RNA,1,TU0-8817[c],1,2217
EG10658_RNA,2,TU0-4161[c];TU00256[c],1,1616
EG10660_RNA,1,TU00047[c],1,1311
EG10661_RNA,1,TU00047[c],1,1311
EG10662_RNA,2,TU0-8456[c];TU0-8458[c],1,1926
EG10663_RNA,1,TU0-13386[c],1,564
EG10664_RNA,3,TU0-5561[c];TU0-5564[c];TU00129[c],1,1772
EG10665_RNA,2,TU0-44226[c];TU00311[c],1,1701
EG10666_RNA,4,TU0-12921[c];TU0-14466[c];ribE-nusB[c];nusB[c],1,175
EG10667_RNA,1,TU00354[c],1,2413
EG10668_RNA,2,TU0-13222[c];TU0-14739[c],1,422
EG10669_RNA,1,TU0-4742[c],1,1747
EG10670_RNA,1,TU00049[c],1,2273
EG10671_RNA,1,TU0-45229[c],1,1721
EG10672_RNA,1,TU00177[c],1,2337
EG10673_RNA,2,TU0-7823[c];TU00264[c],1,1876
EG10674_RNA,2,TU0-198697[c];TU00222[c],1,1514
EG10675_RNA,2,TU0-45147[c];TU00222[c],1,1514
EG10676_RNA,2,TU0-45147[c];TU00222[c],1,1514
EG10677_RNA,2,TU0-45147[c];TU00222[c],1,1514
EG10678_RNA,2,TU0-45147[c];TU00222[c],1,1514
EG10679_RNA,1,TU0-45230[c],1,1722
EG10680_RNA,1,TU0-1761[c],1,1499
EG10681_RNA,1,TU0-45266[c],1,1735
EG10682_RNA,2,TU0-6554[c];TU0-6885[c],1,1813
EG10683_RNA,1,TU0-13417[c],1,592
EG10684_RNA,2,TU21[c];pal[c],1,2482
EG10685_RNA,1,TU00314[c],1,2402
EG10686_RNA,1,TU0-13830[c],1,937
EG10687_RNA,1,TU0-13837[c],1,944
EG10688_RNA,1,TU00141[c],1,2319
EG10689_RNA,1,TU00363[c],1,2417
EG10690_RNA,1,TU0-36412[c],1,1600
EG10691_RNA,4,TU0-4287[c];TU0-5201[c];TU0-5221[c];TU00362[c],1,1683
EG10693_RNA,2,TU483[c];TU484[c],1,2407
EG10694_RNA,1,TU0-14175[c],1,1235
EG10695_RNA,1,TU0-6442[c],1,1795
EG10696_RNA,1,TU0-8489[c],1,1939
EG10697_RNA,1,TU0-13792[c],1,907
EG10698_RNA,2,TU0-14056[c];pepQ[c],1,1136
EG10699_RNA,1,TU0-14813[c],1,1481
EG10700_RNA,1,TU0-6408[c],1,1789
EG10701_RNA,2,TU00377[c];TU00380[c],1,2424
EG10702_RNA,1,TU0-45260[c],1,1733
EG10703_RNA,4,TU0-14814[c];TU0-14816[c];TU0-45273[c];TU0-45274[c],1,1482
EG10704_RNA,2,TU0-12921[c];TU0-14466[c],1,175
EG10705_RNA,1,TU0-13199[c],1,405
EG10706_RNA,1,TU0-13451[c],1,625
EG10707_RNA,1,TU0-6653[c],1,1829
EG10708_RNA,1,TU0-8149[c],1,1885
EG10709_RNA,2,TU0-14257[c];TU0-6626[c],1,1292
EG10710_RNA,2,TU0-14257[c];TU0-6626[c],1,1292
EG10711_RNA,1,TU0-14132[c],1,1197
EG10712_RNA,1,TU0-14131[c],1,1196
EG10713_RNA,1,TU00201[c],1,1426
EG10714_RNA,1,TU00201[c],1,1426
EG10715_RNA,1,TU00201[c],1,1426
EG10716_RNA,1,TU00201[c],1,1426
EG10717_RNA,1,TU00201[c],1,1426
EG10718_RNA,1,TU00201[c],1,1426
EG10719_RNA,1,TU00201[c],1,1426
EG10720_RNA,1,TU00201[c],1,1426
EG10721_RNA,2,TU0-14552[c];TU00201[c],1,1426
EG10722_RNA,2,TU0-14552[c];TU00201[c],1,1426
EG10723_RNA,2,TU0-14552[c];TU00201[c],1,1426
EG10724_RNA,2,TU0-14552[c];TU00201[c],1,1426
EG10725_RNA,2,TU0-14552[c];TU00201[c],1,1426
EG10727_RNA,1,TU00052[c],1,1691
EG10728_RNA,1,TU00053[c],1,2274
EG10729_RNA,1,TU00086[c],1,2289
EG10730_RNA,2,TU0-14475[c];TU00253[c],1,1390
EG10731_RNA,1,TU0-14468[c],1,1389
EG10732_RNA,2,TU0-14468[c];TU0-41681[c],1,1389
EG10733_RNA,1,TU00053[c],1,2274
EG10734_RNA,3,TU0-14692[c];TU0-14693[c];TU0-45216[c],1,1455
EG10735_RNA,4,TU0-14694[c];TU0-36418[c];TU0-36420[c];TU0-45216[c],1,1455
EG10736_RNA,2,TU0-14679[c];TU365[c],1,1452
EG10737_RNA,1,TU0-13153[c],1,373
EG10738_RNA,1,TU0-14046[c],1,1127
EG10739_RNA,1,TU0-14049[c],1,1130
EG10740_RNA,1,TU-8421[c],1,22
EG10741_RNA,1,TU0-14167[c],1,1228
EG10742_RNA,1,TU00195[c],1,2352
EG10743_RNA,2,TU0-6654[c];TU0-6660[c],1,1830
EG10744_RNA,1,TU0-198873[c],1,1549
EG10745_RNA,1,TU0-198873[c],1,1549
EG10746_RNA,1,TU661[c],1,2506
EG10747_RNA,1,TU0-7581[c],1,1860
EG10748_RNA,1,TU0-8822[c],1,2222
EG10749_RNA,1,TU00321[c],1,2404
EG10750_RNA,1,TU00321[c],1,2404
EG10751_RNA,1,TU00321[c],1,2404
EG10752_RNA,2,TU00321[c];potD[c],1,2404
EG10753_RNA,1,TU00360[c],1,2415
EG10754_RNA,3,TU0-13075[c];TU0-42650[c];TU0-45205[c],1,301
EG10755_RNA,1,TU0-8492[c],1,1942
EG10756_RNA,1,TU0-6510[c],1,1807
EG10757_RNA,1,TU00463[c],1,2447
EG10758_RNA,2,TU0-12963[c];ppiB[c],1,208
EG10759_RNA,1,TU00162[c],1,2333
EG10760_RNA,1,TU0-13425[c],1,600
EG10761_RNA,1,TU0-4201[c],1,1624
EG10762_RNA,2,TU-8392[c];TU00324[c],1,9
EG10763_RNA,1,TU0-14087[c],1,1161
EG10764_RNA,1,TU00346[c],1,2410
EG10765_RNA,1,TU0-12945[c],1,194
EG10766_RNA,1,TU00337[c],1,2408
EG10767_RNA,1,TU00325[c],1,2405
EG10768_RNA,1,TU00325[c],1,2405
EG10769_RNA,1,TU0-8493[c],1,1943
EG10770_RNA,1,TU0-6562[c],1,1815
EG10771_RNA,2,TU0-198742[c];TU0-45207[c],1,1545
EG10772_RNA,2,TU0-198743[c];TU0-45207[c],1,1545
EG10773_RNA,2,TU0-198744[c];TU0-45207[c],1,1545
EG10774_RNA,2,TU0-8323[c];TU00203[c],1,1904
EG10775_RNA,1,TU0-3424[c],1,1588
EG10776_RNA,1,TU00326[c],1,1396
EG10777_RNA,2,TU0-14550[c];TU00326[c],1,1396
EG10778_RNA,2,TU0-14550[c];TU00326[c],1,1396
EG10779_RNA,2,TU0-14550[c];TU00326[c],1,1396
EG10780_RNA,3,TU0-14499[c];TU0-14550[c];TU00326[c],1,1396
EG10781_RNA,1,TU0-13672[c],1,809
EG10782_RNA,3,TU0-14693[c];TU0-36418[c];TU0-45216[c],1,1455
EG10783_RNA,3,TU0-14694[c];TU0-36418[c];TU0-45216[c],1,1455
EG10784_RNA,3,TU0-14693[c];TU0-36418[c];TU0-45216[c],1,1455
EG10785_RNA,1,TU0-1781[c],1,1500
EG10786_RNA,2,TU0-13744[c];TU0-6683[c],1,868
EG10787_RNA,1,TU0-1141[c],1,46
EG10788_RNA,1,TU0-45232[c],1,1723
EG10789_RNA,1,TU0-45232[c],1,1723
EG10790_RNA,1,TU00094[c],1,2294
EG10791_RNA,1,TU00055[c],1,2276
EG10792_RNA,1,TU00056[c],1,2277
EG10793_RNA,1,TU00082[c],1,2288
EG10794_RNA,2,TU00444[c];cvpA-purF[c],1,1411
EG10795_RNA,1,TU00056[c],1,2277
EG10796_RNA,1,TU00082[c],1,2288
EG10797_RNA,1,TU00057[c],1,2278
EG10798_RNA,1,TU00058[c],1,2279
EG10799_RNA,1,TU00058[c],1,2279
EG10800_RNA,1,TU00059[c],1,2280
EG10801_RNA,1,TU355[c],1,2489
EG10802_RNA,1,TU103[c],1,2477
EG10803_RNA,1,TU0-13440[c],1,615
EG10804_RNA,1,TU0-14630[c],1,1438
EG10805_RNA,1,TU00484[c],1,2449
EG10806_RNA,1,TU00060[c],1,2281
EG10807_RNA,1,TU00061[c],1,2282
EG10808_RNA,1,TU00334[c],1,1456
EG10809_RNA,2,TU0-14472[c];TU0-6407[c],1,406
EG10810_RNA,1,TU0-14654[c],1,1368
EG10811_RNA,1,TU00484[c],1,2449
EG10812_RNA,1,TU871[c],1,2526
EG10813_RNA,1,TU0-13227[c],1,426
EG10814_RNA,1,EG10814_RNA[c],1,2555
EG10815_RNA,1,EG10815_RNA[c],1,2556
EG10816_RNA,1,EG10816_RNA[c],1,2557
EG10817_RNA,1,EG10817_RNA[c],1,2558
EG10818_RNA,1,EG10818_RNA[c],1,2559
EG10819_RNA,1,EG10819_RNA[c],1,2560
EG10820_RNA,1,TU00486[c],1,2450
EG10821_RNA,2,TU0-14359[c];TU0-36403[c],1,1348
EG10822_RNA,1,TU00328[c],1,2406
EG10823_RNA,2,TU0-4525[c];TU00062[c],1,1728
EG10824_RNA,1,TU0-13744[c],1,868
EG10825_RNA,2,TU-8388[c];TU0-13745[c],1,6
EG10826_RNA,1,TU0-13744[c],1,868
EG10827_RNA,1,TU0-13226[c],1,425
EG10828_RNA,3,TU0-1193[c];TU0-3301[c];TU00259[c],1,56
EG10829_RNA,2,TU0-42470[c];TU00344[c],1,1635
EG10830_RNA,2,TU-8392[c];TU0-14489[c],1,9
EG10831_RNA,1,TU0-2[c],1,1550
EG10832_RNA,1,TU483[c],1,2407
EG10833_RNA,1,TU0-14047[c],1,1128
EG10834_RNA,1,TU0-3422[c],1,1586
EG10835_RNA,2,TU0-14269[c];TU0-42589[c],1,1295
EG10836_RNA,2,TU0-13325[c];TU0-14381[c],1,507
EG10837_RNA,1,TU0-6511[c],1,1808
EG10838_RNA,2,TU0-4181[c];rfaD[c],1,1620
EG10839_RNA,1,TU0-8499[c],1,1949
EG10840_RNA,1,TU0-14039[c],1,1120
EG10841_RNA,1,TU0-14278[c],1,1298
EG10842_RNA,1,TU0-45202[c],1,1715
EG10843_RNA,1,TU0-45202[c],1,1715
EG10844_RNA,1,TU0-14037[c],1,1119
EG10845_RNA,1,TU0-6941[c],1,1654
EG10846_RNA,1,TU0-13989[c],1,1076
EG10847_RNA,1,TU0-13948[c],1,1044
EG10848_RNA,1,TU0-13026[c],1,256
EG10849_RNA,1,TU0-12960[c],1,205
EG10850_RNA,1,TU0-14216[c],1,1263
EG10851_RNA,1,TU0-8281[c],1,1901
EG10852_RNA,2,TU0-2101[c];TU0-2121[c],1,1408
EG10853_RNA,1,TU0-6423[c],1,1792
EG10854_RNA,1,TU0-13009[c],1,243
EG10855_RNA,2,TU0-13010[c];leuS-lptE[c],1,244
EG10856_RNA,1,TU0-12997[c],1,233
EG10857_RNA,2,TU00332[c];TU483[c],1,2407
EG10858_RNA,1,TU0-14354[c],1,1344
EG10859_RNA,1,TU-8407[c],1,16
EG10860_RNA,1,TU0-6685[c],1,1832
EG10861_RNA,1,TU0-8373[c],1,1615
EG10862_RNA,1,TU00340[c],1,2409
EG10863_RNA,2,TU0-14696[c];TU00334[c],1,1456
EG10864_RNA,2,TU0-6512[c];rplKAJL[c],1,1809
EG10865_RNA,1,TU00347[c],1,2411
EG10866_RNA,1,TU00347[c],1,2411
EG10867_RNA,1,TU00347[c],1,2411
EG10868_RNA,2,TU00337[c];rplNXE-rpsNH-rplFR-rpsE-rpmD-rplO[c],1,2408
EG10869_RNA,2,TU00337[c];rplNXE-rpsNH-rplFR-rpsE-rpmD-rplO[c],1,2408
EG10870_RNA,1,TU00346[c],1,2410
EG10871_RNA,4,TU0-6512[c];TU00335[c];rplKAJL[c];rplJL[c],1,1809
EG10872_RNA,2,TU0-6512[c];rplKAJL[c],1,1809
EG10873_RNA,5,TU0-6512[c];TU0-8464[c];TU00335[c];rplKAJL[c];rplJL[c],1,1809
EG10874_RNA,1,TU00336[c],1,1625
EG10875_RNA,2,TU00337[c];rplNXE-rpsNH-rplFR-rpsE-rpmD-rplO[c],1,2408
EG10876_RNA,2,TU00337[c];rplNXE-rpsNH-rplFR-rpsE-rpmD-rplO[c],1,2408
EG10877_RNA,1,TU00347[c],1,2411
EG10878_RNA,1,TU0-14658[c],1,1448
EG10879_RNA,2,TU00337[c];rplNXE-rpsNH-rplFR-rpsE-rpmD-rplO[c],1,2408
EG10880_RNA,1,TU00351[c],1,2412
EG10881_RNA,5,TU0-14255[c];TU0-14257[c];TU0-3305[c];TU0-6657[c];TU0-8855[c],1,1292
EG10882_RNA,1,TU00347[c],1,2411
EG10883_RNA,1,TU00347[c],1,2411
EG10884_RNA,2,TU00337[c];rplNXE-rpsNH-rplFR-rpsE-rpmD-rplO[c],1,2408
EG10885_RNA,1,TU0-13557[c],1,710
EG10886_RNA,4,TU0-5522[c];TU0-5543[c];TU0-5601[c];TU00339[c],1,1771
EG10887_RNA,1,TU00347[c],1,2411
EG10888_RNA,2,TU00337[c];rplNXE-rpsNH-rplFR-rpsE-rpmD-rplO[c],1,2408
EG10889_RNA,1,TU0-45156[c],1,1708
EG10890_RNA,3,TU0-1[c];TU601[c];rpmF[c],1,37
EG10891_RNA,4,TU0-5522[c];TU0-5543[c];TU0-5601[c];TU00339[c],1,1771
EG10892_RNA,2,TU00340[c];rpmH[c],1,2409
EG10893_RNA,1,TU0-14658[c],1,1448
EG10894_RNA,3,TU0-6512[c];TU0-7002[c];TU00335[c],1,1809
EG10895_RNA,3,TU0-6512[c];TU0-7002[c];TU00335[c],1,1809
EG10896_RNA,2,TU0-14460[c];TU00352[c],1,1386
EG10897_RNA,1,TU0-45218[c],1,1718
EG10898_RNA,3,TU-8398[c];TU0-198866[c];TU00487[c],1,13
EG10899_RNA,2,TU00344[c];rpoZ[c],1,1635
EG10900_RNA,3,TU361[c];TU564[c];rpsA[c],1,1737
EG10901_RNA,1,EG10901_RNA[c],1,2561
EG10902_RNA,1,TU00347[c],1,2411
EG10903_RNA,1,TU0-14658[c],1,1448
EG10904_RNA,2,TU00337[c];rplNXE-rpsNH-rplFR-rpsE-rpmD-rplO[c],1,2408
EG10905_RNA,1,TU00346[c],1,2410
EG10906_RNA,1,TU00348[c],1,1410
EG10907_RNA,2,TU00337[c];rplNXE-rpsNH-rplFR-rpsE-rpmD-rplO[c],1,2408
EG10908_RNA,2,TU0-42202[c];TU00336[c],1,1625
EG10909_RNA,1,TU00347[c],1,2411
EG10910_RNA,1,TU0-14658[c],1,1448
EG10911_RNA,1,TU00348[c],1,1410
EG10912_RNA,1,TU0-14658[c],1,1448
EG10913_RNA,2,TU00337[c];rplNXE-rpsNH-rplFR-rpsE-rpmD-rplO[c],1,2408
EG10914_RNA,2,TU0-6660[c];TU0-8474[c],1,1830
EG10915_RNA,1,TU00351[c],1,2412
EG10916_RNA,1,TU00347[c],1,2411
EG10917_RNA,1,TU00346[c],1,2410
EG10918_RNA,1,TU00347[c],1,2411
EG10919_RNA,1,TU0-7842[c],1,1877
EG10920_RNA,2,TU00352[c];TU00472[c],1,1386
EG10921_RNA,1,TU0-13449[c],1,623
EG10922_RNA,1,TU0-14228[c],1,1274
EG10925_RNA,3,TU0-8241[c];TU0-8242[c];TU0-8243[c],1,1892
EG10926_RNA,1,TU0-6513[c],1,1810
EG10927_RNA,1,TU0-12917[c],1,171
EG10928_RNA,1,TU0-3426[c],1,1590
EG10929_RNA,1,TU0-14080[c],1,1158
EG10930_RNA,1,TU00223[c],1,2366
EG10931_RNA,2,TU0-198705[c];TU0-6702[c],1,1516
EG10932_RNA,2,TU0-198705[c];TU0-6702[c],1,1516
EG10933_RNA,2,TU0-198705[c];TU0-198882[c],1,1516
EG10934_RNA,3,TU0-198705[c];TU0-198882[c];TU0-6702[c],1,1516
EG10935_RNA,1,TU0-13452[c],1,626
EG10936_RNA,2,TU0-4343[c];secMA[c],1,1685
EG10937_RNA,2,TU0-13995[c];TU0-42596[c],1,1081
EG10938_RNA,1,TU869[c],1,2525
EG10939_RNA,1,TU00354[c],1,2413
EG10940_RNA,1,TU869[c],1,2525
EG10941_RNA,1,TU00355[c],1,2414
EG10942_RNA,1,TU00355[c],1,2414
EG10943_RNA,2,TU0-14527[c];TU00356[c],1,1415
EG10944_RNA,1,TU0-2342[c],1,1557
EG10945_RNA,2,TU0-14224[c];TU0-6514[c],1,1271
EG10946_RNA,2,TU0-42569[c];TU00357[c],1,1664
EG10947_RNA,1,TU0-13080[c],1,306
EG10948_RNA,1,TU0-13287[c],1,478
EG10949_RNA,1,TU00358[c],1,1394
EG10950_RNA,1,TU0-14226[c],1,1272
EG10951_RNA,1,TU0-6630[c],1,1825
EG10952_RNA,1,TU0-3423[c],1,1587
EG10953_RNA,1,TU00064[c],1,2283
EG10954_RNA,1,TU0-1681[c],1,1495
EG10955_RNA,1,TU0-13872[c],1,976
EG10956_RNA,1,TU0-45253[c],1,1730
EG10957_RNA,1,TU00456[c],1,2444
EG10958_RNA,1,TU00211[c],1,2358
EG10959_RNA,1,TU00204[c],1,1823
EG10960_RNA,2,TU0-6625[c];TU00204[c],1,1823
EG10961_RNA,1,TU00124[c],1,2309
EG10962_RNA,2,TU0-44215[c];TU00359[c],1,1697
EG10963_RNA,2,TU0-44217[c];TU00359[c],1,1697
EG10964_RNA,1,TU00360[c],1,2415
EG10965_RNA,1,TU0-14004[c],1,1089
EG10966_RNA,1,TU00344[c],1,1635
EG10967_RNA,1,TU00344[c],1,1635
EG10968_RNA,1,TU0-13391[c],1,568
EG10969_RNA,1,TU00133[c],1,1840
EG10970_RNA,1,TU00133[c],1,1840
EG10971_RNA,1,TU00133[c],1,1840
EG10972_RNA,1,TU00133[c],1,1840
EG10973_RNA,1,TU00133[c],1,1840
EG10974_RNA,2,TU0-7042[c];TU00133[c],1,1840
EG10975_RNA,1,TU0-8521[c],1,1966
EG10976_RNA,1,TU0-6563[c],1,1816
EG10977_RNA,1,TU00361[c],1,2416
EG10978_RNA,1,TU00361[c],1,2416
EG10979_RNA,1,TU0-42509[c],1,1649
EG10980_RNA,1,TU0-42509[c],1,1649
EG10981_RNA,1,EG10981_RNA[c],1,2562
EG10982_RNA,1,EG10982_RNA[c],1,2563
EG10983_RNA,1,TU0-13658[c],1,797
EG10984_RNA,1,TU00066[c],1,2284
EG10985_RNA,2,TU0-4287[c];TU00362[c],1,1683
EG10986_RNA,1,TU0-13978[c],1,1065
EG10987_RNA,1,TU0-1547[c],1,1489
EG10988_RNA,1,TU0-1547[c],1,1489
EG10989_RNA,1,TU00125[c],1,1425
EG10990_RNA,2,TU0-14551[c];TU00125[c],1,1425
EG10991_RNA,2,TU0-14551[c];TU00125[c],1,1425
EG10992_RNA,1,TU0-13870[c],1,974
EG10993_RNA,1,TU00225[c],1,2367
EG10994_RNA,1,TU0-8527[c],1,1971
EG10995_RNA,1,TU0-8528[c],1,1972
EG10996_RNA,1,TU870[c],1,2525
EG10997_RNA,1,TU0-14021[c],1,1107
EG10998_RNA,1,TU00178[c],1,1642
EG10999_RNA,1,TU00178[c],1,1642
EG11000_RNA,1,TU00178[c],1,1642
EG11001_RNA,2,TU0-14257[c];TU00366[c],1,1292
EG11002_RNA,2,TU0-42616[c];TU00295[c],1,1673
EG11003_RNA,1,TU0-12928[c],1,179
EG11004_RNA,1,TU0-13435[c],1,610
EG11005_RNA,2,TU0-45291[c];TU00085[c],1,1651
EG11006_RNA,2,TU0-45291[c];TU00085[c],1,1651
EG11007_RNA,1,TU00367[c],1,2420
EG11008_RNA,1,TU21[c],1,2482
EG11009_RNA,1,TU0-13838[c],1,945
EG11010_RNA,1,TU00367[c],1,2420
EG11011_RNA,1,TU00367[c],1,2420
EG11012_RNA,1,TU00167[c],1,2335
EG11013_RNA,1,TU0-2501[c],1,1563
EG11014_RNA,2,TU0-14527[c];TU00356[c],1,1415
EG11015_RNA,1,TU0-14668[c],1,1449
EG11016_RNA,1,EG11016_RNA[c],1,2564
EG11017_RNA,1,TU00396[c],1,2426
EG11018_RNA,1,TU0-14627[c],1,1437
EG11019_RNA,1,TU0-13908[c],1,1010
EG11020_RNA,1,TU0-13233[c],1,432
EG11021_RNA,1,TU0-14056[c],1,1136
EG11022_RNA,1,TU00430[c],1,2435
EG11023_RNA,1,TU00351[c],1,2412
EG11024_RNA,2,TU00067[c];TU3[c],1,1650
EG11025_RNA,2,TU00067[c];TU3[c],1,1650
EG11026_RNA,2,TU00067[c];TU3[c],1,1650
EG11027_RNA,1,TU00067[c],1,1650
EG11028_RNA,1,TU00067[c],1,1650
EG11029_RNA,1,TU00220[c],1,2364
EG11030_RNA,5,TU0-8862[c];TU872[c];TU874[c];TU875[c];TU877[c],1,2248
EG11031_RNA,1,TU0-3102[c],1,1574
EG11032_RNA,1,TU0-13078[c],1,304
EG11033_RNA,1,EG11033_RNA[c],1,2565
EG11034_RNA,1,TU0-1541[c],1,1486
EG11035_RNA,1,TU00449[c],1,2439
EG11036_RNA,3,TU0-14519[c];TU0-5121[c];TU00348[c],1,1410
EG11037_RNA,1,EG11037_RNA[c],1,2566
EG11038_RNA,1,TU0-13346[c],1,527
EG11039_RNA,1,TU00008[c],1,2258
EG11040_RNA,1,TU00087[c],1,2290
EG11041_RNA,1,TU0-6631[c],1,1826
EG11042_RNA,2,TU0-14473[c];TU00068[c],1,415
EG11043_RNA,2,TU0-14629[c];TU0-8864[c],1,1395
EG11044_RNA,2,TU0-14520[c];TU00444[c],1,1411
EG11045_RNA,1,TU00134[c],1,2314
EG11046_RNA,1,TU0-5981[c],1,1778
EG11047_RNA,1,TU0-5981[c],1,1778
EG11048_RNA,1,TU0-5981[c],1,1778
EG11049_RNA,1,TU0-5981[c],1,1778
EG11050_RNA,1,TU0-5981[c],1,1778
EG11051_RNA,2,TU0-14764[c];TU00371[c],1,1466
EG11052_RNA,3,TU0-14764[c];TU0-44221[c];TU00371[c],1,1466
EG11053_RNA,2,TU0-14764[c];TU00371[c],1,1466
EG11054_RNA,1,TU00130[c],1,2312
EG11055_RNA,1,TU0-5081[c],1,1757
EG11056_RNA,1,TU00180[c],1,2338
EG11057_RNA,1,TU00180[c],1,2338
EG11058_RNA,1,TU0-6515[c],1,1811
EG11059_RNA,2,TU0-5182[c];TU0-5183[c],1,1762
EG11060_RNA,1,TU0-8534[c],1,1977
EG11061_RNA,1,TU00069[c],1,2285
EG11062_RNA,1,TU0-14730[c],1,1460
EG11063_RNA,2,TU0-6559[c];TU0-6686[c],1,1814
EG11064_RNA,1,TU0-7043[c],1,1841
EG11065_RNA,1,TU0-36422[c],1,1602
EG11066_RNA,1,TU101[c],1,2475
EG11067_RNA,2,TU0-14474[c];TU0-6405[c],1,1325
EG11068_RNA,1,TU00257[c],1,2380
EG11069_RNA,1,TU0-14042[c],1,1123
EG11070_RNA,3,TU-8392[c];TU0-14489[c];TU0-4141[c],1,9
EG11071_RNA,2,TU0-13787[c];TU0-14489[c],1,9
EG11072_RNA,1,TU491[c],1,2496
EG11073_RNA,1,TU542[c],1,2497
EG11074_RNA,1,TU67[c],1,2507
EG11075_RNA,1,TU67[c],1,2507
EG11076_RNA,1,TU0-14113[c],1,1179
EG11078_RNA,2,TU0-14299[c];TU0-3862[c],1,1306
EG11079_RNA,1,TU00291[c],1,1290
EG11080_RNA,3,TU0-14253[c];TU0-14394[c];TU00291[c],1,1290
EG11081_RNA,3,TU0-14253[c];TU0-14394[c];TU00291[c],1,1290
EG11082_RNA,1,TU0-12797[c],1,74
EG11083_RNA,2,TU0-14488[c];TU0-3841[c],1,1392
EG11084_RNA,1,EG11084_RNA[c],1,2567
EG11085_RNA,1,EG11085_RNA[c],1,2568
EG11086_RNA,1,EG11086_RNA[c],1,2569
EG11087_RNA,2,TU0-4343[c];secMA[c],1,1685
EG11088_RNA,1,TU0-45222[c],1,1719
EG11089_RNA,1,TU00359[c],1,1697
EG11090_RNA,2,TU0-12822[c];mtn[c],1,95
EG11091_RNA,1,TU0-12857[c],1,121
EG11093_RNA,2,TU0-14546[c];TU0-42568[c],1,1422
EG11094_RNA,1,TU0-12917[c],1,171
EG11095_RNA,1,TU0-8764[c],1,2180
EG11096_RNA,3,TU869[c];TU870[c];yajC[c],1,2525
EG11097_RNA,1,TU0-12919[c],1,173
EG11098_RNA,1,TU00373[c],1,1397
EG11099_RNA,1,TU0-12939[c],1,188
EG11100_RNA,1,TU0-3422[c],1,1586
EG11101_RNA,1,TU0-5421[c],1,1769
EG11102_RNA,1,TU0-8806[c],1,2207
EG11103_RNA,1,TU0-8799[c],1,2202
EG11104_RNA,1,TU0-6042[c],1,1781
EG11105_RNA,2,TU0-14617[c];TU00166[c],1,1434
EG11108_RNA,1,TU0-14679[c],1,1452
EG11109_RNA,1,TU00408[c],1,2430
EG11110_RNA,1,TU00367[c],1,2420
EG11111_RNA,1,TU0-6486[c],1,1801
EG11112_RNA,1,TU0-13077[c],1,303
EG11113_RNA,1,TU0-13105[c],1,329
EG11116_RNA,1,TU0-921[c],1,2255
EG11117_RNA,1,TU0-13129[c],1,351
EG11118_RNA,1,TU0-13134[c],1,356
EG11119_RNA,1,TU601[c],1,37
EG11120_RNA,1,TU0-13152[c],1,372
EG11121_RNA,1,TU0-13189[c],1,398
EG11122_RNA,1,TU0-13190[c],1,399
EG11123_RNA,1,TU0-13190[c],1,399
EG11124_RNA,1,TU0-8813[c],1,2214
EG11125_RNA,2,TU0-13193[c];TU0-36411[c],1,400
EG11126_RNA,1,TU0-13193[c],1,400
EG11127_RNA,2,TU0-13193[c];TU0-36408[c],1,400
EG11128_RNA,2,TU0-14472[c];TU0-6407[c],1,406
EG11129_RNA,1,TU0-13323[c],1,506
EG11130_RNA,2,TU0-13324[c];TU0-14381[c],1,507
EG11131_RNA,2,TU0-13325[c];TU0-14381[c],1,507
EG11132_RNA,1,TU0-13375[c],1,554
EG11133_RNA,1,TU0-13378[c],1,557
EG11134_RNA,1,TU00356[c],1,1415
EG11135_RNA,1,TU00238[c],1,2373
EG11136_RNA,1,TU0-8244[c],1,1893
EG11137_RNA,2,TU0-8241[c];TU0-8243[c],1,1892
EG11138_RNA,1,TU0-8243[c],1,1892
EG11139_RNA,1,TU0-13450[c],1,624
EG11140_RNA,1,TU0-6686[c],1,1814
EG11141_RNA,1,TU0-8718[c],1,2137
EG11142_RNA,1,TU0-13563[c],1,716
EG11143_RNA,1,TU00126[c],1,2310
EG11144_RNA,1,TU0-13593[c],1,744
EG11145_RNA,1,TU0-13618[c],1,764
EG11146_RNA,1,TU791[c],1,2518
EG11147_RNA,1,TU0-13642[c],1,784
EG11149_RNA,1,TU0-42559[c],1,1663
EG11150_RNA,1,TU686[c],1,2510
EG11151_RNA,1,EG11151_RNA[c],1,2570
EG11152_RNA,1,TU0-13679[c],1,814
EG11153_RNA,1,TU00351[c],1,2412
EG11154_RNA,1,TU0-13745[c],1,6
EG11155_RNA,1,TU0-13745[c],1,6
EG11156_RNA,1,TU0-13745[c],1,6
EG11157_RNA,2,TU0-13754[c];TU0-42571[c],1,875
EG11158_RNA,1,EG11158_RNA[c],1,2571
EG11159_RNA,1,TU0-13799[c],1,910
EG11160_RNA,1,TU0-13800[c],1,911
EG11161_RNA,2,TU0-13801[c];TU0-14493[c],1,912
EG11162_RNA,2,TU0-13801[c];TU0-14493[c],1,912
EG11164_RNA,1,TU0-13838[c],1,945
EG11165_RNA,1,TU0-13838[c],1,945
EG11166_RNA,1,TU0-8755[c],1,2172
EG11167_RNA,1,TU0-8666[c],1,2092
EG11168_RNA,1,TU00368[c],1,2421
EG11169_RNA,1,TU00368[c],1,2421
EG11171_RNA,1,TU0-8571[c],1,2009
EG11172_RNA,2,TU0-14551[c];TU00125[c],1,1425
EG11173_RNA,1,TU0-13871[c],1,975
EG11174_RNA,1,TU0-13871[c],1,975
EG11175_RNA,1,EG11175_RNA[c],1,2572
EG11176_RNA,1,TU0-42699[c],1,1681
EG11177_RNA,1,EG11177_RNA[c],1,2573
EG11178_RNA,1,EG11178_RNA[c],1,2574
EG11179_RNA,1,TU00311[c],1,1701
EG11180_RNA,1,TU0-13909[c],1,1011
EG11181_RNA,1,TU0-13914[c],1,1015
EG11182_RNA,1,TU00478[c],1,2448
EG11183_RNA,4,TU872[c];TU874[c];aroKB-damX[c];damX[c],1,2248
EG11184_RNA,1,TU0-8582[c],1,2019
EG11186_RNA,1,TU0-13982[c],1,1069
EG11187_RNA,2,TU0-13989[c];TU0-14555[c],1,1076
EG11188_RNA,1,TU0-14000[c],1,1085
EG11189_RNA,1,TU0-4181[c],1,1620
EG11190_RNA,1,TU00293[c],1,1843
EG11191_RNA,1,TU0-8321[c],1,1903
EG11192_RNA,1,TU0-14001[c],1,1086
EG11193_RNA,1,TU0-14002[c],1,1087
EG11194_RNA,1,TU0-14005[c],1,1090
EG11195_RNA,1,TU0-14019[c],1,1104
EG11196_RNA,1,TU0-14020[c],1,1106
EG11197_RNA,1,EG11197_RNA[c],1,2575
EG11198_RNA,1,TU00280[c],1,2391
EG11199_RNA,3,TU0-14030[c];TU0-14262[c];TU0-14263[c],1,1113
EG11201_RNA,1,TU0-14042[c],1,1123
EG11202_RNA,1,TU0-14042[c],1,1123
EG11203_RNA,1,TU0-8606[c],1,2041
EG11204_RNA,1,TU0-6281[c],1,1784
EG11205_RNA,1,TU0-14099[c],1,1170
EG11206_RNA,1,TU0-14105[c],1,1174
EG11207_RNA,1,TU0-5062[c],1,1756
EG11208_RNA,1,TU0-14106[c],1,1175
EG11209_RNA,1,TU0-2021[c],1,1552
EG11210_RNA,1,TU0-14133[c],1,1198
EG11211_RNA,1,TU0-14146[c],1,1208
EG11212_RNA,1,TU0-8502[c],1,1214
EG11214_RNA,2,TU0-8867[c];TU00261[c],1,2250
EG11215_RNA,2,TU0-8867[c];TU0-8869[c],1,2250
EG11217_RNA,2,TU0-14475[c];TU00253[c],1,1390
EG11218_RNA,2,TU0-14475[c];TU00253[c],1,1390
EG11219_RNA,1,TU0-13254[c],1,450
EG11221_RNA,1,TU00209[c],1,2357
EG11222_RNA,1,TU0-45243[c],1,1725
EG11223_RNA,2,TU0-42684[c];TU00004[c],1,1679
EG11224_RNA,1,TU0-1441[c],1,1367
EG11225_RNA,2,TU0-6021[c];TU621[c],1,1780
EG11226_RNA,1,TU0-42478[c],1,1638
EG11227_RNA,1,TU00157[c],1,2330
EG11228_RNA,1,TU00157[c],1,2330
EG11229_RNA,1,TU00157[c],1,2330
EG11230_RNA,1,TU00040[c],1,2271
EG11231_RNA,3,TU0-14255[c];TU0-14257[c];TU0-3305[c],1,1292
EG11232_RNA,2,TU00337[c];rpmJ[c],1,2408
EG11233_RNA,1,TU0-7784[c],1,1871
EG11234_RNA,1,TU0-13373[c],1,552
EG11235_RNA,1,TU0-8500[c],1,1950
EG11236_RNA,1,TU0-12889[c],1,150
EG11237_RNA,1,TU0-3141[c],1,1579
EG11238_RNA,1,TU0-13046[c],1,274
EG11239_RNA,1,TU0-8564[c],1,2003
EG11241_RNA,1,TU-8382[c],1,1
EG11242_RNA,1,TU0-13081[c],1,307
EG11244_RNA,1,TU0-8202[c],1,1889
EG11245_RNA,1,TU0-13801[c],1,912
EG11246_RNA,1,TU0-13221[c],1,421
EG11247_RNA,1,TU0-13735[c],1,859
EG11249_RNA,3,TU0-14269[c];TU0-198694[c];TU522[c],1,1295
EG11250_RNA,1,TU0-1261[c],1,61
EG11251_RNA,1,TU305[c],1,2487
EG11252_RNA,1,TU261[c],1,2485
EG11253_RNA,1,TU0-13090[c],1,316
EG11254_RNA,1,TU0-13009[c],1,243
EG11255_RNA,1,TU0-13009[c],1,243
EG11256_RNA,1,TU0-12913[c],1,168
EG11257_RNA,1,TU0-8872[c],1,2251
EG11258_RNA,1,TU00377[c],1,2424
EG11259_RNA,1,TU0-8502[c],1,1214
EG11260_RNA,1,TU0-8602[c],1,2038
EG11261_RNA,1,TU0-2101[c],1,1408
EG11262_RNA,1,TU0-13922[c],1,1021
EG11263_RNA,1,TU-8433[c],1,29
EG11265_RNA,1,TU361[c],1,1737
EG11266_RNA,1,TU0-13999[c],1,1083
EG11267_RNA,1,TU0-13983[c],1,1070
EG11268_RNA,1,TU00258[c],1,2381
EG11269_RNA,2,TU0-42511[c];TU00285[c],1,1546
EG11270_RNA,2,TU0-42516[c];TU524[c],1,1653
EG11271_RNA,1,TU0-6653[c],1,1829
EG11272_RNA,4,TU0-14257[c];TU0-6626[c];TU0-8855[c];TU0-8856[c],1,1292
EG11274_RNA,2,TU0-42510[c];TU00067[c],1,1650
EG11275_RNA,3,TU0-14764[c];TU0-42513[c];TU00032[c],1,1466
EG11276_RNA,2,TU0-42514[c];TU00085[c],1,1651
EG11277_RNA,2,TU0-42486[c];TU00178[c],1,1642
EG11279_RNA,1,TU00484[c],1,2449
EG11280_RNA,2,TU0-42478[c];TU0-42508[c],1,1638
EG11281_RNA,4,TU0-14561[c];TU0-14759[c];TU00236[c];yjeFE-amiB-mutL-miaA-hfq[c],1,1424
EG11282_RNA,1,TU686[c],1,2510
EG11284_RNA,3,TU0-4146[c];TU0-8373[c];TU00267[c],1,1615
EG11285_RNA,2,TU0-14321[c];TU0-36399[c],1,1324
EG11286_RNA,1,TU0-6886[c],1,1836
EG11287_RNA,1,TU-8443[c],1,35
EG11288_RNA,1,TU0-8828[c],1,2228
EG11289_RNA,1,TU0-13538[c],1,693
EG11290_RNA,1,TU0-13539[c],1,694
EG11291_RNA,1,TU0-14235[c],1,1279
EG11292_RNA,1,TU0-14232[c],1,1277
EG11293_RNA,1,TU0-8323[c],1,1904
EG11294_RNA,1,TU0-8323[c],1,1904
EG11295_RNA,1,TU0-14039[c],1,1120
EG11296_RNA,2,TU0-14225[c];TU0-6514[c],1,1271
EG11297_RNA,2,TU0-1061[c];TU0-1062[c],1,41
EG11298_RNA,1,EG11298_RNA[c],1,2576
EG11299_RNA,1,EG11299_RNA[c],1,2577
EG11300_RNA,1,TU0-13329[c],1,511
EG11301_RNA,1,TU0-13329[c],1,511
EG11302_RNA,1,TU0-13329[c],1,511
EG11303_RNA,1,TU0-13331[c],1,513
EG11305_RNA,1,TU0-13003[c],1,238
EG11306_RNA,1,TU0-13004[c],1,239
EG11309_RNA,1,TU0-13248[c],1,444
EG11310_RNA,1,TU0-13249[c],1,445
EG11311_RNA,1,TU00021[c],1,2263
EG11312_RNA,2,TU0-5522[c];TU0-5601[c],1,1771
EG11313_RNA,1,TU00208[c],1,2356
EG11314_RNA,1,TU00054[c],1,2275
EG11315_RNA,1,TU0-8578[c],1,2016
EG11316_RNA,1,TU00137[c],1,2315
EG11317_RNA,4,TU0-1[c];TU0-5[c];TU00266[c];TU442[c],1,37
EG11318_RNA,5,TU0-1[c];TU0-5[c];TU00266[c];TU442[c];TU443[c],1,37
EG11319_RNA,1,TU0-7441[c],1,1855
EG11320_RNA,1,TU0-12921[c],1,175
EG11321_RNA,1,TU0-12921[c],1,175
EG11322_RNA,3,TU0-12921[c];TU0-14466[c];ribE-nusB[c],1,175
EG11323_RNA,1,TU0-13792[c],1,907
EG11324_RNA,1,TU0-13792[c],1,907
EG11325_RNA,2,TU0-14625[c];TU0-45169[c],1,1436
EG11326_RNA,1,TU00197[c],1,2353
EG11327_RNA,1,TU00197[c],1,2353
EG11328_RNA,1,TU00423[c],1,2433
EG11329_RNA,3,TU0-1921[c];TU0-198884[c];TU0-4001[c],1,1302
EG11330_RNA,3,TU0-1921[c];TU0-198884[c];TU0-4001[c],1,1302
EG11331_RNA,1,TU0-1741[c],1,1498
EG11332_RNA,2,TU00439[c];upp[c],1,2437
EG11333_RNA,1,TU0-13792[c],1,907
EG11334_RNA,1,TU0-8847[c],1,2246
EG11335_RNA,1,TU0-14225[c],1,1271
EG11336_RNA,1,TU00452[c],1,2441
EG11337_RNA,1,TU0-6404[c],1,1788
EG11338_RNA,1,TU0-8150[c],1,1886
EG11339_RNA,1,TU0-7162[c],1,1414
EG11340_RNA,1,TU0-7162[c],1,1414
EG11341_RNA,1,TU0-7162[c],1,1414
EG11342_RNA,1,TU0-13185[c],1,396
EG11343_RNA,1,TU0-13125[c],1,347
EG11344_RNA,1,TU0-14364[c],1,1351
EG11345_RNA,1,TU00054[c],1,2275
EG11346_RNA,1,TU-8408[c],1,17
EG11347_RNA,1,TU-8411[c],1,18
EG11350_RNA,1,TU0-7162[c],1,1414
EG11351_RNA,1,TU0-7162[c],1,1414
EG11352_RNA,1,TU0-7162[c],1,1414
EG11353_RNA,1,TU0-7162[c],1,1414
EG11354_RNA,1,TU00459[c],1,2445
EG11355_RNA,1,TU00415[c],1,1407
EG11356_RNA,1,TU00415[c],1,1407
EG11357_RNA,1,TU0-6301[c],1,1354
EG11358_RNA,2,TU0-13887[c];TU0-42495[c],1,990
EG11359_RNA,1,TU0-13913[c],1,1014
EG11360_RNA,1,TU0-14231[c],1,1276
EG11361_RNA,1,TU0-13500[c],1,661
EG11362_RNA,1,TU0-14494[c],1,1394
EG11363_RNA,3,TU0-14759[c];TU00236[c];yjeFE-amiB-mutL-miaA-hfq[c],1,1424
EG11364_RNA,1,TU0-14028[c],1,1112
EG11366_RNA,1,TU0-7804[c],1,1873
EG11367_RNA,1,TU0-8337[c],1,1914
EG11368_RNA,3,TU0-14538[c];TU0-5843[c];TU00298[c],1,1420
EG11369_RNA,1,TU00369[c],1,2422
EG11370_RNA,1,TU00369[c],1,2422
EG11371_RNA,1,TU0-13667[c],1,805
EG11372_RNA,1,TU0-13667[c],1,805
EG11373_RNA,1,TU0-8335[c],1,1912
EG11374_RNA,1,TU0-36412[c],1,1600
EG11375_RNA,2,TU0-13539[c];folE[c],1,694
EG11376_RNA,1,TU0-13828[c],1,935
EG11377_RNA,1,TU0-13829[c],1,936
EG11378_RNA,1,TU0-2621[c],1,1568
EG11379_RNA,1,TU0-45265[c],1,1734
EG11380_RNA,1,TU0-45265[c],1,1734
EG11381_RNA,1,TU00279[c],1,2390
EG11383_RNA,1,TU0-13890[c],1,992
EG11384_RNA,2,TU0-14761[c];ahpC[c],1,31
EG11385_RNA,2,TU-8435[c];TU0-14761[c],1,31
EG11387_RNA,1,TU0-7461[c],1,1856
EG11388_RNA,1,TU0-14278[c],1,1298
EG11389_RNA,1,TU0-14278[c],1,1298
EG11390_RNA,1,TU00431[c],1,2436
EG11391_RNA,1,TU0-1981[c],1,1509
EG11392_RNA,1,TU0-13173[c],1,386
EG11393_RNA,1,TU0-13172[c],1,385
EG11394_RNA,1,TU0-14097[c],1,1169
EG11395_RNA,1,TU0-14097[c],1,1169
EG11396_RNA,1,TU0-14054[c],1,1134
EG11398_RNA,1,TU0-45242[c],1,1052
EG11399_RNA,1,TU0-45242[c],1,1052
EG11400_RNA,2,TU0-13962[c];TU0-45242[c],1,1052
EG11401_RNA,2,TU0-44195[c];TU00052[c],1,1691
EG11402_RNA,1,TU00213[c],1,2360
EG11403_RNA,1,TU0-42452[c],1,1631
EG11404_RNA,2,TU0-1781[c];TU0-1782[c],1,1500
EG11405_RNA,1,TU00254[c],1,2378
EG11406_RNA,1,TU0-8504[c],1,1953
EG11407_RNA,1,TU00255[c],1,2379
EG11408_RNA,1,TU00255[c],1,2379
EG11409_RNA,1,TU0-13087[c],1,313
EG11410_RNA,1,TU0-8615[c],1,2050
EG11411_RNA,2,TU0-12827[c];TU0-36398[c],1,99
EG11412_RNA,1,TU0-13010[c],1,244
EG11413_RNA,2,TU0-14322[c];TU0-14474[c],1,1325
EG11414_RNA,1,TU0-14216[c],1,1263
EG11415_RNA,1,TU0-45200[c],1,1714
EG11417_RNA,1,TU0-4783[c],1,1398
EG11418_RNA,2,TU0-14492[c];TU00370[c],1,1393
EG11419_RNA,1,TU0-13554[c],1,707
EG11421_RNA,1,TU00143[c],1,2320
EG11422_RNA,1,TU0-1841[c],1,1505
EG11423_RNA,2,TU0-14525[c];TU0-7162[c],1,1414
EG11424_RNA,1,TU0-4181[c],1,1620
EG11425_RNA,2,TU0-14744[c];TU0-7162[c],1,1414
EG11426_RNA,3,TU0-14525[c];TU0-14744[c];TU0-7162[c],1,1414
EG11427_RNA,1,TU0-13802[c],1,913
EG11428_RNA,1,TU0-7521[c],1,1858
EG11429_RNA,1,TU00399[c],1,2427
EG11430_RNA,1,TU0-13144[c],1,365
EG11431_RNA,1,TU0-42504[c],1,1648
EG11432_RNA,1,TU0-42504[c],1,1648
EG11433_RNA,1,TU241[c],1,2483
EG11434_RNA,1,TU00190[c],1,2347
EG11435_RNA,1,TU00190[c],1,2347
EG11436_RNA,1,TU0-8616[c],1,2051
EG11437_RNA,2,TU0-1[c];TU0-5[c],1,37
EG11438_RNA,1,TU0-8683[c],1,2106
EG11439_RNA,1,TU00459[c],1,2445
EG11440_RNA,1,TU00258[c],1,2381
EG11441_RNA,1,TU0-13957[c],1,1050
EG11442_RNA,1,TU00170[c],1,1402
EG11443_RNA,1,TU0-7341[c],1,1852
EG11444_RNA,1,TU0-8343[c],1,1918
EG11445_RNA,1,TU0-8343[c],1,1918
EG11447_RNA,1,TU0-13716[c],1,842
EG11448_RNA,1,TU0-3721[c],1,1473
EG11449_RNA,1,TU0-8808[c],1,2209
EG11450_RNA,1,TU0-8603[c],1,2039
EG11451_RNA,1,TU0-14039[c],1,1120
EG11452_RNA,1,TU0-14039[c],1,1120
EG11453_RNA,1,TU0-14039[c],1,1120
EG11454_RNA,1,TU0-14039[c],1,1120
EG11455_RNA,1,TU0-14039[c],1,1120
EG11456_RNA,1,TU0-14039[c],1,1120
EG11457_RNA,1,TU0-14039[c],1,1120
EG11458_RNA,1,TU0-14039[c],1,1120
EG11459_RNA,1,TU0-14040[c],1,1121
EG11460_RNA,1,TU0-13641[c],1,783
EG11462_RNA,1,TU0-8605[c],1,2040
EG11463_RNA,1,TU00455[c],1,2443
EG11464_RNA,1,TU0-14043[c],1,1124
EG11465_RNA,1,TU0-14043[c],1,1124
EG11466_RNA,1,TU0-14044[c],1,1125
EG11467_RNA,1,TU0-14045[c],1,1126
EG11468_RNA,1,TU0-14048[c],1,1129
EG11469_RNA,1,TU0-8501[c],1,1951
EG11470_RNA,1,TU0-14049[c],1,1130
EG11471_RNA,1,TU0-14050[c],1,1131
EG11472_RNA,1,TU0-14051[c],1,1132
EG11473_RNA,1,TU0-5881[c],1,1776
EG11474_RNA,1,TU0-5881[c],1,1776
EG11476_RNA,1,TU0-5881[c],1,1776
EG11479_RNA,2,TU0-14052[c];TU0-42519[c],1,1133
EG11481_RNA,2,TU0-14052[c];TU0-14053[c],1,1133
EG11484_RNA,1,TU0-14056[c],1,1136
EG11485_RNA,1,TU0-14056[c],1,1136
EG11486_RNA,1,TU0-14039[c],1,1120
EG11487_RNA,1,TU0-8864[c],1,1395
EG11488_RNA,1,TU0-13354[c],1,534
EG11489_RNA,2,TU0-42695[c];TU0-45224[c],1,1406
EG11490_RNA,1,TU0-45231[c],1,1618
EG11491_RNA,1,TU00037[c],1,2270
EG11492_RNA,1,TU0-14227[c],1,1273
EG11493_RNA,1,TU0-13135[c],1,357
EG11494_RNA,1,TU0-13135[c],1,357
EG11495_RNA,1,TU0-45279[c],1,1736
EG11497_RNA,1,TU00314[c],1,2402
EG11498_RNA,1,TU0-13905[c],1,1007
EG11499_RNA,1,TU0-42628[c],1,1675
EG11500_RNA,1,TU0-13135[c],1,357
EG11501_RNA,1,TU00235[c],1,2371
EG11502_RNA,1,TU0-12837[c],1,106
EG11503_RNA,1,TU0-12837[c],1,106
EG11504_RNA,2,TU0-2302[c];metQ[c],1,1556
EG11505_RNA,1,TU0-13433[c],1,608
EG11506_RNA,2,TU00277[c];ftsH[c],1,2388
EG11507_RNA,1,TU00277[c],1,2388
EG11508_RNA,2,TU0-3901[c];TU0-7141[c],1,1609
EG11509_RNA,1,TU00405[c],1,2429
EG11510_RNA,1,TU0-42452[c],1,1631
EG11511_RNA,1,TU0-12790[c],1,67
EG11512_RNA,1,TU0-12791[c],1,68
EG11514_RNA,2,TU0-45146[c];TU0-45182[c],1,1548
EG11515_RNA,1,TU0-13892[c],1,994
EG11516_RNA,1,TU0-8686[c],1,2108
EG11517_RNA,1,TU00173[c],1,1515
EG11519_RNA,2,TU0-14783[c];TU685[c],1,1470
EG11520_RNA,1,TU0-13949[c],1,1045
EG11521_RNA,1,TU0-13025[c],1,255
EG11522_RNA,1,TU0-13026[c],1,256
EG11523_RNA,1,TU0-13027[c],1,257
EG11524_RNA,1,TU0-13030[c],1,259
EG11525_RNA,1,TU0-13951[c],1,1046
EG11526_RNA,1,TU0-13279[c],1,471
EG11527_RNA,1,TU0-8819[c],1,2219
EG11528_RNA,1,TU0-13204[c],1,408
EG11529_RNA,1,EG11529_RNA[c],1,2578
EG11530_RNA,1,TU0-4187[c],1,1623
EG11531_RNA,1,TU0-45251[c],1,1729
EG11532_RNA,3,TU0-14538[c];TU0-5843[c];TU00298[c],1,1420
EG11533_RNA,1,TU0-8689[c],1,2111
EG11534_RNA,1,TU00407[c],1,1753
EG11535_RNA,2,TU0-5001[c];TU00407[c],1,1753
EG11536_RNA,1,TU0-14017[c],1,1102
EG11537_RNA,1,TU0-14349[c],1,1340
EG11538_RNA,1,TU0-8740[c],1,2158
EG11539_RNA,1,TU0-1021[c],1,39
EG11540_RNA,1,TU0-13114[c],1,338
EG11541_RNA,1,TU0-14032[c],1,1115
EG11542_RNA,1,TU0-6623[c],1,1822
EG11543_RNA,1,TU0-14103[c],1,1172
EG11544_RNA,1,EG11544_RNA[c],1,2579
EG11545_RNA,1,EG11545_RNA[c],1,2580
EG11546_RNA,1,TU0-12812[c],1,86
EG11547_RNA,1,TU00333[c],1,27
EG11548_RNA,2,TU-8430[c];TU00333[c],1,27
EG11549_RNA,1,TU0-8490[c],1,1940
EG11551_RNA,2,TU0-14405[c];TU424[c],1,1366
EG11552_RNA,1,TU424[c],1,1366
EG11553_RNA,1,TU0-13883[c],1,987
EG11554_RNA,1,TU00393[c],1,2425
EG11555_RNA,1,TU0-12789[c],1,66
EG11556_RNA,1,TU0-8121[c],1,1881
EG11557_RNA,2,TU0-14529[c];TU00247[c],1,1416
EG11558_RNA,2,TU0-14529[c];TU00247[c],1,1416
EG11559_RNA,1,TU00247[c],1,1416
EG11560_RNA,1,TU00247[c],1,1416
EG11561_RNA,1,TU00247[c],1,1416
EG11562_RNA,1,TU142[c],1,2479
EG11563_RNA,1,TU142[c],1,2479
EG11564_RNA,1,TU142[c],1,2479
EG11565_RNA,1,TU142[c],1,2479
EG11566_RNA,1,TU0-12799[c],1,75
EG11568_RNA,1,TU0-12800[c],1,76
EG11569_RNA,2,TU0-4284[c];TU0-4287[c],1,1683
EG11570_RNA,1,TU0-12801[c],1,77
EG11571_RNA,1,TU0-12804[c],1,79
EG11572_RNA,1,TU0-198868[c],1,1547
EG11573_RNA,1,TU0-198868[c],1,1547
EG11574_RNA,1,TU0-198868[c],1,1547
EG11575_RNA,1,TU0-42478[c],1,1638
EG11576_RNA,1,TU0-42478[c],1,1638
EG11577_RNA,1,TU0-42478[c],1,1638
EG11578_RNA,1,TU0-13931[c],1,1029
EG11579_RNA,1,TU0-8567[c],1,2006
EG11580_RNA,2,TU0-14368[c];TU0-6301[c],1,1354
EG11581_RNA,1,TU0-13051[c],1,279
EG11583_RNA,1,TU0-7603[c],1,1401
EG11585_RNA,1,TU00365[c],1,2419
EG11586_RNA,1,TU00365[c],1,2419
EG11587_RNA,1,TU00365[c],1,2419
EG11589_RNA,1,TU00365[c],1,2419
EG11590_RNA,1,TU00365[c],1,2419
EG11591_RNA,2,TU0-13006[c];TU0-14470[c],1,241
EG11592_RNA,2,TU0-13007[c];TU0-14470[c],1,241
EG11594_RNA,1,TU0-13005[c],1,240
EG11595_RNA,1,TU0-1123[c],1,45
EG11596_RNA,3,TU0-1123[c];TU0-198870[c];TU0-7262[c],1,45
EG11597_RNA,2,TU0-1123[c];TU0-7262[c],1,45
EG11598_RNA,2,TU0-1123[c];TU0-7262[c],1,45
EG11599_RNA,1,TU00190[c],1,2347
EG11600_RNA,1,TU0-8526[c],1,1970
EG11601_RNA,1,TU0-13655[c],1,794
EG11602_RNA,1,TU0-13847[c],1,953
EG11603_RNA,1,TU0-13847[c],1,953
EG11604_RNA,1,TU0-7282[c],1,1849
EG11605_RNA,1,TU0-14274[c],1,1296
EG11606_RNA,1,TU0-4403[c],1,1687
EG11607_RNA,1,TU0-13188[c],1,397
EG11608_RNA,1,TU863[c],1,2523
EG11609_RNA,1,TU0-7541[c],1,1859
EG11610_RNA,1,TU0-7541[c],1,1859
EG11612_RNA,1,TU0-3882[c],1,1608
EG11613_RNA,1,TU0-14345[c],1,1337
EG11614_RNA,1,TU00245[c],1,2376
EG11615_RNA,1,TU00245[c],1,2376
EG11616_RNA,1,TU0-1241[c],1,60
EG11617_RNA,2,TU0-7881[c];TU00244[c],1,1878
EG11618_RNA,2,TU0-7881[c];TU00244[c],1,1878
EG11619_RNA,1,TU0-2081[c],1,1555
EG11620_RNA,1,TU582[c],1,2501
EG11621_RNA,1,TU0-2302[c],1,1556
EG11622_RNA,1,TU0-12937[c],1,186
EG11623_RNA,1,TU00454[c],1,2442
EG11624_RNA,1,TU0-14676[c],1,1451
EG11625_RNA,1,TU0-14676[c],1,1451
EG11626_RNA,1,TU0-14676[c],1,1451
EG11627_RNA,1,TU0-14676[c],1,1451
EG11628_RNA,1,TU0-8161[c],1,1887
EG11629_RNA,1,TU0-14459[c],1,1385
EG11630_RNA,1,TU0-14459[c],1,1385
EG11631_RNA,1,TU0-14459[c],1,1385
EG11632_RNA,1,TU0-14459[c],1,1385
EG11634_RNA,1,TU0-7681[c],1,1865
EG11635_RNA,1,TU0-12981[c],1,221
EG11636_RNA,1,TU0-1421[c],1,1257
EG11637_RNA,1,TU0-8827[c],1,2227
EG11639_RNA,1,TU0-8704[c],1,2124
EG11640_RNA,1,TU0-8705[c],1,2125
EG11643_RNA,1,TU0-13308[c],1,493
EG11644_RNA,1,TU0-41801[c],1,1619
EG11645_RNA,1,TU0-8706[c],1,2126
EG11646_RNA,1,TU0-13546[c],1,699
EG11647_RNA,1,TU0-42602[c],1,1670
EG11648_RNA,1,TU0-12839[c],1,108
EG11649_RNA,1,TU0-8541[c],1,1984
EG11650_RNA,1,TU0-12840[c],1,109
EG11651_RNA,1,TU0-12840[c],1,109
EG11652_RNA,2,TU0-13898[c];TU0-42561[c],1,1000
EG11653_RNA,1,TU0-14229[c],1,1275
EG11654_RNA,1,TU-8411[c],1,18
EG11656_RNA,1,TU-8411[c],1,18
EG11657_RNA,1,TU0-12959[c],1,204
EG11658_RNA,1,TU0-5081[c],1,1757
EG11659_RNA,1,TU0-8719[c],1,2138
EG11660_RNA,1,TU0-13455[c],1,628
EG11661_RNA,1,TU0-13455[c],1,628
EG11662_RNA,1,TU0-13456[c],1,629
EG11663_RNA,1,TU0-13917[c],1,1017
EG11664_RNA,1,TU0-8512[c],1,1959
EG11665_RNA,1,TU0-3425[c],1,1589
EG11666_RNA,3,TU0-1123[c];TU0-198870[c];TU0-7262[c],1,45
EG11667_RNA,1,TU0-13562[c],1,715
EG11668_RNA,1,TU0-13562[c],1,715
EG11669_RNA,1,TU00114[c],1,2302
EG11670_RNA,1,TU00114[c],1,2302
EG11671_RNA,1,TU00114[c],1,2302
EG11672_RNA,1,TU00114[c],1,2302
EG11673_RNA,1,TU0-13848[c],1,954
EG11674_RNA,1,TU0-8756[c],1,2173
EG11675_RNA,1,TU00313[c],1,2401
EG11676_RNA,1,TU00287[c],1,2395
EG11677_RNA,1,TU0-13040[c],1,268
EG11678_RNA,2,TU0-12818[c];TU0-14300[c],1,91
EG11679_RNA,1,TU0-13751[c],1,874
EG11680_RNA,5,TU-8398[c];TU0-14291[c];TU0-14292[c];TU0-198866[c];TU0-36430[c],1,13
EG11681_RNA,4,TU-8398[c];TU0-198865[c];TU0-198866[c];TU00487[c],1,13
EG11682_RNA,4,TU-8398[c];TU0-198865[c];TU0-198866[c];TU00487[c],1,13
EG11683_RNA,1,TU0-14003[c],1,1088
EG11684_RNA,1,TU0-14006[c],1,1091
EG11685_RNA,1,TU-8434[c],1,30
EG11686_RNA,1,TU-8434[c],1,30
EG11687_RNA,1,TU0-14008[c],1,1093
EG11688_RNA,1,TU0-14009[c],1,1094
EG11689_RNA,1,TU0-14010[c],1,1095
EG11690_RNA,1,TU0-14011[c],1,1096
EG11691_RNA,1,TU0-14012[c],1,1097
EG11692_RNA,1,TU0-8765[c],1,2181
EG11693_RNA,1,TU0-14013[c],1,1098
EG11694_RNA,1,TU0-14014[c],1,1099
EG11695_RNA,1,TU0-14014[c],1,1099
EG11696_RNA,1,TU0-14014[c],1,1099
EG11697_RNA,1,TU0-8595[c],1,2032
EG11698_RNA,2,TU0-45179[c];galM[c],1,1667
EG11699_RNA,1,TU0-14819[c],1,1483
EG11700_RNA,1,TU0-13037[c],1,265
EG11701_RNA,1,TU00370[c],1,1393
EG11702_RNA,1,TU0-14103[c],1,1172
EG11703_RNA,1,TU00233[c],1,1433
EG11704_RNA,2,TU0-14615[c];TU00233[c],1,1433
EG11705_RNA,1,TU0-14015[c],1,1100
EG11706_RNA,1,TU0-14015[c],1,1100
EG11707_RNA,1,TU0-8596[c],1,2033
EG11709_RNA,1,TU0-14016[c],1,1101
EG11710_RNA,1,TU0-14016[c],1,1101
EG11711_RNA,1,TU0-8597[c],1,2034
EG11712_RNA,1,TU0-6003[c],1,1779
EG11713_RNA,1,TU0-8598[c],1,2035
EG11714_RNA,1,TU0-42468[c],1,1634
EG11719_RNA,1,TU0-8600[c],1,2036
EG11720_RNA,1,TU0-14022[c],1,1108
EG11721_RNA,1,TU0-14023[c],1,1109
EG11722_RNA,1,TU-8419[c],1,21
EG11723_RNA,1,TU-8419[c],1,21
EG11724_RNA,1,TU0-8601[c],1,2037
EG11725_RNA,1,TU0-14025[c],1,1110
EG11726_RNA,2,TU0-14026[c];TU0-36404[c],1,1111
EG11727_RNA,2,TU0-14027[c];TU0-36404[c],1,1111
EG11728_RNA,1,TU0-14028[c],1,1112
EG11729_RNA,1,TU0-14028[c],1,1112
EG11730_RNA,1,TU0-14031[c],1,1114
EG11731_RNA,1,TU0-14031[c],1,1114
EG11732_RNA,1,TU0-14033[c],1,1116
EG11733_RNA,1,TU0-14033[c],1,1116
EG11734_RNA,1,TU864[c],1,2524
EG11735_RNA,1,TU0-13116[c],1,339
EG11736_RNA,1,TU0-12838[c],1,107
EG11737_RNA,1,TU0-2302[c],1,1556
EG11738_RNA,1,TU784[c],1,2517
EG11739_RNA,1,TU00307[c],1,2400
EG11740_RNA,1,TU00307[c],1,2400
EG11741_RNA,1,TU0-8792[c],1,2200
EG11742_RNA,1,TU0-13290[c],1,481
EG11743_RNA,1,TU0-13290[c],1,481
EG11744_RNA,1,TU0-13289[c],1,480
EG11746_RNA,1,TU00313[c],1,2401
EG11747_RNA,1,TU0-42600[c],1,1669
EG11748_RNA,1,TU0-8540[c],1,1983
EG11749_RNA,1,TU0-12817[c],1,90
EG11750_RNA,1,TU0-13933[c],1,1031
EG11751_RNA,2,TU0-7722[c];TU00391[c],1,1866
EG11752_RNA,1,TU0-7722[c],1,1866
EG11753_RNA,1,TU0-8777[c],1,2187
EG11754_RNA,1,EG11754_RNA[c],1,2581
EG11757_RNA,3,TU0-14759[c];TU00236[c];yjeFE-amiB-mutL-miaA-hfq[c],1,1424
EG11758_RNA,2,TU00236[c];yjeFE-amiB-mutL-miaA-hfq[c],1,1424
EG11759_RNA,1,TU0-13196[c],1,403
EG11760_RNA,1,TU0-13276[c],1,470
EG11761_RNA,1,TU0-13280[c],1,472
EG11762_RNA,1,TU0-13988[c],1,1075
EG11763_RNA,1,TU0-13991[c],1,1077
EG11764_RNA,1,TU0-13992[c],1,1078
EG11765_RNA,1,TU0-13992[c],1,1078
EG11767_RNA,1,TU0-13952[c],1,1047
EG11768_RNA,1,TU0-14295[c],1,1303
EG11769_RNA,1,TU0-12960[c],1,205
EG11773_RNA,2,TU0-14531[c];TU0-198746[c],1,1417
EG11774_RNA,1,TU0-198746[c],1,1417
EG11775_RNA,1,TU0-8265[c],1,1898
EG11776_RNA,1,TU0-13023[c],1,253
EG11779_RNA,1,TU0-13809[c],1,919
EG11781_RNA,1,TU00199[c],1,2354
EG11782_RNA,1,TU0-13686[c],1,820
EG11783_RNA,1,TU0-13688[c],1,821
EG11784_RNA,1,TU0-1143[c],1,47
EG11785_RNA,1,TU0-8741[c],1,2159
EG11786_RNA,1,TU0-8742[c],1,2160
EG11787_RNA,2,TU0-13499[c];TU0-198886[c],1,660
EG11788_RNA,2,TU0-13499[c];TU0-198886[c],1,660
EG11789_RNA,1,TU0-13499[c],1,660
EG11790_RNA,1,TU0-13499[c],1,660
EG11791_RNA,1,TU0-13801[c],1,912
EG11792_RNA,1,TU0-13801[c],1,912
EG11793_RNA,1,TU0-14307[c],1,1313
EG11794_RNA,1,TU0-14306[c],1,1312
EG11795_RNA,1,TU00171[c],1,2336
EG11796_RNA,1,TU0-6630[c],1,1825
EG11797_RNA,2,TU0-14644[c];TU0-6921[c],1,1445
EG11798_RNA,1,TU0-12811[c],1,85
EG11799_RNA,1,TU00289[c],1,2396
EG11800_RNA,1,TU00289[c],1,2396
EG11801_RNA,1,TU00289[c],1,2396
EG11802_RNA,1,TU00289[c],1,2396
EG11803_RNA,1,TU00289[c],1,2396
EG11804_RNA,1,TU00289[c],1,2396
EG11805_RNA,1,TU00289[c],1,2396
EG11806_RNA,1,TU0-13436[c],1,611
EG11807_RNA,1,TU0-13437[c],1,612
EG11808_RNA,1,TU0-13438[c],1,613
EG11809_RNA,1,TU0-8494[c],1,1944
EG11810_RNA,2,TU0-14509[c];TU00170[c],1,1402
EG11811_RNA,1,TU0-45191[c],1,1713
EG11812_RNA,1,TU0-14154[c],1,1215
EG11814_RNA,1,TU00212[c],1,2359
EG11815_RNA,1,TU00212[c],1,2359
EG11816_RNA,1,TU0-14313[c],1,1317
EG11817_RNA,1,TU00363[c],1,2417
EG11819_RNA,2,TU0-13182[c];TU0-55017[c],1,395
EG11820_RNA,2,TU0-13126[c];TU0-41656[c],1,348
EG11821_RNA,1,TU587[c],1,2503
EG11822_RNA,2,TU0-13210[c];TU0-13211[c],1,413
EG11823_RNA,1,TU0-2741[c],1,1571
EG11824_RNA,1,TU0-13822[c],1,930
EG11825_RNA,1,TU0-13281[c],1,473
EG11826_RNA,1,TU0-13106[c],1,330
EG11827_RNA,1,TU0-4483[c],1,1706
EG11828_RNA,1,TU262[c],1,2486
EG11829_RNA,1,TU262[c],1,2486
EG11830_RNA,1,TU0-14057[c],1,1137
EG11831_RNA,1,TU0-1061[c],1,41
EG11832_RNA,1,TU0-14058[c],1,1138
EG11833_RNA,1,TU0-1402[c],1,1105
EG11835_RNA,1,TU0-14060[c],1,1139
EG11836_RNA,1,TU0-6505[c],1,1803
EG11837_RNA,1,TU0-14061[c],1,1140
EG11838_RNA,1,TU0-14062[c],1,1141
EG11839_RNA,1,TU0-14062[c],1,1141
EG11840_RNA,1,TU0-14063[c],1,1142
EG11841_RNA,1,TU0-14065[c],1,1144
EG11842_RNA,1,TU0-14065[c],1,1144
EG11843_RNA,1,TU0-14066[c],1,1145
EG11844_RNA,1,TU0-14067[c],1,1146
EG11845_RNA,1,TU0-14068[c],1,1147
EG11846_RNA,1,TU0-14068[c],1,1147
EG11847_RNA,1,TU0-14068[c],1,1147
EG11848_RNA,1,TU0-14069[c],1,1148
EG11849_RNA,2,TU0-14069[c];TU0-42682[c],1,1148
EG11850_RNA,1,TU0-14070[c],1,1149
EG11851_RNA,1,TU0-14070[c],1,1149
EG11852_RNA,1,TU0-14070[c],1,1149
EG11853_RNA,1,TU0-14070[c],1,1149
EG11854_RNA,1,TU0-14071[c],1,1150
EG11855_RNA,1,TU0-14072[c],1,1151
EG11856_RNA,1,TU00268[c],1,2384
EG11857_RNA,1,TU00268[c],1,2384
EG11858_RNA,1,TU00268[c],1,2384
EG11859_RNA,1,TU0-14073[c],1,1152
EG11860_RNA,1,TU0-14074[c],1,1153
EG11861_RNA,1,TU0-14075[c],1,1154
EG11862_RNA,1,TU0-14075[c],1,1154
EG11863_RNA,1,TU0-14075[c],1,1154
EG11864_RNA,1,TU0-14075[c],1,1154
EG11865_RNA,1,TU0-14296[c],1,1304
EG11866_RNA,2,TU0-14787[c];TU00219[c],1,1474
EG11867_RNA,1,TU00219[c],1,1474
EG11868_RNA,1,TU00219[c],1,1474
EG11869_RNA,1,TU0-14076[c],1,1155
EG11870_RNA,1,TU0-14077[c],1,1156
EG11871_RNA,4,TU872[c];TU874[c];TU875[c];TU877[c],1,2248
EG11873_RNA,1,TU0-14078[c],1,1157
EG11874_RNA,1,TU0-14081[c],1,1159
EG11875_RNA,1,TU0-14082[c],1,1160
EG11876_RNA,1,TU0-3465[c],1,1591
EG11877_RNA,1,TU0-3465[c],1,1591
EG11878_RNA,1,TU0-8607[c],1,2042
EG11879_RNA,2,TU0-14264[c];TU0-14669[c],1,1294
EG11880_RNA,1,TU0-14669[c],1,1294
EG11881_RNA,1,TU00287[c],1,2395
EG11882_RNA,1,TU0-14088[c],1,1162
EG11883_RNA,1,TU00364[c],1,2418
EG11884_RNA,1,TU00364[c],1,2418
EG11885_RNA,1,TU0-4143[c],1,1614
EG11886_RNA,1,TU0-4143[c],1,1614
EG11887_RNA,1,TU0-3104[c],1,1575
EG11888_RNA,1,TU0-13994[c],1,1080
EG11889_RNA,1,TU00096[c],1,2295
EG11890_RNA,1,TU00096[c],1,2295
EG11891_RNA,1,TU0-13486[c],1,649
EG11892_RNA,1,TU0-13487[c],1,650
EG11893_RNA,1,TU0-13488[c],1,651
EG11894_RNA,2,TU0-13489[c];tsuB[c],1,652
EG11895_RNA,1,TU0-13489[c],1,652
EG11896_RNA,1,TU0-13490[c],1,653
EG11897_RNA,2,TU0-42636[c];TU0-42642[c],1,1676
EG11899_RNA,1,TU0-13226[c],1,425
EG11900_RNA,1,TU0-13226[c],1,425
EG11901_RNA,1,TU0-13226[c],1,425
EG11902_RNA,1,TU0-14089[c],1,1163
EG11903_RNA,1,TU0-14090[c],1,1164
EG11904_RNA,1,TU0-14091[c],1,1165
EG11905_RNA,1,TU0-14091[c],1,1165
EG11906_RNA,1,TU0-14091[c],1,1165
EG11908_RNA,1,TU0-14092[c],1,1166
EG11909_RNA,1,TU0-14092[c],1,1166
EG11910_RNA,1,TU00316[c],1,2403
EG11911_RNA,1,TU00316[c],1,2403
EG11912_RNA,1,TU0-14311[c],1,1315
EG11913_RNA,1,TU0-14093[c],1,1167
EG11914_RNA,1,TU0-14094[c],1,1168
EG11915_RNA,1,TU0-14103[c],1,1172
EG11916_RNA,1,TU0-14104[c],1,1173
EG11917_RNA,1,TU0-14324[c],1,1326
EG11918_RNA,1,TU782[c],1,2515
EG11919_RNA,1,TU0-14107[c],1,1176
EG11920_RNA,1,TU0-8488[c],1,1938
EG11921_RNA,1,TU0-8505[c],1,1954
EG11922_RNA,1,TU0-14108[c],1,1177
EG11923_RNA,2,TU0-14111[c];TU0-14287[c],1,1178
EG11924_RNA,2,TU0-14112[c];TU0-14287[c],1,1178
EG11925_RNA,2,TU0-14112[c];TU0-14287[c],1,1178
EG11926_RNA,2,TU0-14112[c];TU0-14287[c],1,1178
EG11928_RNA,1,TU0-14116[c],1,1181
EG11929_RNA,1,TU0-8667[c],1,2093
EG11930_RNA,1,TU0-14117[c],1,1182
EG11931_RNA,1,TU0-14117[c],1,1182
EG11932_RNA,1,TU0-14118[c],1,1183
EG11933_RNA,1,EG11933_RNA[c],1,2582
EG11934_RNA,1,TU0-14121[c],1,1186
EG11935_RNA,1,TU0-14122[c],1,1187
EG11936_RNA,1,TU0-14122[c],1,1187
EG11937_RNA,1,TU0-8608[c],1,2043
EG11938_RNA,1,TU0-8609[c],1,2044
EG11939_RNA,1,TU0-14123[c],1,1188
EG11940_RNA,1,TU0-14124[c],1,1189
EG11941_RNA,1,TU0-14125[c],1,1190
EG11942_RNA,3,TU0-14786[c];TU0-198701[c];TU0-3721[c],1,1473
EG11943_RNA,2,TU0-198701[c];TU0-3721[c],1,1473
EG11945_RNA,1,TU00199[c],1,2354
EG11946_RNA,1,TU00199[c],1,2354
EG11947_RNA,1,TU00199[c],1,2354
EG11948_RNA,1,TU00199[c],1,2354
EG11949_RNA,1,TU00199[c],1,2354
EG11950_RNA,1,TU00199[c],1,2354
EG11951_RNA,1,TU0-14127[c],1,1192
EG11952_RNA,1,TU0-14128[c],1,1193
EG11953_RNA,1,TU0-14128[c],1,1193
EG11954_RNA,1,TU0-14128[c],1,1193
EG11955_RNA,1,TU0-14129[c],1,1194
EG11956_RNA,1,TU0-14293[c],1,1301
EG11957_RNA,2,TU0-14547[c];TU0-4502[c],1,1423
EG11958_RNA,2,TU0-14547[c];TU0-4502[c],1,1423
EG11959_RNA,2,TU0-14547[c];TU0-4502[c],1,1423
EG11961_RNA,1,TU164[c],1,2480
EG11962_RNA,1,TU164[c],1,2480
EG11963_RNA,1,TU164[c],1,2480
EG11964_RNA,1,TU0-13993[c],1,1079
EG11965_RNA,1,TU00193[c],1,2350
EG11966_RNA,1,TU821[c],1,2520
EG11967_RNA,1,EG11967_RNA[c],1,2583
EG11969_RNA,1,TU0-13911[c],1,1013
EG11970_RNA,1,TU0-13911[c],1,1013
EG11971_RNA,1,TU00147[c],1,2323
EG11972_RNA,1,TU00263[c],1,2383
EG11973_RNA,1,TU00263[c],1,2383
EG11974_RNA,1,EG11974_RNA[c],1,2584
EG11975_RNA,1,TU0-1441[c],1,1367
EG11976_RNA,1,TU0-1441[c],1,1367
EG11977_RNA,1,TU0-1441[c],1,1367
EG11978_RNA,2,TU0-14523[c];TU00331[c],1,1413
EG11979_RNA,2,TU0-14523[c];TU00331[c],1,1413
EG11980_RNA,2,TU0-14523[c];TU00331[c],1,1413
EG11981_RNA,1,TU0-14315[c],1,1319
EG11982_RNA,1,TU0-14315[c],1,1319
EG11983_RNA,1,TU0-14317[c],1,1321
EG11984_RNA,1,TU0-14317[c],1,1321
EG11985_RNA,1,TU0-14317[c],1,1321
EG11987_RNA,1,TU0-13516[c],1,675
EG11988_RNA,1,TU0-13516[c],1,675
EG11989_RNA,1,TU0-13516[c],1,675
EG11990_RNA,1,TU0-13516[c],1,675
EG11991_RNA,1,TU0-13517[c],1,676
EG11992_RNA,1,TU0-9[c],1,2253
EG11995_RNA,1,TU0-13521[c],1,679
EG11998_RNA,1,TU0-13523[c],1,681
EG11999_RNA,1,TU0-13523[c],1,681
EG12002_RNA,1,TU0-13523[c],1,681
EG12003_RNA,1,TU0-13523[c],1,681
EG12004_RNA,1,TU0-13524[c],1,682
EG12005_RNA,1,TU0-13525[c],1,683
EG12006_RNA,1,TU0-13526[c],1,684
EG12007_RNA,1,TU0-13526[c],1,684
EG12008_RNA,1,TU0-13527[c],1,685
EG12009_RNA,1,TU0-14559[c],1,1428
EG12010_RNA,1,TU0-14559[c],1,1428
EG12011_RNA,1,TU0-14559[c],1,1428
EG12012_RNA,1,TU0-14559[c],1,1428
EG12013_RNA,1,TU0-7501[c],1,1857
EG12015_RNA,1,TU0-13529[c],1,687
EG12016_RNA,1,TU0-13530[c],1,688
EG12017_RNA,1,TU0-8649[c],1,2077
EG12019_RNA,1,TU0-13531[c],1,689
EG12022_RNA,1,TU0-13534[c],1,690
EG12023_RNA,1,TU0-13535[c],1,691
EG12024_RNA,1,TU0-13535[c],1,691
EG12025_RNA,1,TU0-13537[c],1,692
EG12026_RNA,1,TU0-8726[c],1,2145
EG12027_RNA,1,TU0-13542[c],1,696
EG12028_RNA,1,TU0-14304[c],1,1310
EG12029_RNA,1,TU0-13543[c],1,697
EG12030_RNA,1,TU862[c],1,2522
EG12031_RNA,1,TU0-14303[c],1,1309
EG12032_RNA,1,TU0-13545[c],1,698
EG12033_RNA,1,TU0-13546[c],1,699
EG12034_RNA,1,TU0-14239[c],1,1282
EG12035_RNA,1,TU0-13547[c],1,700
EG12036_RNA,1,TU0-13548[c],1,701
EG12037_RNA,1,TU0-13552[c],1,705
EG12038_RNA,1,TU0-13552[c],1,705
EG12040_RNA,1,TU0-13552[c],1,705
EG12041_RNA,1,TU0-13552[c],1,705
EG12042_RNA,1,TU0-13553[c],1,706
EG12043_RNA,2,TU0-13558[c];yejL[c],1,711
EG12044_RNA,1,TU0-13555[c],1,708
EG12045_RNA,1,TU0-13556[c],1,709
EG12048_RNA,1,TU0-8727[c],1,2146
EG12049_RNA,1,TU0-13558[c],1,711
EG12052_RNA,2,TU0-5261[c];TU00305[c],1,1765
EG12053_RNA,2,TU0-5261[c];TU00305[c],1,1765
EG12054_RNA,2,TU0-5261[c];TU00305[c],1,1765
EG12055_RNA,2,TU0-5261[c];TU00305[c],1,1765
EG12057_RNA,2,TU0-5261[c];TU00305[c],1,1765
EG12058_RNA,2,TU0-5261[c];TU00305[c],1,1765
EG12059_RNA,2,TU0-5261[c];TU00305[c],1,1765
EG12060_RNA,2,TU0-8484[c];TU00305[c],1,1765
EG12061_RNA,2,TU0-8484[c];TU00305[c],1,1765
EG12062_RNA,2,TU0-8484[c];TU00305[c],1,1765
EG12064_RNA,2,TU0-8484[c];TU00305[c],1,1765
EG12067_RNA,2,TU0-8484[c];TU00305[c],1,1765
EG12068_RNA,2,TU0-8484[c];TU00305[c],1,1765
EG12069_RNA,1,TU0-13559[c],1,712
EG12070_RNA,1,TU0-13560[c],1,713
EG12073_RNA,1,TU0-13561[c],1,714
EG12075_RNA,1,TU0-14783[c],1,1470
EG12076_RNA,1,TU0-14783[c],1,1470
EG12077_RNA,1,TU0-14783[c],1,1470
EG12078_RNA,1,TU0-14783[c],1,1470
EG12079_RNA,1,TU0-14783[c],1,1470
EG12080_RNA,1,TU0-4525[c],1,1728
EG12081_RNA,1,TU0-13745[c],1,6
EG12082_RNA,1,TU0-198746[c],1,1417
EG12083_RNA,1,TU0-198746[c],1,1417
EG12084_RNA,1,TU0-198746[c],1,1417
EG12086_RNA,1,TU0-198746[c],1,1417
EG12087_RNA,1,TU0-198746[c],1,1417
EG12088_RNA,1,TU0-198746[c],1,1417
EG12089_RNA,1,TU0-198746[c],1,1417
EG12090_RNA,1,TU0-198746[c],1,1417
EG12091_RNA,1,TU0-198746[c],1,1417
EG12092_RNA,1,TU0-198746[c],1,1417
EG12093_RNA,2,TU0-14531[c];TU0-198746[c],1,1417
EG12094_RNA,1,EG12094_RNA[c],1,2585
EG12095_RNA,1,TU0-14328[c],1,1329
EG12096_RNA,1,TU0-1261[c],1,61
EG12097_RNA,1,TU0-13675[c],1,812
EG12098_RNA,1,TU0-13675[c],1,812
EG12099_RNA,1,TU0-1222[c],1,59
EG12100_RNA,2,TU0-6921[c];TU0-7342[c],1,1445
EG12101_RNA,1,TU00269[c],1,2385
EG12102_RNA,1,TU00269[c],1,2385
EG12104_RNA,1,TU0-13549[c],1,702
EG12105_RNA,1,TU0-13541[c],1,695
EG12106_RNA,1,TU0-12811[c],1,85
EG12107_RNA,1,TU0-12811[c],1,85
EG12108_RNA,1,TU0-14258[c],1,1293
EG12110_RNA,1,TU0-13252[c],1,448
EG12111_RNA,1,TU00309[c],1,1447
EG12112_RNA,1,TU0-13689[c],1,822
EG12113_RNA,1,TU0-13926[c],1,1025
EG12114_RNA,1,TU0-14217[c],1,1264
EG12115_RNA,1,TU0-14216[c],1,1263
EG12116_RNA,1,TU0-8325[c],1,1905
EG12117_RNA,2,TU0-14688[c];TU0-8812[c],1,1454
EG12119_RNA,2,TU0-13183[c];TU0-55017[c],1,395
EG12120_RNA,1,TU0-8367[c],1,1924
EG12121_RNA,2,TU0-8364[c];TU0-8367[c],1,1924
EG12122_RNA,1,TU0-13804[c],1,914
EG12123_RNA,1,TU00428[c],1,2434
EG12124_RNA,3,TU0-14415[c];TU0-3581[c];argT-hisJ[c],1,1369
EG12125_RNA,2,TU0-14415[c];TU0-3581[c],1,1369
EG12127_RNA,1,TU00213[c],1,2360
EG12128_RNA,2,TU0-42614[c];TU00295[c],1,1673
EG12129_RNA,1,TU00439[c],1,2437
EG12130_RNA,1,TU00423[c],1,2433
EG12131_RNA,1,TU00423[c],1,2433
EG12132_RNA,1,TU0-1881[c],1,1506
EG12133_RNA,1,TU0-13623[c],1,768
EG12134_RNA,1,TU0-13058[c],1,285
EG12136_RNA,1,TU0-7881[c],1,1878
EG12137_RNA,1,TU0-12835[c],1,104
EG12138_RNA,1,TU0-12836[c],1,105
EG12139_RNA,1,TU0-14320[c],1,1323
EG12140_RNA,1,TU0-8331[c],1,1909
EG12141_RNA,1,TU0-13360[c],1,540
EG12142_RNA,1,TU00454[c],1,2442
EG12143_RNA,2,TU0-8484[c];TU00305[c],1,1765
EG12144_RNA,1,TU0-4444[c],1,1703
EG12146_RNA,3,TU-8398[c];TU0-198866[c];TU00487[c],1,13
EG12147_RNA,2,TU0-198866[c];TU00487[c],1,13
EG12148_RNA,1,TU0-7081[c],1,1842
EG12150_RNA,1,TU0-8368[c],1,1925
EG12151_RNA,1,TU0-8368[c],1,1925
EG12152_RNA,1,TU0-4681[c],1,1745
EG12153_RNA,2,TU0-194009[c];TU0-2649[c],1,25
EG12154_RNA,1,TU0-8509[c],1,1956
EG12155_RNA,1,TU0-13228[c],1,427
EG12158_RNA,1,TU0-8495[c],1,1945
EG12159_RNA,1,TU0-12915[c],1,170
EG12163_RNA,1,TU0-14355[c],1,1345
EG12164_RNA,1,TU0-8665[c],1,2091
EG12165_RNA,1,TU261[c],1,2485
EG12166_RNA,1,TU0-8676[c],1,2099
EG12167_RNA,1,TU261[c],1,2485
EG12168_RNA,1,TU0-12918[c],1,172
EG12169_RNA,2,TU0-5261[c];TU00305[c],1,1765
EG12171_RNA,1,TU0-14221[c],1,1269
EG12172_RNA,1,TU0-13136[c],1,358
EG12173_RNA,1,TU0-13913[c],1,1014
EG12176_RNA,2,TU0-14140[c];TU0-14671[c],1,1203
EG12177_RNA,1,TU359[c],1,2490
EG12178_RNA,1,TU0-14140[c],1,1203
EG12179_RNA,1,TU0-13001[c],1,237
EG12180_RNA,1,TU0-7821[c],1,1874
EG12181_RNA,1,TU0-8805[c],1,2206
EG12182_RNA,2,TU0-12927[c];TU0-42605[c],1,178
EG12183_RNA,2,TU0-12926[c];TU0-42605[c],1,178
EG12188_RNA,1,TU0-13746[c],1,869
EG12189_RNA,2,TU0-2741[c];TU0-2742[c],1,1571
EG12190_RNA,1,TU0-13627[c],1,772
EG12191_RNA,1,TU587[c],1,2503
EG12192_RNA,1,TU0-13683[c],1,818
EG12193_RNA,1,TU0-36443[c],1,1605
EG12194_RNA,1,TU0-36443[c],1,1605
EG12195_RNA,1,TU00212[c],1,2359
EG12196_RNA,1,TU0-13113[c],1,337
EG12197_RNA,1,TU0-4444[c],1,1703
EG12198_RNA,1,TU00248[c],1,2377
EG12200_RNA,1,TU0-8721[c],1,2140
EG12201_RNA,1,TU0-3403[c],1,1584
EG12202_RNA,1,TU0-2441[c],1,1561
EG12203_RNA,1,TU0-6982[c],1,1838
EG12204_RNA,1,TU0-13422[c],1,598
EG12205_RNA,1,TU0-8779[c],1,2189
EG12207_RNA,1,TU0-13421[c],1,597
EG12209_RNA,1,TU0-8778[c],1,2188
EG12210_RNA,1,TU0-4181[c],1,1620
EG12211_RNA,1,TU0-8583[c],1,2020
EG12212_RNA,1,TU0-13942[c],1,1038
EG12213_RNA,1,TU0-8584[c],1,2021
EG12214_RNA,1,TU0-13943[c],1,1039
EG12215_RNA,1,TU0-4623[c],1,1742
EG12216_RNA,1,TU0-8510[c],1,1957
EG12217_RNA,1,TU0-13944[c],1,1040
EG12219_RNA,1,TU0-8585[c],1,2022
EG12220_RNA,1,TU0-13946[c],1,1042
EG12221_RNA,1,TU0-13947[c],1,1043
EG12223_RNA,1,TU0-13952[c],1,1047
EG12224_RNA,1,TU0-13952[c],1,1047
EG12225_RNA,1,TU0-13953[c],1,1048
EG12228_RNA,1,TU0-8586[c],1,2023
EG12229_RNA,1,TU0-8587[c],1,2024
EG12230_RNA,1,TU0-8491[c],1,1941
EG12231_RNA,1,TU0-1198[c],1,57
EG12232_RNA,1,TU0-13956[c],1,1049
EG12233_RNA,1,TU0-13957[c],1,1050
EG12234_RNA,1,TU0-13958[c],1,1051
EG12235_RNA,1,TU00239[c],1,2374
EG12236_RNA,1,TU00239[c],1,2374
EG12237_RNA,1,TU00239[c],1,2374
EG12240_RNA,1,TU0-13964[c],1,1053
EG12241_RNA,1,TU0-13964[c],1,1053
EG12242_RNA,2,TU0-14433[c];TU0-14718[c],1,1379
EG12243_RNA,3,TU0-14433[c];TU0-2261[c];TU0-45268[c],1,1379
EG12244_RNA,1,TU0-13965[c],1,1054
EG12245_RNA,1,TU0-8360[c],1,1923
EG12246_RNA,1,TU0-8588[c],1,2025
EG12247_RNA,1,TU0-13966[c],1,1055
EG12248_RNA,1,TU0-13967[c],1,1056
EG12249_RNA,1,TU0-13968[c],1,1057
EG12251_RNA,1,TU0-13969[c],1,1058
EG12252_RNA,1,TU0-1549[c],1,1491
EG12253_RNA,1,TU0-7301[c],1,1850
EG12254_RNA,1,TU-8417[c],1,20
EG12256_RNA,1,TU0-13971[c],1,1059
EG12257_RNA,1,TU0-8365[c],1,1921
EG12258_RNA,2,TU0-8354[c];TU0-8365[c],1,1921
EG12259_RNA,2,TU0-8354[c];TU0-8365[c],1,1921
EG12260_RNA,1,TU0-8365[c],1,1921
EG12262_RNA,1,TU0-14316[c],1,1320
EG12263_RNA,1,TU0-13972[c],1,1060
EG12264_RNA,1,TU0-13972[c],1,1060
EG12265_RNA,1,TU0-13972[c],1,1060
EG12266_RNA,1,TU0-13974[c],1,1062
EG12267_RNA,1,TU0-13975[c],1,1063
EG12268_RNA,1,TU0-42492[c],1,1644
EG12269_RNA,1,TU0-13977[c],1,1064
EG12270_RNA,1,TU0-13978[c],1,1065
EG12271_RNA,1,TU0-13979[c],1,1066
EG12272_RNA,1,TU0-13980[c],1,1067
EG12273_RNA,1,TU0-8589[c],1,2026
EG12274_RNA,1,TU0-8590[c],1,2027
EG12275_RNA,1,TU00374[c],1,2423
EG12276_RNA,1,TU00374[c],1,2423
EG12277_RNA,1,TU0-13985[c],1,1072
EG12278_RNA,1,TU368[c],1,2491
EG12279_RNA,1,TU0-14454[c],1,1382
EG12280_RNA,1,TU0-14454[c],1,1382
EG12281_RNA,1,TU0-14454[c],1,1382
EG12282_RNA,1,TU0-14454[c],1,1382
EG12283_RNA,1,TU0-14454[c],1,1382
EG12284_RNA,1,TU0-14454[c],1,1382
EG12285_RNA,1,TU0-14454[c],1,1382
EG12286_RNA,1,TU0-14454[c],1,1382
EG12287_RNA,1,TU0-14454[c],1,1382
EG12288_RNA,1,TU0-8591[c],1,2028
EG12289_RNA,1,TU0-8592[c],1,2029
EG12290_RNA,1,TU0-13986[c],1,1073
EG12291_RNA,1,TU0-13986[c],1,1073
EG12292_RNA,1,TU00138[c],1,2316
EG12293_RNA,1,TU0-13987[c],1,1074
EG12294_RNA,2,TU0-13996[c];TU0-42596[c],1,1081
EG12295_RNA,2,TU0-13997[c];TU0-42596[c],1,1081
EG12296_RNA,1,TU0-13998[c],1,1082
EG12297_RNA,1,TU0-13998[c],1,1082
EG12298_RNA,1,TU0-13998[c],1,1082
EG12301_RNA,1,TU-8423[c],1,24
EG12302_RNA,1,TU0-13135[c],1,357
EG12303_RNA,1,TU0-13135[c],1,357
EG12304_RNA,1,TU0-13206[c],1,410
EG12305_RNA,1,TU0-13206[c],1,410
EG12308_RNA,1,TU0-13668[c],1,806
EG12309_RNA,1,TU0-12786[c],1,63
EG12310_RNA,1,TU0-13656[c],1,795
EG12311_RNA,1,TU00423[c],1,2433
EG12312_RNA,1,TU0-12810[c],1,84
EG12313_RNA,1,TU0-12810[c],1,84
EG12314_RNA,2,TU0-12810[c];TU0-14495[c],1,84
EG12315_RNA,1,TU0-8539[c],1,1982
EG12316_RNA,1,TU0-14608[c],1,1430
EG12318_RNA,1,TU0-3124[c],1,1578
EG12319_RNA,1,TU0-45255[c],1,1731
EG12320_RNA,1,TU0-12815[c],1,88
EG12321_RNA,1,TU0-12815[c],1,88
EG12322_RNA,1,TU0-12816[c],1,89
EG12323_RNA,1,TU0-13564[c],1,717
EG12325_RNA,1,TU0-14300[c],1,91
EG12326_RNA,1,TU0-14300[c],1,91
EG12327_RNA,1,TU0-14300[c],1,91
EG12328_RNA,1,TU0-14301[c],1,1307
EG12329_RNA,1,TU0-12819[c],1,92
EG12330_RNA,1,TU0-14344[c],1,1336
EG12331_RNA,1,TU0-12821[c],1,94
EG12332_RNA,1,TU0-8480[c],1,1934
EG12333_RNA,1,TU0-12822[c],1,95
EG12334_RNA,1,TU0-12822[c],1,95
EG12335_RNA,1,TU0-4501[c],1,1707
EG12336_RNA,1,TU0-12825[c],1,97
EG12337_RNA,1,TU0-12826[c],1,98
EG12338_RNA,1,TU0-12866[c],1,129
EG12339_RNA,1,TU0-12866[c],1,129
EG12340_RNA,1,TU0-12865[c],1,128
EG12341_RNA,3,TU0-42636[c];TU0-42642[c];TU00526[c],1,1676
EG12342_RNA,1,TU0-14222[c],1,1270
EG12343_RNA,1,TU0-8627[c],1,2057
EG12344_RNA,1,TU0-1802[c],1,1502
EG12345_RNA,1,TU0-13310[c],1,494
EG12347_RNA,1,TU0-13453[c],1,627
EG12352_RNA,1,TU0-14034[c],1,1117
EG12354_RNA,1,TU0-12835[c],1,104
EG12356_RNA,1,TU0-8341[c],1,1917
EG12357_RNA,1,TU0-5322[c],1,1767
EG12358_RNA,1,TU0-6629[c],1,1824
EG12359_RNA,2,TU0-13032[c];TU0-13033[c],1,261
EG12360_RNA,2,TU0-14305[c];TU00047[c],1,1311
EG12361_RNA,1,TU0-13755[c],1,876
EG12362_RNA,1,TU00298[c],1,1420
EG12363_RNA,1,TU0-13842[c],1,948
EG12365_RNA,1,TU0-13920[c],1,1020
EG12366_RNA,1,TU0-13805[c],1,915
EG12367_RNA,1,TU0-1821[c],1,1503
EG12368_RNA,1,TU0-4604[c],1,1741
EG12369_RNA,1,TU0-13392[c],1,569
EG12370_RNA,1,TU0-13148[c],1,368
EG12371_RNA,1,TU0-13881[c],1,985
EG12372_RNA,1,TU0-13740[c],1,864
EG12373_RNA,1,TU0-13739[c],1,863
EG12374_RNA,1,TU0-6885[c],1,1813
EG12375_RNA,1,TU0-13087[c],1,313
EG12376_RNA,1,TU0-8735[c],1,2153
EG12378_RNA,1,TU0-13442[c],1,617
EG12379_RNA,1,TU0-13442[c],1,617
EG12380_RNA,1,TU0-4927[c],1,1750
EG12381_RNA,1,TU0-1022[c],1,40
EG12384_RNA,1,TU0-12962[c],1,207
EG12385_RNA,1,TU0-14359[c],1,1348
EG12386_RNA,2,TU0-14294[c];TU0-198884[c],1,1302
EG12387_RNA,3,TU0-198883[c];TU0-198884[c];TU0-4001[c],1,1302
EG12388_RNA,1,TU0-12968[c],1,212
EG12391_RNA,1,TU0-13376[c],1,555
EG12392_RNA,1,TU0-13179[c],1,392
EG12393_RNA,1,TU00368[c],1,2421
EG12394_RNA,1,TU0-41857[c],1,1622
EG12395_RNA,1,TU0-14366[c],1,1353
EG12396_RNA,1,TU0-8722[c],1,2141
EG12397_RNA,1,TU0-13095[c],1,320
EG12399_RNA,2,TU0-14518[c];TU0-7981[c],1,1409
EG12400_RNA,1,TU0-8825[c],1,2225
EG12401_RNA,1,TU0-13650[c],1,791
EG12402_RNA,1,TU00249[c],1,1384
EG12403_RNA,2,TU0-14458[c];TU00249[c],1,1384
EG12404_RNA,1,TU0-8690[c],1,2112
EG12405_RNA,1,TU0-8691[c],1,2113
EG12406_RNA,1,TU0-13050[c],1,278
EG12407_RNA,1,TU0-13063[c],1,290
EG12409_RNA,1,TU0-13640[c],1,782
EG12410_RNA,1,TU0-13639[c],1,781
EG12411_RNA,1,TU00331[c],1,1413
EG12412_RNA,1,TU00331[c],1,1413
EG12414_RNA,5,TU0-14638[c];TU0-198876[c];TU00169[c];gatYZABC[c];gatZABC[c],1,1442
EG12415_RNA,5,TU0-14638[c];TU0-198876[c];TU00169[c];gatYZABC[c];gatZABC[c],1,1442
EG12417_RNA,3,TU0-14638[c];TU0-198876[c];TU00169[c],1,1442
EG12419_RNA,2,TU00169[c];gatYZABC[c],1,1442
EG12421_RNA,1,TU0-13053[c],1,281
EG12422_RNA,1,TU0-13052[c],1,280
EG12423_RNA,1,TU302[c],1,1517
EG12424_RNA,1,TU0-4201[c],1,1624
EG12427_RNA,1,TU0-14276[c],1,1297
EG12428_RNA,2,TU0-42518[c];TU0-6941[c],1,1654
EG12429_RNA,1,TU0-12943[c],1,192
EG12431_RNA,1,TU0-13210[c],1,413
EG12432_RNA,1,TU0-13374[c],1,553
EG12433_RNA,1,TU0-13195[c],1,402
EG12434_RNA,2,TU-8393[c];TU0-4192[c],1,10
EG12436_RNA,1,TU0-4222[c],1,1626
EG12437_RNA,3,TU0-14538[c];TU0-5843[c];TU00298[c],1,1420
EG12438_RNA,2,TU0-14538[c];TU00298[c],1,1420
EG12439_RNA,1,TU0-14166[c],1,1227
EG12440_RNA,1,TU0-45213[c],1,1717
EG12442_RNA,1,TU0-13682[c],1,817
EG12443_RNA,1,TU0-13809[c],1,919
EG12444_RNA,1,TU0-13137[c],1,359
EG12445_RNA,1,TU0-8743[c],1,2161
EG12446_RNA,1,TU0-13678[c],1,813
EG12448_RNA,1,TU0-14365[c],1,1352
EG12449_RNA,1,TU0-13593[c],1,744
EG12450_RNA,1,TU0-4441[c],1,1702
EG12454_RNA,1,TU0-8556[c],1,1996
EG12455_RNA,1,TU0-13751[c],1,874
EG12458_RNA,2,TU0-14547[c];TU0-4502[c],1,1423
EG12462_RNA,1,TU0-14134[c],1,1199
EG12469_RNA,1,TU0-14139[c],1,1202
EG12475_RNA,1,TU0-14147[c],1,1209
EG12494_RNA,1,TU0-5162[c],1,1760
EG12495_RNA,1,TU0-5162[c],1,1760
EG12504_RNA,1,TU0-14159[c],1,1220
EG12517_RNA,1,TU0-14166[c],1,1227
EG12518_RNA,1,TU0-14166[c],1,1227
EG12520_RNA,1,TU0-14166[c],1,1227
EG12522_RNA,1,TU0-4461[c],1,1704
EG12525_RNA,1,TU0-2421[c],1,1560
EG12539_RNA,1,TU0-4682[c],1,1746
EG12544_RNA,1,TU0-14183[c],1,1239
EG12548_RNA,1,TU0-14191[c],1,1242
EG12554_RNA,1,TU0-14193[c],1,1244
EG12556_RNA,1,TU0-14193[c],1,1244
EG12557_RNA,1,TU0-14193[c],1,1244
EG12563_RNA,1,TU0-4961[c],1,1752
EG12576_RNA,1,TU0-14203[c],1,1253
EG12587_RNA,1,TU0-14210[c],1,1258
EG12591_RNA,1,TU0-14212[c],1,1260
EG12600_RNA,1,TU0-8629[c],1,2059
EG12605_RNA,1,TU0-12813[c],1,87
EG12606_RNA,2,TU0-42538[c];TU441[c],1,37
EG12608_RNA,2,TU0-14529[c];TU00247[c],1,1416
EG12609_RNA,1,TU0-3841[c],1,1392
EG12610_RNA,1,TU0-12802[c],1,78
EG12611_RNA,1,TU0-12802[c],1,78
EG12615_RNA,1,TU793[c],1,2519
EG12623_RNA,1,TU0-12952[c],1,199
EG12624_RNA,1,TU0-8145[c],1,1882
EG12625_RNA,2,TU0-198714[c];TU0-198879[c],1,1521
EG12626_RNA,2,TU0-198714[c];TU0-198879[c],1,1521
EG12627_RNA,2,TU0-198714[c];TU0-198879[c],1,1521
EG12628_RNA,2,TU0-198714[c];TU0-198879[c],1,1521
EG12629_RNA,3,TU0-42512[c];TU0-4881[c];TU00228[c],1,1627
EG12630_RNA,2,TU0-4521[c];TU0-4881[c],1,1627
EG12631_RNA,3,TU0-42252[c];TU0-4881[c];TU00228[c],1,1627
EG12633_RNA,1,TU0-13837[c],1,944
EG12634_RNA,1,TU0-13726[c],1,851
EG12656_RNA,1,TU0-13835[c],1,942
EG12657_RNA,1,TU0-13836[c],1,943
EG12658_RNA,1,TU-8387[c],1,5
EG12661_RNA,1,EG12661_RNA[c],1,2586
EG12662_RNA,1,EG12662_RNA[c],1,2587
EG12663_RNA,1,EG12663_RNA[c],1,2588
EG12666_RNA,1,TU0-12963[c],1,208
EG12688_RNA,1,TU0-13130[c],1,352
EG12689_RNA,1,TU0-13124[c],1,346
EG12690_RNA,1,TU0-13079[c],1,305
EG12691_RNA,2,TU0-13200[c];TU0-14472[c],1,406
EG12692_RNA,1,TU0-8558[c],1,1997
EG12693_RNA,1,TU0-13417[c],1,592
EG12694_RNA,1,TU0-8757[c],1,2174
EG12697_RNA,1,TU0-3202[c],1,1581
EG12702_RNA,1,TU0-8673[c],1,2097
EG12703_RNA,1,TU0-13114[c],1,338
EG12704_RNA,1,TU0-13808[c],1,918
EG12705_RNA,1,TU0-4[c],1,1612
EG12707_RNA,1,TU0-13724[c],1,849
EG12708_RNA,1,TU0-12964[c],1,209
EG12709_RNA,1,TU0-13462[c],1,633
EG12710_RNA,1,TU0-13463[c],1,634
EG12712_RNA,1,TU0-36414[c],1,1601
EG12713_RNA,1,TU0-13284[c],1,475
EG12715_RNA,1,TU0-12831[c],1,100
EG12717_RNA,1,TU0-8820[c],1,2220
EG12720_RNA,1,TU0-13851[c],1,956
EG12732_RNA,1,TU0-13860[c],1,965
EG12734_RNA,1,TU0-14746[c],1,1464
EG12738_RNA,1,TU0-14749[c],1,1465
EG12739_RNA,1,TU0-42612[c],1,1672
EG12754_RNA,1,TU0-13869[c],1,973
EG12760_RNA,1,EG12760_RNA[c],1,2589
EG12768_RNA,1,TU0-6583[c],1,1820
EG12769_RNA,1,TU0-6583[c],1,1820
EG12770_RNA,1,TU0-6583[c],1,1820
EG12780_RNA,1,TU0-14343[c],1,1335
EG12794_RNA,1,TU0-8577[c],1,2015
EG12799_RNA,1,TU0-13889[c],1,991
EG12800_RNA,1,TU0-13889[c],1,991
EG12801_RNA,1,TU0-13889[c],1,991
EG12802_RNA,2,TU0-14290[c];TU0-36430[c],1,13
EG12830_RNA,1,TU0-12945[c],1,194
EG12835_RNA,1,TU0-3622[c],1,1597
EG12836_RNA,1,TU0-3622[c],1,1597
EG12837_RNA,1,TU0-3622[c],1,1597
EG12842_RNA,1,TU0-2101[c],1,1408
EG12843_RNA,1,TU0-12946[c],1,195
EG12844_RNA,1,TU0-13493[c],1,656
EG12845_RNA,3,TU0-13725[c];TU0-14469[c];TU0-14558[c],1,850
EG12850_RNA,1,TU0-8729[c],1,2147
EG12851_RNA,1,TU0-8560[c],1,1999
EG12853_RNA,1,TU0-13222[c],1,422
EG12854_RNA,1,TU21[c],1,2482
EG12855_RNA,1,TU0-8677[c],1,2100
EG12857_RNA,1,TU0-13673[c],1,810
EG12859_RNA,1,TU0-13259[c],1,455
EG12860_RNA,1,TU0-13439[c],1,614
EG12861_RNA,1,TU0-8716[c],1,2135
EG12865_RNA,1,TU0-13260[c],1,456
EG12866_RNA,1,TU0-13425[c],1,600
EG12867_RNA,1,TU0-14612[c],1,1432
EG12868_RNA,1,TU0-8692[c],1,2114
EG12870_RNA,2,TU0-13214[c];TU0-14473[c],1,415
EG12874_RNA,1,TU0-12920[c],1,174
EG12875_RNA,1,TU0-13045[c],1,273
EG12876_RNA,1,TU0-13104[c],1,328
EG12877_RNA,1,TU0-13151[c],1,371
EG12878_RNA,1,TU0-13793[c],1,908
EG12879_RNA,1,TU0-12965[c],1,210
EG12880_RNA,2,TU0-13679[c];TU0-14765[c],1,814
EG12882_RNA,1,TU0-13819[c],1,928
EG12883_RNA,1,TU0-13818[c],1,927
EG12903_RNA,1,TU0-13919[c],1,1019
EG12908_RNA,1,TU0-8346[c],1,1692
EG12933_RNA,1,TU00269[c],1,2385
EG12957_RNA,1,TU0-14640[c],1,1443
EG13139_RNA,1,TU0-42552[c],1,1662
EG13159_RNA,2,TU0-44210[c];TU0-45226[c],1,1696
EG13161_RNA,1,TU00149[c],1,2325
EG13174_RNA,1,TU0-13733[c],1,858
EG13217_RNA,1,TU0-12934[c],1,183
EG13235_RNA,1,TU0-4482[c],1,1693
EG13236_RNA,2,TU0-44203[c];TU0-4482[c],1,1693
EG13238_RNA,1,TU0-8368[c],1,1925
EG13270_RNA,1,TU0-1106[c],1,43
EG13283_RNA,1,TU0-3101[c],1,1573
EG20044_RNA,1,TU0-1461[c],1,1431
EG20049_RNA,1,TU0-14018[c],1,1103
EG20051_RNA,1,TU0-14018[c],1,1103
EG20053_RNA,1,TU0-14018[c],1,1103
EG20080_RNA,2,TU0-14536[c];TU0-1962[c],1,1418
EG20091_RNA,2,TU0-13995[c];TU0-42596[c],1,1081
EG20098_RNA,1,TU0-2041[c],1,1553
EG20110_RNA,1,TU0-13918[c],1,1018
EG20173_RNA,2,TU0-8301[c];TU0-8302[c],1,1902
EG20248_RNA,1,TU101[c],1,2475
EG20249_RNA,1,TU0-5041[c],1,1754
EG20252_RNA,1,TU00374[c],1,2423
EG20253_RNA,2,TU00374[c];TU68[c],1,2423
EG20257_RNA,1,TU0-1022[c],1,40
alaT-tRNA,1,TU0-1181[c],1,49
alaU-tRNA,1,TU0-1191[c],1,55
alaV-tRNA,1,TU0-1189[c],1,54
alaW-tRNA,1,TU00514[c],1,2471
alaX-tRNA,1,TU00514[c],1,2471
argQ-tRNA,2,TU0-14512[c];TU00515[c],1,1404
argU-tRNA,1,TU00491[c],1,2453
argV-tRNA,1,TU00515[c],1,1404
argW-tRNA,1,TU00500[c],1,2462
argX-tRNA,1,TU00503[c],1,2465
argY-tRNA,1,TU00515[c],1,1404
argZ-tRNA,1,TU00515[c],1,1404
asnT-tRNA,1,TU00497[c],1,2459
asnU-tRNA,1,TU00498[c],1,2460
asnV-tRNA,1,TU00499[c],1,2461
aspT-tRNA,1,TU0-14370[c],1,1356
aspU-tRNA,1,TU0-14372[c],1,1358
aspV-tRNA,1,TU00489[c],1,2451
FFS-RNA,1,TU0-12938[c],1,187
glnU-tRNA,1,TU00507[c],1,1427
glnV-tRNA,2,TU0-14553[c];TU00507[c],1,1427
glnW-tRNA,2,TU0-14553[c];TU00507[c],1,1427
glnX-tRNA,2,TU0-14553[c];TU00507[c],1,1427
gltT-tRNA,1,TU0-1182[c],1,50
gltU-tRNA,1,TU0-1183[c],1,51
gltV-tRNA,1,TU0-1186[c],1,52
gltW-tRNA,1,TU0-1187[c],1,53
glyT-tRNA,1,glyT-tRNA[c],1,2590
glyU-tRNA,1,TU0-13770[c],1,887
glyV-tRNA,1,TU00505[c],1,2466
glyW-tRNA,1,glyW-tRNA[c],1,2591
glyX-tRNA,1,TU00505[c],1,2466
glyY-tRNA,1,TU00505[c],1,2466
hisR-tRNA,1,TU00503[c],1,2465
ileT-tRNA,1,TU0-1181[c],1,49
ileU-tRNA,1,TU0-1191[c],1,55
ileV-tRNA,1,TU0-1189[c],1,54
ileX-tRNA,1,TU00502[c],1,2464
leuP-tRNA,1,TU00521[c],1,1677
leuQ-tRNA,1,TU00521[c],1,1677
leuT-tRNA,1,TU00503[c],1,2465
leuU-tRNA,1,TU00518[c],1,2472
leuV-tRNA,2,TU0-42652[c];TU00521[c],1,1677
leuW-tRNA,1,TU00507[c],1,1427
leuX-tRNA,1,TU00506[c],1,2467
leuZ-tRNA,1,leuZ-tRNA[c],1,2592
lysT-tRNA,1,TU00492[c],1,2454
lysV-tRNA,1,TU00495[c],1,2457
lysW-tRNA,1,TU00492[c],1,2454
metT-tRNA,1,TU00507[c],1,1427
metU-tRNA,2,TU0-14553[c];TU00507[c],1,1427
RNA0-306,1,TU00496[c],1,2458
metY-tRNA,1,TU0-8476[c],1,1931
metZ-tRNA,1,TU00496[c],1,2458
MICF-RNA,1,TU0-2644[c],1,1569
pheU-tRNA,1,TU00520[c],1,2474
pheV-tRNA,1,TU00501[c],1,2463
proK-tRNA,1,TU00519[c],1,2473
proL-tRNA,1,TU00494[c],1,2456
proM-tRNA,1,TU00503[c],1,2465
RNPB-RNA,1,TU543[c],1,2498
RRFA-RRNA,1,TU0-1181[c],1,49
RRFB-RRNA,1,TU0-1182[c],1,50
RRFC-RRNA,1,TU0-1183[c],1,51
RRFD-RRNA,1,TU0-1191[c],1,55
RRFE-RRNA,1,TU0-1186[c],1,52
RRFG-RRNA,1,TU0-1187[c],1,53
RRFH-RRNA,1,TU0-1189[c],1,54
RRLA-RRNA,1,TU0-1181[c],1,49
RRLB-RRNA,1,TU0-1182[c],1,50
RRLC-RRNA,1,TU0-1183[c],1,51
RRLD-RRNA,1,TU0-1191[c],1,55
RRLE-RRNA,1,TU0-1186[c],1,52
RRLG-RRNA,1,TU0-1187[c],1,53
RRLH-RRNA,1,TU0-1189[c],1,54
RRSA-RRNA,1,TU0-1181[c],1,49
RRSB-RRNA,1,TU0-1182[c],1,50
RRSC-RRNA,1,TU0-1183[c],1,51
RRSD-RRNA,1,TU0-1191[c],1,55
RRSE-RRNA,1,TU0-1186[c],1,52
RRSG-RRNA,1,TU0-1187[c],1,53
RRSH-RRNA,1,TU0-1189[c],1,54
RRFF-RRNA,1,TU0-1191[c],1,55
selC-tRNA,1,TU0-14007[c],1,1092
serT-tRNA,1,TU00509[c],1,2468
serU-tRNA,1,TU00513[c],1,2470
serV-tRNA,1,TU00515[c],1,1404
serW-tRNA,1,TU0-42660[c],1,1678
serX-tRNA,1,TU00510[c],1,2469
SPF-RNA,1,SPF-RNA[c],1,2593
6S-RNA,1,TU0-36423[c],1,1603
SSRA-RNA,1,TU0-42503[c],1,1647
thrT-tRNA,1,thrT-tRNA[c],1,2594
thrU-tRNA,1,thrU-tRNA[c],1,2595
thrV-tRNA,1,TU0-1191[c],1,55
thrW-tRNA,1,TU00490[c],1,2452
trpT-tRNA,1,TU0-14371[c],1,1357
tyrT-tRNA,1,tyrT-tRNA[c],1,2596
tyrU-tRNA,1,tyrU-tRNA[c],1,2597
tyrV-tRNA,1,tyrV-tRNA[c],1,2598
valT-tRNA,1,TU00492[c],1,2454
valU-tRNA,1,TU00495[c],1,2457
valV-tRNA,1,TU00493[c],1,2455
valW-tRNA,1,TU00493[c],1,2455
valX-tRNA,1,TU00495[c],1,2457
valY-tRNA,1,TU00495[c],1,2457
DICF-RNA,1,TU0-13330[c],1,512
OXYS-RNA,1,TU0-8485[c],1,1936
metW-tRNA,1,TU00496[c],1,2458
EG50001_RNA,2,TU0-42628[c];TU00338[c],1,1675
EG50002_RNA,2,TU0-42628[c];TU00338[c],1,1675
EG50003_RNA,4,TU0-42537[c];TU441[c];TU442[c];TU443[c],1,37
EG50004_RNA,1,TU0-42483[c],1,1640
EG50005_RNA,1,TU0-4624[c],1,1743
EG50006_RNA,1,TU0-13627[c],1,772
EG50007_RNA,1,TU0-13627[c],1,772
EG50009_RNA,1,TU0-45268[c],1,1379
EG50010_RNA,1,TU0-12902[c],1,161
EG50011_RNA,1,TU0-13883[c],1,987
RNA0-282,1,TU0-7181[c],1,1844
G0-10241_RNA,1,TU0-14193[c],1,1244
G0-10261_RNA,1,TU0-13164[c],1,380
G0-10430_RNA,1,TU0-13109[c],1,333
G0-10432_RNA,3,TU0-12859[c];TU0-14535[c];TU0-14802[c],1,122
G0-10434_RNA,1,TU0-12881[c],1,144
G0-10435_RNA,1,TU0-12975[c],1,216
G0-10436_RNA,1,TU0-12978[c],1,218
G0-10437_RNA,1,TU00270[c],1,2386
G0-10438_RNA,1,TU0-12991[c],1,229
G0-10439_RNA,1,TU00035[c],1,2269
G0-10440_RNA,1,TU0-13028[c],1,258
G0-10441_RNA,1,TU0-14366[c],1,1353
G0-10443_RNA,1,TU0-14245[c],1,1287
G0-10446_RNA,2,TU0-13215[c];TU0-42524[c],1,416
G0-10448_RNA,1,TU0-13229[c],1,428
G0-10449_RNA,1,TU0-13232[c],1,431
G0-10450_RNA,1,TU0-8698[c],1,2119
G0-10451_RNA,1,TU0-13266[c],1,460
G0-10452_RNA,1,TU0-13318[c],1,501
G0-10453_RNA,1,TU0-13380[c],1,558
G0-10454_RNA,1,TU0-8647[c],1,2075
G0-10455_RNA,1,TU0-13447[c],1,622
G0-10456_RNA,1,TU0-13484[c],1,647
G0-10458_RNA,1,TU0-13522[c],1,680
G0-10459_RNA,1,TU0-13528[c],1,686
G0-10460_RNA,1,TU0-13569[c],1,721
G0-10461_RNA,1,TU0-13606[c],1,755
G0-10462_RNA,1,TU0-13620[c],1,765
G0-10463_RNA,2,TU0-13642[c];TU0-14404[c],1,784
G0-10464_RNA,1,TU0-13699[c],1,831
G0-10465_RNA,1,TU0-13910[c],1,1012
G0-10466_RNA,1,TU0-13918[c],1,1018
G0-10467_RNA,1,TU0-13981[c],1,1068
G0-10468_RNA,1,TU0-8593[c],1,2030
G0-10469_RNA,1,TU0-8594[c],1,2031
G0-10470_RNA,1,G0-10470_RNA[c],1,2599
G0-10471_RNA,1,TU0-14042[c],1,1123
G0-10472_RNA,1,TU0-42545[c],1,1659
G0-10473_RNA,1,TU0-14195[c],1,1246
G0-10474_RNA,1,TU0-8630[c],1,2060
G0-10475_RNA,1,TU0-14218[c],1,1265
G0-10511_RNA,1,TU0-14238[c],1,1281
G0-10512_RNA,1,TU0-13198[c],1,404
G0-10513_RNA,1,TU0-13198[c],1,404
G0-10525_RNA,1,TU0-12882[c],1,145
G0-10528_RNA,1,TU0-13507[c],1,668
G0-10529_RNA,1,TU0-12910[c],1,166
G0-10530_RNA,1,TU0-12971[c],1,213
G0-10531_RNA,1,TU0-13117[c],1,340
G0-10535_RNA,1,TU0-12796[c],1,73
G0-10536_RNA,1,TU0-13109[c],1,333
G0-10537_RNA,1,TU0-12865[c],1,128
G0-10538_RNA,1,TU0-12870[c],1,133
G0-10539_RNA,1,TU0-13446[c],1,621
G0-10540_RNA,1,TU0-13940[c],1,1036
G0-10541_RNA,1,TU0-12904[c],1,163
G0-10542_RNA,1,TU0-13245[c],1,442
G0-10543_RNA,1,TU0-13480[c],1,645
G0-10544_RNA,1,TU0-13767[c],1,885
G0-10545_RNA,1,TU0-13843[c],1,949
G0-10546_RNA,1,TU0-14179[c],1,1238
G0-10550_RNA,1,TU0-12893[c],1,154
G0-10559_RNA,1,TU0-13332[c],1,514
RNA0-327,1,TU0-14332[c],1,1330
G0-10580_RNA,2,TU0-1281[c];TU0-1282[c],1,83
G0-10583_RNA,1,G0-10583_RNA[c],1,2600
G0-10584_RNA,1,G0-10584_RNA[c],1,2601
G0-10585_RNA,1,TU0-198725[c],1,1530
G0-10588_RNA,1,TU0-45265[c],1,1734
G0-10589_RNA,1,G0-10589_RNA[c],1,2602
G0-10590_RNA,1,G0-10590_RNA[c],1,2603
G0-10591_RNA,1,TU0-8475[c],1,1628
RNA0-328,1,TU0-14392[c],1,1362
G0-10593_RNA,1,G0-10593_RNA[c],1,2604
G0-10594_RNA,1,G0-10594_RNA[c],1,2605
G0-10595_RNA,1,G0-10595_RNA[c],1,2606
G0-10596_RNA,1,G0-10596_RNA[c],1,2607
RNA0-330,1,TU0-14421[c],1,1372
RNA0-331,1,TU0-14423[c],1,1374
G0-10601_RNA,1,G0-10601_RNA[c],1,2608
RNA0-332,1,TU0-14716[c],1,1458
G0-10603_RNA,1,G0-10603_RNA[c],1,2609
G0-10605_RNA,1,G0-10605_RNA[c],1,2610
G0-10606_RNA,1,TU0-198722[c],1,1527
G0-10607_RNA,1,TU0-198721[c],1,1526
G0-10608_RNA,1,G0-10608_RNA[c],1,2611
G0-10609_RNA,1,TU0-14424[c],1,1375
RNA0-334,1,TU0-14420[c],1,1371
G0-10616_RNA,1,G0-10616_RNA[c],1,2612
G0-10617_RNA,1,G0-10617_RNA[c],1,2613
G0-10624_RNA,1,G0-10624_RNA[c],1,2614
G0-10629_RNA,1,G0-10629_RNA[c],1,2615
G0-10630_RNA,1,TU0-45158[c],1,1710
G0-10631_RNA,1,TU0-45157[c],1,1709
G0-10632_RNA,1,G0-10632_RNA[c],1,2616
G0-10633_RNA,1,G0-10633_RNA[c],1,2617
G0-10634_RNA,1,TU0-14422[c],1,1373
G0-10641_RNA,1,TU524[c],1,1653
G0-10642_RNA,1,TU0-14738[c],1,1462
G0-10643_RNA,1,G0-10643_RNA[c],1,2618
G0-10644_RNA,1,G0-10644_RNA[c],1,2619
G0-10645_RNA,1,TU0-42524[c],1,416
G0-10646_RNA,1,TU0-198729[c],1,1534
G0-10647_RNA,1,G0-10647_RNA[c],1,2620
G0-10648_RNA,1,G0-10648_RNA[c],1,2621
G0-10649_RNA,1,G0-10649_RNA[c],1,2622
G0-10650_RNA,1,G0-10650_RNA[c],1,2623
G0-10651_RNA,1,TU0-14763[c],1,984
G0-10652_RNA,1,TU0-198735[c],1,1540
G0-10653_RNA,1,G0-10653_RNA[c],1,2624
G0-10654_RNA,1,TU0-14769[c],1,1468
G0-10655_RNA,1,G0-10655_RNA[c],1,2625
G0-10656_RNA,1,G0-10656_RNA[c],1,2626
G0-10657_RNA,1,G0-10657_RNA[c],1,2627
RNA0-348,1,TU0-14797[c],1,1478
RNA0-349,1,TU0-14795[c],1,1477
G0-10689_RNA,1,TU0-2421[c],1,1560
RNA0-351,1,TU0-36438[c],1,1604
G0-10695_RNA,1,TU0-44223[c],1,1700
G0-10696_RNA,1,G0-10696_RNA[c],1,2628
RNA0-361,1,TU0-42620[c],1,1674
RNA0-363,1,TU0-198718[c],1,1523
G0-10706_RNA,1,G0-10706_RNA[c],1,2629
G0-10707_RNA,1,G0-10707_RNA[c],1,2630
G0-10715_RNA,1,G0-10715_RNA[c],1,2631
G0-10716_RNA,1,TU0-7201[c],1,1845
G0-10737_RNA,1,TU0-42484[c],1,1641
G0-10738_RNA,1,G0-10738_RNA[c],1,2632
G0-10751_RNA,1,TU0-42529[c],1,1657
RNA0-380,1,TU0-42530[c],1,1658
RNA0-385,1,TU0-42572[c],1,1665
RNA0-386,1,TU0-42576[c],1,1666
G0-16635_RNA,1,G0-16635_RNA[c],1,2633
RNA0-388,1,RNA0-388[c],1,2634
G0-16637_RNA,1,G0-16637_RNA[c],1,2635
G0-16638_RNA,1,G0-16638_RNA[c],1,2636
G0-16639_RNA,1,G0-16639_RNA[c],1,2637
G0-16640_RNA,1,G0-16640_RNA[c],1,2638
RNA0-389,1,RNA0-389[c],1,2639
RNA0-390,1,RNA0-390[c],1,2640
G0-16673_RNA,1,TU0-198727[c],1,1532
G0-16674_RNA,1,TU0-198723[c],1,1528
G0-16675_RNA,1,TU0-13321[c],1,504
RNA0-392,1,RNA0-392[c],1,2641
G0-16685_RNA,2,TU0-14766[c];TU0-45219[c],1,1467
G0-16686_RNA,1,TU0-14766[c],1,1467
G0-16687_RNA,1,TU0-14766[c],1,1467
G0-16688_RNA,1,G0-16688_RNA[c],1,2642
G0-16689_RNA,1,G0-16689_RNA[c],1,2643
G0-16690_RNA,1,TU0-42636[c],1,1676
G0-16693_RNA,1,TU0-5101[c],1,1759
RNA0-393,1,RNA0-393[c],1,2644
RNA0-394,1,RNA0-394[c],1,2645
RNA0-395,1,RNA0-395[c],1,2646
RNA0-396,1,RNA0-396[c],1,2647
RNA0-397,1,RNA0-397[c],1,2648
RNA0-398,1,RNA0-398[c],1,2649
RNA0-400,1,RNA0-400[c],1,2650
G0-16721_RNA,1,TU0-44222[c],1,1699
G0-16722_RNA,1,G0-16722_RNA[c],1,2651
G0-16723_RNA,1,G0-16723_RNA[c],1,2652
G0-16724_RNA,1,G0-16724_RNA[c],1,2653
G0-16725_RNA,1,G0-16725_RNA[c],1,2654
G0-16726_RNA,1,TU0-198724[c],1,1529
G0-16727_RNA,1,G0-16727_RNA[c],1,2655
G0-16728_RNA,1,G0-16728_RNA[c],1,2656
G0-16729_RNA,1,G0-16729_RNA[c],1,2657
G0-16730_RNA,1,G0-16730_RNA[c],1,2658
G0-16731_RNA,1,TU0-14688[c],1,1454
G0-16732_RNA,1,TU0-198726[c],1,1531
G0-16733_RNA,1,G0-16733_RNA[c],1,2659
G0-16734_RNA,1,G0-16734_RNA[c],1,2660
G0-16735_RNA,1,G0-16735_RNA[c],1,2661
G0-16736_RNA,1,TU0-45169[c],1,1436
G0-16737_RNA,2,TU0-13209[c];TU0-4404[c],1,412
G0-16738_RNA,1,G0-16738_RNA[c],1,2662
G0-16739_RNA,1,TU0-198730[c],1,1535
G0-16740_RNA,1,G0-16740_RNA[c],1,2663
G0-16741_RNA,1,TU0-198731[c],1,1536
G0-16742_RNA,1,TU0-13315[c],1,499
G0-16743_RNA,1,G0-16743_RNA[c],1,2664
G0-16744_RNA,1,G0-16744_RNA[c],1,2665
G0-16745_RNA,1,G0-16745_RNA[c],1,2666
G0-16746_RNA,1,G0-16746_RNA[c],1,2667
G0-16747_RNA,1,TU0-198736[c],1,1541
G0-16748_RNA,1,TU0-198737[c],1,1542
G0-16749_RNA,1,G0-16749_RNA[c],1,2668
G0-16750_RNA,1,G0-16750_RNA[c],1,2669
G0-16751_RNA,1,G0-16751_RNA[c],1,2670
RNA0-403,1,RNA0-403[c],1,2671
G0-17011_RNA,1,G0-17011_RNA[c],1,2672
G0-17012_RNA,1,G0-17012_RNA[c],1,2673
G0-17013_RNA,1,G0-17013_RNA[c],1,2674
G0-17014_RNA,1,G0-17014_RNA[c],1,2675
G0-17015_RNA,1,G0-17015_RNA[c],1,2676
G0-17016_RNA,1,G0-17016_RNA[c],1,2677
G0-17017_RNA,1,G0-17017_RNA[c],1,2678
G0-17018_RNA,1,TU0-198728[c],1,1533
G0-17019_RNA,1,G0-17019_RNA[c],1,2679
G0-17020_RNA,1,G0-17020_RNA[c],1,2680
G0-17021_RNA,1,G0-17021_RNA[c],1,2681
G0-17022_RNA,1,TU0-198733[c],1,1538
G0-17023_RNA,1,TU0-13343[c],1,524
G0-17024_RNA,1,TU0-198720[c],1,1525
G0-17025_RNA,1,TU0-198734[c],1,1539
G0-17026_RNA,1,G0-17026_RNA[c],1,2682
G0-17027_RNA,1,TU0-7541[c],1,1859
G0-17028_RNA,1,TU0-13672[c],1,809
G0-17029_RNA,1,TU0-198732[c],1,1537
G0-17030_RNA,1,G0-17030_RNA[c],1,2683
G0-17031_RNA,1,G0-17031_RNA[c],1,2684
G0-17032_RNA,1,TU0-198738[c],1,1543
G0-17033_RNA,1,G0-17033_RNA[c],1,2685
G0-17034_RNA,1,G0-17034_RNA[c],1,2686
G0-17035_RNA,1,G0-17035_RNA[c],1,2687
G0-17036_RNA,1,G0-17036_RNA[c],1,2688
G0-17037_RNA,1,G0-17037_RNA[c],1,2689
G0-17038_RNA,1,G0-17038_RNA[c],1,2690
G0-17039_RNA,1,G0-17039_RNA[c],1,2691
G0-17040_RNA,1,G0-17040_RNA[c],1,2692
G0-17041_RNA,1,G0-17041_RNA[c],1,2693
G0-17042_RNA,1,G0-17042_RNA[c],1,2694
G0-17043_RNA,1,G0-17043_RNA[c],1,2695
G0-17044_RNA,1,TU0-198739[c],1,1544
G0-17045_RNA,1,G0-17045_RNA[c],1,2696
G0-17046_RNA,1,G0-17046_RNA[c],1,2697
G0-17047_RNA,1,G0-17047_RNA[c],1,2698
G0-17048_RNA,1,G0-17048_RNA[c],1,2699
G0-17074_RNA,1,TU00360[c],1,2415
G0-17076_RNA,1,G0-17076_RNA[c],1,2700
RNA0-406,1,RNA0-406[c],1,2701
G0-17078_RNA,1,G0-17078_RNA[c],1,2702
G0-17079_RNA,1,G0-17079_RNA[c],1,2703
RNA0-410,1,RNA0-410[c],1,2704
RNA0-411,1,RNA0-411[c],1,2705
RNA0-412,1,RNA0-412[c],1,2706
RNA0-413,1,RNA0-413[c],1,2707
G0-17086_RNA,1,G0-17086_RNA[c],1,2708
G0-17087_RNA,1,G0-17087_RNA[c],1,2709
G0-17088_RNA,1,G0-17088_RNA[c],1,2710
RNA0-417,1,RNA0-417[c],1,2711
G0-17090_RNA,1,G0-17090_RNA[c],1,2712
G0-17091_RNA,1,G0-17091_RNA[c],1,2713
G0-17092_RNA,1,G0-17092_RNA[c],1,2714
G0-17093_RNA,1,G0-17093_RNA[c],1,2715
G0-17094_RNA,1,G0-17094_RNA[c],1,2716
G0-17095_RNA,1,G0-17095_RNA[c],1,2717
G0-17096_RNA,1,G0-17096_RNA[c],1,2718
G0-17097_RNA,1,G0-17097_RNA[c],1,2719
G0-17098_RNA,1,G0-17098_RNA[c],1,2720
G0-17099_RNA,1,G0-17099_RNA[c],1,2721
RNA0-418,1,TU0-52570[c],1,1764
G0-17101_RNA,1,G0-17101_RNA[c],1,2722
G0-17102_RNA,1,G0-17102_RNA[c],1,2723
G0-17103_RNA,1,G0-17103_RNA[c],1,2724
G0-17104_RNA,1,TU00130[c],1,2312
G0-17105_RNA,1,G0-17105_RNA[c],1,2725
G0-17106_RNA,1,G0-17106_RNA[c],1,2726
G0-17107_RNA,1,G0-17107_RNA[c],1,2727
G0-17108_RNA,1,G0-17108_RNA[c],1,2728
G0-17109_RNA,1,G0-17109_RNA[c],1,2729
G0-17110_RNA,1,TU0-198719[c],1,1524
RNA0-430,1,RNA0-430[c],1,2730
G0-17114_RNA,1,G0-17114_RNA[c],1,2731
RNA0-432,1,RNA0-432[c],1,2732
RNA0-434,1,RNA0-434[c],1,2733
RNA0-435,1,TU0-198686[c],1,1510
RNA0-436,1,TU0-198687[c],1,1511
RNA0-437,1,RNA0-437[c],1,2734
RNA0-438,1,RNA0-438[c],1,2735
RNA0-439,1,TU0-198717[c],1,1522
RNA0-440,1,TU0-198692[c],1,1512
G0-17126_RNA,1,TU0-198695[c],1,1513
RNA0-441,1,RNA0-441[c],1,2736
G0-41_RNA,1,TU0-14145[c],1,1207
G0-8601_RNA,1,TU0-1962[c],1,1418
CSRB-RNA,1,TU0-4761[c],1,1748
G0-8861_RNA,1,TU0-8514[c],1,1960
G0-8862_RNA,1,TU0-14333[c],1,1331
RPRA-RNA,1,TU0-13370[c],1,549
G0-8865_RNA,1,TU0-8508[c],1,1955
SRAD-RNA,1,TU0-8515[c],1,1961
GCVB-RNA,1,TU0-6184[c],1,1782
SRAE-RNA,1,TU0-8763[c],1,2179
SRAG-RNA,1,TU0-8516[c],1,1962
SRAH-RNA,1,TU0-8517[c],1,1963
SRAI-RNA,1,TU0-3401[c],1,1583
SRAJ-RNA,1,TU0-8518[c],1,1964
CSRC-RNA,1,TU0-4822[c],1,1749
G0-8875_RNA,1,TU0-8519[c],1,1965
RYDB-RNA,1,TU0-13367[c],1,546
RYEE-RNA,1,TU0-13506[c],1,667
RYFA-RNA,1,RYFA-RNA[c],1,2737
RYBB-RNA,1,TU0-13070[c],1,296
G0-8881_RNA,1,G0-8881_RNA[c],1,2738
RYGB-RNA,1,TU0-8762[c],1,2178
RYEB-RNA,1,TU0-13431[c],1,606
G0-8884_RNA,1,TU0-13502[c],1,663
RYED-RNA,1,TU0-13503[c],1,664
RYGC-RNA,1,TU0-14717[c],1,1459
G0-8887_RNA,1,TU0-14241[c],1,1283
G0-8888_RNA,1,TU0-14237[c],1,1280
G0-8891_RNA,1,TU0-14244[c],1,1286
G0-8892_RNA,1,TU0-13307[c],1,492
G0-8895_RNA,1,G0-8895_RNA[c],1,2739
RNA0-409,1,TU0-45287[c],1,1739
IS061-RNA,1,TU0-8839[c],1,2238
G0-8900_RNA,1,G0-8900_RNA[c],1,2740
TKE8-RNA,1,TU0-8824[c],1,2224
G0-8905_RNA,1,TU0-14334[c],1,1332
TKE1-RNA,1,TU0-13666[c],1,804
C0730-RNA,1,TU0-13845[c],1,951
IS183-RNA,1,TU0-5761[c],1,1775
G0-9041_RNA,1,TU0-8846[c],1,2245
RDLD-RNA,1,TU0-13973[c],1,1061
G0-9081_RNA,1,TU0-13228[c],1,427
G0-9121_RNA,1,TU0-13493[c],1,656
G0-9381_RNA,1,TU0-14425[c],1,1376
RNA0-123,1,TU0-8522[c],1,1967
RNA0-124,1,RNA0-124[c],1,2741
G0-9385_RNA,1,G0-9385_RNA[c],1,2742
G0-9388_RNA,1,TU0-14101[c],1,1171
G0-9461_RNA,1,TU0-5182[c],1,1762
G0-9541_RNA,1,TU0-14130[c],1,1195
G0-9561_RNA,1,TU0-13351[c],1,531
G0-9562_RNA,2,TU0-14145[c];TU0-14682[c],1,1207
G0-9563_RNA,1,TU0-12794[c],1,71
RNA0-141,1,TU0-12795[c],1,72
G0-9582_RNA,1,TU0-8266[c],1,1899
G0-9602_RNA,1,TU0-8843[c],1,2242
G0-9603_RNA,1,TU0-8496[c],1,1946
G0-9605_RNA,1,TU0-8844[c],1,2243
RNA0-162,1,TU0-8497[c],1,1947
G0-9607_RNA,1,TU0-8845[c],1,2244
RNA0-163,1,TU0-8498[c],1,1948
G0-9609_RNA,1,TU0-13181[c],1,394
G0-9610_RNA,1,TU0-13255[c],1,451
RNA0-165,1,TU0-13257[c],1,453
G0-9613_RNA,1,TU0-8810[c],1,2212
G0-9621_RNA,1,TU0-13607[c],1,756
G0-9662_RNA,2,TU0-13110[c];TU0-44201[c],1,334
RNA0-241,1,RNA0-241[c],1,2743
G0-9962_RNA,1,TU0-6241[c],1,1783
G0-9981_RNA,1,TU0-8263[c],1,1896
G1_RNA,1,TU00365[c],1,2419
G198_RNA,1,TU0-12924[c],1,176
G2000_RNA,1,TU0-13206[c],1,410
G2001_RNA,1,TU0-13206[c],1,410
G2002_RNA,1,TU0-13206[c],1,410
G357_RNA,1,TU00272[c],1,1487
G358_RNA,1,TU00273[c],1,2387
G359_RNA,1,TU00273[c],1,2387
G36_RNA,1,TU0-13853[c],1,958
G360_RNA,1,TU00273[c],1,2387
G361_RNA,1,TU00273[c],1,2387
G362_RNA,1,TU00273[c],1,2387
G363_RNA,1,TU00273[c],1,2387
G364_RNA,1,TU00273[c],1,2387
G365_RNA,1,TU00273[c],1,2387
G366_RNA,1,TU00273[c],1,2387
G369_RNA,2,TU0-1544[c];TU00272[c],1,1487
G370_RNA,1,TU-8405[c],1,15
G372_RNA,1,TU0-12834[c],1,103
G377_RNA,1,TU-8411[c],1,18
G378_RNA,1,TU-8411[c],1,18
G379_RNA,1,TU-8411[c],1,18
G436_RNA,2,TU0-1601[c];TU0-198885[c],1,1493
G495_RNA,1,TU-8439[c],1,33
G58_RNA,1,TU0-12942[c],1,191
G592_RNA,1,TU0-8353[c],1,1920
G6081_RNA,1,TU0-12787[c],1,64
G6082_RNA,1,TU0-12792[c],1,69
G6083_RNA,1,TU0-12793[c],1,70
G6085_RNA,1,TU0-12796[c],1,73
G6086_RNA,1,TU0-12796[c],1,73
G6087_RNA,1,G6087_RNA[c],1,2744
G6088_RNA,1,TU141[c],1,2478
G6092_RNA,2,TU0-12831[c];TU0-14609[c],1,100
G6093_RNA,2,TU0-4204[c];TU0-8373[c],1,1615
G6094_RNA,1,TU0-1161[c],1,48
G6095_RNA,1,TU0-12832[c],1,101
G6096_RNA,1,TU0-12833[c],1,102
G6097_RNA,1,TU0-12834[c],1,103
G6098_RNA,1,TU0-12835[c],1,104
G6099_RNA,1,TU0-12842[c],1,111
G6100_RNA,1,TU0-8543[c],1,1985
G6101_RNA,1,TU0-12844[c],1,113
G6103_RNA,1,TU0-8545[c],1,1986
G6104_RNA,1,TU0-8840[c],1,2239
G6105_RNA,1,TU0-8793[c],1,2201
G6106_RNA,1,TU0-12846[c],1,114
G6107_RNA,1,TU0-12847[c],1,115
G6108_RNA,1,TU0-12848[c],1,116
G6109_RNA,1,TU0-12849[c],1,117
G6110_RNA,1,TU0-12849[c],1,117
G6111_RNA,1,TU0-12850[c],1,118
G6112_RNA,1,TU0-12851[c],1,119
G6115_RNA,1,TU0-12853[c],1,120
G6116_RNA,2,TU0-12853[c];TU0-12854[c],1,120
G6117_RNA,2,TU0-12853[c];TU0-12854[c],1,120
G6118_RNA,2,TU0-12853[c];TU0-12854[c],1,120
G6120_RNA,3,TU0-12859[c];TU0-14535[c];TU0-14802[c],1,122
G6121_RNA,3,TU0-12859[c];TU0-14535[c];TU0-14802[c],1,122
G6122_RNA,3,TU0-12859[c];TU0-14535[c];TU0-14802[c],1,122
G6123_RNA,2,TU0-12859[c];TU0-14802[c],1,122
G6124_RNA,2,TU0-12859[c];TU0-14802[c],1,122
G6125_RNA,2,TU0-12859[c];TU0-14802[c],1,122
G6126_RNA,1,TU0-12859[c],1,122
G6127_RNA,2,TU0-12860[c];TU0-14610[c],1,123
G6128_RNA,1,TU0-12860[c],1,123
G6129_RNA,1,TU0-12861[c],1,124
G6131_RNA,1,TU0-12862[c],1,125
G6133_RNA,1,TU0-12863[c],1,126
G6134_RNA,1,TU0-8831[c],1,2231
G6135_RNA,1,TU0-12864[c],1,127
G6136_RNA,1,TU0-12864[c],1,127
G6138_RNA,1,TU0-12865[c],1,128
G6139_RNA,1,TU0-12865[c],1,128
G6140_RNA,1,TU0-12867[c],1,130
G6141_RNA,1,TU0-12867[c],1,130
G6142_RNA,1,TU0-12868[c],1,131
G6143_RNA,1,TU0-12868[c],1,131
G6144_RNA,2,TU0-12869[c];TU0-198702[c],1,132
G6145_RNA,1,TU0-12870[c],1,133
G6146_RNA,1,TU0-12870[c],1,133
G6147_RNA,1,TU0-8546[c],1,1987
G6148_RNA,1,TU0-12871[c],1,134
G6149_RNA,1,TU0-12872[c],1,135
G6150_RNA,1,TU0-12872[c],1,135
G6151_RNA,1,TU0-12873[c],1,136
G6152_RNA,1,TU0-12874[c],1,137
G6153_RNA,1,TU0-12875[c],1,138
G6154_RNA,1,TU0-12876[c],1,139
G6155_RNA,1,TU0-12876[c],1,139
G6156_RNA,1,TU0-12876[c],1,139
G6157_RNA,1,TU0-12876[c],1,139
G6158_RNA,1,TU0-8547[c],1,1988
G6159_RNA,1,TU0-12877[c],1,140
G6160_RNA,1,TU0-12878[c],1,141
G6161_RNA,1,TU0-12878[c],1,141
G6162_RNA,1,TU0-12878[c],1,141
G6163_RNA,1,TU0-12878[c],1,141
G6164_RNA,1,TU0-12879[c],1,142
G6165_RNA,1,TU0-12880[c],1,143
G6166_RNA,1,TU0-8631[c],1,2061
G6167_RNA,1,TU0-12881[c],1,144
G6168_RNA,1,TU0-12882[c],1,145
G6169_RNA,1,TU0-12882[c],1,145
G6171_RNA,2,TU0-12884[c];TU0-12885[c],1,146
G6173_RNA,2,TU0-12884[c];TU0-12885[c],1,146
G6174_RNA,1,TU0-12885[c],1,146
G6175_RNA,1,TU0-12886[c],1,147
G6176_RNA,1,TU0-12887[c],1,148
G6177_RNA,1,TU0-12887[c],1,148
G6178_RNA,1,TU0-12887[c],1,148
G6180_RNA,1,TU0-12888[c],1,149
G6181_RNA,1,TU0-12890[c],1,151
G6182_RNA,1,TU0-12891[c],1,152
G6183_RNA,1,TU0-12892[c],1,153
G6184_RNA,2,TU0-12892[c];TU0-14781[c],1,153
G6185_RNA,1,TU0-12892[c],1,153
G6186_RNA,1,TU0-12892[c],1,153
G6188_RNA,1,TU0-12894[c],1,155
G6189_RNA,1,TU0-12894[c],1,155
G6190_RNA,1,TU0-12895[c],1,156
G6191_RNA,1,TU0-12896[c],1,157
G6192_RNA,1,TU0-12897[c],1,158
G6193_RNA,1,TU0-8548[c],1,1989
G6194_RNA,1,TU0-8549[c],1,1990
G6195_RNA,1,TU0-7221[c],1,1847
G6196_RNA,1,TU0-3602[c],1,1596
G6198_RNA,1,TU0-3602[c],1,1596
G6199_RNA,1,TU0-3602[c],1,1596
G6200_RNA,1,TU0-3602[c],1,1596
G6201_RNA,1,TU0-2405[c],1,1559
G6205_RNA,1,TU0-2402[c],1,1558
G6206_RNA,1,TU0-12900[c],1,159
G6207_RNA,1,TU0-12901[c],1,160
G6208_RNA,1,TU0-12902[c],1,161
G6209_RNA,1,TU0-12902[c],1,161
G6210_RNA,1,TU0-12903[c],1,162
G6212_RNA,1,TU0-12904[c],1,163
G6213_RNA,1,TU0-12904[c],1,163
G6215_RNA,1,TU0-12906[c],1,164
G6216_RNA,1,TU0-4401[c],1,1686
G6217_RNA,2,TU0-198708[c];TU302[c],1,1517
G6218_RNA,2,TU0-198708[c];TU302[c],1,1517
G6219_RNA,2,TU0-198708[c];TU302[c],1,1517
G6223_RNA,1,TU0-12910[c],1,166
G6224_RNA,1,TU0-12910[c],1,166
G6226_RNA,1,TU0-12912[c],1,167
G6227_RNA,1,TU0-3426[c],1,1590
G6228_RNA,1,TU0-8551[c],1,1991
G6229_RNA,1,TU0-8554[c],1,1994
G6230_RNA,1,TU0-12914[c],1,169
G6233_RNA,1,TU0-12918[c],1,172
G6234_RNA,2,TU0-12921[c];TU0-14466[c],1,175
G6236_RNA,2,TU0-14500[c];TU00373[c],1,1397
G6237_RNA,1,TU00373[c],1,1397
G6238_RNA,1,TU0-8529[c],1,1973
G6239_RNA,1,TU0-12924[c],1,176
G6240_RNA,1,TU0-8555[c],1,1995
G6241_RNA,1,TU0-12925[c],1,177
G6242_RNA,1,TU0-6621[c],1,1821
G6243_RNA,1,TU0-12931[c],1,180
G6244_RNA,1,TU0-12932[c],1,181
G6245_RNA,1,TU0-12933[c],1,182
G6246_RNA,1,TU0-12935[c],1,184
G6247_RNA,1,TU0-12936[c],1,185
G6248_RNA,1,TU0-12937[c],1,186
G6250_RNA,1,TU0-8552[c],1,1992
G6251_RNA,1,TU0-8553[c],1,1993
G6252_RNA,1,TU0-12940[c],1,189
G6253_RNA,1,TU0-12941[c],1,190
G6255_RNA,1,TU0-12944[c],1,193
G6256_RNA,1,TU0-12953[c],1,200
G6258_RNA,1,TU0-8523[c],1,1968
G6259_RNA,1,TU0-8524[c],1,1969
G6260_RNA,1,TU0-3122[c],1,1576
G6261_RNA,1,TU0-3123[c],1,1577
G6262_RNA,1,TU0-3123[c],1,1577
G6263_RNA,1,TU0-12955[c],1,201
G6264_RNA,1,TU0-12956[c],1,202
G6265_RNA,1,TU0-12956[c],1,202
G6266_RNA,1,TU0-12957[c],1,203
G6267_RNA,1,TU0-12957[c],1,203
G6268_RNA,1,TU0-8356[c],1,1922
G6269_RNA,1,TU0-6623[c],1,1822
G6270_RNA,1,TU0-12959[c],1,204
G6273_RNA,1,TU0-12961[c],1,206
G6274_RNA,1,TU0-7602[c],1,1862
G6275_RNA,1,TU0-7601[c],1,1861
G6276_RNA,1,TU0-8873[c],1,2252
G6277_RNA,1,TU0-7603[c],1,1401
G6278_RNA,1,TU0-7603[c],1,1401
G6280_RNA,1,TU0-7603[c],1,1401
G6281_RNA,2,TU0-44196[c];TU0-7603[c],1,1401
G6282_RNA,2,TU0-14616[c];TU0-7603[c],1,1401
G6283_RNA,3,TU0-14506[c];TU0-14616[c];TU0-7603[c],1,1401
G6284_RNA,1,TU0-7622[c],1,1863
G6285_RNA,1,TU0-7622[c],1,1863
G6286_RNA,1,TU0-7622[c],1,1863
G6287_RNA,1,TU0-12962[c],1,207
G6288_RNA,1,TU0-12962[c],1,207
G6289_RNA,1,TU0-12962[c],1,207
G6290_RNA,2,TU0-12966[c];TU0-198696[c],1,211
G6291_RNA,2,TU0-12967[c];TU0-198696[c],1,211
G6292_RNA,1,TU0-12967[c],1,211
G6293_RNA,1,TU0-12968[c],1,212
G6296_RNA,1,TU0-12971[c],1,213
G6297_RNA,1,TU0-12971[c],1,213
G6300_RNA,1,TU0-12973[c],1,214
G6301_RNA,1,TU0-12974[c],1,215
G6302_RNA,1,TU0-12974[c],1,215
G6303_RNA,1,TU0-12975[c],1,216
G6304_RNA,1,TU0-12975[c],1,216
G6305_RNA,1,TU0-12975[c],1,216
G6306_RNA,1,TU0-12975[c],1,216
G6307_RNA,1,TU0-12976[c],1,217
G6308_RNA,1,TU0-14363[c],1,1350
G6309_RNA,1,TU-8422[c],1,23
G6310_RNA,1,TU-8422[c],1,23
G6311_RNA,1,TU-8422[c],1,23
G6312_RNA,1,TU0-7783[c],1,1870
G6313_RNA,1,TU0-12979[c],1,219
G6314_RNA,1,TU0-12980[c],1,220
G6315_RNA,1,TU0-12982[c],1,222
G6317_RNA,1,TU0-12983[c],1,223
G6318_RNA,1,TU0-1822[c],1,1504
G6319_RNA,1,TU0-1822[c],1,1504
G6320_RNA,1,TU0-1821[c],1,1503
G6321_RNA,1,TU0-1821[c],1,1503
G6322_RNA,1,TU0-1821[c],1,1503
G6323_RNA,1,TU0-12985[c],1,224
G6324_RNA,1,TU0-12987[c],1,225
G6325_RNA,1,TU0-12988[c],1,226
G6326_RNA,1,TU0-12989[c],1,227
G6327_RNA,1,TU0-12990[c],1,228
G6329_RNA,1,TU0-8559[c],1,1998
G6330_RNA,2,TU0-12992[c];TU0-194010[c],1,230
G6331_RNA,2,TU0-12993[c];TU0-194010[c],1,230
G6332_RNA,2,TU0-12994[c];TU0-194010[c],1,230
G6333_RNA,1,TU0-12995[c],1,231
G6334_RNA,1,TU0-8536[c],1,1979
G6335_RNA,1,TU0-14246[c],1,1288
G6337_RNA,1,TU0-12996[c],1,232
G6338_RNA,1,TU0-12998[c],1,234
G6339_RNA,1,TU0-12999[c],1,235
G6340_RNA,1,TU0-12999[c],1,235
G6341_RNA,1,TU0-12999[c],1,235
G6342_RNA,1,TU0-12999[c],1,235
G6343_RNA,1,TU0-12999[c],1,235
G6344_RNA,1,TU0-12999[c],1,235
G6345_RNA,1,TU0-13000[c],1,236
G6346_RNA,1,TU0-13000[c],1,236
G6347_RNA,1,TU0-1603[c],1,1494
G6349_RNA,1,TU0-13010[c],1,244
G6350_RNA,1,TU0-13010[c],1,244
G6351_RNA,1,TU0-8561[c],1,2000
G6352_RNA,1,TU0-13011[c],1,245
G6353_RNA,1,TU0-13011[c],1,245
G6354_RNA,1,TU0-8562[c],1,2001
G6355_RNA,1,TU0-13012[c],1,246
G6356_RNA,1,TU0-13012[c],1,246
G6357_RNA,1,TU0-13013[c],1,247
G6358_RNA,1,TU0-13014[c],1,248
G6359_RNA,1,G6359_RNA[c],1,2745
G6360_RNA,1,TU0-13015[c],1,249
G6361_RNA,2,TU0-13016[c];TU0-14471[c],1,250
G6362_RNA,2,TU0-13017[c];TU0-14471[c],1,250
G6363_RNA,2,TU0-13017[c];TU0-14471[c],1,250
G6364_RNA,1,TU0-13018[c],1,251
G6365_RNA,1,TU0-8533[c],1,1976
G6370_RNA,1,G6370_RNA[c],1,2746
G6371_RNA,1,TU0-13022[c],1,252
G6374_RNA,1,TU0-13024[c],1,254
G6378_RNA,1,TU0-8563[c],1,2002
G6379_RNA,1,TU0-8454[c],1,1698
G6380_RNA,1,TU0-8454[c],1,1698
G6381_RNA,1,TU0-8454[c],1,1698
G6382_RNA,1,TU0-8454[c],1,1698
G6383_RNA,2,TU0-44220[c];TU0-8454[c],1,1698
G6384_RNA,1,TU0-13031[c],1,260
G6385_RNA,1,TU0-13032[c],1,261
G6386_RNA,1,TU0-13032[c],1,261
G6387_RNA,1,TU0-13032[c],1,261
RNA0-300,1,TU0-13034[c],1,262
RNA0-301,1,TU0-13034[c],1,262
RNA0-302,1,TU0-13035[c],1,263
RNA0-303,1,TU0-13036[c],1,264
G6393_RNA,1,TU0-13038[c],1,266
G6394_RNA,1,TU0-13039[c],1,267
G6395_RNA,1,TU0-13040[c],1,268
G6396_RNA,1,TU0-13041[c],1,269
G6397_RNA,1,TU0-8101[c],1,1880
G6398_RNA,1,TU0-8565[c],1,2004
G6399_RNA,1,TU0-13042[c],1,270
G6400_RNA,1,TU0-13043[c],1,271
G6401_RNA,1,TU0-13044[c],1,272
G6402_RNA,1,TU0-6363[c],1,1786
G6403_RNA,1,TU0-13047[c],1,275
G6404_RNA,1,TU0-13048[c],1,276
G6405_RNA,1,TU0-13049[c],1,277
G6406_RNA,1,TU0-13049[c],1,277
G6407_RNA,1,TU0-13049[c],1,277
G6408_RNA,1,TU0-8566[c],1,2005
G6409_RNA,1,TU0-13050[c],1,278
G6410_RNA,1,TU0-13050[c],1,278
G6411_RNA,1,TU0-13050[c],1,278
G6412_RNA,1,TU0-13050[c],1,278
G6413_RNA,1,TU0-13054[c],1,282
G6414_RNA,1,TU0-2521[c],1,1564
G6415_RNA,1,TU0-13056[c],1,283
G6416_RNA,1,TU0-8568[c],1,2007
G6417_RNA,1,TU0-13057[c],1,284
G6418_RNA,1,TU0-8569[c],1,2008
G6420_RNA,1,TU0-13059[c],1,286
G6421_RNA,1,TU0-13059[c],1,286
G6422_RNA,1,TU0-8334[c],1,1911
G6423_RNA,1,TU0-8503[c],1,1952
G6424_RNA,1,TU0-13060[c],1,287
G6425_RNA,1,TU0-13061[c],1,288
G6426_RNA,1,TU0-13062[c],1,289
G6427_RNA,1,TU0-13062[c],1,289
G6428_RNA,1,TU0-8800[c],1,2203
G6429_RNA,1,TU0-13063[c],1,290
G6430_RNA,1,TU0-13063[c],1,290
G6431_RNA,1,TU0-13063[c],1,290
G6432_RNA,1,TU0-13063[c],1,290
G6433_RNA,1,TU0-13064[c],1,291
G6434_RNA,1,TU0-13064[c],1,291
G6435_RNA,1,TU0-8632[c],1,2062
G6436_RNA,1,TU0-13065[c],1,292
G6437_RNA,1,TU0-13066[c],1,293
G6438_RNA,1,TU0-8633[c],1,2063
G6439_RNA,1,TU0-7822[c],1,1875
G6440_RNA,1,TU0-14699[c],1,1457
G6441_RNA,1,G6441_RNA[c],1,2747
G6442_RNA,1,TU0-13069[c],1,295
G6443_RNA,1,TU0-13069[c],1,295
G6444_RNA,1,TU0-8671[c],1,2095
G6445_RNA,1,TU0-13071[c],1,297
G6446_RNA,1,TU0-8672[c],1,2096
G6447_RNA,3,TU0-14516[c];TU0-2101[c];TU0-2121[c],1,1408
G6448_RNA,1,TU0-13072[c],1,298
G6449_RNA,1,TU0-13072[c],1,298
G6450_RNA,1,TU0-8201[c],1,1888
G6451_RNA,1,TU0-13073[c],1,299
G6452_RNA,1,TU0-13073[c],1,299
G6453_RNA,1,TU0-13074[c],1,300
G6454_RNA,2,TU0-13075[c];TU0-14618[c],1,301
G6455_RNA,2,TU0-13075[c];TU0-14618[c],1,301
G6456_RNA,2,TU0-14451[c];TU0-42650[c],1,301
G6457_RNA,2,TU0-14451[c];TU0-42650[c],1,301
G6458_RNA,1,TU0-13076[c],1,302
G6459_RNA,1,TU0-8670[c],1,2094
G6460_RNA,1,G6460_RNA[c],1,2748
G6461_RNA,1,TU0-14298[c],1,1305
G6462_RNA,2,TU0-14298[c];TU0-8349[c],1,1305
G6463_RNA,1,TU0-14357[c],1,1347
G6464_RNA,1,TU0-14447[c],1,1380
G6465_RNA,1,TU0-13079[c],1,305
G6466_RNA,1,TU0-13082[c],1,308
G6467_RNA,1,TU0-8674[c],1,2098
G6468_RNA,1,TU0-13084[c],1,310
G6469_RNA,1,TU0-13085[c],1,311
G6470_RNA,1,TU0-13086[c],1,312
G6471_RNA,1,TU0-13087[c],1,313
G6472_RNA,1,TU0-13088[c],1,314
G6473_RNA,1,TU0-13089[c],1,315
G6474_RNA,1,TU0-13091[c],1,317
G6475_RNA,1,TU0-13091[c],1,317
G6476_RNA,1,TU0-6629[c],1,1824
G6477_RNA,1,TU0-6629[c],1,1824
G6478_RNA,1,TU0-6629[c],1,1824
G6479_RNA,1,TU0-6629[c],1,1824
G6480_RNA,1,TU0-13094[c],1,319
G6481_RNA,1,TU0-13095[c],1,320
G6482_RNA,1,TU0-13095[c],1,320
G6483_RNA,1,TU0-13095[c],1,320
G6484_RNA,1,TU0-13095[c],1,320
G6485_RNA,1,TU0-13095[c],1,320
G6486_RNA,1,TU0-13096[c],1,321
G6487_RNA,1,TU0-8678[c],1,2101
G6488_RNA,1,TU0-2001[c],1,1551
G6489_RNA,1,TU0-2001[c],1,1551
G6490_RNA,1,TU0-45186[c],1,1327
G6491_RNA,1,TU0-45186[c],1,1327
G6492_RNA,2,TU0-14325[c];TU0-45186[c],1,1327
G6493_RNA,1,TU0-13098[c],1,322
G6494_RNA,1,TU0-8679[c],1,2102
G6495_RNA,1,TU0-13099[c],1,323
G6496_RNA,1,TU0-13099[c],1,323
G6497_RNA,1,TU0-13100[c],1,324
G6498_RNA,1,TU0-13101[c],1,325
G6499_RNA,1,TU0-8680[c],1,2103
G6500_RNA,1,TU0-13102[c],1,326
G6501_RNA,1,TU0-13103[c],1,327
G6502_RNA,1,TU0-8681[c],1,2104
G6503_RNA,1,TU0-13106[c],1,330
G6504_RNA,1,TU0-13106[c],1,330
G6505_RNA,1,TU0-13107[c],1,331
G6506_RNA,1,TU0-13107[c],1,331
G6507_RNA,1,TU0-13107[c],1,331
G6508_RNA,1,TU0-13108[c],1,332
G6509_RNA,1,TU0-13109[c],1,333
G6510_RNA,1,TU0-8780[c],1,2190
G6511_RNA,1,TU0-6983[c],1,1839
G6512_RNA,1,TU0-13110[c],1,334
G6513_RNA,1,TU0-13111[c],1,335
G6514_RNA,1,TU0-13112[c],1,336
G6515_RNA,1,TU0-8530[c],1,1974
G6517_RNA,1,TU0-3645[c],1,1606
G6518_RNA,1,TU0-3645[c],1,1606
G6519_RNA,1,TU0-3645[c],1,1606
G6520_RNA,1,TU0-3645[c],1,1606
G6521_RNA,1,TU0-3645[c],1,1606
G6522_RNA,1,TU0-3645[c],1,1606
G6523_RNA,1,TU0-3645[c],1,1606
G6527_RNA,1,TU0-13116[c],1,339
G6528_RNA,1,TU0-8471[c],1,1928
G6529_RNA,1,TU0-8471[c],1,1928
G6530_RNA,1,TU0-8471[c],1,1928
G6531_RNA,1,TU0-8471[c],1,1928
G6532_RNA,1,TU0-8682[c],1,2105
G6533_RNA,1,TU0-13117[c],1,340
G6534_RNA,1,TU0-13117[c],1,340
G6536_RNA,1,TU0-13118[c],1,341
G6539_RNA,1,TU0-13119[c],1,342
G6540_RNA,1,TU0-13120[c],1,343
G6541_RNA,1,TU0-13120[c],1,343
G6542_RNA,1,TU0-13121[c],1,344
G6543_RNA,1,TU0-14429[c],1,1377
G6544_RNA,1,TU0-14429[c],1,1377
G6545_RNA,1,TU0-14429[c],1,1377
G6546_RNA,1,TU0-14429[c],1,1377
G6547_RNA,1,TU0-45224[c],1,1406
G6548_RNA,2,TU0-14514[c];TU0-45224[c],1,1406
G6549_RNA,3,TU0-13122[c];TU0-42664[c];TU0-42668[c],1,345
G6550_RNA,4,TU0-13123[c];TU0-42664[c];TU0-42666[c];TU0-42668[c],1,345
G6551_RNA,3,TU0-13123[c];TU0-14619[c];TU0-42664[c],1,345
G6552_RNA,1,TU0-8826[c],1,2226
G6554_RNA,1,TU0-13126[c],1,348
G6555_RNA,1,TU0-13127[c],1,349
G6556_RNA,1,TU0-13127[c],1,349
G6557_RNA,1,TU0-14621[c],1,1435
G6558_RNA,1,TU0-13128[c],1,350
G6559_RNA,1,TU0-13131[c],1,353
G6560_RNA,1,TU0-14350[c],1,1341
G6561_RNA,1,TU0-13132[c],1,354
G6562_RNA,2,TU0-1544[c];TU00272[c],1,1487
G6563_RNA,1,TU0-13133[c],1,355
G6564_RNA,1,TU0-13136[c],1,358
G6565_RNA,1,TU0-13136[c],1,358
G6566_RNA,1,TU0-13136[c],1,358
G6567_RNA,1,TU0-13136[c],1,358
G6568_RNA,1,TU0-13136[c],1,358
G6569_RNA,1,TU0-8684[c],1,2107
G6570_RNA,1,TU0-41673[c],1,1617
G6571_RNA,1,TU0-13138[c],1,360
G6572_RNA,1,TU0-13140[c],1,361
G6573_RNA,1,TU0-13141[c],1,362
G6574_RNA,1,TU0-13141[c],1,362
G6575_RNA,1,TU0-13141[c],1,362
G6576_RNA,1,TU0-13142[c],1,363
G6577_RNA,1,TU0-13142[c],1,363
G6578_RNA,1,TU0-13143[c],1,364
G6579_RNA,1,TU0-13143[c],1,364
G6580_RNA,1,TU0-13145[c],1,366
G6581_RNA,1,TU0-13145[c],1,366
G6582_RNA,1,TU0-13147[c],1,367
G6583_RNA,1,TU0-13147[c],1,367
G6585_RNA,1,TU0-13148[c],1,368
G6586_RNA,1,TU0-13148[c],1,368
G6587_RNA,1,TU0-8635[c],1,2064
G6588_RNA,1,TU0-13149[c],1,369
G6589_RNA,1,TU0-13150[c],1,370
G6590_RNA,1,TU0-13151[c],1,371
G6591_RNA,1,TU0-13151[c],1,371
G6592_RNA,1,TU0-13151[c],1,371
G6593_RNA,1,TU0-13151[c],1,371
G6594_RNA,1,TU0-13151[c],1,371
G6595_RNA,1,TU0-13151[c],1,371
G6597_RNA,1,TU0-13151[c],1,371
G6598_RNA,1,TU0-13151[c],1,371
G6600_RNA,1,TU0-13156[c],1,375
G6601_RNA,1,TU0-13157[c],1,376
G6602_RNA,1,TU0-13158[c],1,377
G6603_RNA,1,TU0-42501[c],1,1646
G6604_RNA,2,TU0-13160[c];TU0-14762[c],1,378
G6605_RNA,2,TU0-13161[c];TU0-14762[c],1,378
G6606_RNA,3,TU0-13161[c];TU0-14762[c];TU0-42593[c],1,378
G6607_RNA,2,TU0-13162[c];TU0-14762[c],1,378
G6608_RNA,1,TU0-13163[c],1,379
G6611_RNA,1,TU0-13167[c],1,381
G6612_RNA,1,TU0-13167[c],1,381
G6614_RNA,1,TU0-8687[c],1,2109
G6615_RNA,1,TU0-8688[c],1,2110
G6616_RNA,1,TU0-13169[c],1,382
G6617_RNA,1,TU0-13170[c],1,383
G6618_RNA,1,TU0-13171[c],1,384
G6619_RNA,1,TU581[c],1,2500
G6620_RNA,1,TU0-13174[c],1,387
G6621_RNA,1,TU0-13175[c],1,388
G6622_RNA,1,TU0-8791[c],1,2199
G6623_RNA,1,TU0-1548[c],1,1490
G6624_RNA,1,TU0-13176[c],1,389
G6625_RNA,1,TU0-13177[c],1,390
G6626_RNA,1,TU0-7981[c],1,1409
G6627_RNA,1,TU0-7981[c],1,1409
G6628_RNA,1,TU0-7962[c],1,1879
G6629_RNA,1,TU0-13178[c],1,391
G6630_RNA,1,TU305[c],1,2487
G6631_RNA,1,TU0-13180[c],1,393
G6633_RNA,1,TU863[c],1,2523
G6634_RNA,1,TU0-13194[c],1,401
G6635_RNA,1,TU0-13194[c],1,401
G6636_RNA,1,TU0-13194[c],1,401
G6637_RNA,2,TU0-13200[c];TU0-14472[c],1,406
G6638_RNA,2,TU0-42448[c];TU0-8475[c],1,1628
G6639_RNA,1,TU0-4021[c],1,1613
G6640_RNA,1,TU0-13203[c],1,407
G6641_RNA,1,TU0-13205[c],1,409
G6642_RNA,1,TU0-13207[c],1,411
G6643_RNA,2,TU0-13209[c];TU0-4404[c],1,412
G6644_RNA,1,TU0-13209[c],1,412
G6645_RNA,1,TU0-13210[c],1,413
G6646_RNA,2,TU0-13210[c];TU0-13211[c],1,413
G6647_RNA,1,TU0-13212[c],1,414
G6648_RNA,1,TU0-13212[c],1,414
G6649_RNA,1,TU0-13212[c],1,414
G6650_RNA,1,TU0-13212[c],1,414
G6651_RNA,1,TU0-13212[c],1,414
G6652_RNA,1,TU0-13212[c],1,414
G6653_RNA,1,TU0-13212[c],1,414
G6654_RNA,1,TU0-13212[c],1,414
G6655_RNA,1,TU0-13212[c],1,414
G6657_RNA,2,TU0-13212[c];TU0-13213[c],1,414
G6658_RNA,1,TU0-8695[c],1,2116
G6659_RNA,2,TU0-13214[c];TU0-14473[c],1,415
G6660_RNA,1,TU544[c],1,2499
G6661_RNA,1,TU0-8693[c],1,2115
G6662_RNA,3,TU0-13215[c];TU0-41739[c];TU0-42524[c],1,416
G6663_RNA,2,TU0-13216[c];TU0-42524[c],1,416
G6664_RNA,1,TU0-13217[c],1,417
G6665_RNA,1,TU0-13218[c],1,418
G6666_RNA,1,TU0-8636[c],1,2065
G6667_RNA,1,TU0-13219[c],1,419
G6668_RNA,1,TU0-13220[c],1,420
G6669_RNA,1,TU0-13222[c],1,422
G6670_RNA,1,TU0-13222[c],1,422
G6671_RNA,1,TU0-8760[c],1,2177
G6672_RNA,1,TU0-8696[c],1,2117
G6673_RNA,1,TU0-8697[c],1,2118
G6674_RNA,1,TU0-13223[c],1,423
G6675_RNA,1,TU0-13225[c],1,424
G6676_RNA,1,TU0-13226[c],1,425
G6677_RNA,1,TU0-13226[c],1,425
G6679_RNA,1,TU0-13229[c],1,428
G6680_RNA,1,TU0-13230[c],1,429
G6681_RNA,1,TU0-13231[c],1,430
G6682_RNA,1,TU0-13231[c],1,430
G6683_RNA,1,TU0-13231[c],1,430
G6684_RNA,1,TU0-13231[c],1,430
G6685_RNA,1,TU0-13231[c],1,430
G6688_RNA,1,TU0-13234[c],1,433
G6689_RNA,1,TU0-13234[c],1,433
G6691_RNA,1,TU0-13235[c],1,434
G6693_RNA,1,TU0-8834[c],1,2234
G6695_RNA,1,TU0-13236[c],1,435
G6696_RNA,1,TU0-13236[c],1,435
G6697_RNA,1,TU0-13237[c],1,436
G6698_RNA,1,TU0-13238[c],1,437
G6699_RNA,1,TU0-13239[c],1,438
G6700_RNA,2,TU0-13240[c];TU0-41760[c],1,439
G6701_RNA,2,TU0-41760[c];TU0-8699[c],1,439
G6702_RNA,1,TU0-13241[c],1,440
G6703_RNA,1,TU0-13242[c],1,441
G6704_RNA,1,TU0-13242[c],1,441
G6705_RNA,1,TU0-13242[c],1,441
G6706_RNA,1,TU0-42547[c],1,1660
G6708_RNA,1,TU4[c],1,2492
G6709_RNA,1,TU5[c],1,1694
G6710_RNA,1,TU5[c],1,1694
G6711_RNA,1,TU5[c],1,1694
G6712_RNA,1,TU5[c],1,1694
G6713_RNA,1,TU5[c],1,1694
G6714_RNA,1,TU5[c],1,1694
G6715_RNA,1,TU5[c],1,1694
G6716_RNA,1,TU5[c],1,1694
G6717_RNA,1,TU5[c],1,1694
G6718_RNA,2,TU0-44205[c];TU5[c],1,1694
G6719_RNA,1,TU5[c],1,1694
G6720_RNA,1,TU7[c],1,2511
G6721_RNA,1,TU7[c],1,2511
G6723_RNA,1,TU0-13245[c],1,442
G6724_RNA,1,TU0-13245[c],1,442
G6725_RNA,1,TU0-13246[c],1,443
G6727_RNA,1,TU0-13250[c],1,446
G6728_RNA,1,TU0-13250[c],1,446
G6729_RNA,1,TU0-13250[c],1,446
G6730_RNA,1,TU0-13250[c],1,446
G6731_RNA,1,TU0-42461[c],1,1633
G6732_RNA,1,TU0-13251[c],1,447
G6736_RNA,1,TU0-13256[c],1,452
G6737_RNA,1,TU0-8700[c],1,2120
G6738_RNA,1,TU0-13258[c],1,454
G6741_RNA,1,TU0-8701[c],1,2121
G6742_RNA,1,TU0-13261[c],1,457
G6743_RNA,1,TU0-14243[c],1,1285
G6744_RNA,1,TU0-8702[c],1,2122
G6745_RNA,1,TU0-13264[c],1,458
G6746_RNA,1,TU0-13265[c],1,459
G6747_RNA,1,TU0-14242[c],1,1284
G6749_RNA,1,TU0-13266[c],1,460
G6750_RNA,1,TU0-13267[c],1,461
G6751_RNA,1,TU0-198872[c],1,462
G6752_RNA,1,TU0-198872[c],1,462
G6753_RNA,1,TU0-198872[c],1,462
G6754_RNA,1,TU0-198872[c],1,462
G6755_RNA,2,TU0-13268[c];TU0-198872[c],1,462
G6756_RNA,1,TU0-13269[c],1,463
G6757_RNA,1,TU0-13270[c],1,464
G6758_RNA,1,TU0-13271[c],1,465
G6759_RNA,1,TU0-13271[c],1,465
G6760_RNA,1,TU0-13272[c],1,466
G6761_RNA,1,TU0-13273[c],1,467
G6762_RNA,1,TU0-8637[c],1,2066
G6763_RNA,1,TU0-8638[c],1,2067
G6764_RNA,1,TU0-8147[c],1,1884
G6765_RNA,1,TU0-13274[c],1,468
G6766_RNA,1,TU0-13275[c],1,469
G6769_RNA,1,TU0-8703[c],1,2123
G6770_RNA,1,TU0-8818[c],1,2218
G6772_RNA,1,TU0-13283[c],1,474
G6773_RNA,1,TU0-13283[c],1,474
G6774_RNA,1,TU0-13285[c],1,476
G6775_RNA,1,TU0-13286[c],1,477
G6776_RNA,1,TU0-7141[c],1,1609
G6777_RNA,1,TU0-3623[c],1,1598
G6778_RNA,1,TU0-3623[c],1,1598
G6779_RNA,1,TU0-3623[c],1,1598
G6780_RNA,1,TU0-3623[c],1,1598
G6781_RNA,1,TU0-3623[c],1,1598
G6782_RNA,1,TU0-3623[c],1,1598
G6783_RNA,1,TU0-8478[c],1,1933
G6784_RNA,1,TU0-8478[c],1,1933
G6785_RNA,1,TU0-13288[c],1,479
G6786_RNA,2,TU0-41793[c];TU0-45231[c],1,1618
G6787_RNA,2,TU0-13291[c];TU0-41795[c],1,482
G6788_RNA,2,TU0-13292[c];TU0-41795[c],1,482
G6789_RNA,2,TU0-14545[c];TU0-7743[c],1,1421
G6790_RNA,1,TU0-14545[c],1,1421
G6791_RNA,1,TU0-7741[c],1,1867
G6792_RNA,1,TU0-13293[c],1,483
G6793_RNA,1,TU0-13294[c],1,484
G6794_RNA,1,TU0-13294[c],1,484
G6795_RNA,1,TU0-13294[c],1,484
G6798_RNA,2,TU0-13298[c];TU0-13299[c],1,485
G6799_RNA,1,TU0-13299[c],1,485
G6800_RNA,1,TU0-7861[c],1,486
G6801_RNA,1,TU0-7861[c],1,486
G6802_RNA,1,TU0-7861[c],1,486
G6803_RNA,1,TU0-7861[c],1,486
G6804_RNA,1,TU0-7861[c],1,486
G6805_RNA,1,TU0-7861[c],1,486
G6806_RNA,2,TU0-13300[c];TU0-7861[c],1,486
G6807_RNA,1,TU0-13301[c],1,487
G6808_RNA,1,TU0-13302[c],1,488
G6809_RNA,2,TU0-13303[c];TU0-198700[c],1,489
G6810_RNA,2,TU0-13303[c];TU0-198700[c],1,489
G6811_RNA,2,TU0-13304[c];TU0-198700[c],1,489
G6812_RNA,1,TU0-13305[c],1,490
G6813_RNA,1,TU0-13306[c],1,491
G6814_RNA,1,TU0-13311[c],1,495
G6815_RNA,1,TU0-13312[c],1,496
G6816_RNA,1,TU0-13313[c],1,497
G6817_RNA,1,TU0-13314[c],1,498
G6818_RNA,1,TU0-13315[c],1,499
G6819_RNA,1,TU0-13316[c],1,500
G6820_RNA,1,TU0-7681[c],1,1865
G6821_RNA,1,TU0-7681[c],1,1865
G6822_RNA,1,TU0-13318[c],1,501
G6823_RNA,1,TU0-13319[c],1,502
G6824_RNA,1,TU0-13320[c],1,503
G6825_RNA,1,TU0-42493[c],1,1645
G6826_RNA,1,TU0-13321[c],1,504
G6827_RNA,1,TU0-13321[c],1,504
G6828_RNA,1,TU0-13321[c],1,504
G6829_RNA,1,TU0-13321[c],1,504
G6830_RNA,1,TU0-13322[c],1,505
G6831_RNA,1,TU0-13322[c],1,505
G6832_RNA,1,TU0-13326[c],1,508
G6833_RNA,1,TU0-1501[c],1,1485
G6834_RNA,1,TU0-13327[c],1,509
G6835_RNA,1,TU0-13327[c],1,509
G6838_RNA,1,TU0-13333[c],1,515
G6839_RNA,1,TU0-13333[c],1,515
G6840_RNA,1,TU0-13334[c],1,516
G6841_RNA,1,TU0-13335[c],1,517
G6842_RNA,1,TU0-13335[c],1,517
G6843_RNA,1,TU0-8639[c],1,2068
G6844_RNA,1,TU0-13336[c],1,518
G6845_RNA,1,TU0-45246[c],1,1726
G6846_RNA,1,TU0-45246[c],1,1726
G6847_RNA,1,TU0-45246[c],1,1726
G6848_RNA,1,TU0-45246[c],1,1726
G6849_RNA,1,TU0-45246[c],1,1726
G6850_RNA,1,TU0-13337[c],1,519
G6851_RNA,2,TU0-13338[c];TU0-45193[c],1,520
G6852_RNA,2,TU0-45193[c];TU789[c],1,520
G6853_RNA,1,TU0-13340[c],1,521
G6854_RNA,1,TU0-13341[c],1,522
G6855_RNA,1,TU0-1701[c],1,1496
G6856_RNA,1,TU0-13342[c],1,523
G6857_RNA,1,TU0-13343[c],1,524
G6858_RNA,1,TU0-13343[c],1,524
G6859_RNA,1,TU0-8532[c],1,1975
G6860_RNA,1,TU0-13344[c],1,525
G6861_RNA,1,TU0-13345[c],1,526
G6862_RNA,1,TU0-13345[c],1,526
G6863_RNA,1,TU0-8707[c],1,2127
G6864_RNA,1,TU0-7784[c],1,1871
G6865_RNA,1,TU0-13348[c],1,528
G6866_RNA,1,TU0-5081[c],1,1757
G6867_RNA,1,TU0-5082[c],1,1758
G6868_RNA,1,TU0-8708[c],1,2128
G6869_RNA,1,TU0-13352[c],1,532
G6870_RNA,1,TU0-8456[c],1,1926
G6871_RNA,2,TU0-8456[c];TU0-8458[c],1,1926
G6872_RNA,2,TU0-8456[c];TU0-8458[c],1,1926
G6873_RNA,2,TU0-8456[c];TU0-8458[c],1,1926
G6874_RNA,2,TU0-8456[c];TU0-8458[c],1,1926
G6875_RNA,2,TU0-8456[c];TU0-8458[c],1,1926
G6876_RNA,2,TU0-8456[c];TU0-8458[c],1,1926
G6877_RNA,1,TU0-8473[c],1,1930
G6878_RNA,1,TU0-13353[c],1,533
G6879_RNA,3,TU0-14496[c];TU0-14629[c];TU0-8864[c],1,1395
G6880_RNA,1,TU0-13355[c],1,535
G6881_RNA,1,TU0-7802[c],1,1872
G6882_RNA,1,TU0-8511[c],1,1958
G6883_RNA,1,TU-8428[c],1,26
G6884_RNA,1,TU-8428[c],1,26
G6885_RNA,1,TU-8428[c],1,26
G6886_RNA,1,TU0-13356[c],1,536
G6887_RNA,1,TU0-13357[c],1,537
G6888_RNA,1,TU0-13358[c],1,538
G6889_RNA,3,TU0-14351[c];TU0-14687[c];TU0-42534[c],1,1342
G6890_RNA,3,TU0-14352[c];TU0-14687[c];TU0-42534[c],1,1342
G6891_RNA,2,TU0-42534[c];TU0-8182[c],1,1342
G6892_RNA,1,TU0-13359[c],1,539
G6893_RNA,1,TU0-8332[c],1,1910
G6894_RNA,1,TU0-8709[c],1,2129
G6895_RNA,1,TU0-13361[c],1,541
G6896_RNA,1,TU0-13362[c],1,542
G6897_RNA,2,TU0-13363[c];TU0-14675[c],1,543
G6898_RNA,2,TU0-13363[c];TU0-14675[c],1,543
G6899_RNA,2,TU0-13363[c];TU0-14675[c],1,543
G6900_RNA,2,TU0-13364[c];TU0-14675[c],1,543
G6901_RNA,2,TU0-13364[c];TU0-14675[c],1,543
G6902_RNA,2,TU0-13364[c];TU0-14675[c],1,543
G6903_RNA,1,TU0-13365[c],1,544
G6904_RNA,1,TU0-13366[c],1,545
G6905_RNA,1,TU0-2621[c],1,1568
G6906_RNA,1,TU0-2621[c],1,1568
G6907_RNA,1,TU0-2621[c],1,1568
G6908_RNA,1,TU0-2621[c],1,1568
G6909_RNA,1,TU0-2621[c],1,1568
G6911_RNA,1,TU0-13368[c],1,547
G6912_RNA,1,TU0-13368[c],1,547
G6913_RNA,1,TU0-13368[c],1,547
G6914_RNA,1,TU0-13369[c],1,548
G6915_RNA,1,TU0-13371[c],1,550
G6916_RNA,1,TU0-13372[c],1,551
G6917_RNA,1,TU0-13373[c],1,552
G6918_RNA,1,TU0-13374[c],1,553
G6919_RNA,1,TU0-8710[c],1,2130
G6920_RNA,1,TU0-5322[c],1,1767
G6921_RNA,1,TU0-5322[c],1,1767
G6922_RNA,1,TU0-5322[c],1,1767
G6923_RNA,1,TU0-5322[c],1,1767
G6924_RNA,1,TU0-8482[c],1,1935
G6925_RNA,1,TU0-13377[c],1,556
G6928_RNA,1,TU0-41842[c],1,1621
G6929_RNA,1,TU0-13381[c],1,559
G6930_RNA,1,TU0-13382[c],1,560
G6931_RNA,1,TU0-8640[c],1,2069
G6932_RNA,1,TU0-13383[c],1,561
G6933_RNA,1,TU0-8261[c],1,1894
G6934_RNA,1,TU0-13384[c],1,562
G6935_RNA,1,TU0-13385[c],1,563
G6936_RNA,1,TU781[c],1,2514
G6937_RNA,1,TU0-8267[c],1,1900
G6938_RNA,1,TU0-7361[c],1,1853
G6939_RNA,1,TU-8381[c],1,0
G6940_RNA,1,TU0-1002[c],1,38
G6941_RNA,1,TU0-1002[c],1,38
G6942_RNA,1,TU0-1002[c],1,38
G6943_RNA,1,TU0-1002[c],1,38
G6944_RNA,1,TU0-1002[c],1,38
G6945_RNA,1,TU0-13388[c],1,565
G6946_RNA,1,TU0-13388[c],1,565
G6947_RNA,1,TU0-13388[c],1,565
G6948_RNA,1,TU0-13388[c],1,565
G6949_RNA,1,TU0-13388[c],1,565
G6950_RNA,1,TU0-13388[c],1,565
G6951_RNA,1,TU0-13388[c],1,565
G6952_RNA,1,TU0-13389[c],1,566
G6953_RNA,1,TU0-8641[c],1,2070
G6954_RNA,1,TU0-8814[c],1,2215
G6955_RNA,1,TU0-14800[c],1,1479
G6956_RNA,1,TU0-13390[c],1,567
G6957_RNA,1,TU0-13393[c],1,570
G6958_RNA,1,TU0-13394[c],1,571
G6959_RNA,1,TU0-13394[c],1,571
G6960_RNA,1,TU0-13394[c],1,571
G6961_RNA,1,TU0-13394[c],1,571
G6962_RNA,1,TU0-13394[c],1,571
G6963_RNA,1,TU0-13394[c],1,571
G6964_RNA,1,TU0-13395[c],1,572
G6966_RNA,2,TU0-13398[c];TU0-4904[c],1,573
G6967_RNA,1,TU0-13399[c],1,574
G6968_RNA,1,TU0-13400[c],1,575
G6969_RNA,1,TU0-14632[c],1,1439
G6970_RNA,1,TU0-14632[c],1,1439
G6971_RNA,1,TU0-13401[c],1,576
G6972_RNA,1,TU0-13402[c],1,577
G6973_RNA,1,TU0-13403[c],1,578
G6974_RNA,1,TU0-8646[c],1,2074
G6975_RNA,1,TU0-8712[c],1,2131
G6976_RNA,1,TU0-8713[c],1,2132
G6977_RNA,1,TU0-13404[c],1,579
G6978_RNA,1,TU0-13405[c],1,580
G6979_RNA,1,TU0-8644[c],1,2072
G6980_RNA,1,TU0-8714[c],1,2133
G6981_RNA,1,TU0-13406[c],1,581
G6982_RNA,1,TU0-13407[c],1,582
G6983_RNA,1,TU0-13407[c],1,582
G6984_RNA,1,TU0-42526[c],1,1656
G6985_RNA,1,TU0-13409[c],1,583
G6986_RNA,1,TU0-13410[c],1,585
G6987_RNA,1,TU0-13411[c],1,586
G6988_RNA,1,TU0-13411[c],1,586
G6989_RNA,1,TU0-13412[c],1,587
G6990_RNA,2,TU0-13413[c];TU0-3464[c],1,588
G6991_RNA,1,TU0-13413[c],1,588
G6992_RNA,1,TU0-13414[c],1,589
G6993_RNA,1,TU0-13415[c],1,590
G6994_RNA,1,TU0-13416[c],1,591
G6995_RNA,1,TU0-8645[c],1,2073
G6996_RNA,1,TU0-13418[c],1,593
G6997_RNA,1,TU0-8643[c],1,2071
G6998_RNA,2,TU0-13419[c];TU0-198707[c],1,594
G6999_RNA,1,TU0-13420[c],1,596
G7000_RNA,1,TU0-13422[c],1,598
G7001_RNA,1,TU0-13423[c],1,599
G7002_RNA,1,TU0-2447[c],1,1562
G7003_RNA,1,TU0-8841[c],1,2240
G7004_RNA,1,TU0-8715[c],1,2134
G7005_RNA,1,TU0-13426[c],1,601
G7006_RNA,1,TU0-13427[c],1,602
G7007_RNA,1,TU0-13427[c],1,602
G7008_RNA,1,TU0-13428[c],1,603
G7009_RNA,1,TU0-13429[c],1,604
G7010_RNA,1,TU0-13430[c],1,605
G7011_RNA,1,G7011_RNA[c],1,2749
G7012_RNA,1,TU0-13432[c],1,607
G7013_RNA,2,TU0-13432[c];TU0-198875[c],1,607
G7014_RNA,2,TU0-13432[c];TU0-198875[c],1,607
G7015_RNA,1,TU0-13434[c],1,609
G7016_RNA,1,TU0-13434[c],1,609
G7017_RNA,1,TU0-4642[c],1,1744
G7018_RNA,1,TU0-4604[c],1,1741
G7019_RNA,1,TU0-13443[c],1,618
G7020_RNA,1,TU0-13443[c],1,618
G7021_RNA,1,TU0-13443[c],1,618
G7022_RNA,1,TU684[c],1,2509
G7023_RNA,1,TU684[c],1,2509
G7024_RNA,1,TU00451[c],1,2440
G7025_RNA,1,TU00451[c],1,2440
G7026_RNA,1,TU0-13445[c],1,620
G7027_RNA,1,TU-8405[c],1,15
G7028_RNA,1,TU-8405[c],1,15
G7029_RNA,1,TU0-13446[c],1,621
G7030_RNA,1,TU0-13446[c],1,621
G7031_RNA,1,TU0-8535[c],1,1978
G7033_RNA,1,TU-8438[c],1,32
G7035_RNA,1,TU-8399[c],1,14
G7036_RNA,1,TU0-8717[c],1,2136
G7037_RNA,1,TU0-13453[c],1,627
G7038_RNA,1,TU0-13453[c],1,627
G7039_RNA,2,TU0-14515[c];TU00415[c],1,1407
G7040_RNA,1,TU0-13457[c],1,630
G7045_RNA,1,TU0-8789[c],1,2197
G7046_RNA,1,TU0-8648[c],1,2076
DSRA-RNA,1,TU0-8788[c],1,2196
G7048_RNA,1,TU0-8720[c],1,2139
G7049_RNA,1,TU0-13460[c],1,631
G7050_RNA,1,TU0-13461[c],1,632
G7051_RNA,1,TU0-13463[c],1,634
G7055_RNA,1,TU0-13466[c],1,635
G7056_RNA,1,TU0-13467[c],1,636
G7057_RNA,1,TU0-13467[c],1,636
G7058_RNA,1,TU0-13468[c],1,637
G7059_RNA,2,TU0-13468[c];TU0-13469[c],1,637
G7060_RNA,2,TU0-13468[c];TU0-13469[c],1,637
G7061_RNA,1,TU0-8330[c],1,1908
G7062_RNA,1,TU0-13470[c],1,638
G7063_RNA,1,TU0-13471[c],1,639
G7064_RNA,1,TU0-13472[c],1,640
G7067_RNA,1,TU0-42474[c],1,1637
G7068_RNA,1,TU0-13476[c],1,641
RNA0-304,1,TU0-3561[c],1,1595
G7070_RNA,1,TU0-13477[c],1,642
G7071_RNA,1,TU0-1342[c],1,595
G7072_RNA,1,TU65[c],1,2505
G7073_RNA,1,TU0-13478[c],1,643
G7074_RNA,1,TU0-13479[c],1,644
G7076_RNA,1,TU0-13480[c],1,645
G7077_RNA,1,TU0-13480[c],1,645
G7080_RNA,1,TU0-14635[c],1,1441
G7081_RNA,1,TU0-13483[c],1,646
G7082_RNA,1,TU0-13483[c],1,646
G7083_RNA,1,TU0-13483[c],1,646
G7084_RNA,1,TU0-13483[c],1,646
G7085_RNA,1,TU0-13483[c],1,646
G7086_RNA,1,TU0-13483[c],1,646
G7087_RNA,1,TU0-13485[c],1,648
G7088_RNA,1,TU0-13491[c],1,654
G7089_RNA,1,TU0-13492[c],1,655
G7090_RNA,1,TU0-13494[c],1,657
G7091_RNA,1,TU0-13495[c],1,658
G7092_RNA,1,TU0-14362[c],1,1349
G7093_RNA,1,TU0-14346[c],1,1338
G7094_RNA,1,TU0-13498[c],1,659
G7095_RNA,1,TU0-13498[c],1,659
G7096_RNA,1,TU0-13498[c],1,659
G7097_RNA,1,TU0-13499[c],1,660
G7098_RNA,1,TU0-13499[c],1,660
G7099_RNA,1,TU0-13499[c],1,660
G7100_RNA,1,TU0-13499[c],1,660
G7101_RNA,1,TU0-13499[c],1,660
G7102_RNA,1,TU0-13499[c],1,660
G7103_RNA,1,TU00207[c],1,1381
G7104_RNA,1,TU00207[c],1,1381
G7105_RNA,2,TU0-14452[c];TU00207[c],1,1381
G7106_RNA,2,TU0-14452[c];TU00207[c],1,1381
G7107_RNA,2,TU0-14452[c];TU00207[c],1,1381
G7108_RNA,1,TU0-8723[c],1,2142
G7109_RNA,1,TU0-8724[c],1,2143
G7110_RNA,1,TU0-8725[c],1,2144
G7111_RNA,1,TU0-13501[c],1,662
G7112_RNA,1,TU0-13501[c],1,662
G7113_RNA,1,TU0-7881[c],1,1878
G7114_RNA,1,TU0-7881[c],1,1878
G7115_RNA,1,TU0-7881[c],1,1878
G7117_RNA,1,TU0-13504[c],1,665
G7118_RNA,1,TU0-13505[c],1,666
G7119_RNA,1,TU0-14353[c],1,1343
G7122_RNA,1,TU0-7744[c],1,1868
G7123_RNA,1,TU0-8328[c],1,1907
G7125_RNA,1,TU0-13507[c],1,668
G7126_RNA,1,TU0-13507[c],1,668
G7128_RNA,4,TU0-14638[c];TU00169[c];gatYZABC[c];gatZABC[c],1,1442
G7129_RNA,1,TU0-8469[c],1,1927
G7130_RNA,1,TU0-13509[c],1,669
G7131_RNA,1,TU0-13509[c],1,669
G7132_RNA,1,TU0-13509[c],1,669
G7133_RNA,1,TU0-13510[c],1,670
G7134_RNA,1,TU0-13511[c],1,671
G7135_RNA,1,TU0-13512[c],1,672
G7137_RNA,1,TU0-13513[c],1,673
G7138_RNA,1,TU0-13514[c],1,674
G7139_RNA,2,TU0-13514[c];TU0-13515[c],1,674
G7144_RNA,1,TU0-13537[c],1,692
G7145_RNA,1,TU0-13538[c],1,693
G7146_RNA,2,TU0-13549[c];TU0-44219[c],1,702
G7147_RNA,1,TU0-13550[c],1,703
G7148_RNA,1,TU0-13551[c],1,704
G7150_RNA,1,TU0-8835[c],1,2235
G7152_RNA,1,TU0-13563[c],1,716
G7153_RNA,1,TU0-13563[c],1,716
G7156_RNA,1,TU0-13563[c],1,716
G7158_RNA,2,TU0-13565[c];TU0-14691[c],1,718
G7159_RNA,2,TU0-13565[c];TU0-14691[c],1,718
G7160_RNA,2,TU0-13566[c];TU0-14691[c],1,718
G7161_RNA,2,TU0-13566[c];TU0-14691[c],1,718
G7162_RNA,1,TU0-13567[c],1,719
G7163_RNA,1,TU0-13568[c],1,720
G7164_RNA,1,TU0-8730[c],1,2148
G7165_RNA,1,TU0-8766[c],1,2182
G7166_RNA,1,TU0-13569[c],1,721
G7167_RNA,1,TU0-13569[c],1,721
G7168_RNA,1,TU0-13569[c],1,721
G7169_RNA,1,TU0-13569[c],1,721
G7170_RNA,1,TU0-13569[c],1,721
G7171_RNA,1,TU0-13569[c],1,721
G7172_RNA,1,TU0-13570[c],1,722
G7173_RNA,1,TU0-13571[c],1,723
G7174_RNA,1,TU0-13572[c],1,724
G7175_RNA,1,TU0-13573[c],1,725
G7176_RNA,1,TU0-13574[c],1,726
G7177_RNA,1,TU0-8731[c],1,2149
G7178_RNA,1,TU0-13575[c],1,727
G7179_RNA,1,TU0-13576[c],1,728
G7180_RNA,1,TU0-8732[c],1,2150
G7181_RNA,1,TU0-13577[c],1,729
G7182_RNA,1,TU0-13578[c],1,730
G7184_RNA,2,TU0-13579[c];TU0-36413[c],1,731
G7185_RNA,2,TU0-13580[c];TU0-36413[c],1,731
G7186_RNA,1,TU0-13581[c],1,732
G7187_RNA,1,TU0-13582[c],1,733
G7188_RNA,1,TU0-13582[c],1,733
G7189_RNA,1,TU0-13583[c],1,734
G7190_RNA,1,TU0-13584[c],1,735
G7191_RNA,1,TU0-13585[c],1,736
G7192_RNA,1,TU0-13586[c],1,737
G7193_RNA,1,TU0-13587[c],1,738
G7194_RNA,1,TU0-13588[c],1,739
G7195_RNA,1,TU0-13589[c],1,740
G7196_RNA,1,TU0-13589[c],1,740
G7197_RNA,1,TU0-13590[c],1,741
G7198_RNA,1,TU0-13592[c],1,743
G7199_RNA,1,TU0-8823[c],1,2223
G7200_RNA,1,TU0-13593[c],1,744
G7201_RNA,1,TU0-13593[c],1,744
G7202_RNA,1,TU0-8733[c],1,2151
G7203_RNA,1,TU0-13594[c],1,745
G7204_RNA,1,TU0-13594[c],1,745
G7205_RNA,1,TU0-13594[c],1,745
G7206_RNA,1,TU0-13594[c],1,745
G7207_RNA,1,TU0-13594[c],1,745
G7210_RNA,1,TU0-13595[c],1,746
G7211_RNA,1,TU0-3481[c],1,1592
G7212_RNA,1,TU0-5321[c],1,1766
G7213_RNA,1,TU0-5321[c],1,1766
G7214_RNA,1,TU0-13597[c],1,747
G7215_RNA,1,TU0-13598[c],1,748
G7216_RNA,1,TU0-8537[c],1,1980
G7217_RNA,1,TU0-13599[c],1,749
G7218_RNA,1,TU0-13600[c],1,750
G7219_RNA,1,TU0-13601[c],1,751
G7220_RNA,1,TU0-13601[c],1,751
G7221_RNA,1,TU0-13601[c],1,751
G7223_RNA,1,TU0-13603[c],1,752
G7225_RNA,1,TU0-13603[c],1,752
G7226_RNA,1,TU0-13603[c],1,752
G7227_RNA,1,TU0-13603[c],1,752
G7228_RNA,1,TU0-13604[c],1,753
G7229_RNA,1,TU0-13604[c],1,753
G7230_RNA,1,TU0-13605[c],1,754
G7231_RNA,1,TU0-13605[c],1,754
G7232_RNA,1,TU0-13605[c],1,754
G7233_RNA,1,TU0-3101[c],1,1573
G7234_RNA,2,TU0-13608[c];TU0-7746[c],1,757
G7235_RNA,2,TU0-13609[c];TU0-7746[c],1,757
G7236_RNA,2,TU0-13610[c];TU0-7746[c],1,757
G7237_RNA,2,TU0-7745[c];TU0-7746[c],1,757
G7238_RNA,1,TU0-7746[c],1,757
G7239_RNA,1,TU0-8650[c],1,2078
G7240_RNA,1,TU0-8734[c],1,2152
G7241_RNA,1,TU0-3421[c],1,1585
G7242_RNA,1,TU0-13612[c],1,758
G7243_RNA,1,TU0-13613[c],1,759
G7244_RNA,1,TU0-13613[c],1,759
G7245_RNA,1,TU0-13613[c],1,759
G7246_RNA,1,TU0-13614[c],1,760
G7247_RNA,1,TU0-13614[c],1,760
G7248_RNA,1,TU0-13614[c],1,760
G7249_RNA,1,TU0-13614[c],1,760
G7250_RNA,1,TU0-13614[c],1,760
G7251_RNA,1,TU0-13615[c],1,761
G7252_RNA,1,TU0-13616[c],1,762
G7254_RNA,1,TU0-7321[c],1,1851
G7255_RNA,1,TU0-13617[c],1,763
G7256_RNA,1,TU0-8736[c],1,2154
G7257_RNA,1,TU0-8737[c],1,2155
G7258_RNA,1,TU0-13621[c],1,766
G7259_RNA,1,TU0-8487[c],1,1937
G7260_RNA,1,TU-8383[c],1,2
G7261_RNA,1,TU-8383[c],1,2
G7262_RNA,1,TU0-13624[c],1,769
G7263_RNA,2,TU0-13625[c];TU0-14714[c],1,770
G7264_RNA,2,TU0-13625[c];TU0-14714[c],1,770
G7265_RNA,1,TU0-13625[c],1,770
G7266_RNA,1,TU0-3484[c],1,1593
G7267_RNA,1,TU0-3484[c],1,1593
G7268_RNA,1,TU0-13626[c],1,771
G7269_RNA,1,TU0-13626[c],1,771
G7270_RNA,1,TU0-13627[c],1,772
G7271_RNA,1,TU0-13627[c],1,772
G7272_RNA,1,TU0-13628[c],1,773
G7273_RNA,1,TU0-13629[c],1,774
G7274_RNA,1,TU0-13630[c],1,775
G7275_RNA,1,TU0-13630[c],1,775
G7276_RNA,1,TU0-42449[c],1,1629
G7277_RNA,1,TU0-42449[c],1,1629
G7278_RNA,1,TU0-13632[c],1,776
G7279_RNA,1,TU0-13632[c],1,776
G7280_RNA,1,TU0-13633[c],1,777
G7281_RNA,2,TU0-13634[c];TU0-13636[c],1,778
G7282_RNA,2,TU0-13634[c];TU0-13636[c],1,778
G7283_RNA,2,TU0-13635[c];TU0-13636[c],1,778
G7284_RNA,2,TU0-13635[c];TU0-13636[c],1,778
G7285_RNA,2,TU0-13635[c];TU0-13636[c],1,778
G7286_RNA,2,TU0-13635[c];TU0-13636[c],1,778
G7287_RNA,1,TU0-13636[c],1,778
G7288_RNA,1,TU0-13636[c],1,778
G7289_RNA,1,TU0-13636[c],1,778
G7290_RNA,1,TU0-13636[c],1,778
G7291_RNA,1,TU0-13636[c],1,778
G7292_RNA,1,TU0-13636[c],1,778
G7293_RNA,1,TU0-13637[c],1,779
G7295_RNA,1,TU0-13638[c],1,780
G7296_RNA,1,TU0-13643[c],1,785
G7297_RNA,1,TU0-13644[c],1,786
G7298_RNA,1,TU0-13644[c],1,786
G7300_RNA,1,TU686[c],1,2510
G7301_RNA,1,TU686[c],1,2510
G7302_RNA,1,TU686[c],1,2510
G7303_RNA,1,TU686[c],1,2510
G7304_RNA,1,TU686[c],1,2510
G7305_RNA,1,TU686[c],1,2510
G7306_RNA,1,TU686[c],1,2510
G7307_RNA,1,TU686[c],1,2510
G7308_RNA,1,TU686[c],1,2510
G7309_RNA,1,TU686[c],1,2510
G7310_RNA,1,TU0-8739[c],1,2157
G7311_RNA,1,TU-8384[c],1,3
G7312_RNA,2,TU-8384[c];yfgD[c],1,3
G7313_RNA,1,TU0-13646[c],1,787
G7314_RNA,1,TU0-8738[c],1,2156
G7315_RNA,1,TU0-13647[c],1,788
G7316_RNA,1,TU0-13648[c],1,789
G7317_RNA,1,TU0-13648[c],1,789
G7318_RNA,1,TU0-13649[c],1,790
G7319_RNA,1,TU-8385[c],1,4
G7320_RNA,1,TU-8385[c],1,4
G7321_RNA,1,TU0-14646[c],1,1446
G7322_RNA,1,TU0-13652[c],1,793
G7323_RNA,1,TU0-13652[c],1,793
G7324_RNA,1,TU0-1881[c],1,1506
G7325_RNA,1,TU0-1881[c],1,1506
G7326_RNA,1,TU0-1881[c],1,1506
G7327_RNA,1,TU0-13657[c],1,796
G7328_RNA,1,TU0-13659[c],1,798
G7329_RNA,1,TU0-3982[c],1,1611
G7330_RNA,1,TU0-13660[c],1,799
G7331_RNA,1,TU0-7201[c],1,1845
G7334_RNA,1,TU0-7202[c],1,1846
G7335_RNA,1,TU0-7202[c],1,1846
G7336_RNA,1,TU0-7202[c],1,1846
G7337_RNA,1,TU0-13661[c],1,800
G7338_RNA,1,TU0-13662[c],1,801
G7339_RNA,1,TU0-13662[c],1,801
G7340_RNA,1,TU0-13663[c],1,802
G7341_RNA,1,TU0-13663[c],1,802
G7342_RNA,1,TU0-13663[c],1,802
G7343_RNA,1,TU0-13664[c],1,803
G7344_RNA,1,TU0-8651[c],1,2079
G7345_RNA,1,TU0-4405[c],1,1688
G7346_RNA,1,TU0-13669[c],1,807
G7347_RNA,3,TU0-42636[c];TU0-42642[c];TU00526[c],1,1676
G7348_RNA,3,TU0-42636[c];TU0-42642[c];TU00526[c],1,1676
G7349_RNA,1,TU0-13671[c],1,808
G7350_RNA,2,TU0-13671[c];TU0-42472[c],1,808
G7352_RNA,1,TU-8391[c],1,8
G7354_RNA,2,TU0-13679[c];TU0-14765[c],1,814
G7355_RNA,1,TU0-13681[c],1,816
G7357_RNA,1,TU0-13685[c],1,819
G7358_RNA,1,TU0-13685[c],1,819
G7359_RNA,1,TU0-8744[c],1,2162
G7360_RNA,1,TU0-13690[c],1,823
G7361_RNA,1,TU0-13691[c],1,824
G7362_RNA,1,TU0-13692[c],1,825
G7363_RNA,1,TU0-13692[c],1,825
G7364_RNA,1,TU0-13693[c],1,826
G7365_RNA,2,TU0-14327[c];TU0-14484[c],1,28
G7366_RNA,2,TU-8431[c];TU0-14327[c],1,28
G7367_RNA,1,TU0-13694[c],1,827
G7368_RNA,1,TU0-13694[c],1,827
G7369_RNA,1,TU0-13695[c],1,828
G7370_RNA,1,TU0-13695[c],1,828
G7371_RNA,1,TU0-13695[c],1,828
G7372_RNA,1,TU0-13695[c],1,828
G7373_RNA,1,TU0-13696[c],1,829
G7377_RNA,1,TU0-13698[c],1,830
G7378_RNA,1,TU0-13699[c],1,831
G7379_RNA,1,TU0-13699[c],1,831
G7380_RNA,1,TU0-13699[c],1,831
G7381_RNA,1,TU0-13699[c],1,831
G7382_RNA,1,TU0-13700[c],1,832
G7384_RNA,1,TU0-13702[c],1,833
G7385_RNA,1,TU0-13703[c],1,834
RNA0-305,1,TU0-13704[c],1,835
G7394_RNA,3,TU0-198883[c];TU0-198884[c];TU0-4001[c],1,1302
G7395_RNA,2,TU0-13708[c];TU0-42608[c],1,836
G7396_RNA,2,TU0-13709[c];TU0-42608[c],1,836
G7397_RNA,1,TU0-13710[c],1,837
G7398_RNA,1,TU0-13710[c],1,837
G7399_RNA,1,TU0-8745[c],1,2163
G7400_RNA,1,TU0-13711[c],1,838
G7401_RNA,1,TU0-1022[c],1,40
G7402_RNA,1,TU0-1022[c],1,40
G7405_RNA,1,TU0-13713[c],1,839
G7406_RNA,1,TU0-13713[c],1,839
G7407_RNA,1,TU0-13715[c],1,841
G7408_RNA,1,TU0-13715[c],1,841
G7409_RNA,1,TU0-13718[c],1,843
G7410_RNA,1,TU0-13719[c],1,844
G7413_RNA,1,TU0-4441[c],1,1702
G7414_RNA,1,TU00153[c],1,2328
G7415_RNA,1,TU0-13720[c],1,845
G7416_RNA,1,TU0-8746[c],1,2164
G7417_RNA,1,TU0-13721[c],1,846
G7418_RNA,2,TU0-13721[c];TU0-14275[c],1,846
G7419_RNA,1,TU0-13722[c],1,847
G7420_RNA,1,TU0-13722[c],1,847
G7421_RNA,1,TU0-13723[c],1,848
G7422_RNA,1,TU0-14314[c],1,1318
G7423_RNA,1,TU0-14313[c],1,1317
G7424_RNA,1,TU0-14312[c],1,1316
G7425_RNA,2,TU0-13725[c];TU0-14558[c],1,850
G7426_RNA,2,TU0-13725[c];TU0-14558[c],1,850
G7427_RNA,2,TU0-13725[c];TU0-14558[c],1,850
G7428_RNA,1,TU0-13725[c],1,850
G7429_RNA,1,TU0-13725[c],1,850
G7430_RNA,1,TU0-13725[c],1,850
G7431_RNA,1,TU0-13727[c],1,852
G7432_RNA,1,TU0-13728[c],1,853
G7433_RNA,1,TU0-13728[c],1,853
G7434_RNA,1,TU0-13728[c],1,853
G7435_RNA,1,TU0-13729[c],1,854
G7436_RNA,1,TU0-13729[c],1,854
G7437_RNA,1,TU0-13730[c],1,855
G7439_RNA,1,TU0-13731[c],1,856
G7440_RNA,1,TU0-13732[c],1,857
G7442_RNA,1,TU0-13733[c],1,858
G7443_RNA,1,TU0-8339[c],1,1916
G7444_RNA,1,TU0-8338[c],1,1915
G7445_RNA,1,TU0-4462[c],1,1705
G7446_RNA,1,TU0-4462[c],1,1705
G7447_RNA,1,TU0-4462[c],1,1705
G7448_RNA,1,TU0-13736[c],1,860
G7449_RNA,1,TU0-13736[c],1,860
G7450_RNA,1,TU0-13736[c],1,860
G7451_RNA,1,TU0-13737[c],1,861
G7452_RNA,1,TU0-13738[c],1,862
G7453_RNA,1,TU0-8747[c],1,2165
G7454_RNA,1,TU0-13741[c],1,865
G7455_RNA,1,TU0-13741[c],1,865
G7456_RNA,1,TU0-13742[c],1,866
G7457_RNA,1,TU0-13743[c],1,867
G7458_RNA,1,TU0-8767[c],1,2183
G7459_RNA,1,TU0-13746[c],1,869
G7460_RNA,1,TU0-13748[c],1,871
G7461_RNA,1,TU0-13749[c],1,872
G7462_RNA,1,TU0-13750[c],1,873
G7463_RNA,1,TU0-13756[c],1,877
G7464_RNA,1,TU0-13757[c],1,878
G7465_RNA,1,TU0-13758[c],1,879
G7466_RNA,1,TU0-13759[c],1,880
G7467_RNA,1,TU0-13760[c],1,881
G7468_RNA,1,TU0-13760[c],1,881
G7469_RNA,1,TU0-8652[c],1,2080
G7471_RNA,1,TU0-13762[c],1,882
G7472_RNA,1,TU0-13763[c],1,883
G7473_RNA,1,TU0-13764[c],1,884
G7480_RNA,1,TU0-13767[c],1,885
G7481_RNA,1,TU0-13767[c],1,885
G7483_RNA,1,TU0-13769[c],1,886
G7484_RNA,1,TU0-13771[c],1,888
G7485_RNA,1,TU0-14792[c],1,1475
G7486_RNA,1,TU0-14792[c],1,1475
G7487_RNA,1,TU0-14792[c],1,1475
G7488_RNA,1,TU0-8748[c],1,2166
G7489_RNA,1,TU0-13773[c],1,889
G7490_RNA,1,TU0-13774[c],1,890
G7491_RNA,1,TU0-13775[c],1,891
G7492_RNA,1,TU0-13776[c],1,892
G7493_RNA,1,TU0-13777[c],1,893
G7494_RNA,1,TU0-13778[c],1,894
G7495_RNA,1,TU0-13779[c],1,895
G7496_RNA,1,TU0-13780[c],1,896
G7497_RNA,1,TU0-13781[c],1,897
G7498_RNA,2,TU0-13781[c];TU0-42558[c],1,897
G7499_RNA,1,TU0-13782[c],1,898
G7500_RNA,1,TU0-13782[c],1,898
G7501_RNA,1,TU0-13783[c],1,899
G7502_RNA,1,TU0-13783[c],1,899
G7503_RNA,1,TU0-13783[c],1,899
G7505_RNA,1,TU0-13784[c],1,900
G7506_RNA,1,TU0-13784[c],1,900
G7507_RNA,1,TU0-13785[c],1,901
G7508_RNA,1,TU0-13786[c],1,902
G7509_RNA,1,TU0-13788[c],1,903
G7510_RNA,1,TU0-13788[c],1,903
G7511_RNA,1,TU0-8749[c],1,2167
G7512_RNA,1,TU0-13789[c],1,904
G7513_RNA,1,TU0-13790[c],1,905
G7514_RNA,1,TU0-13791[c],1,906
G7516_RNA,1,TU0-8343[c],1,1918
G7517_RNA,1,TU0-8343[c],1,1918
G7518_RNA,1,TU0-13798[c],1,909
G7520_RNA,1,TU0-13801[c],1,912
G7521_RNA,1,TU0-14326[c],1,1328
G7522_RNA,1,TU0-8653[c],1,2081
G7523_RNA,1,TU0-8654[c],1,2082
G7524_RNA,1,TU0-13806[c],1,916
G7525_RNA,1,TU0-13806[c],1,916
G7526_RNA,1,TU0-8750[c],1,2168
G7527_RNA,1,TU0-13807[c],1,917
G7528_RNA,1,TU0-13807[c],1,917
G7529_RNA,1,TU0-13807[c],1,917
G7530_RNA,2,TU0-13807[c];TU0-14491[c],1,917
G7531_RNA,2,TU0-13807[c];TU0-14491[c],1,917
G7532_RNA,6,TU0-5561[c];TU0-5564[c];TU0-5567[c];TU0-5568[c];TU0-5569[c];TU0-5581[c],1,1772
G7533_RNA,4,TU0-5561[c];TU0-5564[c];TU0-5568[c];TU0-5581[c],1,1772
G7534_RNA,1,TU0-13810[c],1,920
G7535_RNA,1,TU0-13811[c],1,921
G7536_RNA,1,TU0-13811[c],1,921
G7537_RNA,1,G7537_RNA[c],1,2750
G7538_RNA,1,TU0-13813[c],1,922
G7539_RNA,1,TU0-13814[c],1,923
G7541_RNA,1,TU0-13815[c],1,924
G7542_RNA,2,TU0-14536[c];TU0-1962[c],1,1418
G7543_RNA,1,TU0-1962[c],1,1418
G7544_RNA,1,TU0-1962[c],1,1418
G7545_RNA,1,TU0-1962[c],1,1418
G7546_RNA,1,TU0-1963[c],1,1508
G7547_RNA,1,TU0-14233[c],1,1278
G7548_RNA,1,TU0-8836[c],1,2236
G7549_RNA,1,TU0-13816[c],1,925
G7550_RNA,1,TU0-13817[c],1,926
G7551_RNA,1,TU0-13817[c],1,926
G7552_RNA,1,TU0-8752[c],1,2169
G7553_RNA,1,TU0-8753[c],1,2170
G7554_RNA,1,TU00289[c],1,2396
G7555_RNA,1,TU0-13820[c],1,929
G7558_RNA,1,TU0-8754[c],1,2171
G7559_RNA,1,TU0-8656[c],1,2083
G7563_RNA,1,TU0-8657[c],1,2084
G7564_RNA,1,TU0-13823[c],1,931
G7565_RNA,2,TU0-13823[c];TU0-13824[c],1,931
G7566_RNA,1,TU0-13825[c],1,932
G7567_RNA,1,TU0-13826[c],1,933
G7568_RNA,1,TU0-13827[c],1,934
G7570_RNA,1,TU0-13831[c],1,938
G7571_RNA,2,TU0-13832[c];TU0-45150[c],1,939
G7572_RNA,1,TU0-13832[c],1,939
G7573_RNA,1,TU0-13833[c],1,940
G7574_RNA,1,TU0-13834[c],1,941
G7575_RNA,1,TU-8387[c],1,5
G7577_RNA,1,TU0-8758[c],1,2175
G7578_RNA,1,TU0-13837[c],1,944
G7579_RNA,1,TU0-13837[c],1,944
G7580_RNA,1,TU0-13837[c],1,944
G7582_RNA,1,TU0-13841[c],1,947
G7583_RNA,1,TU0-13843[c],1,949
G7584_RNA,1,TU0-13843[c],1,949
G7586_RNA,1,TU0-13843[c],1,949
G7587_RNA,1,TU0-13843[c],1,949
G7588_RNA,1,TU0-13844[c],1,950
G7589_RNA,1,TU0-13844[c],1,950
G7590_RNA,1,TU0-13846[c],1,952
G7593_RNA,1,TU0-8327[c],1,1906
G7594_RNA,1,TU0-8658[c],1,2085
G7595_RNA,1,TU0-1546[c],1,1488
G7596_RNA,1,TU0-3341[c],1,1582
G7597_RNA,1,TU0-8572[c],1,2010
G7598_RNA,1,TU0-13852[c],1,957
G7599_RNA,1,TU0-13852[c],1,957
G7601_RNA,1,TU0-13854[c],1,959
G7602_RNA,1,TU0-13854[c],1,959
G7603_RNA,1,TU0-13855[c],1,960
G7604_RNA,1,TU0-13856[c],1,961
G7605_RNA,1,TU0-13857[c],1,962
G7606_RNA,1,TU0-13858[c],1,963
G7607_RNA,1,TU0-13859[c],1,964
G7608_RNA,1,TU0-13861[c],1,966
G7609_RNA,1,TU0-14286[c],1,1299
G7610_RNA,1,TU0-14286[c],1,1299
G7611_RNA,1,TU0-13863[c],1,967
G7612_RNA,2,TU0-13863[c];TU0-198740[c],1,967
G7613_RNA,1,TU0-13863[c],1,967
G7614_RNA,1,TU0-13863[c],1,967
G7615_RNA,1,TU0-13864[c],1,968
G7616_RNA,1,TU0-13865[c],1,969
G7617_RNA,1,TU0-13866[c],1,970
G7618_RNA,1,TU0-13867[c],1,971
G7619_RNA,1,TU0-8573[c],1,2011
G7620_RNA,1,TU0-13868[c],1,972
G7621_RNA,1,TU0-13868[c],1,972
G7622_RNA,1,TU0-13869[c],1,973
G7624_RNA,2,TU0-14551[c];TU00125[c],1,1425
G7626_RNA,2,TU0-14551[c];TU00125[c],1,1425
G7627_RNA,2,TU0-14551[c];TU00125[c],1,1425
G7629_RNA,1,TU0-13872[c],1,976
G7630_RNA,1,TU0-6582[c],1,1819
G7631_RNA,1,TU0-6581[c],1,1818
G7632_RNA,1,TU0-6581[c],1,1818
G7634_RNA,1,TU0-6583[c],1,1820
G7635_RNA,1,TU0-6583[c],1,1820
G7636_RNA,1,TU0-6583[c],1,1820
G7637_RNA,1,TU0-13873[c],1,977
G7638_RNA,1,TU0-13874[c],1,978
G7639_RNA,1,TU0-13874[c],1,978
G7640_RNA,1,TU0-13874[c],1,978
G7641_RNA,1,TU0-8659[c],1,2086
G7642_RNA,1,TU0-14341[c],1,1333
G7643_RNA,1,TU0-14342[c],1,1334
G7644_RNA,1,TU-8396[c],1,11
G7645_RNA,1,TU0-13875[c],1,979
G7646_RNA,1,TU0-13876[c],1,980
G7647_RNA,1,TU0-8574[c],1,2012
G7648_RNA,1,TU0-8575[c],1,2013
G7649_RNA,1,TU0-8576[c],1,2014
G7650_RNA,1,TU0-13877[c],1,981
G7651_RNA,1,TU0-13877[c],1,981
G7652_RNA,1,TU0-13878[c],1,982
G7653_RNA,1,TU0-13878[c],1,982
G7654_RNA,1,TU0-13879[c],1,983
G7655_RNA,1,TU0-13882[c],1,986
G7656_RNA,1,TU0-42628[c],1,1675
G7657_RNA,2,TU0-13888[c];TU0-42495[c],1,990
G7658_RNA,1,TU0-13889[c],1,991
G7659_RNA,1,TU0-13889[c],1,991
G7662_RNA,2,TU0-14290[c];TU0-36430[c],1,13
G7663_RNA,2,TU0-14291[c];TU0-36430[c],1,13
G7664_RNA,2,TU0-14291[c];TU0-36430[c],1,13
G7665_RNA,4,TU0-14291[c];TU0-14292[c];TU0-198866[c];TU0-36430[c],1,13
G7667_RNA,1,TU0-7781[c],1,1869
G7668_RNA,1,TU0-13890[c],1,992
G7669_RNA,1,TU0-13891[c],1,993
G7670_RNA,1,TU0-13892[c],1,994
G7672_RNA,1,TU0-8832[c],1,2232
G7673_RNA,1,TU0-13893[c],1,995
G7674_RNA,1,TU0-13894[c],1,996
G7675_RNA,1,TU0-1601[c],1,1493
G7676_RNA,1,TU0-1601[c],1,1493
G7677_RNA,1,TU0-1601[c],1,1493
G7678_RNA,1,TU0-13895[c],1,997
G7679_RNA,1,TU0-1902[c],1,1507
G7680_RNA,1,TU0-13896[c],1,998
G7681_RNA,1,TU0-13897[c],1,999
G7682_RNA,2,TU0-13898[c];TU0-42560[c],1,1000
G7683_RNA,1,TU0-13899[c],1,1001
G7684_RNA,1,TU0-13900[c],1,1002
G7685_RNA,1,TU0-13901[c],1,1003
G7686_RNA,1,TU0-13901[c],1,1003
G7687_RNA,1,TU0-13901[c],1,1003
G7688_RNA,1,TU0-8759[c],1,2176
G7689_RNA,1,TU0-13902[c],1,1004
G7690_RNA,1,TU0-13903[c],1,1005
G7693_RNA,1,TU00314[c],1,2402
G7694_RNA,1,TU0-13906[c],1,1008
G7695_RNA,1,TU0-13907[c],1,1009
G7696_RNA,1,TU0-8660[c],1,2087
G7697_RNA,1,TU0-7281[c],1,1848
G7698_RNA,1,TU0-7281[c],1,1848
G7699_RNA,1,TU0-7281[c],1,1848
G7701_RNA,1,TU-8433[c],1,29
G7702_RNA,1,TU0-13913[c],1,1014
G7703_RNA,1,TU0-13913[c],1,1014
G7704_RNA,1,TU0-13913[c],1,1014
G7705_RNA,1,TU0-13913[c],1,1014
G7706_RNA,1,TU0-13913[c],1,1014
G7707_RNA,1,TU0-13913[c],1,1014
G7708_RNA,1,TU0-13913[c],1,1014
G7709_RNA,1,TU0-13913[c],1,1014
G7710_RNA,1,TU0-13913[c],1,1014
G7711_RNA,1,TU0-13913[c],1,1014
G7712_RNA,1,TU0-13915[c],1,1016
G7713_RNA,1,TU0-13915[c],1,1016
G7714_RNA,1,TU0-13915[c],1,1016
G7715_RNA,1,TU0-13915[c],1,1016
G7716_RNA,1,TU0-1063[c],1,42
G7717_RNA,1,TU0-13918[c],1,1018
G7718_RNA,1,TU0-13919[c],1,1019
G7719_RNA,1,TU0-13919[c],1,1019
G7721_RNA,1,TU0-14308[c],1,1314
G7722_RNA,1,TU0-13923[c],1,1022
G7723_RNA,1,TU0-8346[c],1,1692
G7724_RNA,1,TU0-8346[c],1,1692
G7726_RNA,1,TU0-8346[c],1,1692
G7727_RNA,2,TU0-44199[c];TU0-8346[c],1,1692
G7728_RNA,1,TU0-13924[c],1,1023
G7729_RNA,1,TU0-13924[c],1,1023
G7730_RNA,1,TU0-13924[c],1,1023
G7731_RNA,1,TU0-13924[c],1,1023
G7732_RNA,1,TU0-13924[c],1,1023
G7733_RNA,1,TU0-13924[c],1,1023
G7734_RNA,1,TU0-13925[c],1,1024
G7735_RNA,1,TU0-13925[c],1,1024
G7736_RNA,1,TU0-13927[c],1,1026
G7737_RNA,1,TU0-13927[c],1,1026
G7738_RNA,1,TU0-13927[c],1,1026
G7739_RNA,1,TU0-13927[c],1,1026
G7740_RNA,1,TU0-8815[c],1,2216
G7741_RNA,1,TU0-13928[c],1,1027
G7742_RNA,1,TU0-13929[c],1,1028
G7743_RNA,2,TU0-13929[c];TU0-14479[c],1,1028
G7744_RNA,2,TU0-13930[c];TU0-14479[c],1,1028
G7745_RNA,1,TU0-8579[c],1,2017
G7746_RNA,1,TU0-13932[c],1,1030
G7747_RNA,1,TU0-4981[c],1,1391
G7748_RNA,2,TU0-14478[c];TU0-4981[c],1,1391
G7750_RNA,1,TU61[c],1,2504
G7751_RNA,1,TU61[c],1,2504
G7752_RNA,1,TU0-13934[c],1,1032
G7753_RNA,1,TU0-8580[c],1,2018
G7756_RNA,1,TU0-13936[c],1,1034
G7757_RNA,1,TU0-13937[c],1,1035
G7758_RNA,1,TU0-7662[c],1,1864
G7759_RNA,1,TU0-13940[c],1,1036
G7761_RNA,1,TU0-13940[c],1,1036
G7762_RNA,1,TU0-13940[c],1,1036
G7763_RNA,1,TU0-13941[c],1,1037
G7767_RNA,1,TU0-13945[c],1,1041
G7769_RNA,1,TU0-8833[c],1,2233
G7776_RNA,1,TU0-14385[c],1,1360
G7777_RNA,1,TU0-8262[c],1,1895
G7789_RNA,1,TU0-14018[c],1,1103
G7800_RNA,1,TU0-14039[c],1,1120
G7802_RNA,1,TU0-14041[c],1,1122
G7804_RNA,1,TU0-8661[c],1,2088
G7806_RNA,3,TU0-14052[c];TU0-42519[c];tatA[c],1,1133
G7808_RNA,2,TU0-14052[c];TU0-42519[c],1,1133
G7814_RNA,1,TU0-14064[c],1,1143
G7816_RNA,1,G7816_RNA[c],1,2751
G7821_RNA,1,TU0-4502[c],1,1423
G7823_RNA,1,TU0-14133[c],1,1198
G7825_RNA,1,TU0-14136[c],1,1200
G7826_RNA,2,TU0-14431[c];TU0-8347[c],1,1378
G7827_RNA,1,TU0-8347[c],1,1378
G7828_RNA,1,TU0-14137[c],1,1201
G7829_RNA,1,TU0-14137[c],1,1201
G7830_RNA,1,TU0-42545[c],1,1659
G7832_RNA,1,TU0-1721[c],1,1497
G7833_RNA,1,TU0-8610[c],1,2045
G7834_RNA,1,TU0-14141[c],1,1204
G7835_RNA,1,TU0-14142[c],1,1205
G7836_RNA,1,TU0-14143[c],1,1206
G7837_RNA,1,TU0-6484[c],1,1799
G7838_RNA,1,TU0-14148[c],1,1210
G7839_RNA,1,TU0-14148[c],1,1210
G7840_RNA,1,TU0-3424[c],1,1588
G7841_RNA,1,TU0-14150[c],1,1211
G7842_RNA,1,TU0-14151[c],1,1212
G7843_RNA,1,TU0-8611[c],1,2046
G7844_RNA,1,TU0-14152[c],1,1213
G7845_RNA,1,TU0-8502[c],1,1214
G7846_RNA,2,TU0-14153[c];TU0-8502[c],1,1214
G7847_RNA,1,TU0-14153[c],1,1214
G7848_RNA,1,TU0-14154[c],1,1215
G7849_RNA,1,TU0-14154[c],1,1215
G7850_RNA,1,TU0-14154[c],1,1215
G7851_RNA,1,TU0-14155[c],1,1216
G7852_RNA,1,TU0-14156[c],1,1217
G7853_RNA,1,TU0-8612[c],1,2047
G7854_RNA,1,TU0-14157[c],1,1218
G7855_RNA,1,TU0-5163[c],1,1761
G7856_RNA,1,TU0-5162[c],1,1760
G7858_RNA,1,TU0-5162[c],1,1760
G7859_RNA,1,TU0-5162[c],1,1760
G7860_RNA,1,TU0-5162[c],1,1760
G7861_RNA,1,TU0-8613[c],1,2048
G7862_RNA,1,TU0-8614[c],1,2049
G7864_RNA,1,TU0-8663[c],1,2089
G7865_RNA,1,TU0-14158[c],1,1219
G7866_RNA,1,TU-8441[c],1,34
G7867_RNA,1,TU0-14160[c],1,1221
G7868_RNA,1,TU0-14161[c],1,1222
G7869_RNA,1,TU0-8664[c],1,2090
G7870_RNA,1,TU0-14163[c],1,1224
G7871_RNA,1,TU0-6362[c],1,1785
G7872_RNA,1,TU0-8146[c],1,1883
G7873_RNA,1,TU0-14164[c],1,1225
G7874_RNA,1,TU0-14165[c],1,1226
G7875_RNA,1,TU0-14165[c],1,1226
G7876_RNA,2,TU0-14165[c];ytfP[c],1,1226
G7877_RNA,1,TU0-14169[c],1,1229
G7879_RNA,1,TU0-14170[c],1,1230
G7880_RNA,1,TU0-14171[c],1,1231
G7882_RNA,1,TU0-14172[c],1,1232
G7883_RNA,1,TU0-14173[c],1,1233
G7884_RNA,1,TU0-14174[c],1,1234
G7885_RNA,1,TU0-14772[c],1,1469
G7886_RNA,1,TU0-8619[c],1,2052
G7887_RNA,1,TU0-8620[c],1,2053
G7888_RNA,1,TU0-14176[c],1,1236
G7889_RNA,1,TU0-14176[c],1,1236
G7890_RNA,1,TU0-14177[c],1,1237
G7891_RNA,2,TU0-4682[c];TU0-4924[c],1,1746
G7892_RNA,1,TU0-4682[c],1,1746
G7893_RNA,1,TU0-4682[c],1,1746
G7894_RNA,1,TU0-14179[c],1,1238
G7895_RNA,1,TU0-14179[c],1,1238
G7899_RNA,1,TU0-8621[c],1,2054
G7900_RNA,1,TU0-8830[c],1,2230
G7901_RNA,2,TU0-14183[c];TU0-44208[c],1,1239
G7905_RNA,1,TU0-14186[c],1,1240
G7908_RNA,1,TU0-8829[c],1,2229
G7909_RNA,1,TU0-14190[c],1,1241
G7910_RNA,1,TU0-14192[c],1,1243
G7911_RNA,1,TU0-14192[c],1,1243
G7912_RNA,1,TU0-14192[c],1,1243
G7913_RNA,1,TU0-14193[c],1,1244
G7914_RNA,1,TU0-14193[c],1,1244
G7915_RNA,1,TU0-14193[c],1,1244
G7916_RNA,1,TU0-14194[c],1,1245
G7917_RNA,1,TU0-14195[c],1,1246
G7919_RNA,2,TU0-14196[c];TU0-42544[c],1,1247
G7920_RNA,2,TU0-42544[c];TU0-6843[c],1,1247
G7921_RNA,3,TU0-14323[c];TU0-42544[c];TU0-6843[c],1,1247
G7922_RNA,1,TU0-8624[c],1,2055
G7923_RNA,2,TU0-14766[c];TU0-45219[c],1,1467
G7924_RNA,1,TU0-14198[c],1,1248
G7925_RNA,1,TU0-14199[c],1,1249
G7926_RNA,1,TU0-14199[c],1,1249
G7927_RNA,1,TU0-14199[c],1,1249
G7928_RNA,1,TU0-8842[c],1,2241
G7929_RNA,1,TU0-14200[c],1,1250
G7930_RNA,1,TU0-14201[c],1,1251
G7931_RNA,1,TU0-14202[c],1,1252
G7932_RNA,1,TU0-14202[c],1,1252
G7933_RNA,1,TU0-14203[c],1,1253
G7936_RNA,1,TU0-8626[c],1,2056
G7937_RNA,1,TU0-14205[c],1,1254
G7938_RNA,1,TU0-14206[c],1,1255
G7940_RNA,1,TU0-8264[c],1,1897
G7941_RNA,1,TU0-14208[c],1,1256
G7942_RNA,1,TU0-42491[c],1,1643
G7944_RNA,1,TU0-14211[c],1,1259
G7945_RNA,1,TU0-8628[c],1,2058
G7946_RNA,1,TU0-14213[c],1,1261
G7947_RNA,1,TU0-14571[c],1,1429
G7948_RNA,1,TU0-14571[c],1,1429
G7949_RNA,1,TU0-36402[c],1,1599
G7950_RNA,1,TU0-14215[c],1,1262
G7951_RNA,1,TU0-14219[c],1,1266
G7952_RNA,1,TU0-14219[c],1,1266
G7953_RNA,1,TU0-14220[c],1,1268
G7954_RNA,1,TU0-12785[c],1,62
G7961_RNA,1,TU0-42551[c],1,1661
G7990_RNA,1,TU00161[c],1,2332
cysT-tRNA,1,cysT-tRNA[c],1,2752
G81_RNA,1,TU0-14746[c],1,1464
G812_RNA,2,TU0-14501[c];TU0-4783[c],1,1398
G8202_RNA,1,TU0-8538[c],1,1981
G8210_RNA,1,TU00133[c],1,1840
G85_RNA,1,TU0-45226[c],1,1696
GB4478_RNA,1,TU0-14018[c],1,1103
M004_RNA,4,TU872[c];TU874[c];TU875[c];TU877[c],1,2248
M007_RNA,1,TU0-13512[c],1,672
M009_RNA,1,TU0-7202[c],1,1846
M010_RNA,1,TU0-2402[c],1,1558
M011_RNA,1,TU0-2402[c],1,1558
M012_RNA,1,TU0-2402[c],1,1558
M013_RNA,1,TU0-2402[c],1,1558
M014_RNA,1,TU0-2402[c],1,1558
M015_RNA,1,TU0-7202[c],1,1846
RUVA_RNA,1,TU0-6661[c],1,1831
RUVB_RNA,1,TU0-6661[c],1,1831
