label,variant,generation,duration_s,mRNA_initial,mRNA_final,mRNA_change_pct,protein_initial,protein_final,protein_change_pct,total_tl_initiations,total_tc_initiations
V2_G1,2,1,2550.0,2,3,50.0,4,0,-100.0,0,6
V2_G2,2,2,1040.0,3,4,33.33333333333333,6,1,-83.33333333333334,0,0
V2_G3,2,3,1140.0,3,1,-66.66666666666666,3,6,100.0,0,0
V2_G4,2,4,2720.0,1,0,-100.0,8,11,37.5,0,1
V2_G5,2,5,4000.0,0,0,0.0,2,25,1150.0,5,3
V2_G6,2,6,4650.0,0,4,400.0,13,9,-30.76923076923077,0,2
V2_G7,2,7,5280.0,2,0,-100.0,10,9,-10.0,0,0
V2_G8,2,8,5780.0,0,3,300.0,4,28,600.0,1,2
