label,variant,generation,duration_s,mRNA_initial,mRNA_final,mRNA_change_pct,protein_initial,protein_final,protein_change_pct,total_tl_initiations,total_tc_initiations
V2_G1,2,1,2550.0,0,0,0.0,65,222,241.53846153846152,4,0
V2_G2,2,2,1040.0,0,0,0.0,103,116,12.62135922330097,0,0
V2_G3,2,3,1140.0,0,0,0.0,66,89,34.84848484848485,0,1
V2_G4,2,4,2720.0,0,0,0.0,51,49,-3.9215686274509802,0,0
V2_G5,2,5,4000.0,0,0,0.0,26,38,46.15384615384615,0,0
V2_G6,2,6,4650.0,0,0,0.0,17,17,0.0,0,0
V2_G7,2,7,5280.0,0,0,0.0,7,32,357.14285714285717,0,0
V2_G8,2,8,5780.0,0,0,0.0,15,36,140.0,0,0
