project,variant,label,mean_growth_rate,median_growth_rate,std_growth_rate,max_growth_rate,initial_dry_mass,final_dry_mass,max_dry_mass,fold_change_mass,duration_sec,n_timepoints,generations_used,source_file,lineage_seed,gene_id,run_type,ko_gene_id,growth_next_h,current_growth_h,current_dry_mass_g,current_generation,target_generation,gen_step,peak_generation,peak_censored,is_pre_peak,sample_id
gene_knockout_TU_ID_rest_list_rerun,1,KO: EG10214_RNA[c],0.0001715360336983,0.0001854038012611,6.752162282018883e-05,0.0002845724234041,365.9558720748554,521.0503766664133,650.912675368357,1.4238065745802098,26881.0,72,8,growth_rate_summary_gene_knockout_TU_ID_rest_list_rerun12_seed10_all.csv,10,EG10214_RNA[c],KO,EG10214_RNA[c],0.61752972131388,0.61752972131388,365.9558720748554,0,1,1,,False,True,gene_knockout_TU_ID_rest_list_rerun|v1|s10|KO: EG10214_RNA[c]
gene_knockout_TU_ID_rest_list_rerun,2,KO: EG10383_RNA[c],0.0,0.0,0.0,0.0,365.9751743528458,365.9751743528458,365.9751743528458,1.0,0.0,1,8,growth_rate_summary_gene_knockout_TU_ID_rest_list_rerun12_seed10_all.csv,10,EG10383_RNA[c],KO,EG10383_RNA[c],0.0,0.0,365.9751743528458,0,1,1,,False,True,gene_knockout_TU_ID_rest_list_rerun|v2|s10|KO: EG10383_RNA[c]
gene_knockout_TU_ID_rest_list_rerun,3,KO: EG10982_RNA[c],0.0001845305780287,0.0001991771960944,7.305639587498908e-05,0.0002953127893298,366.0585048269513,636.918954633547,674.03603790066,1.7399375953159204,25672.0,68,8,growth_rate_summary_gene_knockout_TU_ID_rest_list_rerun12_seed10_all.csv,10,EG10982_RNA[c],KO,EG10982_RNA[c],0.66431008090332,0.66431008090332,366.0585048269513,0,1,1,,False,True,gene_knockout_TU_ID_rest_list_rerun|v3|s10|KO: EG10982_RNA[c]
gene_knockout_TU_ID_rest_list_rerun,4,KO: EG12662_RNA[c],0.0002008775008435,0.0002254646477997,8.336704625437968e-05,0.0003104816791365,366.0284043329239,572.7729788524832,713.6089450850848,1.564832051480664,22322.0,60,8,growth_rate_summary_gene_knockout_TU_ID_rest_list_rerun12_seed10_all.csv,10,EG12662_RNA[c],KO,EG12662_RNA[c],0.7231590030366,0.7231590030366,366.0284043329239,0,1,1,,False,True,gene_knockout_TU_ID_rest_list_rerun|v4|s10|KO: EG12662_RNA[c]
gene_knockout_TU_ID_rest_list_rerun,5,KO: EG12663_RNA[c],0.0001910460115698,0.0002096707198043,7.814060255576862e-05,0.0002948743989107,366.0407421321289,547.1618076084776,683.3123034282153,1.4948112180664572,23778.0,63,8,growth_rate_summary_gene_knockout_TU_ID_rest_list_rerun12_seed10_all.csv,10,EG12663_RNA[c],KO,EG12663_RNA[c],0.68776564165128,0.68776564165128,366.0407421321289,0,1,1,,False,True,gene_knockout_TU_ID_rest_list_rerun|v5|s10|KO: EG12663_RNA[c]
gene_knockout_TU_ID_rest_list_rerun,6,KO: TU0-1021[c],1.690873839058147e-05,3.839801226094483e-06,3.847437579880388e-05,0.0001390159684227,366.2541719886573,240.80408269327145,466.17773079250514,0.6574780606205054,13472.0,35,8,growth_rate_summary_gene_knockout_TU_ID_rest_list_rerun12_seed10_all.csv,10,TU0-1021[c],KO,TU0-1021[c],0.0608714582060933,0.0608714582060933,366.2541719886573,0,1,1,,False,True,gene_knockout_TU_ID_rest_list_rerun|v6|s10|KO: TU0-1021[c]
gene_knockout_TU_ID_rest_list_rerun,7,KO: TU0-1063[c],0.0002020137847426,0.0002297972252828,8.24928438709461e-05,0.0002738938844785,366.2387854227893,548.8883759376736,699.3711810100035,1.4987172243486773,22384.0,60,8,growth_rate_summary_gene_knockout_TU_ID_rest_list_rerun12_seed10_all.csv,10,TU0-1063[c],KO,TU0-1063[c],0.72724962507336,0.72724962507336,366.2387854227893,0,1,1,,False,True,gene_knockout_TU_ID_rest_list_rerun|v7|s10|KO: TU0-1063[c]
gene_knockout_TU_ID_rest_list_rerun,8,KO: TU0-12797[c],0.0001874081365203,0.0002141826693934,7.449396159672546e-05,0.0002597518542874,366.2207450099576,533.0643220458667,689.8559106735158,1.4555819933995615,24105.0,65,8,growth_rate_summary_gene_knockout_TU_ID_rest_list_rerun12_seed10_all.csv,10,TU0-12797[c],KO,TU0-12797[c],0.67466929147308,0.67466929147308,366.2207450099576,0,1,1,,False,True,gene_knockout_TU_ID_rest_list_rerun|v8|s10|KO: TU0-12797[c]
gene_knockout_TU_ID_rest_list_rerun,9,KO: TU0-12810[c],0.0001913397510671,0.0002155454652149,7.388040278241413e-05,0.000261974932667,365.9361378900751,580.0216460106669,641.1898253396037,1.5850351631160893,24264.0,64,8,growth_rate_summary_gene_knockout_TU_ID_rest_list_rerun12_seed10_all.csv,10,TU0-12810[c],KO,TU0-12810[c],0.6888231038415601,0.6888231038415601,365.9361378900751,0,1,1,,False,True,gene_knockout_TU_ID_rest_list_rerun|v9|s10|KO: TU0-12810[c]
gene_knockout_TU_ID_rest_list_rerun,10,KO: TU0-12812[c],0.000186140515991,0.0002020828067685,7.35040253842986e-05,0.0002865920668439,366.1665468993972,601.9212896039667,722.6788372510027,1.6438456617647874,25030.0,67,8,growth_rate_summary_gene_knockout_TU_ID_rest_list_rerun12_seed10_all.csv,10,TU0-12812[c],KO,TU0-12812[c],0.6701058575676,0.6701058575676,366.1665468993972,0,1,1,,False,True,gene_knockout_TU_ID_rest_list_rerun|v10|s10|KO: TU0-12812[c]
gene_knockout_TU_ID_rest_list_rerun,11,KO: TU0-12827[c],0.0001948055384614,0.0002153553238,8.518029601875602e-05,0.0005607803972338,366.1736937876508,638.0032421292208,644.70168147559,1.742351383928764,24904.0,67,8,growth_rate_summary_gene_knockout_TU_ID_rest_list_rerun12_seed10_all.csv,10,TU0-12827[c],KO,TU0-12827[c],0.70129993846104,0.70129993846104,366.1736937876508,0,1,1,,False,True,gene_knockout_TU_ID_rest_list_rerun|v11|s10|KO: TU0-12827[c]
gene_knockout_TU_ID_rest_list_rerun,12,KO: TU0-12831[c],0.0001999040060771,0.0002251247103823,7.868496419677836e-05,0.0002956839200753,366.0001439161633,621.119589873784,671.2475171785259,1.6970473924623888,23365.0,62,8,growth_rate_summary_gene_knockout_TU_ID_rest_list_rerun12_seed10_all.csv,10,TU0-12831[c],KO,TU0-12831[c],0.71965442187756,0.71965442187756,366.0001439161633,0,1,1,,False,True,gene_knockout_TU_ID_rest_list_rerun|v12|s10|KO: TU0-12831[c]
gene_knockout_TU_ID_rest_list_rerun,13,KO: TU0-12833[c],0.0002022352950944,0.000222473851858,8.17232043968916e-05,0.0002897342683211,365.9880788017223,640.3956344547848,683.0733724877891,1.7497718410706091,23375.0,62,8,growth_rate_summary_gene_knockout_TU_ID_rest_list_rerun12_seed10_all.csv,10,TU0-12833[c],KO,TU0-12833[c],0.72804706233984,0.72804706233984,365.9880788017223,0,1,1,,False,True,gene_knockout_TU_ID_rest_list_rerun|v13|s10|KO: TU0-12833[c]
gene_knockout_TU_ID_rest_list_rerun,14,KO: TU0-12921[c],0.0002072200251218,0.0002278069653475,8.525588755829124e-05,0.0003151282500199,366.2393139614974,721.2195834700983,721.2195834700983,1.969257684733212,23212.0,61,8,growth_rate_summary_gene_knockout_TU_ID_rest_list_rerun12_seed10_all.csv,10,TU0-12921[c],KO,TU0-12921[c],0.74599209043848,0.74599209043848,366.2393139614974,0,1,1,,False,True,gene_knockout_TU_ID_rest_list_rerun|v14|s10|KO: TU0-12921[c]
gene_knockout_TU_ID_rest_list_rerun,15,KO: TU0-12924[c],0.0002004895975367,0.0002291719668462,7.920015794439466e-05,0.0002700155527299,366.29739340520007,594.0015677668996,705.0837310721613,1.621637441219277,23159.0,64,8,growth_rate_summary_gene_knockout_TU_ID_rest_list_rerun12_seed10_all.csv,10,TU0-12924[c],KO,TU0-12924[c],0.7217625511321201,0.7217625511321201,366.29739340520007,0,1,1,,False,True,gene_knockout_TU_ID_rest_list_rerun|v15|s10|KO: TU0-12924[c]
gene_knockout_TU_ID_rest_list_rerun,16,KO: TU0-12942[c],0.0002098266267268,0.0002398197839668,8.413851997724511e-05,0.0002951542614999,366.2297997734584,663.8261608941039,689.8072685381017,1.812594609463053,22320.0,60,8,growth_rate_summary_gene_knockout_TU_ID_rest_list_rerun12_seed10_all.csv,10,TU0-12942[c],KO,TU0-12942[c],0.75537585621648,0.75537585621648,366.2297997734584,0,1,1,,False,True,gene_knockout_TU_ID_rest_list_rerun|v16|s10|KO: TU0-12942[c]
gene_knockout_TU_ID_rest_list_rerun,17,KO: TU0-12947[c],0.0001882037464549,0.0002117591755878,7.238113775428785e-05,0.0002784899492935,366.2050144917888,609.2265150897567,670.2044397173875,1.6636214442208763,24840.0,67,8,growth_rate_summary_gene_knockout_TU_ID_rest_list_rerun12_seed10_all.csv,10,TU0-12947[c],KO,TU0-12947[c],0.67753348723764,0.67753348723764,366.2050144917888,0,1,1,,False,True,gene_knockout_TU_ID_rest_list_rerun|v17|s10|KO: TU0-12947[c]
gene_knockout_TU_ID_rest_list_rerun,18,KO: TU0-12962[c],0.000192966757612,0.0002172295050681,7.492162748657874e-05,0.0002617448670367,366.5304667958016,620.2250290644572,645.959062796971,1.6921513632589562,24038.0,63,8,growth_rate_summary_gene_knockout_TU_ID_rest_list_rerun12_seed10_all.csv,10,TU0-12962[c],KO,TU0-12962[c],0.6946803274032,0.6946803274032,366.5304667958016,0,1,1,,False,True,gene_knockout_TU_ID_rest_list_rerun|v18|s10|KO: TU0-12962[c]
gene_knockout_TU_ID_rest_list_rerun,19,KO: TU0-12963[c],0.0002004966671041,0.0002222184390149,7.67805514460834e-05,0.0002670235289687,366.1464794284333,686.4098355535762,686.4098355535762,1.874686427751769,24071.0,65,8,growth_rate_summary_gene_knockout_TU_ID_rest_list_rerun12_seed10_all.csv,10,TU0-12963[c],KO,TU0-12963[c],0.72178800157476,0.72178800157476,366.1464794284333,0,1,1,,False,True,gene_knockout_TU_ID_rest_list_rerun|v19|s10|KO: TU0-12963[c]
gene_knockout_TU_ID_rest_list_rerun,20,KO: TU0-13010[c],0.0001851737194065,0.0002075047350798,7.014626841429161e-05,0.0002645445053764,365.564852370992,587.9705521184567,641.4452906374656,1.6083891772006496,25288.0,68,8,growth_rate_summary_gene_knockout_TU_ID_rest_list_rerun12_seed10_all.csv,10,TU0-13010[c],KO,TU0-13010[c],0.6666253898634,0.6666253898634,365.564852370992,0,1,1,,False,True,gene_knockout_TU_ID_rest_list_rerun|v20|s10|KO: TU0-13010[c]
gene_knockout_TU_ID_rest_list_rerun,21,KO: TU0-13018[c],0.0002145672796764,0.0002383666910139,9.698197192876548e-05,0.0005741109567826,366.2151774993503,669.968614730072,694.9218335003868,1.829439782656907,22220.0,59,8,growth_rate_summary_gene_knockout_TU_ID_rest_list_rerun12_seed10_all.csv,10,TU0-13018[c],KO,TU0-13018[c],0.77244220683504,0.77244220683504,366.2151774993503,0,1,1,,False,True,gene_knockout_TU_ID_rest_list_rerun|v21|s10|KO: TU0-13018[c]
gene_knockout_TU_ID_rest_list_rerun,22,KO: TU0-13066[c],0.0002049068941984,0.0002291116347127,7.913007057511205e-05,0.0002696241271808,366.1712153238441,700.5988103941361,700.5988103941361,1.9133093511310608,23092.0,63,8,growth_rate_summary_gene_knockout_TU_ID_rest_list_rerun12_seed10_all.csv,10,TU0-13066[c],KO,TU0-13066[c],0.7376648191142401,0.7376648191142401,366.1712153238441,0,1,1,,False,True,gene_knockout_TU_ID_rest_list_rerun|v22|s10|KO: TU0-13066[c]
gene_knockout_TU_ID_rest_list_rerun,23,KO: TU0-13069[c],0.0001966163799992,0.0002160119633595,7.956870639016279e-05,0.0002878752162495,366.2542895747729,679.2235311968677,761.347133482843,1.8545135184231076,23895.0,64,8,growth_rate_summary_gene_knockout_TU_ID_rest_list_rerun12_seed10_all.csv,10,TU0-13069[c],KO,TU0-13069[c],0.7078189679971201,0.7078189679971201,366.2542895747729,0,1,1,,False,True,gene_knockout_TU_ID_rest_list_rerun|v23|s10|KO: TU0-13069[c]
gene_knockout_TU_ID_rest_list_rerun,24,KO: TU0-13078[c],0.0001979225354204,0.0002190738537026,7.86439722134e-05,0.0002610360887363,366.261561913505,599.3596149842351,735.5433854431578,1.636425105197847,23468.0,62,8,growth_rate_summary_gene_knockout_TU_ID_rest_list_rerun12_seed10_all.csv,10,TU0-13078[c],KO,TU0-13078[c],0.71252112751344,0.71252112751344,366.261561913505,0,1,1,,False,True,gene_knockout_TU_ID_rest_list_rerun|v24|s10|KO: TU0-13078[c]
gene_knockout_TU_ID_rest_list_rerun,25,KO: TU0-13080[c],0.0003838105863608,9.35041008268533e-05,0.0005692924602038,0.0025404298065675,366.0232361021433,4532.869457787649,4532.869457787649,12.38410300411282,10559.0,28,8,growth_rate_summary_gene_knockout_TU_ID_rest_list_rerun12_seed10_all.csv,10,TU0-13080[c],KO,TU0-13080[c],1.3817181108988799,1.3817181108988799,366.0232361021433,0,1,1,,False,True,gene_knockout_TU_ID_rest_list_rerun|v25|s10|KO: TU0-13080[c]
gene_knockout_TU_ID_rest_list_rerun,26,KO: TU0-13084[c],0.0002003834260297,0.0002272017180275,7.820311531840985e-05,0.0002757948419888,366.2096431395838,678.5307898099352,684.6904788094425,1.8528479588706723,23661.0,63,8,growth_rate_summary_gene_knockout_TU_ID_rest_list_rerun12_seed10_all.csv,10,TU0-13084[c],KO,TU0-13084[c],0.72138033370692,0.72138033370692,366.2096431395838,0,1,1,,False,True,gene_knockout_TU_ID_rest_list_rerun|v26|s10|KO: TU0-13084[c]
gene_knockout_TU_ID_rest_list_rerun,27,KO: TU0-13087[c],0.0001967307364938,0.0002192404448214,7.741839515699944e-05,0.0002733743266876,365.9821508142368,636.444441110878,665.5455628155091,1.7390040462216994,23545.0,63,8,growth_rate_summary_gene_knockout_TU_ID_rest_list_rerun12_seed10_all.csv,10,TU0-13087[c],KO,TU0-13087[c],0.70823065137768,0.70823065137768,365.9821508142368,0,1,1,,False,True,gene_knockout_TU_ID_rest_list_rerun|v27|s10|KO: TU0-13087[c]
gene_knockout_TU_ID_rest_list_rerun,28,KO: TU0-13093[c],0.0003663848284932,0.0001095321546408,0.0004671832123137,0.0016663362482654,366.94432893862336,4869.687327610123,4869.687327610123,13.27091589532277,10256.0,27,8,growth_rate_summary_gene_knockout_TU_ID_rest_list_rerun12_seed10_all.csv,10,TU0-13093[c],KO,TU0-13093[c],1.31898538257552,1.31898538257552,366.94432893862336,0,1,1,,False,True,gene_knockout_TU_ID_rest_list_rerun|v28|s10|KO: TU0-13093[c]
gene_knockout_TU_ID_rest_list_rerun,29,KO: TU0-13100[c],0.0001991081981763,0.0002259754404731,7.815792226028693e-05,0.0002858561186316,366.220825581417,577.0974042908822,684.1929278978455,1.575818096566941,23300.0,63,8,growth_rate_summary_gene_knockout_TU_ID_rest_list_rerun12_seed10_all.csv,10,TU0-13100[c],KO,TU0-13100[c],0.71678951343468,0.71678951343468,366.220825581417,0,1,1,,False,True,gene_knockout_TU_ID_rest_list_rerun|v29|s10|KO: TU0-13100[c]
gene_knockout_TU_ID_rest_list_rerun,30,KO: TU0-13106[c],0.0002038067983277,0.000231928901895,8.19691605365896e-05,0.0002838630246388,365.8930484118507,663.1971648081837,679.8573594062946,1.812543768422969,23091.0,61,8,growth_rate_summary_gene_knockout_TU_ID_rest_list_rerun12_seed10_all.csv,10,TU0-13106[c],KO,TU0-13106[c],0.7337044739797199,0.7337044739797199,365.8930484118507,0,1,1,,False,True,gene_knockout_TU_ID_rest_list_rerun|v30|s10|KO: TU0-13106[c]
gene_knockout_TU_ID_rest_list_rerun,31,KO: TU0-13135[c],0.0002443025619392,0.0002623947877405,6.47720421338549e-05,0.0002830764361149,366.1028361133358,5039.163667697585,5039.163667697585,13.76433933480262,12672.0,33,8,growth_rate_summary_gene_knockout_TU_ID_rest_list_rerun12_seed10_all.csv,10,TU0-13135[c],KO,TU0-13135[c],0.87948922298112,0.87948922298112,366.1028361133358,0,1,1,,False,True,gene_knockout_TU_ID_rest_list_rerun|v31|s10|KO: TU0-13135[c]
gene_knockout_TU_ID_rest_list_rerun,32,KO: TU0-13182[c],0.0002097005428726,0.0002391869930638,8.622626961240404e-05,0.0002810491422564,366.2305645244153,641.2726454582075,694.4513769312146,1.7510079921673392,22130.0,58,8,growth_rate_summary_gene_knockout_TU_ID_rest_list_rerun12_seed10_all.csv,10,TU0-13182[c],KO,TU0-13182[c],0.75492195434136,0.75492195434136,366.2305645244153,0,1,1,,False,True,gene_knockout_TU_ID_rest_list_rerun|v32|s10|KO: TU0-13182[c]
gene_knockout_TU_ID_rest_list_rerun,33,KO: TU0-13189[c],0.0002040838324516,0.0002289752181232,8.06997068409675e-05,0.0002847489492552,366.2299495284267,661.1536391709546,716.6700232630883,1.8052964811378325,23086.0,62,8,growth_rate_summary_gene_knockout_TU_ID_rest_list_rerun12_seed10_all.csv,10,TU0-13189[c],KO,TU0-13189[c],0.73470179682576,0.73470179682576,366.2299495284267,0,1,1,,False,True,gene_knockout_TU_ID_rest_list_rerun|v33|s10|KO: TU0-13189[c]
gene_knockout_TU_ID_rest_list_rerun,34,KO: TU0-13209[c],0.0001968789468486,0.0002244738249062,8.266515037582195e-05,0.0002784326330588,366.1401767398062,577.6750956827982,735.3382012311704,1.5777429858327654,23265.0,62,8,growth_rate_summary_gene_knockout_TU_ID_rest_list_rerun12_seed10_all.csv,10,TU0-13209[c],KO,TU0-13209[c],0.70876420865496,0.70876420865496,366.1401767398062,0,1,1,,False,True,gene_knockout_TU_ID_rest_list_rerun|v34|s10|KO: TU0-13209[c]
gene_knockout_TU_ID_rest_list_rerun,35,KO: TU0-13215[c],0.0002150535854315,0.0002320743447691,9.905129335131176e-05,0.0005920156008319,365.9309994188594,655.60724417252,796.4850466869443,1.7916143896354777,22207.0,60,8,growth_rate_summary_gene_knockout_TU_ID_rest_list_rerun12_seed10_all.csv,10,TU0-13215[c],KO,TU0-13215[c],0.7741929075534,0.7741929075534,365.9309994188594,0,1,1,,False,True,gene_knockout_TU_ID_rest_list_rerun|v35|s10|KO: TU0-13215[c]
gene_knockout_TU_ID_rest_list_rerun,36,KO: TU0-13350[c],0.0002093628854746,0.0002312315439234,8.613265207592134e-05,0.0003250632719797,366.2120509005214,668.3852220346637,738.1777305292333,1.8251316973078675,22181.0,59,8,growth_rate_summary_gene_knockout_TU_ID_rest_list_rerun12_seed10_all.csv,10,TU0-13350[c],KO,TU0-13350[c],0.75370638770856,0.75370638770856,366.2120509005214,0,1,1,,False,True,gene_knockout_TU_ID_rest_list_rerun|v36|s10|KO: TU0-13350[c]
gene_knockout_TU_ID_rest_list_rerun,37,KO: TU0-13373[c],0.0001943267636553,0.0002119816941989,7.579594795894505e-05,0.0003457124468683,366.5998397797133,612.6522626170745,671.1873598043512,1.6711743872698144,24546.0,67,8,growth_rate_summary_gene_knockout_TU_ID_rest_list_rerun12_seed10_all.csv,10,TU0-13373[c],KO,TU0-13373[c],0.69957634915908,0.69957634915908,366.5998397797133,0,1,1,,False,True,gene_knockout_TU_ID_rest_list_rerun|v37|s10|KO: TU0-13373[c]
gene_knockout_TU_ID_rest_list_rerun,38,KO: TU0-13440[c],0.0002036118738735,0.000230289671251,7.92327426788256e-05,0.0002603320935306,366.1015735460464,650.9046898154397,703.8740215367152,1.77793469585722,23025.0,62,8,growth_rate_summary_gene_knockout_TU_ID_rest_list_rerun12_seed10_all.csv,10,TU0-13440[c],KO,TU0-13440[c],0.7330027459446,0.7330027459446,366.1015735460464,0,1,1,,False,True,gene_knockout_TU_ID_rest_list_rerun|v38|s10|KO: TU0-13440[c]
gene_knockout_TU_ID_rest_list_rerun,39,KO: TU0-13444[c],0.0003708890446784,0.0001252486637517,0.0005172459886153,0.0023867404077206,366.22576533517497,3956.495918483072,3956.495918483072,10.803434091705784,10613.0,28,8,growth_rate_summary_gene_knockout_TU_ID_rest_list_rerun12_seed10_all.csv,10,TU0-13444[c],KO,TU0-13444[c],1.33520056084224,1.33520056084224,366.22576533517497,0,1,1,,False,True,gene_knockout_TU_ID_rest_list_rerun|v39|s10|KO: TU0-13444[c]
gene_knockout_TU_ID_rest_list_rerun,40,KO: TU0-13499[c],0.0002023793785115,0.0002169875886349,9.927045155333356e-05,0.0005881361478892,366.3631541211854,624.7318520768633,681.2633278956134,1.7052256621587412,24235.0,65,8,growth_rate_summary_gene_knockout_TU_ID_rest_list_rerun12_seed10_all.csv,10,TU0-13499[c],KO,TU0-13499[c],0.7285657626414,0.7285657626414,366.3631541211854,0,1,1,,False,True,gene_knockout_TU_ID_rest_list_rerun|v40|s10|KO: TU0-13499[c]
gene_knockout_TU_ID_rest_list_rerun,41,KO: TU0-13514[c],0.0002032188342935,0.0002224288511358,8.28611468852156e-05,0.0002978235349462,366.01998437097166,624.577627762269,770.6087111931135,1.706403077514046,22663.0,61,8,growth_rate_summary_gene_knockout_TU_ID_rest_list_rerun12_seed10_all.csv,10,TU0-13514[c],KO,TU0-13514[c],0.7315878034566,0.7315878034566,366.01998437097166,0,1,1,,False,True,gene_knockout_TU_ID_rest_list_rerun|v41|s10|KO: TU0-13514[c]
gene_knockout_TU_ID_rest_list_rerun,42,KO: TU0-13519[c],4.52885583838357e-05,4.034770761659576e-05,2.698715006778028e-05,0.0001691857218937,365.95781429543024,280.3844423684212,442.02508050135793,0.7661660208246642,22475.0,58,8,growth_rate_summary_gene_knockout_TU_ID_rest_list_rerun12_seed10_all.csv,10,TU0-13519[c],KO,TU0-13519[c],0.16303881018180852,0.16303881018180852,365.95781429543024,0,1,1,,False,True,gene_knockout_TU_ID_rest_list_rerun|v42|s10|KO: TU0-13519[c]
gene_knockout_TU_ID_rest_list_rerun,43,KO: TU0-13539[c],0.0002221051645416,0.0002474505082804,9.383988343164588e-05,0.0003251643316231,365.52285238767854,701.4268649185842,817.3114966286948,1.9189685688232736,20979.0,56,8,growth_rate_summary_gene_knockout_TU_ID_rest_list_rerun12_seed10_all.csv,10,TU0-13539[c],KO,TU0-13539[c],0.7995785923497599,0.7995785923497599,365.52285238767854,0,1,1,,False,True,gene_knockout_TU_ID_rest_list_rerun|v43|s10|KO: TU0-13539[c]
gene_knockout_TU_ID_rest_list_rerun,44,KO: TU0-13552[c],0.0001752936745767,0.0001982662890794,6.866066196872927e-05,0.0002778123778869,366.3172664472497,518.19101458625,640.3679612684366,1.414596204028156,25889.0,69,8,growth_rate_summary_gene_knockout_TU_ID_rest_list_rerun12_seed10_all.csv,10,TU0-13552[c],KO,TU0-13552[c],0.63105722847612,0.63105722847612,366.3172664472497,0,1,1,,False,True,gene_knockout_TU_ID_rest_list_rerun|v44|s10|KO: TU0-13552[c]
gene_knockout_TU_ID_rest_list_rerun,45,KO: TU0-13565[c],0.0002069131001489,0.0002365265734844,8.214557060081038e-05,0.0002778450113722,366.0085430369354,642.5205466036864,697.075440740042,1.7554796433777422,22754.0,61,8,growth_rate_summary_gene_knockout_TU_ID_rest_list_rerun12_seed10_all.csv,10,TU0-13565[c],KO,TU0-13565[c],0.74488716053604,0.74488716053604,366.0085430369354,0,1,1,,False,True,gene_knockout_TU_ID_rest_list_rerun|v45|s10|KO: TU0-13565[c]
gene_knockout_TU_ID_rest_list_rerun,46,KO: TU0-13580[c],0.000210685516783,0.0002399684405594,8.433966022426163e-05,0.0002903102228888,365.8761099543683,659.5158654958459,704.7826986481696,1.8025660805732848,22472.0,60,8,growth_rate_summary_gene_knockout_TU_ID_rest_list_rerun12_seed10_all.csv,10,TU0-13580[c],KO,TU0-13580[c],0.7584678604188,0.7584678604188,365.8761099543683,0,1,1,,False,True,gene_knockout_TU_ID_rest_list_rerun|v46|s10|KO: TU0-13580[c]
gene_knockout_TU_ID_rest_list_rerun,47,KO: TU0-13593[c],4.4346880142508725e-05,3.8180026575928805e-05,2.0577862179736357e-05,0.0001239093484479,366.2308021943298,263.68942622298994,445.0923598370889,0.7200088704801808,21344.0,55,8,growth_rate_summary_gene_knockout_TU_ID_rest_list_rerun12_seed10_all.csv,10,TU0-13593[c],KO,TU0-13593[c],0.15964876851303142,0.15964876851303142,366.2308021943298,0,1,1,,False,True,gene_knockout_TU_ID_rest_list_rerun|v47|s10|KO: TU0-13593[c]
gene_knockout_TU_ID_rest_list_rerun,48,KO: TU0-13627[c],0.0001959334881349,0.0002164777198659,7.894369205728015e-05,0.0002665801505182,365.9568102540403,582.906574401652,733.4912806209497,1.5928288750713762,23139.0,62,8,growth_rate_summary_gene_knockout_TU_ID_rest_list_rerun12_seed10_all.csv,10,TU0-13627[c],KO,TU0-13627[c],0.7053605572856401,0.7053605572856401,365.9568102540403,0,1,1,,False,True,gene_knockout_TU_ID_rest_list_rerun|v48|s10|KO: TU0-13627[c]
gene_knockout_TU_ID_rest_list_rerun,49,KO: TU0-13637[c],0.0001993928758939,0.0002253622753591,8.339055751662499e-05,0.0003091286524499,366.1094758784684,648.4882920864509,701.5731327799995,1.7712961144488906,23589.0,62,8,growth_rate_summary_gene_knockout_TU_ID_rest_list_rerun12_seed10_all.csv,10,TU0-13637[c],KO,TU0-13637[c],0.71781435321804,0.71781435321804,366.1094758784684,0,1,1,,False,True,gene_knockout_TU_ID_rest_list_rerun|v49|s10|KO: TU0-13637[c]
gene_knockout_TU_ID_rest_list_rerun,50,KO: TU0-13642[c],4.303507734150993e-05,3.769689764381225e-05,1.8434411852815063e-05,8.739021805377712e-05,366.2237787301409,256.5882716894632,448.73394907144257,0.7006324727989203,21226.0,55,8,growth_rate_summary_gene_knockout_TU_ID_rest_list_rerun12_seed10_all.csv,10,TU0-13642[c],KO,TU0-13642[c],0.15492627842943574,0.15492627842943574,366.2237787301409,0,1,1,,False,True,gene_knockout_TU_ID_rest_list_rerun|v50|s10|KO: TU0-13642[c]
gene_knockout_TU_ID_rest_list_rerun,51,KO: TU0-13651[c],0.0002170888722178,0.0002500402185838,8.912755566540098e-05,0.0002908714194487,366.2423560420872,624.6246535805601,1360.686329543997,1.705495400179166,21477.0,57,8,growth_rate_summary_gene_knockout_TU_ID_rest_list_rerun12_seed10_all.csv,10,TU0-13651[c],KO,TU0-13651[c],0.7815199399840801,0.7815199399840801,366.2423560420872,0,1,1,,False,True,gene_knockout_TU_ID_rest_list_rerun|v51|s10|KO: TU0-13651[c]
gene_knockout_TU_ID_rest_list_rerun,52,KO: TU0-13713[c],0.0002096490474564,0.000241380481838,8.510539506970543e-05,0.000297048220286,366.2146177453702,620.0177769230195,699.6252308323667,1.6930448618905736,22203.0,59,8,growth_rate_summary_gene_knockout_TU_ID_rest_list_rerun12_seed10_all.csv,10,TU0-13713[c],KO,TU0-13713[c],0.7547365708430399,0.7547365708430399,366.2146177453702,0,1,1,,False,True,gene_knockout_TU_ID_rest_list_rerun|v52|s10|KO: TU0-13713[c]
gene_knockout_TU_ID_rest_list_rerun,53,KO: TU0-13736[c],0.0001946151310991,0.0002174943942133,7.781749684114294e-05,0.0002653755967291,366.1652289028598,569.1282284767487,673.7612576889439,1.5542934816121854,23592.0,62,8,growth_rate_summary_gene_knockout_TU_ID_rest_list_rerun12_seed10_all.csv,10,TU0-13736[c],KO,TU0-13736[c],0.7006144719567601,0.7006144719567601,366.1652289028598,0,1,1,,False,True,gene_knockout_TU_ID_rest_list_rerun|v53|s10|KO: TU0-13736[c]
gene_knockout_TU_ID_rest_list_rerun,54,KO: TU0-13741[c],0.0002009953158304,0.0002225067982513,7.95583174337505e-05,0.0002992190571466,366.1738808140483,661.53213441415,697.998706192415,1.8066065579103705,23479.0,64,8,growth_rate_summary_gene_knockout_TU_ID_rest_list_rerun12_seed10_all.csv,10,TU0-13741[c],KO,TU0-13741[c],0.72358313698944,0.72358313698944,366.1738808140483,0,1,1,,False,True,gene_knockout_TU_ID_rest_list_rerun|v54|s10|KO: TU0-13741[c]
gene_knockout_TU_ID_rest_list_rerun,55,KO: TU0-13783[c],0.0001784575758904,0.0001991752097909,6.874015441415301e-05,0.0002699723441438,366.0716859534766,603.2990995315242,648.78778759527,1.6480354058527116,26209.0,70,8,growth_rate_summary_gene_knockout_TU_ID_rest_list_rerun12_seed10_all.csv,10,TU0-13783[c],KO,TU0-13783[c],0.64244727320544,0.64244727320544,366.0716859534766,0,1,1,,False,True,gene_knockout_TU_ID_rest_list_rerun|v55|s10|KO: TU0-13783[c]
gene_knockout_TU_ID_rest_list_rerun,56,KO: TU0-13785[c],0.0001999025763333,0.0002200367618441,8.259210838006803e-05,0.0002935928853419,366.0807434701677,563.6041610903246,727.1062012719531,1.5395624357287545,22788.0,61,8,growth_rate_summary_gene_knockout_TU_ID_rest_list_rerun12_seed10_all.csv,10,TU0-13785[c],KO,TU0-13785[c],0.71964927479988,0.71964927479988,366.0807434701677,0,1,1,,False,True,gene_knockout_TU_ID_rest_list_rerun|v56|s10|KO: TU0-13785[c]
gene_knockout_TU_ID_rest_list_rerun,57,KO: TU0-13792[c],0.0002040851253049,0.0002291552556899,8.041915866409657e-05,0.0002845488517039,365.5674814499925,602.1574058689325,697.8612252393066,1.6471853663803089,22822.0,62,8,growth_rate_summary_gene_knockout_TU_ID_rest_list_rerun12_seed10_all.csv,10,TU0-13792[c],KO,TU0-13792[c],0.73470645109764,0.73470645109764,365.5674814499925,0,1,1,,False,True,gene_knockout_TU_ID_rest_list_rerun|v57|s10|KO: TU0-13792[c]
gene_knockout_TU_ID_rest_list_rerun,58,KO: TU0-13807[c],0.0001869454891141,0.0002010803167258,7.380006951430614e-05,0.0003284719153346,366.17886190671857,700.6317314233568,700.6317314233568,1.9133593014493493,26138.0,68,8,growth_rate_summary_gene_knockout_TU_ID_rest_list_rerun12_seed10_all.csv,10,TU0-13807[c],KO,TU0-13807[c],0.67300376081076,0.67300376081076,366.17886190671857,0,1,1,,False,True,gene_knockout_TU_ID_rest_list_rerun|v58|s10|KO: TU0-13807[c]
gene_knockout_TU_ID_rest_list_rerun,59,KO: TU0-13823[c],0.0001989699076435,0.0002234788436805,7.643124367997426e-05,0.0002585323914699,365.7044738814262,624.9298374417535,701.5570661068775,1.708838371073297,23703.0,64,8,growth_rate_summary_gene_knockout_TU_ID_rest_list_rerun12_seed10_all.csv,10,TU0-13823[c],KO,TU0-13823[c],0.7162916675166,0.7162916675166,365.7044738814262,0,1,1,,False,True,gene_knockout_TU_ID_rest_list_rerun|v59|s10|KO: TU0-13823[c]
gene_knockout_TU_ID_rest_list_rerun,60,KO: TU0-13837[c],0.0002220308731659,0.0002462696802866,0.0001001969390529,0.0005765709978763,366.1731828939157,700.6470868482438,752.2910120455165,1.9134309107808931,21744.0,59,8,growth_rate_summary_gene_knockout_TU_ID_rest_list_rerun12_seed10_all.csv,10,TU0-13837[c],KO,TU0-13837[c],0.79931114339724,0.79931114339724,366.1731828939157,0,1,1,,False,True,gene_knockout_TU_ID_rest_list_rerun|v60|s10|KO: TU0-13837[c]
gene_knockout_TU_ID_rest_list_rerun,61,KO: TU0-13839[c],0.0001941136798237,0.0002167986673422,7.571167240535603e-05,0.0002810177982649,366.1633282775082,648.1918982781531,675.4496465683378,1.770226148334824,24733.0,67,8,growth_rate_summary_gene_knockout_TU_ID_rest_list_rerun12_seed10_all.csv,10,TU0-13839[c],KO,TU0-13839[c],0.69880924736532,0.69880924736532,366.1633282775082,0,1,1,,False,True,gene_knockout_TU_ID_rest_list_rerun|v61|s10|KO: TU0-13839[c]
gene_knockout_TU_ID_rest_list_rerun,62,KO: TU0-13848[c],0.0001999311928486,0.0002214599766942,7.906306037666127e-05,0.0002882261339213,366.1386700394052,613.4687906204574,726.5314529838879,1.6755094198447646,23378.0,63,8,growth_rate_summary_gene_knockout_TU_ID_rest_list_rerun12_seed10_all.csv,10,TU0-13848[c],KO,TU0-13848[c],0.71975229425496,0.71975229425496,366.1386700394052,0,1,1,,False,True,gene_knockout_TU_ID_rest_list_rerun|v62|s10|KO: TU0-13848[c]
gene_knockout_TU_ID_rest_list_rerun,63,KO: TU0-13883[c],0.0001914628147279,0.0002098626531333,7.435942425391276e-05,0.0002867815114529,366.1693636467862,558.543611897159,681.1425291822447,1.525369589455716,24082.0,65,8,growth_rate_summary_gene_knockout_TU_ID_rest_list_rerun12_seed10_all.csv,10,TU0-13883[c],KO,TU0-13883[c],0.6892661330204399,0.6892661330204399,366.1693636467862,0,1,1,,False,True,gene_knockout_TU_ID_rest_list_rerun|v63|s10|KO: TU0-13883[c]
gene_knockout_TU_ID_rest_list_rerun,64,KO: TU0-13885[c],0.000206561114637,0.0002351900471046,8.062783699320657e-05,0.0002773399334515,366.1465077879533,690.1637970101399,690.1637970101399,1.884938903773008,22817.0,62,8,growth_rate_summary_gene_knockout_TU_ID_rest_list_rerun12_seed10_all.csv,10,TU0-13885[c],KO,TU0-13885[c],0.7436200126932,0.7436200126932,366.1465077879533,0,1,1,,False,True,gene_knockout_TU_ID_rest_list_rerun|v64|s10|KO: TU0-13885[c]
gene_knockout_TU_ID_rest_list_rerun,65,KO: TU0-13929[c],0.0001916469710152,0.0002117168395355,7.463957556596562e-05,0.0002654955036279,366.1913733807395,584.1044947999785,668.5406763130554,1.5950798878942147,24392.0,66,8,growth_rate_summary_gene_knockout_TU_ID_rest_list_rerun12_seed10_all.csv,10,TU0-13929[c],KO,TU0-13929[c],0.68992909565472,0.68992909565472,366.1913733807395,0,1,1,,False,True,gene_knockout_TU_ID_rest_list_rerun|v65|s10|KO: TU0-13929[c]
gene_knockout_TU_ID_rest_list_rerun,66,KO: TU0-13935[c],4.3940927726289416e-05,4.237047291976947e-05,1.885313745446643e-05,9.648133947809924e-05,366.1530349454039,254.4909990656031,449.5479704566869,0.6950399826770508,20970.0,54,8,growth_rate_summary_gene_knockout_TU_ID_rest_list_rerun12_seed10_all.csv,10,TU0-13935[c],KO,TU0-13935[c],0.1581873398146419,0.1581873398146419,366.1530349454039,0,1,1,,False,True,gene_knockout_TU_ID_rest_list_rerun|v66|s10|KO: TU0-13935[c]
gene_knockout_TU_ID_rest_list_rerun,67,KO: TU0-13984[c],0.0004767446255487,0.0002044667555961,0.0023871430234817,0.0200063269310004,366.0512989265567,693.4837472623221,693.4837472623221,1.8944988019328417,25832.0,68,8,growth_rate_summary_gene_knockout_TU_ID_rest_list_rerun12_seed10_all.csv,10,TU0-13984[c],KO,TU0-13984[c],1.71628065197532,1.71628065197532,366.0512989265567,0,1,1,,False,True,gene_knockout_TU_ID_rest_list_rerun|v67|s10|KO: TU0-13984[c]
gene_knockout_TU_ID_rest_list_rerun,68,KO: TU0-14004[c],0.0001007938864779,0.0001055145700939,3.920622666240281e-05,0.0001398628097379,366.1535981694029,531.6414154319273,531.6414154319273,1.4519628322373077,3200.0,9,8,growth_rate_summary_gene_knockout_TU_ID_rest_list_rerun12_seed10_all.csv,10,TU0-14004[c],KO,TU0-14004[c],0.36285799132044,0.36285799132044,366.1535981694029,0,1,1,,False,True,gene_knockout_TU_ID_rest_list_rerun|v68|s10|KO: TU0-14004[c]
gene_knockout_TU_ID_rest_list_rerun,69,KO: TU0-14018[c],0.0002157506434213,0.0002429775942302,9.043197496770644e-05,0.0003151086028415,366.19087326361694,675.8781854678607,740.0968596862053,1.845699155318115,21156.0,57,8,growth_rate_summary_gene_knockout_TU_ID_rest_list_rerun12_seed10_all.csv,10,TU0-14018[c],KO,TU0-14018[c],0.77670231631668,0.77670231631668,366.19087326361694,0,1,1,,False,True,gene_knockout_TU_ID_rest_list_rerun|v69|s10|KO: TU0-14018[c]
gene_knockout_TU_ID_rest_list_rerun,70,KO: TU0-14042[c],4.3344347815497375e-05,3.44491048637754e-05,2.220627354048308e-05,0.0001013898783244,366.0842890091484,250.48339776069088,448.9981613298776,0.6842232930526864,21269.0,55,8,growth_rate_summary_gene_knockout_TU_ID_rest_list_rerun12_seed10_all.csv,10,TU0-14042[c],KO,TU0-14042[c],0.15603965213579055,0.15603965213579055,366.0842890091484,0,1,1,,False,True,gene_knockout_TU_ID_rest_list_rerun|v70|s10|KO: TU0-14042[c]
gene_knockout_TU_ID_rest_list_rerun,71,KO: TU0-14049[c],0.0001954530178384,0.0002170050895448,7.603654649074879e-05,0.00026294655174,365.74661638378495,617.6802361546443,708.2823551427473,1.6888200969889506,23762.0,64,8,growth_rate_summary_gene_knockout_TU_ID_rest_list_rerun12_seed10_all.csv,10,TU0-14049[c],KO,TU0-14049[c],0.7036308642182401,0.7036308642182401,365.74661638378495,0,1,1,,False,True,gene_knockout_TU_ID_rest_list_rerun|v71|s10|KO: TU0-14049[c]
gene_knockout_TU_ID_rest_list_rerun,72,KO: TU0-14070[c],0.0001981701360078,0.0002270773661529,7.939589676246113e-05,0.0002778497650742,366.09634304224414,581.1359500564231,682.439214348909,1.5873852910608437,23009.0,61,8,growth_rate_summary_gene_knockout_TU_ID_rest_list_rerun12_seed10_all.csv,10,TU0-14070[c],KO,TU0-14070[c],0.71341248962808,0.71341248962808,366.09634304224414,0,1,1,,False,True,gene_knockout_TU_ID_rest_list_rerun|v72|s10|KO: TU0-14070[c]
gene_knockout_TU_ID_rest_list_rerun,73,KO: TU0-14099[c],0.0001956186492321,0.0002153256904124,7.717509262191245e-05,0.0002970040140245,366.1080836764087,581.269445781563,689.8527942722992,1.5876990203126151,23679.0,63,8,growth_rate_summary_gene_knockout_TU_ID_rest_list_rerun12_seed10_all.csv,10,TU0-14099[c],KO,TU0-14099[c],0.70422713723556,0.70422713723556,366.1080836764087,0,1,1,,False,True,gene_knockout_TU_ID_rest_list_rerun|v73|s10|KO: TU0-14099[c]
gene_knockout_TU_ID_rest_list_rerun,74,KO: TU0-14120[c],0.0002064205276674,0.0002370623711693,8.406421900539014e-05,0.0002969486466358,365.89992601998256,583.5597120590833,718.0886797397243,1.5948615196692164,22030.0,59,8,growth_rate_summary_gene_knockout_TU_ID_rest_list_rerun12_seed10_all.csv,10,TU0-14120[c],KO,TU0-14120[c],0.74311389960264,0.74311389960264,365.89992601998256,0,1,1,,False,True,gene_knockout_TU_ID_rest_list_rerun|v74|s10|KO: TU0-14120[c]
gene_knockout_TU_ID_rest_list_rerun,75,KO: TU0-14121[c],0.0001811978290736,0.0001951229815341,8.029840095882483e-05,0.0005494352621128,365.9078301953243,611.0082653728175,630.6958788449476,1.6698420065147466,26134.0,69,8,growth_rate_summary_gene_knockout_TU_ID_rest_list_rerun12_seed10_all.csv,10,TU0-14121[c],KO,TU0-14121[c],0.65231218466496,0.65231218466496,365.9078301953243,0,1,1,,False,True,gene_knockout_TU_ID_rest_list_rerun|v75|s10|KO: TU0-14121[c]
gene_knockout_TU_ID_rest_list_rerun,76,KO: TU0-14151[c],0.0002024846089061,0.0002251883576913,8.277129701785206e-05,0.0002819624178017,366.1132304239633,634.4486516739919,726.5993620868223,1.732930140053374,22728.0,60,8,growth_rate_summary_gene_knockout_TU_ID_rest_list_rerun12_seed10_all.csv,10,TU0-14151[c],KO,TU0-14151[c],0.72894459206196,0.72894459206196,366.1132304239633,0,1,1,,False,True,gene_knockout_TU_ID_rest_list_rerun|v76|s10|KO: TU0-14151[c]
gene_knockout_TU_ID_rest_list_rerun,77,KO: TU0-14158[c],0.0002005130016049,0.000220628126651,7.965561968624902e-05,0.0003128030451575,365.91765161876776,700.6172228884529,700.6172228884529,1.9146855031153096,23922.0,64,8,growth_rate_summary_gene_knockout_TU_ID_rest_list_rerun12_seed10_all.csv,10,TU0-14158[c],KO,TU0-14158[c],0.72184680577764,0.72184680577764,365.91765161876776,0,1,1,,False,True,gene_knockout_TU_ID_rest_list_rerun|v77|s10|KO: TU0-14158[c]
gene_knockout_TU_ID_rest_list_rerun,78,KO: TU0-14159[c],0.000173864890519,0.0001891038722519,7.586013841138043e-05,0.0002713607665787,366.09403099092833,455.6598338408385,682.8766016351503,1.244652453380562,25268.0,66,8,growth_rate_summary_gene_knockout_TU_ID_rest_list_rerun12_seed10_all.csv,10,TU0-14159[c],KO,TU0-14159[c],0.6259136058684001,0.6259136058684001,366.09403099092833,0,1,1,,False,True,gene_knockout_TU_ID_rest_list_rerun|v78|s10|KO: TU0-14159[c]
gene_knockout_TU_ID_rest_list_rerun,79,KO: TU0-14161[c],0.0001940704252283,0.0002141223084048,7.649334805072981e-05,0.0003066738824226,365.9066503667266,622.5611916882526,678.9453872064221,1.7014208161133348,23898.0,64,8,growth_rate_summary_gene_knockout_TU_ID_rest_list_rerun12_seed10_all.csv,10,TU0-14161[c],KO,TU0-14161[c],0.69865353082188,0.69865353082188,365.9066503667266,0,1,1,,False,True,gene_knockout_TU_ID_rest_list_rerun|v79|s10|KO: TU0-14161[c]
gene_knockout_TU_ID_rest_list_rerun,80,KO: TU0-14162[c],0.0001921522368699,0.0002027181461694,8.30949662681137e-05,0.0002933064665372,366.1158538946461,561.9298776561211,705.2045150096408,1.534841694721646,23521.0,63,8,growth_rate_summary_gene_knockout_TU_ID_rest_list_rerun12_seed10_all.csv,10,TU0-14162[c],KO,TU0-14162[c],0.6917480527316401,0.6917480527316401,366.1158538946461,0,1,1,,False,True,gene_knockout_TU_ID_rest_list_rerun|v80|s10|KO: TU0-14162[c]
gene_knockout_TU_ID_rest_list_rerun,81,KO: TU0-14176[c],0.0001996827575136,0.0002193430559221,8.319236800402501e-05,0.0002976905204262,365.8795560631168,649.5136018812252,756.1215285536848,1.77521151733654,23758.0,64,8,growth_rate_summary_gene_knockout_TU_ID_rest_list_rerun12_seed10_all.csv,10,TU0-14176[c],KO,TU0-14176[c],0.7188579270489599,0.7188579270489599,365.8795560631168,0,1,1,,False,True,gene_knockout_TU_ID_rest_list_rerun|v81|s10|KO: TU0-14176[c]
gene_knockout_TU_ID_rest_list_rerun,82,KO: TU0-14192[c],0.0002014594641245,0.000223013101778,7.966153801104618e-05,0.0002779260815517,366.0796337051597,586.1151370856414,712.8848881585527,1.601059122446834,22645.0,62,8,growth_rate_summary_gene_knockout_TU_ID_rest_list_rerun12_seed10_all.csv,10,TU0-14192[c],KO,TU0-14192[c],0.7252540708482,0.7252540708482,366.0796337051597,0,1,1,,False,True,gene_knockout_TU_ID_rest_list_rerun|v82|s10|KO: TU0-14192[c]
gene_knockout_TU_ID_rest_list_rerun,83,KO: TU0-14225[c],0.0001914830847437,0.0002063131425069,7.678412954807103e-05,0.0002919144756422,365.58685335047744,675.9596169075583,741.1992599883163,1.8489713476089784,25056.0,67,8,growth_rate_summary_gene_knockout_TU_ID_rest_list_rerun12_seed10_all.csv,10,TU0-14225[c],KO,TU0-14225[c],0.68933910507732,0.68933910507732,365.58685335047744,0,1,1,,False,True,gene_knockout_TU_ID_rest_list_rerun|v83|s10|KO: TU0-14225[c]
gene_knockout_TU_ID_rest_list_rerun,84,KO: TU0-14254[c],0.0001914824518203,0.000209859462036,7.503512179450626e-05,0.000268389018812,366.1310213832302,557.0284113468931,697.5069283659723,1.5213909196835036,24154.0,65,8,growth_rate_summary_gene_knockout_TU_ID_rest_list_rerun12_seed10_all.csv,10,TU0-14254[c],KO,TU0-14254[c],0.68933682655308,0.68933682655308,366.1310213832302,0,1,1,,False,True,gene_knockout_TU_ID_rest_list_rerun|v84|s10|KO: TU0-14254[c]
gene_knockout_TU_ID_rest_list_rerun,85,KO: TU0-14257[c],0.0004001777776466,0.0001147832407503,0.0005593540319701,0.0024902126200119,365.8372651497192,4922.710797336271,4922.710797336271,13.45601245767472,10425.0,28,8,growth_rate_summary_gene_knockout_TU_ID_rest_list_rerun12_seed10_all.csv,10,TU0-14257[c],KO,TU0-14257[c],1.44063999952776,1.44063999952776,365.8372651497192,0,1,1,,False,True,gene_knockout_TU_ID_rest_list_rerun|v85|s10|KO: TU0-14257[c]
gene_knockout_TU_ID_rest_list_rerun,86,KO: TU0-14290[c],0.000210685516783,0.0002399684405594,8.433966022426163e-05,0.0002903102228888,365.8761099543683,659.5158654958459,704.7826986481696,1.8025660805732848,22472.0,60,8,growth_rate_summary_gene_knockout_TU_ID_rest_list_rerun12_seed10_all.csv,10,TU0-14290[c],KO,TU0-14290[c],0.7584678604188,0.7584678604188,365.8761099543683,0,1,1,,False,True,gene_knockout_TU_ID_rest_list_rerun|v86|s10|KO: TU0-14290[c]
gene_knockout_TU_ID_rest_list_rerun,87,KO: TU0-14291[c],0.0001918782432932,0.0002132986702431,7.517420230807549e-05,0.0002745000598611,365.968846292286,582.3791146826754,639.9951540164232,1.5913352204235178,24166.0,64,8,growth_rate_summary_gene_knockout_TU_ID_rest_list_rerun12_seed10_all.csv,10,TU0-14291[c],KO,TU0-14291[c],0.69076167585552,0.69076167585552,365.968846292286,0,1,1,,False,True,gene_knockout_TU_ID_rest_list_rerun|v87|s10|KO: TU0-14291[c]
gene_knockout_TU_ID_rest_list_rerun,88,KO: TU0-14313[c],0.0002136372484452,0.0002375726374922,8.455170881382008e-05,0.0002996077853714,366.1504695888881,756.9159206990278,756.9159206990278,2.0672264098114885,23094.0,62,8,growth_rate_summary_gene_knockout_TU_ID_rest_list_rerun12_seed10_all.csv,10,TU0-14313[c],KO,TU0-14313[c],0.7690940944027199,0.7690940944027199,366.1504695888881,0,1,1,,False,True,gene_knockout_TU_ID_rest_list_rerun|v88|s10|KO: TU0-14313[c]
gene_knockout_TU_ID_rest_list_rerun,89,KO: TU0-14356[c],0.0001947456077031,0.0002298644030519,7.953467594488974e-05,0.0002779647284617,366.0998824472532,520.3574008535511,728.0142568456185,1.4213536409111602,23123.0,63,8,growth_rate_summary_gene_knockout_TU_ID_rest_list_rerun12_seed10_all.csv,10,TU0-14356[c],KO,TU0-14356[c],0.70108418773116,0.70108418773116,366.0998824472532,0,1,1,,False,True,gene_knockout_TU_ID_rest_list_rerun|v89|s10|KO: TU0-14356[c]
gene_knockout_TU_ID_rest_list_rerun,90,KO: TU0-14366[c],0.000205203942956,0.0002322456074171,8.539773788493602e-05,0.0002966620828858,366.1279529815892,570.0018843597347,729.7781090430572,1.556837929794444,22207.0,60,8,growth_rate_summary_gene_knockout_TU_ID_rest_list_rerun12_seed10_all.csv,10,TU0-14366[c],KO,TU0-14366[c],0.7387341946416001,0.7387341946416001,366.1279529815892,0,1,1,,False,True,gene_knockout_TU_ID_rest_list_rerun|v90|s10|KO: TU0-14366[c]
gene_knockout_TU_ID_rest_list_rerun,91,KO: TU0-14394[c],0.0001896159348807,0.0002112877906071,7.247537358545532e-05,0.0002537372602534,366.08424192983694,611.0067482112356,650.3260078741309,1.669033184794499,24883.0,66,8,growth_rate_summary_gene_knockout_TU_ID_rest_list_rerun12_seed10_all.csv,10,TU0-14394[c],KO,TU0-14394[c],0.68261736557052,0.68261736557052,366.08424192983694,0,1,1,,False,True,gene_knockout_TU_ID_rest_list_rerun|v91|s10|KO: TU0-14394[c]
gene_knockout_TU_ID_rest_list_rerun,92,KO: TU0-14396[c],0.0001945234926587,0.000210641152044,8.533589342436766e-05,0.0003193473330218,366.12615359758456,508.3330862651378,797.909077246798,1.3884096540774722,22743.0,62,8,growth_rate_summary_gene_knockout_TU_ID_rest_list_rerun12_seed10_all.csv,10,TU0-14396[c],KO,TU0-14396[c],0.70028457357132,0.70028457357132,366.12615359758456,0,1,1,,False,True,gene_knockout_TU_ID_rest_list_rerun|v92|s10|KO: TU0-14396[c]
gene_knockout_TU_ID_rest_list_rerun,93,KO: TU0-14399[c],4.519593580924653e-05,3.8490384796892496e-05,2.0081937666693984e-05,0.0001028476509319,366.0820568301234,263.6287589024555,448.6624366284061,0.7201357017746153,21110.0,55,8,growth_rate_summary_gene_knockout_TU_ID_rest_list_rerun12_seed10_all.csv,10,TU0-14399[c],KO,TU0-14399[c],0.16270536891328752,0.16270536891328752,366.0820568301234,0,1,1,,False,True,gene_knockout_TU_ID_rest_list_rerun|v93|s10|KO: TU0-14399[c]
gene_knockout_TU_ID_rest_list_rerun,94,KO: TU0-14415[c],0.0002016773309933,0.0002311289780223,8.2078501385901e-05,0.0002930197852998,366.3282483869191,561.241289217478,723.2518884567237,1.5320721011519975,22850.0,62,8,growth_rate_summary_gene_knockout_TU_ID_rest_list_rerun12_seed10_all.csv,10,TU0-14415[c],KO,TU0-14415[c],0.72603839157588,0.72603839157588,366.3282483869191,0,1,1,,False,True,gene_knockout_TU_ID_rest_list_rerun|v94|s10|KO: TU0-14415[c]
gene_knockout_TU_ID_rest_list_rerun,95,KO: TU0-14417[c],0.0002037532602715,0.0002251278127326,9.077787003851964e-05,0.0005754835438066,366.1252703777108,632.2883978049745,716.1694917240475,1.7269728395220527,23526.0,63,8,growth_rate_summary_gene_knockout_TU_ID_rest_list_rerun12_seed10_all.csv,10,TU0-14417[c],KO,TU0-14417[c],0.7335117369774,0.7335117369774,366.1252703777108,0,1,1,,False,True,gene_knockout_TU_ID_rest_list_rerun|v95|s10|KO: TU0-14417[c]
gene_knockout_TU_ID_rest_list_rerun,96,KO: TU0-14431[c],0.0002094667839714,0.0002367370522046,8.432004397639489e-05,0.0002815856743283,365.93610263832375,643.6679659940748,776.4244162877021,1.7589627297043438,22150.0,60,8,growth_rate_summary_gene_knockout_TU_ID_rest_list_rerun12_seed10_all.csv,10,TU0-14431[c],KO,TU0-14431[c],0.75408042229704,0.75408042229704,365.93610263832375,0,1,1,,False,True,gene_knockout_TU_ID_rest_list_rerun|v96|s10|KO: TU0-14431[c]
gene_knockout_TU_ID_rest_list_rerun,97,KO: TU0-14454[c],0.0001820075020456,0.0002040253470654,7.187812768665375e-05,0.0003215168712717,365.6933624906404,533.1067654892977,662.9325478755698,1.457797215291109,25460.0,68,8,growth_rate_summary_gene_knockout_TU_ID_rest_list_rerun12_seed10_all.csv,10,TU0-14454[c],KO,TU0-14454[c],0.6552270073641601,0.6552270073641601,365.6933624906404,0,1,1,,False,True,gene_knockout_TU_ID_rest_list_rerun|v97|s10|KO: TU0-14454[c]
gene_knockout_TU_ID_rest_list_rerun,98,KO: TU0-14459[c],0.000177224360831,0.0001951247279254,7.228108446009261e-05,0.0002876498541593,366.0605332298977,562.7146965278839,699.1857298296959,1.5372176059593976,26273.0,70,8,growth_rate_summary_gene_knockout_TU_ID_rest_list_rerun12_seed10_all.csv,10,TU0-14459[c],KO,TU0-14459[c],0.6380076989916,0.6380076989916,366.0605332298977,0,1,1,,False,True,gene_knockout_TU_ID_rest_list_rerun|v98|s10|KO: TU0-14459[c]
gene_knockout_TU_ID_rest_list_rerun,99,KO: TU0-14467[c],0.0003682888573498,0.0001139627120066,0.0005470208881956,0.0025035664193005,366.1389999347792,4164.8764990200925,4164.8764990200925,11.37512392769409,10481.0,28,8,growth_rate_summary_gene_knockout_TU_ID_rest_list_rerun12_seed10_all.csv,10,TU0-14467[c],KO,TU0-14467[c],1.32583988645928,1.32583988645928,366.1389999347792,0,1,1,,False,True,gene_knockout_TU_ID_rest_list_rerun|v99|s10|KO: TU0-14467[c]
gene_knockout_TU_ID_rest_list_rerun,100,KO: TU0-14472[c],0.0001993391903321,0.0002284156507806,7.826452021441313e-05,0.0002749871367825,366.15176644407336,661.0719198989202,678.479905402769,1.8054587755208695,23599.0,64,8,growth_rate_summary_gene_knockout_TU_ID_rest_list_rerun12_seed10_all.csv,10,TU0-14472[c],KO,TU0-14472[c],0.71762108519556,0.71762108519556,366.15176644407336,0,1,1,,False,True,gene_knockout_TU_ID_rest_list_rerun|v100|s10|KO: TU0-14472[c]
gene_knockout_TU_ID_rest_list_rerun,101,KO: TU0-14474[c],0.0002005711042487,0.0002246080664605,7.957612053452e-05,0.0003149308628316,365.9938138702012,708.0792356181196,708.0792356181196,1.9346754201404024,24076.0,65,8,growth_rate_summary_gene_knockout_TU_ID_rest_list_rerun12_seed10_all.csv,10,TU0-14474[c],KO,TU0-14474[c],0.7220559752953201,0.7220559752953201,365.9938138702012,0,1,1,,False,True,gene_knockout_TU_ID_rest_list_rerun|v101|s10|KO: TU0-14474[c]
gene_knockout_TU_ID_rest_list_rerun,102,KO: TU0-14496[c],0.000192628618891,0.0002139569620637,7.66439998390222e-05,0.0002766607124161,365.995785341856,536.9008070008861,696.5842119166205,1.4669589883375227,23537.0,64,8,growth_rate_summary_gene_knockout_TU_ID_rest_list_rerun12_seed10_all.csv,10,TU0-14496[c],KO,TU0-14496[c],0.6934630280076,0.6934630280076,365.995785341856,0,1,1,,False,True,gene_knockout_TU_ID_rest_list_rerun|v102|s10|KO: TU0-14496[c]
gene_knockout_TU_ID_rest_list_rerun,103,KO: TU0-14506[c],0.0001867654260669,0.0002106591264087,7.159524672311302e-05,0.0002590192870972,365.9956847917173,593.488264359167,643.1551217993992,1.621571753494614,24953.0,66,8,growth_rate_summary_gene_knockout_TU_ID_rest_list_rerun12_seed10_all.csv,10,TU0-14506[c],KO,TU0-14506[c],0.67235553384084,0.67235553384084,365.9956847917173,0,1,1,,False,True,gene_knockout_TU_ID_rest_list_rerun|v103|s10|KO: TU0-14506[c]
gene_knockout_TU_ID_rest_list_rerun,104,KO: TU0-14509[c],0.0001757900239882,0.0001806420749504,7.455089988794042e-05,0.0003120569855896,365.930075406471,623.9257985887596,704.7106874122458,1.7050410461498955,27236.0,72,8,growth_rate_summary_gene_knockout_TU_ID_rest_list_rerun12_seed10_all.csv,10,TU0-14509[c],KO,TU0-14509[c],0.6328440863575201,0.6328440863575201,365.930075406471,0,1,1,,False,True,gene_knockout_TU_ID_rest_list_rerun|v104|s10|KO: TU0-14509[c]
gene_knockout_TU_ID_rest_list_rerun,105,KO: TU0-14511[c],0.0001999919120742,0.0002288492783745,7.755157660917657e-05,0.0002584285608329,365.9956344200432,629.4153307785612,697.0087406579876,1.7197345311944303,23503.0,64,8,growth_rate_summary_gene_knockout_TU_ID_rest_list_rerun12_seed10_all.csv,10,TU0-14511[c],KO,TU0-14511[c],0.71997088346712,0.71997088346712,365.9956344200432,0,1,1,,False,True,gene_knockout_TU_ID_rest_list_rerun|v105|s10|KO: TU0-14511[c]
gene_knockout_TU_ID_rest_list_rerun,106,KO: TU0-14513[c],0.0001974957460495,0.0002169380059717,7.777274983939877e-05,0.0002879068509464,365.95887359414905,611.3786696454893,699.4889081630527,1.6706212467019244,23750.0,64,8,growth_rate_summary_gene_knockout_TU_ID_rest_list_rerun12_seed10_all.csv,10,TU0-14513[c],KO,TU0-14513[c],0.7109846857782,0.7109846857782,365.95887359414905,0,1,1,,False,True,gene_knockout_TU_ID_rest_list_rerun|v106|s10|KO: TU0-14513[c]
gene_knockout_TU_ID_rest_list_rerun,107,KO: TU0-14521[c],0.000198435204437,0.0002212883046742,7.923702071593744e-05,0.0003171802180254,366.0052043122522,625.9006775757746,694.0590664587221,1.7100868244534473,23939.0,64,8,growth_rate_summary_gene_knockout_TU_ID_rest_list_rerun12_seed10_all.csv,10,TU0-14521[c],KO,TU0-14521[c],0.7143667359732,0.7143667359732,366.0052043122522,0,1,1,,False,True,gene_knockout_TU_ID_rest_list_rerun|v107|s10|KO: TU0-14521[c]
gene_knockout_TU_ID_rest_list_rerun,108,KO: TU0-14536[c],0.0001957489947618,0.0002186999918217,7.501768330220262e-05,0.0002622607747381,365.9573424233234,604.2274985927543,676.1176865172242,1.6510872403642345,23718.0,65,8,growth_rate_summary_gene_knockout_TU_ID_rest_list_rerun12_seed10_all.csv,10,TU0-14536[c],KO,TU0-14536[c],0.70469638114248,0.70469638114248,365.9573424233234,0,1,1,,False,True,gene_knockout_TU_ID_rest_list_rerun|v108|s10|KO: TU0-14536[c]
gene_knockout_TU_ID_rest_list_rerun,109,KO: TU0-14537[c],0.0001922377943505,0.0002254410188892,7.954975288423566e-05,0.0002761737395922,365.95714785260895,514.3841532447025,700.3368097732005,1.4055857530397882,23279.0,62,8,growth_rate_summary_gene_knockout_TU_ID_rest_list_rerun12_seed10_all.csv,10,TU0-14537[c],KO,TU0-14537[c],0.6920560596618001,0.6920560596618001,365.95714785260895,0,1,1,,False,True,gene_knockout_TU_ID_rest_list_rerun|v109|s10|KO: TU0-14537[c]
gene_knockout_TU_ID_rest_list_rerun,110,KO: TU0-14538[c],0.0002030191021008,0.0002260295236133,8.032986579844972e-05,0.0002776483471108,366.0051745320516,681.7611840927666,681.7611840927666,1.86270914055906,23340.0,63,8,growth_rate_summary_gene_knockout_TU_ID_rest_list_rerun12_seed10_all.csv,10,TU0-14538[c],KO,TU0-14538[c],0.73086876756288,0.73086876756288,366.0051745320516,0,1,1,,False,True,gene_knockout_TU_ID_rest_list_rerun|v110|s10|KO: TU0-14538[c]
gene_knockout_TU_ID_rest_list_rerun,111,KO: TU0-14547[c],0.0002092956985173,0.0002416078767922,8.613800121860033e-05,0.000300865968776,365.9574522404527,592.1390508052004,744.2198728567021,1.618054358997272,21942.0,59,8,growth_rate_summary_gene_knockout_TU_ID_rest_list_rerun12_seed10_all.csv,10,TU0-14547[c],KO,TU0-14547[c],0.75346451466228,0.75346451466228,365.9574522404527,0,1,1,,False,True,gene_knockout_TU_ID_rest_list_rerun|v111|s10|KO: TU0-14547[c]
gene_knockout_TU_ID_rest_list_rerun,112,KO: TU0-14571[c],0.0001939042934863,0.0002157611872376,7.664019196356074e-05,0.0002798958440647,366.0618577868744,628.6022228608722,681.5960517789551,1.7172021872512375,24091.0,63,8,growth_rate_summary_gene_knockout_TU_ID_rest_list_rerun12_seed10_all.csv,10,TU0-14571[c],KO,TU0-14571[c],0.69805545655068,0.69805545655068,366.0618577868744,0,1,1,,False,True,gene_knockout_TU_ID_rest_list_rerun|v112|s10|KO: TU0-14571[c]
gene_knockout_TU_ID_rest_list_rerun,113,KO: TU0-14629[c],0.0002090915401956,0.0002339355802177,8.475889160882104e-05,0.0002758067139367,366.1382914163804,679.6530760395281,731.500247729864,1.856274232914393,22098.0,59,8,growth_rate_summary_gene_knockout_TU_ID_rest_list_rerun12_seed10_all.csv,10,TU0-14629[c],KO,TU0-14629[c],0.7527295447041601,0.7527295447041601,366.1382914163804,0,1,1,,False,True,gene_knockout_TU_ID_rest_list_rerun|v113|s10|KO: TU0-14629[c]
gene_knockout_TU_ID_rest_list_rerun,114,KO: TU0-14634[c],0.0003809180919876,9.064111153226072e-05,0.0005583838299011,0.0025379748297214,366.13540255251553,8324.340372667193,8324.340372667193,22.735688258043325,10573.0,28,8,growth_rate_summary_gene_knockout_TU_ID_rest_list_rerun12_seed10_all.csv,10,TU0-14634[c],KO,TU0-14634[c],1.37130513115536,1.37130513115536,366.13540255251553,0,1,1,,False,True,gene_knockout_TU_ID_rest_list_rerun|v114|s10|KO: TU0-14634[c]
gene_knockout_TU_ID_rest_list_rerun,115,KO: TU0-14640[c],0.0002114193913905,0.0002412662338999,8.429988610994857e-05,0.0002906479770426,366.1473487410583,689.2452628866752,703.7002075638882,1.8824259284043423,22315.0,60,8,growth_rate_summary_gene_knockout_TU_ID_rest_list_rerun12_seed10_all.csv,10,TU0-14640[c],KO,TU0-14640[c],0.7611098090057999,0.7611098090057999,366.1473487410583,0,1,1,,False,True,gene_knockout_TU_ID_rest_list_rerun|v115|s10|KO: TU0-14640[c]
gene_knockout_TU_ID_rest_list_rerun,116,KO: TU0-14642[c],0.0002029149473219,0.0002223369238635,8.1770258770571e-05,0.000305414475103,365.6182473118596,643.0374253542309,741.7847762935812,1.7587673210569887,23332.0,63,8,growth_rate_summary_gene_knockout_TU_ID_rest_list_rerun12_seed10_all.csv,10,TU0-14642[c],KO,TU0-14642[c],0.73049381035884,0.73049381035884,365.6182473118596,0,1,1,,False,True,gene_knockout_TU_ID_rest_list_rerun|v116|s10|KO: TU0-14642[c]
gene_knockout_TU_ID_rest_list_rerun,117,KO: TU0-14654[c],9.714911150305916e-05,0.0001056357500242,3.794669761390293e-05,0.0001375014492386,365.8043917811583,526.6091833467676,526.6091833467676,1.4395922935277672,3200.0,9,8,growth_rate_summary_gene_knockout_TU_ID_rest_list_rerun12_seed10_all.csv,10,TU0-14654[c],KO,TU0-14654[c],0.349736801411013,0.349736801411013,365.8043917811583,0,1,1,,False,True,gene_knockout_TU_ID_rest_list_rerun|v117|s10|KO: TU0-14654[c]
gene_knockout_TU_ID_rest_list_rerun,118,KO: TU0-14658[c],0.0,0.0,0.0,0.0,364.3538926856537,364.3538926856537,364.3538926856537,1.0,0.0,1,8,growth_rate_summary_gene_knockout_TU_ID_rest_list_rerun12_seed10_all.csv,10,TU0-14658[c],KO,TU0-14658[c],0.0,0.0,364.3538926856537,0,1,1,,False,True,gene_knockout_TU_ID_rest_list_rerun|v118|s10|KO: TU0-14658[c]
gene_knockout_TU_ID_rest_list_rerun,119,KO: TU0-14693[c],0.000210685516783,0.0002399684405594,8.433966022426163e-05,0.0002903102228888,365.8761099543683,659.5158654958459,704.7826986481696,1.8025660805732848,22472.0,60,8,growth_rate_summary_gene_knockout_TU_ID_rest_list_rerun12_seed10_all.csv,10,TU0-14693[c],KO,TU0-14693[c],0.7584678604188,0.7584678604188,365.8761099543683,0,1,1,,False,True,gene_knockout_TU_ID_rest_list_rerun|v119|s10|KO: TU0-14693[c]
gene_knockout_TU_ID_rest_list_rerun,120,KO: TU0-14787[c],0.0001886558747237,0.0002121537294025,7.251761721995331e-05,0.0002593970783526,365.9323420058703,591.8166122184414,658.1476223502309,1.617284247067037,24683.0,66,8,growth_rate_summary_gene_knockout_TU_ID_rest_list_rerun12_seed10_all.csv,10,TU0-14787[c],KO,TU0-14787[c],0.67916114900532,0.67916114900532,365.9323420058703,0,1,1,,False,True,gene_knockout_TU_ID_rest_list_rerun|v120|s10|KO: TU0-14787[c]
gene_knockout_TU_ID_rest_list_rerun,121,KO: TU0-14792[c],0.0001955447613247,0.000217842990719,7.479567297643888e-05,0.0002725760286494,365.9520422209947,650.5645598574572,695.580848412601,1.7777317374952313,24333.0,66,8,growth_rate_summary_gene_knockout_TU_ID_rest_list_rerun12_seed10_all.csv,10,TU0-14792[c],KO,TU0-14792[c],0.70396114076892,0.70396114076892,365.9520422209947,0,1,1,,False,True,gene_knockout_TU_ID_rest_list_rerun|v121|s10|KO: TU0-14792[c]
gene_knockout_TU_ID_rest_list_rerun,122,KO: TU0-1547[c],0.0001914583521844,0.0002114058463347,8.000199525730311e-05,0.0002848392007311,366.05451099297295,519.79632073928,710.0452585157898,1.4199970363136936,23349.0,62,8,growth_rate_summary_gene_knockout_TU_ID_rest_list_rerun12_seed10_all.csv,10,TU0-1547[c],KO,TU0-1547[c],0.68925006786384,0.68925006786384,366.05451099297295,0,1,1,,False,True,gene_knockout_TU_ID_rest_list_rerun|v122|s10|KO: TU0-1547[c]
gene_knockout_TU_ID_rest_list_rerun,123,KO: TU0-1601[c],0.0002001475042595,0.0002226731329268,7.71547465840353e-05,0.0002842994192674,364.8516597511466,656.7005349352266,679.617869960718,1.7999110525717237,23713.0,64,8,growth_rate_summary_gene_knockout_TU_ID_rest_list_rerun12_seed10_all.csv,10,TU0-1601[c],KO,TU0-1601[c],0.7205310153342,0.7205310153342,364.8516597511466,0,1,1,,False,True,gene_knockout_TU_ID_rest_list_rerun|v123|s10|KO: TU0-1601[c]
gene_knockout_TU_ID_rest_list_rerun,124,KO: TU0-1881[c],0.0002054125831974,0.0002331898805332,8.283590459670696e-05,0.0002812397679226,365.9837644098545,601.8832484176223,722.9155643318786,1.6445627018131626,22812.0,61,8,growth_rate_summary_gene_knockout_TU_ID_rest_list_rerun12_seed10_all.csv,10,TU0-1881[c],KO,TU0-1881[c],0.73948529951064,0.73948529951064,365.9837644098545,0,1,1,,False,True,gene_knockout_TU_ID_rest_list_rerun|v124|s10|KO: TU0-1881[c]
gene_knockout_TU_ID_rest_list_rerun,125,KO: TU0-1962[c],0.0002037836301779,0.0002279043536379,8.211692429352327e-05,0.0002866708146327,366.0178980127446,611.1282733123476,744.205189839186,1.669667731087479,22690.0,62,8,growth_rate_summary_gene_knockout_TU_ID_rest_list_rerun12_seed10_all.csv,10,TU0-1962[c],KO,TU0-1962[c],0.7336210686404401,0.7336210686404401,366.0178980127446,0,1,1,,False,True,gene_knockout_TU_ID_rest_list_rerun|v125|s10|KO: TU0-1962[c]
gene_knockout_TU_ID_rest_list_rerun,126,KO: TU0-198711[c],0.0001823725743089,0.0001997651420493,6.94192466621041e-05,0.0002695982129599,366.0687838117256,564.3382761262606,650.5589896641939,1.5416181359416536,25524.0,68,8,growth_rate_summary_gene_knockout_TU_ID_rest_list_rerun12_seed10_all.csv,10,TU0-198711[c],KO,TU0-198711[c],0.65654126751204,0.65654126751204,366.0687838117256,0,1,1,,False,True,gene_knockout_TU_ID_rest_list_rerun|v126|s10|KO: TU0-198711[c]
gene_knockout_TU_ID_rest_list_rerun,127,KO: TU0-198714[c],0.0002110575551386,0.0002395851461544,8.606787814459223e-05,0.0002948334319667,365.9314826029297,623.2198114896137,734.7459558707753,1.7031052017075727,21967.0,59,8,growth_rate_summary_gene_knockout_TU_ID_rest_list_rerun12_seed10_all.csv,10,TU0-198714[c],KO,TU0-198714[c],0.7598071984989601,0.7598071984989601,365.9314826029297,0,1,1,,False,True,gene_knockout_TU_ID_rest_list_rerun|v127|s10|KO: TU0-198714[c]
gene_knockout_TU_ID_rest_list_rerun,128,KO: TU0-198743[c],0.000210685516783,0.0002399684405594,8.433966022426163e-05,0.0002903102228888,365.8761099543683,659.5158654958459,704.7826986481696,1.8025660805732848,22472.0,60,8,growth_rate_summary_gene_knockout_TU_ID_rest_list_rerun12_seed10_all.csv,10,TU0-198743[c],KO,TU0-198743[c],0.7584678604188,0.7584678604188,365.8761099543683,0,1,1,,False,True,gene_knockout_TU_ID_rest_list_rerun|v128|s10|KO: TU0-198743[c]
gene_knockout_TU_ID_rest_list_rerun,129,KO: TU0-198746[c],0.000210656525773,0.0002271827986078,9.315812259618458e-05,0.000577647883618,366.11244438861695,706.8003580188617,706.8003580188617,1.930555404089502,23138.0,63,8,growth_rate_summary_gene_knockout_TU_ID_rest_list_rerun12_seed10_all.csv,10,TU0-198746[c],KO,TU0-198746[c],0.7583634927828,0.7583634927828,366.11244438861695,0,1,1,,False,True,gene_knockout_TU_ID_rest_list_rerun|v129|s10|KO: TU0-198746[c]
gene_knockout_TU_ID_rest_list_rerun,130,KO: TU0-198747[c],5.871336162850286e-05,4.920157794199822e-05,4.3468598718360986e-05,0.0002275556165854,366.3092172492815,323.22599048399013,446.2138015747257,0.8823856328573566,21774.0,56,8,growth_rate_summary_gene_knockout_TU_ID_rest_list_rerun12_seed10_all.csv,10,TU0-198747[c],KO,TU0-198747[c],0.2113681018626103,0.2113681018626103,366.3092172492815,0,1,1,,False,True,gene_knockout_TU_ID_rest_list_rerun|v130|s10|KO: TU0-198747[c]
gene_knockout_TU_ID_rest_list_rerun,131,KO: TU0-198873[c],0.0002106814293211,0.0002355753973649,8.512423298770767e-05,0.0003073251886434,366.0430723794794,640.6968578395031,714.8210955678662,1.7503318767232074,22197.0,60,8,growth_rate_summary_gene_knockout_TU_ID_rest_list_rerun12_seed10_all.csv,10,TU0-198873[c],KO,TU0-198873[c],0.75845314555596,0.75845314555596,366.0430723794794,0,1,1,,False,True,gene_knockout_TU_ID_rest_list_rerun|v131|s10|KO: TU0-198873[c]
gene_knockout_TU_ID_rest_list_rerun2,1,KO: TU0-1[c],0.0001809618682092,0.0001946705965648,7.251291569441573e-05,0.0002946589275434,366.1452766961149,578.6809360995476,691.6186974019568,1.580468117249067,26063.0,70,8,growth_rate_summary_gene_knockout_TU_ID_rest_list_rerun12_seed10_all.csv,10,TU0-1[c],KO,TU0-1[c],0.65146272555312,0.65146272555312,366.1452766961149,0,1,1,,False,True,gene_knockout_TU_ID_rest_list_rerun2|v1|s10|KO: TU0-1[c]
gene_knockout_TU_ID_rest_list_rerun2,2,KO: TU0-2302[c],0.00020860714671,0.000236550394696,8.330945066701908e-05,0.0002826715641123,366.099828780718,633.6164946226365,723.1489244505065,1.730720543445412,22418.0,60,8,growth_rate_summary_gene_knockout_TU_ID_rest_list_rerun12_seed10_all.csv,10,TU0-2302[c],KO,TU0-2302[c],0.750985728156,0.750985728156,366.099828780718,0,1,1,,False,True,gene_knockout_TU_ID_rest_list_rerun2|v2|s10|KO: TU0-2302[c]
gene_knockout_TU_ID_rest_list_rerun2,3,KO: TU0-3123[c],0.0001984112569583,0.0002259049065588,7.935429954676646e-05,0.0002850987542334,366.11614558429073,589.8802248217442,684.1870129497313,1.6111833141921252,23312.0,62,8,growth_rate_summary_gene_knockout_TU_ID_rest_list_rerun12_seed10_all.csv,10,TU0-3123[c],KO,TU0-3123[c],0.7142805250498799,0.7142805250498799,366.11614558429073,0,1,1,,False,True,gene_knockout_TU_ID_rest_list_rerun2|v3|s10|KO: TU0-3123[c]
gene_knockout_TU_ID_rest_list_rerun2,4,KO: TU0-3501[c],0.00019462042863,0.0002177618371488,7.698258307115588e-05,0.0002684379225522,365.54654786344986,621.7113552341964,664.3407986691595,1.7007720599961378,24326.0,65,8,growth_rate_summary_gene_knockout_TU_ID_rest_list_rerun12_seed10_all.csv,10,TU0-3501[c],KO,TU0-3501[c],0.700633543068,0.700633543068,365.54654786344986,0,1,1,,False,True,gene_knockout_TU_ID_rest_list_rerun2|v4|s10|KO: TU0-3501[c]
gene_knockout_TU_ID_rest_list_rerun2,5,KO: TU0-3581[c],0.0002041510478368,0.0002300897563748,8.037547247656254e-05,0.0002660615731067,365.9398062523538,604.0119291947415,720.1522099026779,1.6505772776690273,22992.0,62,8,growth_rate_summary_gene_knockout_TU_ID_rest_list_rerun12_seed10_all.csv,10,TU0-3581[c],KO,TU0-3581[c],0.73494377221248,0.73494377221248,365.9398062523538,0,1,1,,False,True,gene_knockout_TU_ID_rest_list_rerun2|v5|s10|KO: TU0-3581[c]
gene_knockout_TU_ID_rest_list_rerun2,6,KO: TU0-3602[c],0.0002022429213883,0.0002274238318091,7.933666840324994e-05,0.0002642788364489,365.9390063613562,629.8381033281314,695.2143907949442,1.7211559641886909,23258.0,62,8,growth_rate_summary_gene_knockout_TU_ID_rest_list_rerun12_seed10_all.csv,10,TU0-3602[c],KO,TU0-3602[c],0.72807451699788,0.72807451699788,365.9390063613562,0,1,1,,False,True,gene_knockout_TU_ID_rest_list_rerun2|v6|s10|KO: TU0-3602[c]
gene_knockout_TU_ID_rest_list_rerun2,7,KO: TU0-3645[c],0.0002028850351342,0.0002266319537783,9.30262968418759e-05,0.0005847145328524,365.7941018928566,543.5673150511382,704.0822150491856,1.4859925631341986,22864.0,62,8,growth_rate_summary_gene_knockout_TU_ID_rest_list_rerun12_seed10_all.csv,10,TU0-3645[c],KO,TU0-3645[c],0.73038612648312,0.73038612648312,365.7941018928566,0,1,1,,False,True,gene_knockout_TU_ID_rest_list_rerun2|v7|s10|KO: TU0-3645[c]
gene_knockout_TU_ID_rest_list_rerun2,8,KO: TU0-3862[c],0.0002081813525068,0.0002343002160655,8.263026318076411e-05,0.0002891627344514,366.13682066330375,628.3446117433225,728.6692325217684,1.7161470146733555,22481.0,61,8,growth_rate_summary_gene_knockout_TU_ID_rest_list_rerun12_seed10_all.csv,10,TU0-3862[c],KO,TU0-3862[c],0.74945286902448,0.74945286902448,366.13682066330375,0,1,1,,False,True,gene_knockout_TU_ID_rest_list_rerun2|v8|s10|KO: TU0-3862[c]
gene_knockout_TU_ID_rest_list_rerun2,9,KO: TU0-3901[c],0.000207757104623,0.0002440698880723,8.658942778773038e-05,0.0002951452735394,366.1091572908308,613.7086230681045,712.5939125987327,1.6762995703507766,22095.0,58,8,growth_rate_summary_gene_knockout_TU_ID_rest_list_rerun12_seed10_all.csv,10,TU0-3901[c],KO,TU0-3901[c],0.7479255766428,0.7479255766428,366.1091572908308,0,1,1,,False,True,gene_knockout_TU_ID_rest_list_rerun2|v9|s10|KO: TU0-3901[c]
gene_knockout_TU_ID_rest_list_rerun2,10,KO: TU0-4181[c],0.0002059431563509,0.0002348469762004,8.097616030963713e-05,0.0002737262425451,366.098449984426,667.5835410541351,677.4421664434551,1.8235082423390057,22970.0,62,8,growth_rate_summary_gene_knockout_TU_ID_rest_list_rerun12_seed10_all.csv,10,TU0-4181[c],KO,TU0-4181[c],0.7413953628632399,0.7413953628632399,366.098449984426,0,1,1,,False,True,gene_knockout_TU_ID_rest_list_rerun2|v10|s10|KO: TU0-4181[c]
gene_knockout_TU_ID_rest_list_rerun2,11,KO: TU0-42451[c],0.0001931237494961,0.0002183148297728,7.90056278099726e-05,0.0003015198685566,365.9793902486267,547.7184616140869,687.7666524032454,1.4965828027692938,23387.0,62,8,growth_rate_summary_gene_knockout_TU_ID_rest_list_rerun12_seed10_all.csv,10,TU0-42451[c],KO,TU0-42451[c],0.6952454981859599,0.6952454981859599,365.9793902486267,0,1,1,,False,True,gene_knockout_TU_ID_rest_list_rerun2|v11|s10|KO: TU0-42451[c]
gene_knockout_TU_ID_rest_list_rerun2,12,KO: TU0-42461[c],0.0001879085818515,0.0002130469830034,7.835284056782945e-05,0.0002862118920087,366.1076500512007,532.2654925876241,672.8679404970794,1.4538496874162177,24067.0,63,8,growth_rate_summary_gene_knockout_TU_ID_rest_list_rerun12_seed10_all.csv,10,TU0-42461[c],KO,TU0-42461[c],0.6764708946654,0.6764708946654,366.1076500512007,0,1,1,,False,True,gene_knockout_TU_ID_rest_list_rerun2|v12|s10|KO: TU0-42461[c]
gene_knockout_TU_ID_rest_list_rerun2,13,KO: TU0-42478[c],4.399737389459257e-05,3.632839318945279e-05,2.1526628113483263e-05,0.0001011273959067,366.10353505295006,247.8315693289109,446.1304818552278,0.6769439396237096,20905.0,54,8,growth_rate_summary_gene_knockout_TU_ID_rest_list_rerun12_seed10_all.csv,10,TU0-42478[c],KO,TU0-42478[c],0.15839054602053326,0.15839054602053326,366.10353505295006,0,1,1,,False,True,gene_knockout_TU_ID_rest_list_rerun2|v13|s10|KO: TU0-42478[c]
gene_knockout_TU_ID_rest_list_rerun2,14,KO: TU0-42482[c],0.0001942583921721,0.0002177467425323,7.687345911323638e-05,0.000281444774665,365.8761099543683,557.2649166328868,687.106033701594,1.5230973038999138,23578.0,64,8,growth_rate_summary_gene_knockout_TU_ID_rest_list_rerun12_seed10_all.csv,10,TU0-42482[c],KO,TU0-42482[c],0.69933021181956,0.69933021181956,365.8761099543683,0,1,1,,False,True,gene_knockout_TU_ID_rest_list_rerun2|v14|s10|KO: TU0-42482[c]
gene_knockout_TU_ID_rest_list_rerun2,15,KO: TU0-42499[c],0.0002032801233932,0.000226953503361,8.343728913251857e-05,0.0003037826538223,366.1133076419526,577.5932871647112,782.7683293734517,1.5776353252080624,22308.0,60,8,growth_rate_summary_gene_knockout_TU_ID_rest_list_rerun12_seed10_all.csv,10,TU0-42499[c],KO,TU0-42499[c],0.73180844421552,0.73180844421552,366.1133076419526,0,1,1,,False,True,gene_knockout_TU_ID_rest_list_rerun2|v15|s10|KO: TU0-42499[c]
gene_knockout_TU_ID_rest_list_rerun2,16,KO: TU0-42509[c],0.000182397829416,0.0002054721578883,7.306066930377384e-05,0.0002923442324182,366.2811417977582,525.3309191247117,685.6852182626437,1.4342286816796392,24772.0,66,8,growth_rate_summary_gene_knockout_TU_ID_rest_list_rerun12_seed10_all.csv,10,TU0-42509[c],KO,TU0-42509[c],0.6566321858976,0.6566321858976,366.2811417977582,0,1,1,,False,True,gene_knockout_TU_ID_rest_list_rerun2|v16|s10|KO: TU0-42509[c]
gene_knockout_TU_ID_rest_list_rerun2,17,KO: TU0-42568[c],0.0001926371113908,0.0002094482236287,7.558807845229457e-05,0.0002845399417704,365.9762348832597,613.8897041080716,688.9048139861393,1.6774031906850235,24252.0,65,8,growth_rate_summary_gene_knockout_TU_ID_rest_list_rerun12_seed10_all.csv,10,TU0-42568[c],KO,TU0-42568[c],0.69349360100688,0.69349360100688,365.9762348832597,0,1,1,,False,True,gene_knockout_TU_ID_rest_list_rerun2|v17|s10|KO: TU0-42568[c]
gene_knockout_TU_ID_rest_list_rerun2,18,KO: TU0-42569[c],0.0001863264007357,0.0002105685578227,7.23299784500242e-05,0.0002886916774809,365.9171943424704,595.2679514391041,666.5466193648351,1.6267832193804457,25344.0,66,8,growth_rate_summary_gene_knockout_TU_ID_rest_list_rerun12_seed10_all.csv,10,TU0-42569[c],KO,TU0-42569[c],0.67077504264852,0.67077504264852,365.9171943424704,0,1,1,,False,True,gene_knockout_TU_ID_rest_list_rerun2|v18|s10|KO: TU0-42569[c]
gene_knockout_TU_ID_rest_list_rerun2,19,KO: TU0-42571[c],0.0001902519991588,0.000212955809117,7.36724769999495e-05,0.0002584500186399,366.7342767177584,588.2389336883036,658.2747543923349,1.603992239157446,24166.0,65,8,growth_rate_summary_gene_knockout_TU_ID_rest_list_rerun12_seed10_all.csv,10,TU0-42571[c],KO,TU0-42571[c],0.68490719697168,0.68490719697168,366.7342767177584,0,1,1,,False,True,gene_knockout_TU_ID_rest_list_rerun2|v19|s10|KO: TU0-42571[c]
gene_knockout_TU_ID_rest_list_rerun2,20,KO: TU0-42602[c],0.0002132411492847,0.0002420883079578,8.664824611625734e-05,0.000302020756309,366.04777370738736,698.6568052733028,698.6568052733028,1.9086492404999509,22205.0,58,8,growth_rate_summary_gene_knockout_TU_ID_rest_list_rerun12_seed10_all.csv,10,TU0-42602[c],KO,TU0-42602[c],0.76766813742492,0.76766813742492,366.04777370738736,0,1,1,,False,True,gene_knockout_TU_ID_rest_list_rerun2|v20|s10|KO: TU0-42602[c]
gene_knockout_TU_ID_rest_list_rerun2,21,KO: TU0-42616[c],0.0001985593859899,0.0002225477613895,7.687872555187362e-05,0.000265947278919,366.1048702739755,603.5418165965255,691.537474529498,1.6485489967529343,23412.0,63,8,growth_rate_summary_gene_knockout_TU_ID_rest_list_rerun12_seed10_all.csv,10,TU0-42616[c],KO,TU0-42616[c],0.71481378956364,0.71481378956364,366.1048702739755,0,1,1,,False,True,gene_knockout_TU_ID_rest_list_rerun2|v21|s10|KO: TU0-42616[c]
gene_knockout_TU_ID_rest_list_rerun2,22,KO: TU0-42684[c],0.0001912140852725,0.0002091202842268,7.524430272698836e-05,0.0002809634804166,366.09569060268745,652.9273708394185,696.355263249879,1.7834882726003478,24597.0,66,8,growth_rate_summary_gene_knockout_TU_ID_rest_list_rerun12_seed10_all.csv,10,TU0-42684[c],KO,TU0-42684[c],0.688370706981,0.688370706981,366.09569060268745,0,1,1,,False,True,gene_knockout_TU_ID_rest_list_rerun2|v22|s10|KO: TU0-42684[c]
gene_knockout_TU_ID_rest_list_rerun2,23,KO: TU0-4444[c],0.0001934498162048,0.0002077202607844,7.538919624240269e-05,0.000277639342972,366.0730105021777,732.1285245748113,732.1285245748113,1.9999522050819316,25076.0,67,8,growth_rate_summary_gene_knockout_TU_ID_rest_list_rerun12_seed10_all.csv,10,TU0-4444[c],KO,TU0-4444[c],0.69641933833728,0.69641933833728,366.0730105021777,0,1,1,,False,True,gene_knockout_TU_ID_rest_list_rerun2|v23|s10|KO: TU0-4444[c]
gene_knockout_TU_ID_rest_list_rerun2,24,KO: TU0-45147[c],0.0001942583921721,0.0002177467425323,7.687345911323638e-05,0.000281444774665,365.8761099543683,557.2649166328868,687.106033701594,1.5230973038999138,23578.0,64,8,growth_rate_summary_gene_knockout_TU_ID_rest_list_rerun12_seed10_all.csv,10,TU0-45147[c],KO,TU0-45147[c],0.69933021181956,0.69933021181956,365.8761099543683,0,1,1,,False,True,gene_knockout_TU_ID_rest_list_rerun2|v24|s10|KO: TU0-45147[c]
gene_knockout_TU_ID_rest_list_rerun2,25,KO: TU0-45181[c],0.0001943922791479,0.000219013327162,7.553766129225768e-05,0.0002664642431483,366.0230499661519,647.5184369412361,677.6756051793163,1.7690646449755434,24362.0,65,8,growth_rate_summary_gene_knockout_TU_ID_rest_list_rerun12_seed10_all.csv,10,TU0-45181[c],KO,TU0-45181[c],0.69981220493244,0.69981220493244,366.0230499661519,0,1,1,,False,True,gene_knockout_TU_ID_rest_list_rerun2|v25|s10|KO: TU0-45181[c]
gene_knockout_TU_ID_rest_list_rerun2,26,KO: TU0-45222[c],0.0002243185651798,0.0002488242189581,0.0001008138405864,0.0005884243152343,366.0069790920783,658.5827662579675,779.2987710071905,1.7993721537541625,21312.0,59,8,growth_rate_summary_gene_knockout_TU_ID_rest_list_rerun12_seed10_all.csv,10,TU0-45222[c],KO,TU0-45222[c],0.80754683464728,0.80754683464728,366.0069790920783,0,1,1,,False,True,gene_knockout_TU_ID_rest_list_rerun2|v26|s10|KO: TU0-45222[c]
gene_knockout_TU_ID_rest_list_rerun2,27,KO: TU0-45225[c],0.0002134512677746,0.0002349187883089,9.504187396874526e-05,0.0005617612206669,366.01369847216085,647.4981103941534,698.6524401994234,1.7690543088878472,22386.0,60,8,growth_rate_summary_gene_knockout_TU_ID_rest_list_rerun12_seed10_all.csv,10,TU0-45225[c],KO,TU0-45225[c],0.76842456398856,0.76842456398856,366.01369847216085,0,1,1,,False,True,gene_knockout_TU_ID_rest_list_rerun2|v27|s10|KO: TU0-45225[c]
gene_knockout_TU_ID_rest_list_rerun2,28,KO: TU0-45229[c],0.000204868614386,0.0002339655920232,8.24456654954787e-05,0.0002796399430091,366.525264200135,674.6872708923318,696.8394622994595,1.840766072059715,22914.0,60,8,growth_rate_summary_gene_knockout_TU_ID_rest_list_rerun12_seed10_all.csv,10,TU0-45229[c],KO,TU0-45229[c],0.7375270117896,0.7375270117896,366.525264200135,0,1,1,,False,True,gene_knockout_TU_ID_rest_list_rerun2|v28|s10|KO: TU0-45229[c]
gene_knockout_TU_ID_rest_list_rerun2,29,KO: TU0-45231[c],0.000197803162746,0.000218356610744,7.951262766995721e-05,0.0002732750684482,366.3409719847453,593.0770490396089,709.1657085225027,1.618920880802558,23418.0,62,8,growth_rate_summary_gene_knockout_TU_ID_rest_list_rerun12_seed10_all.csv,10,TU0-45231[c],KO,TU0-45231[c],0.7120913858856001,0.7120913858856001,366.3409719847453,0,1,1,,False,True,gene_knockout_TU_ID_rest_list_rerun2|v29|s10|KO: TU0-45231[c]
gene_knockout_TU_ID_rest_list_rerun2,30,KO: TU0-45255[c],0.000198752907862,0.0002261834178204,8.045170390790663e-05,0.0002955985268651,366.0943274177275,563.8262048346312,687.3342027352796,1.5401118307721935,22782.0,60,8,growth_rate_summary_gene_knockout_TU_ID_rest_list_rerun12_seed10_all.csv,10,TU0-45255[c],KO,TU0-45255[c],0.7155104683032,0.7155104683032,366.0943274177275,0,1,1,,False,True,gene_knockout_TU_ID_rest_list_rerun2|v30|s10|KO: TU0-45255[c]
gene_knockout_TU_ID_rest_list_rerun2,31,KO: TU0-45265[c],0.0002072277002996,0.0002367423462617,8.202216971599651e-05,0.0002880392858301,365.9512918588058,668.101422327863,717.3186374404936,1.825656684894653,22911.0,62,8,growth_rate_summary_gene_knockout_TU_ID_rest_list_rerun12_seed10_all.csv,10,TU0-45265[c],KO,TU0-45265[c],0.7460197210785601,0.7460197210785601,365.9512918588058,0,1,1,,False,True,gene_knockout_TU_ID_rest_list_rerun2|v31|s10|KO: TU0-45265[c]
gene_knockout_TU_ID_rest_list_rerun2,32,KO: TU0-45291[c],0.0001942583921721,0.0002177467425323,7.687345911323638e-05,0.000281444774665,365.8761099543683,557.2649166328868,687.106033701594,1.5230973038999138,23578.0,64,8,growth_rate_summary_gene_knockout_TU_ID_rest_list_rerun12_seed10_all.csv,10,TU0-45291[c],KO,TU0-45291[c],0.69933021181956,0.69933021181956,365.8761099543683,0,1,1,,False,True,gene_knockout_TU_ID_rest_list_rerun2|v32|s10|KO: TU0-45291[c]
gene_knockout_TU_ID_rest_list_rerun2,33,KO: TU0-4562[c],0.0001950414410777,0.0002146949226751,7.506092711397968e-05,0.0002962015008712,366.6088772252656,636.8896426441561,698.778454104862,1.7372455557119924,24455.0,67,8,growth_rate_summary_gene_knockout_TU_ID_rest_list_rerun12_seed10_all.csv,10,TU0-4562[c],KO,TU0-4562[c],0.7021491878797199,0.7021491878797199,366.6088772252656,0,1,1,,False,True,gene_knockout_TU_ID_rest_list_rerun2|v33|s10|KO: TU0-4562[c]
gene_knockout_TU_ID_rest_list_rerun2,34,KO: TU0-4682[c],0.0002054086880502,0.0002260671299185,8.412061092305253e-05,0.0003000026971958,366.1775635235574,664.2592561218364,747.1208391414868,1.8140359276247748,22815.0,61,8,growth_rate_summary_gene_knockout_TU_ID_rest_list_rerun12_seed10_all.csv,10,TU0-4682[c],KO,TU0-4682[c],0.73947127698072,0.73947127698072,366.1775635235574,0,1,1,,False,True,gene_knockout_TU_ID_rest_list_rerun2|v34|s10|KO: TU0-4682[c]
gene_knockout_TU_ID_rest_list_rerun2,35,KO: TU0-4802[c],0.0002195627170455,0.0002463510459072,9.216674524709191e-05,0.0003335215108617,366.1503377261811,628.011784001744,740.682971175391,1.7151746681478997,21094.0,56,8,growth_rate_summary_gene_knockout_TU_ID_rest_list_rerun12_seed10_all.csv,10,TU0-4802[c],KO,TU0-4802[c],0.7904257813638,0.7904257813638,366.1503377261811,0,1,1,,False,True,gene_knockout_TU_ID_rest_list_rerun2|v35|s10|KO: TU0-4802[c]
gene_knockout_TU_ID_rest_list_rerun2,36,KO: TU0-4929[c],0.0001898521090952,0.0002065073912287,8.486151515786366e-05,0.0005387674945238,366.00193078613313,554.2064462705368,699.1493725505943,1.5142172749749174,24722.0,67,8,growth_rate_summary_gene_knockout_TU_ID_rest_list_rerun12_seed10_all.csv,10,TU0-4929[c],KO,TU0-4929[c],0.6834675927427201,0.6834675927427201,366.00193078613313,0,1,1,,False,True,gene_knockout_TU_ID_rest_list_rerun2|v36|s10|KO: TU0-4929[c]
gene_knockout_TU_ID_rest_list_rerun2,37,KO: TU0-4961[c],0.0002023587187212,0.0002275237360798,7.976568846896579e-05,0.0002882690666591,366.3568096989253,641.6762627626208,678.8516089545715,1.7515063068977892,23121.0,62,8,growth_rate_summary_gene_knockout_TU_ID_rest_list_rerun12_seed10_all.csv,10,TU0-4961[c],KO,TU0-4961[c],0.7284913873963199,0.7284913873963199,366.3568096989253,0,1,1,,False,True,gene_knockout_TU_ID_rest_list_rerun2|v37|s10|KO: TU0-4961[c]
gene_knockout_TU_ID_rest_list_rerun2,38,KO: TU0-5061[c],4.099191329126477e-05,3.661214943013379e-05,1.8284162979907995e-05,9.056463332625564e-05,365.97959483285,251.1990067858096,440.8052595309896,0.6863743507354203,22306.0,58,8,growth_rate_summary_gene_knockout_TU_ID_rest_list_rerun12_seed10_all.csv,10,TU0-5061[c],KO,TU0-5061[c],0.14757088784855318,0.14757088784855318,365.97959483285,0,1,1,,False,True,gene_knockout_TU_ID_rest_list_rerun2|v38|s10|KO: TU0-5061[c]
gene_knockout_TU_ID_rest_list_rerun2,39,KO: TU0-5162[c],0.0001979083434424,0.000220615517556,7.593361494180815e-05,0.0002644552673943,366.6438870714842,653.6664523188908,674.9463580577437,1.7828374490025145,24227.0,66,8,growth_rate_summary_gene_knockout_TU_ID_rest_list_rerun12_seed10_all.csv,10,TU0-5162[c],KO,TU0-5162[c],0.7124700363926401,0.7124700363926401,366.6438870714842,0,1,1,,False,True,gene_knockout_TU_ID_rest_list_rerun2|v39|s10|KO: TU0-5162[c]
gene_knockout_TU_ID_rest_list_rerun2,40,KO: TU0-5186[c],0.0002086120345699,0.000232257510354,8.554426468361441e-05,0.0003588550104238,366.1259289095034,641.8227915663417,694.1404057763243,1.7530110295055974,22379.0,59,8,growth_rate_summary_gene_knockout_TU_ID_rest_list_rerun12_seed10_all.csv,10,TU0-5186[c],KO,TU0-5186[c],0.75100332445164,0.75100332445164,366.1259289095034,0,1,1,,False,True,gene_knockout_TU_ID_rest_list_rerun2|v40|s10|KO: TU0-5186[c]
gene_knockout_TU_ID_rest_list_rerun2,41,KO: TU0-5402[c],0.000204622702959,0.0002301313835386,8.24553108711357e-05,0.0002773367443724,366.0214319897483,636.9935450428509,683.1060555743388,1.7403176135890646,22806.0,60,8,growth_rate_summary_gene_knockout_TU_ID_rest_list_rerun12_seed10_all.csv,10,TU0-5402[c],KO,TU0-5402[c],0.7366417306524,0.7366417306524,366.0214319897483,0,1,1,,False,True,gene_knockout_TU_ID_rest_list_rerun2|v41|s10|KO: TU0-5402[c]
gene_knockout_TU_ID_rest_list_rerun2,42,KO: TU0-5501[c],4.373587653054661e-05,3.729004715108806e-05,1.981304870211876e-05,9.300434125748232e-05,365.97907094469895,256.1175600385749,450.06020271039097,0.6998147718596601,20979.0,54,8,growth_rate_summary_gene_knockout_TU_ID_rest_list_rerun12_seed10_all.csv,10,TU0-5501[c],KO,TU0-5501[c],0.1574491555099678,0.1574491555099678,365.97907094469895,0,1,1,,False,True,gene_knockout_TU_ID_rest_list_rerun2|v42|s10|KO: TU0-5501[c]
gene_knockout_TU_ID_rest_list_rerun2,43,KO: TU0-5561[c],0.0002069158009903,0.0002231641146771,8.457235557529964e-05,0.0003056579419085,366.26786918798655,604.31410772442,757.6521134052123,1.6499238905781726,22266.0,61,8,growth_rate_summary_gene_knockout_TU_ID_rest_list_rerun12_seed10_all.csv,10,TU0-5561[c],KO,TU0-5561[c],0.74489688356508,0.74489688356508,366.26786918798655,0,1,1,,False,True,gene_knockout_TU_ID_rest_list_rerun2|v43|s10|KO: TU0-5561[c]
gene_knockout_TU_ID_rest_list_rerun2,44,KO: TU0-5961[c],0.0002119852586052,0.000241338937791,8.985503073415407e-05,0.000302285499999,365.9929830855016,591.4058420652009,747.9649808297359,1.6158939362152729,21371.0,57,8,growth_rate_summary_gene_knockout_TU_ID_rest_list_rerun12_seed10_all.csv,10,TU0-5961[c],KO,TU0-5961[c],0.76314693097872,0.76314693097872,365.9929830855016,0,1,1,,False,True,gene_knockout_TU_ID_rest_list_rerun2|v44|s10|KO: TU0-5961[c]
gene_knockout_TU_ID_rest_list_rerun2,45,KO: TU0-6408[c],0.0002126765655173,0.0002339858021665,8.931187805471664e-05,0.000336059265048,366.0315273520344,692.1255769174979,810.4815320074138,1.8908906069499292,22196.0,60,8,growth_rate_summary_gene_knockout_TU_ID_rest_list_rerun12_seed10_all.csv,10,TU0-6408[c],KO,TU0-6408[c],0.76563563586228,0.76563563586228,366.0315273520344,0,1,1,,False,True,gene_knockout_TU_ID_rest_list_rerun2|v45|s10|KO: TU0-6408[c]
gene_knockout_TU_ID_rest_list_rerun2,46,KO: TU0-6409[c],0.0003915403587874,9.858295112220792e-05,0.0005534152384799,0.0022813516108269,365.8992766298095,6861.459822498111,6861.459822498111,18.752318631774838,10595.0,28,8,growth_rate_summary_gene_knockout_TU_ID_rest_list_rerun12_seed10_all.csv,10,TU0-6409[c],KO,TU0-6409[c],1.40954529163464,1.40954529163464,365.8992766298095,0,1,1,,False,True,gene_knockout_TU_ID_rest_list_rerun2|v46|s10|KO: TU0-6409[c]
gene_knockout_TU_ID_rest_list_rerun2,47,KO: TU0-6422[c],0.000207339360284,0.0002393310836239,8.503312666192162e-05,0.0002983769239435,366.0665324427311,608.2775673934298,719.3125386617089,1.6616585059946478,22341.0,60,8,growth_rate_summary_gene_knockout_TU_ID_rest_list_rerun12_seed10_all.csv,10,TU0-6422[c],KO,TU0-6422[c],0.7464216970224,0.7464216970224,366.0665324427311,0,1,1,,False,True,gene_knockout_TU_ID_rest_list_rerun2|v47|s10|KO: TU0-6422[c]
gene_knockout_TU_ID_rest_list_rerun2,48,KO: TU0-6425[c],0.0001741525569126,0.0001815598093949,7.039068460652081e-05,0.0002753790553101,366.0262195124399,549.6547159659217,681.2016610817291,1.5016812639763393,26127.0,69,8,growth_rate_summary_gene_knockout_TU_ID_rest_list_rerun12_seed10_all.csv,10,TU0-6425[c],KO,TU0-6425[c],0.62694920488536,0.62694920488536,366.0262195124399,0,1,1,,False,True,gene_knockout_TU_ID_rest_list_rerun2|v48|s10|KO: TU0-6425[c]
gene_knockout_TU_ID_rest_list_rerun2,49,KO: TU0-6441[c],0.0004115671282636,0.0001183090480457,0.0006291530679358,0.0031293002895972,366.6883573239446,7729.280253105353,7729.280253105353,21.078608302463916,10692.0,29,8,growth_rate_summary_gene_knockout_TU_ID_rest_list_rerun12_seed10_all.csv,10,TU0-6441[c],KO,TU0-6441[c],1.48164166174896,1.48164166174896,366.6883573239446,0,1,1,,False,True,gene_knockout_TU_ID_rest_list_rerun2|v49|s10|KO: TU0-6441[c]
gene_knockout_TU_ID_rest_list_rerun2,50,KO: TU0-6481[c],0.0,0.0,0.0,0.0,365.8478297543121,365.8478297543121,365.8478297543121,1.0,0.0,1,8,growth_rate_summary_gene_knockout_TU_ID_rest_list_rerun12_seed10_all.csv,10,TU0-6481[c],KO,TU0-6481[c],0.0,0.0,365.8478297543121,0,1,1,,False,True,gene_knockout_TU_ID_rest_list_rerun2|v50|s10|KO: TU0-6481[c]
gene_knockout_TU_ID_rest_list_rerun2,51,KO: TU0-6482[c],4.47430306833107e-05,4.564046514715246e-05,2.0483938298394267e-05,9.13146553551577e-05,365.9963731027804,218.26723213777396,443.5784439353922,0.5963644674601171,18820.0,49,8,growth_rate_summary_gene_knockout_TU_ID_rest_list_rerun12_seed10_all.csv,10,TU0-6482[c],KO,TU0-6482[c],0.1610749104599185,0.1610749104599185,365.9963731027804,0,1,1,,False,True,gene_knockout_TU_ID_rest_list_rerun2|v51|s10|KO: TU0-6482[c]
gene_knockout_TU_ID_rest_list_rerun2,52,KO: TU0-6485[c],0.0002016070965494,0.0002266676860141,7.811750677660645e-05,0.0002917921605352,365.9469057927189,664.3534635136275,671.3629138118574,1.8154367559810252,23510.0,63,8,growth_rate_summary_gene_knockout_TU_ID_rest_list_rerun12_seed10_all.csv,10,TU0-6485[c],KO,TU0-6485[c],0.7257855475778401,0.7257855475778401,365.9469057927189,0,1,1,,False,True,gene_knockout_TU_ID_rest_list_rerun2|v52|s10|KO: TU0-6485[c]
gene_knockout_TU_ID_rest_list_rerun2,53,KO: TU0-6501[c],4.288963060754855e-05,4.230318617837391e-05,2.11053285847331e-05,0.0001222592048366,366.0816865485576,228.16754558917185,446.4948838783002,0.6232694886771052,20900.0,54,8,growth_rate_summary_gene_knockout_TU_ID_rest_list_rerun12_seed10_all.csv,10,TU0-6501[c],KO,TU0-6501[c],0.15440267018717477,0.15440267018717477,366.0816865485576,0,1,1,,False,True,gene_knockout_TU_ID_rest_list_rerun2|v53|s10|KO: TU0-6501[c]
gene_knockout_TU_ID_rest_list_rerun2,54,KO: TU0-6506[c],0.0003134288689495,0.0001091372656963,0.0003507135863672,0.0011468482666166,365.98534398187167,2908.5357666401087,2908.5357666401087,7.947137267835996,9797.0,26,8,growth_rate_summary_gene_knockout_TU_ID_rest_list_rerun12_seed10_all.csv,10,TU0-6506[c],KO,TU0-6506[c],1.1283439282182,1.1283439282182,365.98534398187167,0,1,1,,False,True,gene_knockout_TU_ID_rest_list_rerun2|v54|s10|KO: TU0-6506[c]
gene_knockout_TU_ID_rest_list_rerun2,55,KO: TU0-6512[c],0.0001942583921721,0.0002177467425323,7.687345911323638e-05,0.000281444774665,365.8761099543683,557.2649166328868,687.106033701594,1.5230973038999138,23578.0,64,8,growth_rate_summary_gene_knockout_TU_ID_rest_list_rerun12_seed10_all.csv,10,TU0-6512[c],KO,TU0-6512[c],0.69933021181956,0.69933021181956,365.8761099543683,0,1,1,,False,True,gene_knockout_TU_ID_rest_list_rerun2|v55|s10|KO: TU0-6512[c]
gene_knockout_TU_ID_rest_list_rerun2,56,KO: TU0-6562[c],0.0003866950790341,0.0001310040344298,0.000529687189007,0.0023663811896338,365.9826833971134,6845.199477535587,6845.199477535587,18.703615739404068,10117.0,27,8,growth_rate_summary_gene_knockout_TU_ID_rest_list_rerun12_seed10_all.csv,10,TU0-6562[c],KO,TU0-6562[c],1.39210228452276,1.39210228452276,365.9826833971134,0,1,1,,False,True,gene_knockout_TU_ID_rest_list_rerun2|v56|s10|KO: TU0-6562[c]
gene_knockout_TU_ID_rest_list_rerun2,57,KO: TU0-6569[c],0.0001888330894549,0.0002136451655187,7.260289768598472e-05,0.0002534376545566,365.7618998671917,553.4008491985944,661.8421240668026,1.5130084609674614,24372.0,66,8,growth_rate_summary_gene_knockout_TU_ID_rest_list_rerun12_seed10_all.csv,10,TU0-6569[c],KO,TU0-6569[c],0.6797991220376399,0.6797991220376399,365.7618998671917,0,1,1,,False,True,gene_knockout_TU_ID_rest_list_rerun2|v57|s10|KO: TU0-6569[c]
gene_knockout_TU_ID_rest_list_rerun2,58,KO: TU0-6623[c],0.0001957988366832,0.0002189295027596,7.700718592797647e-05,0.0002890794275951,366.034201497705,643.6458142406698,676.4466501009831,1.7584308012941392,23686.0,63,8,growth_rate_summary_gene_knockout_TU_ID_rest_list_rerun12_seed10_all.csv,10,TU0-6623[c],KO,TU0-6623[c],0.70487581205952,0.70487581205952,366.034201497705,0,1,1,,False,True,gene_knockout_TU_ID_rest_list_rerun2|v58|s10|KO: TU0-6623[c]
gene_knockout_TU_ID_rest_list_rerun2,59,KO: TU0-6630[c],0.0002093788706274,0.0002295531132664,9.189738641022443e-05,0.0005666040235308,365.7540284793864,663.6158821259285,707.0127516883299,1.8143775063391523,22960.0,63,8,growth_rate_summary_gene_knockout_TU_ID_rest_list_rerun12_seed10_all.csv,10,TU0-6630[c],KO,TU0-6630[c],0.7537639342586401,0.7537639342586401,365.7540284793864,0,1,1,,False,True,gene_knockout_TU_ID_rest_list_rerun2|v59|s10|KO: TU0-6630[c]
gene_knockout_TU_ID_rest_list_rerun2,60,KO: TU0-6631[c],0.0002061954052316,0.0002308213016165,8.117388924872697e-05,0.0002941355368867,366.0005508741432,644.5641665293222,740.4703530042495,1.7611016294644015,22882.0,62,8,growth_rate_summary_gene_knockout_TU_ID_rest_list_rerun12_seed10_all.csv,10,TU0-6631[c],KO,TU0-6631[c],0.74230345883376,0.74230345883376,366.0005508741432,0,1,1,,False,True,gene_knockout_TU_ID_rest_list_rerun2|v60|s10|KO: TU0-6631[c]
gene_knockout_TU_ID_rest_list_rerun2,61,KO: TU0-6635[c],0.0001901741685912,0.0002012871659964,7.721224451176246e-05,0.0003119596652742,366.2752364197978,564.4290153260038,694.0443664192746,1.540996931277922,24404.0,66,8,growth_rate_summary_gene_knockout_TU_ID_rest_list_rerun12_seed10_all.csv,10,TU0-6635[c],KO,TU0-6635[c],0.6846270069283199,0.6846270069283199,366.2752364197978,0,1,1,,False,True,gene_knockout_TU_ID_rest_list_rerun2|v61|s10|KO: TU0-6635[c]
gene_knockout_TU_ID_rest_list_rerun2,62,KO: TU0-6649[c],0.0001843045990965,0.0002044055669368,7.362022303544918e-05,0.0002997869361189,365.9672873371982,511.6609963264839,677.6883288613706,1.3981058253850027,24540.0,66,8,growth_rate_summary_gene_knockout_TU_ID_rest_list_rerun12_seed10_all.csv,10,TU0-6649[c],KO,TU0-6649[c],0.6634965567473999,0.6634965567473999,365.9672873371982,0,1,1,,False,True,gene_knockout_TU_ID_rest_list_rerun2|v62|s10|KO: TU0-6649[c]
gene_knockout_TU_ID_rest_list_rerun2,63,KO: TU0-6652[c],0.0001959539716199,0.0002229960463436,8.053176582491597e-05,0.0003012535149025,366.0691839822079,641.6353127776094,704.218183771555,1.7527706260267868,24436.0,65,8,growth_rate_summary_gene_knockout_TU_ID_rest_list_rerun12_seed10_all.csv,10,TU0-6652[c],KO,TU0-6652[c],0.70543429783164,0.70543429783164,366.0691839822079,0,1,1,,False,True,gene_knockout_TU_ID_rest_list_rerun2|v63|s10|KO: TU0-6652[c]
gene_knockout_TU_ID_rest_list_rerun2,64,KO: TU0-6884[c],0.0001945446776003,0.0002151720279542,7.996448989602016e-05,0.0003060407667649,365.87765878307255,756.4761411116108,756.4761411116108,2.0675658186610475,25400.0,67,8,growth_rate_summary_gene_knockout_TU_ID_rest_list_rerun12_seed10_all.csv,10,TU0-6884[c],KO,TU0-6884[c],0.7003608393610801,0.7003608393610801,365.87765878307255,0,1,1,,False,True,gene_knockout_TU_ID_rest_list_rerun2|v64|s10|KO: TU0-6884[c]
gene_knockout_TU_ID_rest_list_rerun2,65,KO: TU0-6886[c],4.587198810381566e-05,4.196728150139034e-05,1.961522891005258e-05,0.0001066400909161,366.1398903578007,265.87036541230907,454.4584019633844,0.7261442208673142,20836.0,54,8,growth_rate_summary_gene_knockout_TU_ID_rest_list_rerun12_seed10_all.csv,10,TU0-6886[c],KO,TU0-6886[c],0.1651391571737364,0.1651391571737364,366.1398903578007,0,1,1,,False,True,gene_knockout_TU_ID_rest_list_rerun2|v65|s10|KO: TU0-6886[c]
gene_knockout_TU_ID_rest_list_rerun2,66,KO: TU0-7162[c],0.0002097416345656,0.0002365026633863,8.305982122765472e-05,0.0002764737778668,366.3183803269486,630.6189618203307,716.7660868757673,1.7215051050877843,22376.0,61,8,growth_rate_summary_gene_knockout_TU_ID_rest_list_rerun12_seed10_all.csv,10,TU0-7162[c],KO,TU0-7162[c],0.75506988443616,0.75506988443616,366.3183803269486,0,1,1,,False,True,gene_knockout_TU_ID_rest_list_rerun2|v66|s10|KO: TU0-7162[c]
gene_knockout_TU_ID_rest_list_rerun2,67,KO: TU0-7163[c],0.0001946644050729,0.0002117162545962,7.681520853880069e-05,0.000290673385413,365.8877861055097,646.1687003230193,705.7362304808612,1.7660297087279269,24024.0,65,8,growth_rate_summary_gene_knockout_TU_ID_rest_list_rerun12_seed10_all.csv,10,TU0-7163[c],KO,TU0-7163[c],0.70079185826244,0.70079185826244,365.8877861055097,0,1,1,,False,True,gene_knockout_TU_ID_rest_list_rerun2|v67|s10|KO: TU0-7163[c]
gene_knockout_TU_ID_rest_list_rerun2,68,KO: TU0-7281[c],9.43547480417872e-05,4.818489754398245e-05,9.459940908237524e-05,0.0002852379278041,366.0997142734192,237.77332994456103,676.2467361988167,0.649476961260291,34155.0,88,8,growth_rate_summary_gene_knockout_TU_ID_rest_list_rerun12_seed10_all.csv,10,TU0-7281[c],KO,TU0-7281[c],0.3396770929504339,0.3396770929504339,366.0997142734192,0,1,1,,False,True,gene_knockout_TU_ID_rest_list_rerun2|v68|s10|KO: TU0-7281[c]
gene_knockout_TU_ID_rest_list_rerun2,69,KO: TU0-7341[c],0.0002113838461959,0.0002528036598429,0.0001011445457988,0.0002917299304324,366.0922055589483,383.6982626338745,692.6348152531737,1.0480918654032672,8188.0,22,8,growth_rate_summary_gene_knockout_TU_ID_rest_list_rerun12_seed10_all.csv,10,TU0-7341[c],KO,TU0-7341[c],0.76098184630524,0.76098184630524,366.0922055589483,0,1,1,,False,True,gene_knockout_TU_ID_rest_list_rerun2|v69|s10|KO: TU0-7341[c]
gene_knockout_TU_ID_rest_list_rerun2,70,KO: TU0-7521[c],0.0001993893743588,0.0002223380631518,8.063829277818383e-05,0.000295822822428,366.0842278548039,607.6077272777034,698.6230938942278,1.6597484432426637,23325.0,62,8,growth_rate_summary_gene_knockout_TU_ID_rest_list_rerun12_seed10_all.csv,10,TU0-7521[c],KO,TU0-7521[c],0.7178017476916799,0.7178017476916799,366.0842278548039,0,1,1,,False,True,gene_knockout_TU_ID_rest_list_rerun2|v70|s10|KO: TU0-7521[c]
gene_knockout_TU_ID_rest_list_rerun2,71,KO: TU0-7861[c],0.0001886497864137,0.0002023543848491,7.77452943172339e-05,0.0002898899472713,366.1023806969668,517.8418408946218,696.1968546422604,1.4144727491495177,24031.0,65,8,growth_rate_summary_gene_knockout_TU_ID_rest_list_rerun12_seed10_all.csv,10,TU0-7861[c],KO,TU0-7861[c],0.67913923108932,0.67913923108932,366.1023806969668,0,1,1,,False,True,gene_knockout_TU_ID_rest_list_rerun2|v71|s10|KO: TU0-7861[c]
gene_knockout_TU_ID_rest_list_rerun2,72,KO: TU0-7981[c],0.0001989619661063,0.0002234223923096,7.768782995549337e-05,0.0002870427480878,365.4101782101205,631.2504841601246,671.2040805112119,1.7275120448263457,23581.0,63,8,growth_rate_summary_gene_knockout_TU_ID_rest_list_rerun12_seed10_all.csv,10,TU0-7981[c],KO,TU0-7981[c],0.71626307798268,0.71626307798268,365.4101782101205,0,1,1,,False,True,gene_knockout_TU_ID_rest_list_rerun2|v72|s10|KO: TU0-7981[c]
gene_knockout_TU_ID_rest_list_rerun2,73,KO: TU0-8121[c],0.0001995592621831,0.0002187730902327,8.103929092845039e-05,0.00028887233729,366.0686090231692,613.648349610784,734.5373882294325,1.676320598065662,23463.0,62,8,growth_rate_summary_gene_knockout_TU_ID_rest_list_rerun12_seed10_all.csv,10,TU0-8121[c],KO,TU0-8121[c],0.71841334385916,0.71841334385916,366.0686090231692,0,1,1,,False,True,gene_knockout_TU_ID_rest_list_rerun2|v73|s10|KO: TU0-8121[c]
gene_knockout_TU_ID_rest_list_rerun2,74,KO: TU0-8343[c],0.0001778562211167,0.0001910640156637,6.920604667699438e-05,0.0002673834921498,366.2489140903792,611.9001852592664,668.2435884354295,1.6707221829694432,26094.0,70,8,growth_rate_summary_gene_knockout_TU_ID_rest_list_rerun12_seed10_all.csv,10,TU0-8343[c],KO,TU0-8343[c],0.64028239602012,0.64028239602012,366.2489140903792,0,1,1,,False,True,gene_knockout_TU_ID_rest_list_rerun2|v74|s10|KO: TU0-8343[c]
gene_knockout_TU_ID_rest_list_rerun2,75,KO: TU0-8346[c],0.0002176056229879,0.0002484467528962,8.583587093993186e-05,0.0003099526337206,366.1038457036796,712.9716304472631,747.7927371624858,1.9474573643903608,22040.0,61,8,growth_rate_summary_gene_knockout_TU_ID_rest_list_rerun12_seed10_all.csv,10,TU0-8346[c],KO,TU0-8346[c],0.78338024275644,0.78338024275644,366.1038457036796,0,1,1,,False,True,gene_knockout_TU_ID_rest_list_rerun2|v75|s10|KO: TU0-8346[c]
gene_knockout_TU_ID_rest_list_rerun2,76,KO: TU0-8360[c],0.0002074052284256,0.0002369677433421,8.205415750430993e-05,0.0002835400911185,366.24600574613953,652.8606366693559,736.2573000550237,1.782574079789094,22765.0,62,8,growth_rate_summary_gene_knockout_TU_ID_rest_list_rerun12_seed10_all.csv,10,TU0-8360[c],KO,TU0-8360[c],0.74665882233216,0.74665882233216,366.24600574613953,0,1,1,,False,True,gene_knockout_TU_ID_rest_list_rerun2|v76|s10|KO: TU0-8360[c]
gene_knockout_TU_ID_rest_list_rerun2,77,KO: TU0-8472[c],4.354438179481229e-05,4.077090501783879e-05,1.831225863760086e-05,8.999556375728106e-05,366.0747598242758,251.730492989131,444.2593147050718,0.6876477720287718,21477.0,56,8,growth_rate_summary_gene_knockout_TU_ID_rest_list_rerun12_seed10_all.csv,10,TU0-8472[c],KO,TU0-8472[c],0.15675977446132425,0.15675977446132425,366.0747598242758,0,1,1,,False,True,gene_knockout_TU_ID_rest_list_rerun2|v77|s10|KO: TU0-8472[c]
gene_knockout_TU_ID_rest_list_rerun2,78,KO: TU0-8473[c],0.0002038667452979,0.0002179397467907,9.373135119564212e-05,0.0005664174518878,365.73629911315015,575.7251403281696,688.1547796482944,1.574153677729576,22810.0,60,8,growth_rate_summary_gene_knockout_TU_ID_rest_list_rerun12_seed10_all.csv,10,TU0-8473[c],KO,TU0-8473[c],0.7339202830724401,0.7339202830724401,365.73629911315015,0,1,1,,False,True,gene_knockout_TU_ID_rest_list_rerun2|v78|s10|KO: TU0-8473[c]
gene_knockout_TU_ID_rest_list_rerun2,79,KO: TU0-8492[c],0.0002347193199302,0.0002747760426586,0.0001213951392444,0.0003387261452108,366.1185488242057,598.2463596982382,598.2463596982382,1.634023628738598,1600.0,5,8,growth_rate_summary_gene_knockout_TU_ID_rest_list_rerun12_seed10_all.csv,10,TU0-8492[c],KO,TU0-8492[c],0.84498955174872,0.84498955174872,366.1185488242057,0,1,1,,False,True,gene_knockout_TU_ID_rest_list_rerun2|v79|s10|KO: TU0-8492[c]
gene_knockout_TU_ID_rest_list_rerun2,80,KO: TU0-8493[c],4.445899032389117e-05,3.844525208421199e-05,1.9767712219535165e-05,9.44484275770998e-05,365.9885802968631,264.2948944077372,449.0515912200033,0.7221397295876295,21165.0,55,8,growth_rate_summary_gene_knockout_TU_ID_rest_list_rerun12_seed10_all.csv,10,TU0-8493[c],KO,TU0-8493[c],0.1600523651660082,0.1600523651660082,365.9885802968631,0,1,1,,False,True,gene_knockout_TU_ID_rest_list_rerun2|v80|s10|KO: TU0-8493[c]
gene_knockout_TU_ID_rest_list_rerun2,81,KO: TU0-8574[c],0.0001732356446974,0.0001898129289822,7.013143283873344e-05,0.0002921808803131,366.0677216967131,495.9730367715513,680.9158193456392,1.3548668931331365,25306.0,67,8,growth_rate_summary_gene_knockout_TU_ID_rest_list_rerun12_seed10_all.csv,10,TU0-8574[c],KO,TU0-8574[c],0.62364832091064,0.62364832091064,366.0677216967131,0,1,1,,False,True,gene_knockout_TU_ID_rest_list_rerun2|v81|s10|KO: TU0-8574[c]
gene_knockout_TU_ID_rest_list_rerun2,82,KO: TU0-8610[c],0.0002008413070494,0.0002162575542451,7.871828279499108e-05,0.0002769217669698,365.806376155954,710.982157414029,720.9693645256343,1.943602418539901,23962.0,65,8,growth_rate_summary_gene_knockout_TU_ID_rest_list_rerun12_seed10_all.csv,10,TU0-8610[c],KO,TU0-8610[c],0.72302870537784,0.72302870537784,365.806376155954,0,1,1,,False,True,gene_knockout_TU_ID_rest_list_rerun2|v82|s10|KO: TU0-8610[c]
gene_knockout_TU_ID_rest_list_rerun2,83,KO: TU0-8726[c],0.0002098426706499,0.0002352765197628,8.415440997048219e-05,0.000276920466447,365.950029646242,622.4500275391676,702.615190272968,1.7009153630644054,22376.0,60,8,growth_rate_summary_gene_knockout_TU_ID_rest_list_rerun12_seed10_all.csv,10,TU0-8726[c],KO,TU0-8726[c],0.75543361433964,0.75543361433964,365.950029646242,0,1,1,,False,True,gene_knockout_TU_ID_rest_list_rerun2|v83|s10|KO: TU0-8726[c]
gene_knockout_TU_ID_rest_list_rerun2,84,KO: TU0-8745[c],0.0002051290793006,0.0002367133000596,8.351076692525527e-05,0.0002823973796849,365.9893895681196,578.6185017510868,712.1598945363014,1.5809707009098737,22517.0,60,8,growth_rate_summary_gene_knockout_TU_ID_rest_list_rerun12_seed10_all.csv,10,TU0-8745[c],KO,TU0-8745[c],0.7384646854821599,0.7384646854821599,365.9893895681196,0,1,1,,False,True,gene_knockout_TU_ID_rest_list_rerun2|v84|s10|KO: TU0-8745[c]
gene_knockout_TU_ID_rest_list_rerun2,85,KO: TU0-8772[c],0.0002179315019115,0.0002503055915853,8.865710760082567e-05,0.000313992987533,365.88132450589103,711.4033065515373,727.4400388908562,1.9443553384755583,22108.0,59,8,growth_rate_summary_gene_knockout_TU_ID_rest_list_rerun12_seed10_all.csv,10,TU0-8772[c],KO,TU0-8772[c],0.7845534068814,0.7845534068814,365.88132450589103,0,1,1,,False,True,gene_knockout_TU_ID_rest_list_rerun2|v85|s10|KO: TU0-8772[c]
gene_knockout_TU_ID_rest_list_rerun2,86,KO: TU0-8773[c],0.0001977951762984,0.0002199428059047,7.840006558598393e-05,0.0002950814582793,365.8839950777258,613.1059671996582,677.028827921443,1.6756840294952349,23863.0,64,8,growth_rate_summary_gene_knockout_TU_ID_rest_list_rerun12_seed10_all.csv,10,TU0-8773[c],KO,TU0-8773[c],0.7120626346742399,0.7120626346742399,365.8839950777258,0,1,1,,False,True,gene_knockout_TU_ID_rest_list_rerun2|v86|s10|KO: TU0-8773[c]
gene_knockout_TU_ID_rest_list_rerun2,87,KO: TU0-8793[c],0.0001918829810493,0.0002162644739058,7.568632408723991e-05,0.0002656212544665,366.6817027602443,580.8743520748808,701.6324248605838,1.5841378168102564,23758.0,64,8,growth_rate_summary_gene_knockout_TU_ID_rest_list_rerun12_seed10_all.csv,10,TU0-8793[c],KO,TU0-8793[c],0.6907787317774801,0.6907787317774801,366.6817027602443,0,1,1,,False,True,gene_knockout_TU_ID_rest_list_rerun2|v87|s10|KO: TU0-8793[c]
gene_knockout_TU_ID_rest_list_rerun2,88,KO: TU0-8806[c],0.0001949710245086,0.0002156989446992,7.799861547564356e-05,0.0002844819711068,366.0838005152392,548.932352859247,684.7983620998825,1.4994718479393525,23646.0,64,8,growth_rate_summary_gene_knockout_TU_ID_rest_list_rerun12_seed10_all.csv,10,TU0-8806[c],KO,TU0-8806[c],0.70189568823096,0.70189568823096,366.0838005152392,0,1,1,,False,True,gene_knockout_TU_ID_rest_list_rerun2|v88|s10|KO: TU0-8806[c]
gene_knockout_TU_ID_rest_list_rerun2,89,KO: TU0-8818[c],0.0002038245813993,0.0002297606733919,8.212462187651941e-05,0.000339899645115,365.9481922111054,598.5791976110647,716.2614360026037,1.635693823200419,22737.0,61,8,growth_rate_summary_gene_knockout_TU_ID_rest_list_rerun12_seed10_all.csv,10,TU0-8818[c],KO,TU0-8818[c],0.73376849303748,0.73376849303748,365.9481922111054,0,1,1,,False,True,gene_knockout_TU_ID_rest_list_rerun2|v89|s10|KO: TU0-8818[c]
gene_knockout_TU_ID_rest_list_rerun2,90,KO: TU0-8862[c],0.0002135067986169,0.0002424361037047,8.652334761441136e-05,0.0003094624200951,366.0944471425892,657.2345802521695,749.6914679082838,1.7952596259843978,21821.0,59,8,growth_rate_summary_gene_knockout_TU_ID_rest_list_rerun12_seed10_all.csv,10,TU0-8862[c],KO,TU0-8862[c],0.7686244750208401,0.7686244750208401,366.0944471425892,0,1,1,,False,True,gene_knockout_TU_ID_rest_list_rerun2|v90|s10|KO: TU0-8862[c]
gene_knockout_TU_ID_rest_list_rerun2,91,KO: TU0-901[c],0.0002036471661971,0.0002332843284967,8.243909142071276e-05,0.0002864579247634,366.0817230389218,617.9352682822691,708.1840344728573,1.6879708256196395,22847.0,60,8,growth_rate_summary_gene_knockout_TU_ID_rest_list_rerun12_seed10_all.csv,10,TU0-901[c],KO,TU0-901[c],0.73312979830956,0.73312979830956,366.0817230389218,0,1,1,,False,True,gene_knockout_TU_ID_rest_list_rerun2|v91|s10|KO: TU0-901[c]
gene_knockout_TU_ID_rest_list_rerun2,92,KO: TU00001[c],0.0001935072360329,0.0002101614547932,8.045061062241306e-05,0.0003114494949269,366.31786323120434,630.97600533273,729.4016187330433,1.7224822174027714,24234.0,65,8,growth_rate_summary_gene_knockout_TU_ID_rest_list_rerun12_seed10_all.csv,10,TU00001[c],KO,TU00001[c],0.69662604971844,0.69662604971844,366.31786323120434,0,1,1,,False,True,gene_knockout_TU_ID_rest_list_rerun2|v92|s10|KO: TU00001[c]
gene_knockout_TU_ID_rest_list_rerun2,93,KO: TU00003[c],0.0001979615580141,0.0002215345279638,7.869094545034611e-05,0.0002818136552252,366.0817121411271,592.5395321628,698.4462349597866,1.618599106459521,23486.0,62,8,growth_rate_summary_gene_knockout_TU_ID_rest_list_rerun12_seed10_all.csv,10,TU00003[c],KO,TU00003[c],0.71266160885076,0.71266160885076,366.0817121411271,0,1,1,,False,True,gene_knockout_TU_ID_rest_list_rerun2|v93|s10|KO: TU00003[c]
gene_knockout_TU_ID_rest_list_rerun2,94,KO: TU00004[c],4.586821363153568e-05,3.676194426280829e-05,2.1703061642558576e-05,9.60185196266855e-05,366.1025033169402,253.3990833407205,455.6802051555103,0.692153375201997,20834.0,54,8,growth_rate_summary_gene_knockout_TU_ID_rest_list_rerun12_seed10_all.csv,10,TU00004[c],KO,TU00004[c],0.16512556907352846,0.16512556907352846,366.1025033169402,0,1,1,,False,True,gene_knockout_TU_ID_rest_list_rerun2|v94|s10|KO: TU00004[c]
gene_knockout_TU_ID_rest_list_rerun2,95,KO: TU00006[c],0.0002004066429419,0.0002252171248437,7.958417729444763e-05,0.000322717968879,366.1041350754198,602.1079993644553,682.7017741854565,1.64463588820273,23085.0,62,8,growth_rate_summary_gene_knockout_TU_ID_rest_list_rerun12_seed10_all.csv,10,TU00006[c],KO,TU00006[c],0.72146391459084,0.72146391459084,366.1041350754198,0,1,1,,False,True,gene_knockout_TU_ID_rest_list_rerun2|v95|s10|KO: TU00006[c]
gene_knockout_TU_ID_rest_list_rerun2,96,KO: TU00008[c],8.475842124739748e-05,4.866499908547301e-05,0.0001254361486427,0.0006847671289407,366.0640805538581,509.0504676682401,509.0504676682401,1.390604800389163,21690.0,56,8,growth_rate_summary_gene_knockout_TU_ID_rest_list_rerun12_seed10_all.csv,10,TU00008[c],KO,TU00008[c],0.30513031649063094,0.30513031649063094,366.0640805538581,0,1,1,,False,True,gene_knockout_TU_ID_rest_list_rerun2|v96|s10|KO: TU00008[c]
gene_knockout_TU_ID_rest_list_rerun2,97,KO: TU00009[c],0.0002076494427726,0.0002384281349909,8.109514924803179e-05,0.0002702468263167,366.0729683637486,697.7307993065376,741.9963254911147,1.9059883127268689,22753.0,62,8,growth_rate_summary_gene_knockout_TU_ID_rest_list_rerun12_seed10_all.csv,10,TU00009[c],KO,TU00009[c],0.74753799398136,0.74753799398136,366.0729683637486,0,1,1,,False,True,gene_knockout_TU_ID_rest_list_rerun2|v97|s10|KO: TU00009[c]
gene_knockout_TU_ID_rest_list_rerun2,98,KO: TU00012[c],0.0002006295225853,0.0002262997370607,8.177582591359683e-05,0.0003039043713538,365.8908578672331,584.3092769464606,712.6185256648819,1.5969496487350954,23030.0,63,8,growth_rate_summary_gene_knockout_TU_ID_rest_list_rerun12_seed10_all.csv,10,TU00012[c],KO,TU00012[c],0.72226628130708,0.72226628130708,365.8908578672331,0,1,1,,False,True,gene_knockout_TU_ID_rest_list_rerun2|v98|s10|KO: TU00012[c]
gene_knockout_TU_ID_rest_list_rerun2,99,KO: TU00013[c],0.0002164461334571,0.0002468869005502,9.063517709346186e-05,0.0003140059871822,366.1454735228394,662.0019459618327,763.5203768742479,1.808029851065572,20962.0,56,8,growth_rate_summary_gene_knockout_TU_ID_rest_list_rerun12_seed10_all.csv,10,TU00013[c],KO,TU00013[c],0.77920608044556,0.77920608044556,366.1454735228394,0,1,1,,False,True,gene_knockout_TU_ID_rest_list_rerun2|v99|s10|KO: TU00013[c]
gene_knockout_TU_ID_rest_list_rerun2,100,KO: TU00017[c],0.0002026799528861,0.0002313427563877,8.259992840796831e-05,0.000288421321058,366.1670123794271,649.3489405715318,682.8136413484578,1.7733682134606594,22631.0,59,8,growth_rate_summary_gene_knockout_TU_ID_rest_list_rerun12_seed10_all.csv,10,TU00017[c],KO,TU00017[c],0.7296478303899601,0.7296478303899601,366.1670123794271,0,1,1,,False,True,gene_knockout_TU_ID_rest_list_rerun2|v100|s10|KO: TU00017[c]
gene_knockout_TU_ID_rest_list_rerun2,101,KO: TU00039[c],0.0002028604194944,0.0002255354101972,7.994240241722288e-05,0.0003102346859973,365.4633535540561,660.4576560781188,682.8727021283075,1.8071788858042912,23631.0,63,8,growth_rate_summary_gene_knockout_TU_ID_rest_list_rerun12_seed10_all.csv,10,TU00039[c],KO,TU00039[c],0.73029751017984,0.73029751017984,365.4633535540561,0,1,1,,False,True,gene_knockout_TU_ID_rest_list_rerun2|v101|s10|KO: TU00039[c]
gene_knockout_TU_ID_rest_list_rerun2,102,KO: TU00046[c],0.0002008609603161,0.0002210210079268,8.549777868322242e-05,0.0002954125142816,366.156326811036,534.1547794433943,739.5423401423279,1.4588161949719851,22471.0,60,8,growth_rate_summary_gene_knockout_TU_ID_rest_list_rerun12_seed10_all.csv,10,TU00046[c],KO,TU00046[c],0.72309945713796,0.72309945713796,366.156326811036,0,1,1,,False,True,gene_knockout_TU_ID_rest_list_rerun2|v102|s10|KO: TU00046[c]
gene_knockout_TU_ID_rest_list_rerun2,103,KO: TU00047[c],0.000210147481693,0.0002458987792932,8.695386661960622e-05,0.000286268455951,366.0540096864759,656.6384464001803,751.2772973872445,1.7938294050175525,21916.0,59,8,growth_rate_summary_gene_knockout_TU_ID_rest_list_rerun12_seed10_all.csv,10,TU00047[c],KO,TU00047[c],0.7565309340948,0.7565309340948,366.0540096864759,0,1,1,,False,True,gene_knockout_TU_ID_rest_list_rerun2|v103|s10|KO: TU00047[c]
gene_knockout_TU_ID_rest_list_rerun2,104,KO: TU00054[c],0.0,0.0,0.0,0.0,366.087302626482,366.087302626482,366.087302626482,1.0,0.0,1,8,growth_rate_summary_gene_knockout_TU_ID_rest_list_rerun12_seed10_all.csv,10,TU00054[c],KO,TU00054[c],0.0,0.0,366.087302626482,0,1,1,,False,True,gene_knockout_TU_ID_rest_list_rerun2|v104|s10|KO: TU00054[c]
gene_knockout_TU_ID_rest_list_rerun2,105,KO: TU00056[c],0.0,0.0,0.0,0.0,365.99035702082335,365.99035702082335,365.99035702082335,1.0,0.0,1,8,growth_rate_summary_gene_knockout_TU_ID_rest_list_rerun12_seed10_all.csv,10,TU00056[c],KO,TU00056[c],0.0,0.0,365.99035702082335,0,1,1,,False,True,gene_knockout_TU_ID_rest_list_rerun2|v105|s10|KO: TU00056[c]
gene_knockout_TU_ID_rest_list_rerun2,106,KO: TU00057[c],0.0,0.0,0.0,0.0,365.86989927887214,365.86989927887214,365.86989927887214,1.0,0.0,1,8,growth_rate_summary_gene_knockout_TU_ID_rest_list_rerun12_seed10_all.csv,10,TU00057[c],KO,TU00057[c],0.0,0.0,365.86989927887214,0,1,1,,False,True,gene_knockout_TU_ID_rest_list_rerun2|v106|s10|KO: TU00057[c]
gene_knockout_TU_ID_rest_list_rerun2,107,KO: TU00058[c],0.0,0.0,0.0,0.0,365.9553614935268,365.9553614935268,365.9553614935268,1.0,0.0,1,8,growth_rate_summary_gene_knockout_TU_ID_rest_list_rerun12_seed10_all.csv,10,TU00058[c],KO,TU00058[c],0.0,0.0,365.9553614935268,0,1,1,,False,True,gene_knockout_TU_ID_rest_list_rerun2|v107|s10|KO: TU00058[c]
gene_knockout_TU_ID_rest_list_rerun2,108,KO: TU00060[c],1.7621695645294626e-05,6.48395450107713e-06,3.8119031379698135e-05,0.0001470400637574,366.1110157585576,245.65609969629645,460.48293171197,0.6709880039728205,13472.0,35,8,growth_rate_summary_gene_knockout_TU_ID_rest_list_rerun12_seed10_all.csv,10,TU00060[c],KO,TU00060[c],0.06343810432306066,0.06343810432306066,366.1110157585576,0,1,1,,False,True,gene_knockout_TU_ID_rest_list_rerun2|v108|s10|KO: TU00060[c]
gene_knockout_TU_ID_rest_list_rerun2,109,KO: TU00061[c],2.0480317101627166e-05,6.492736063729823e-06,4.127519836731328e-05,0.0001501738063078,366.0595747411394,251.01601575837287,470.9074096174229,0.6857244915281343,13472.0,35,8,growth_rate_summary_gene_knockout_TU_ID_rest_list_rerun12_seed10_all.csv,10,TU00061[c],KO,TU00061[c],0.0737291415658578,0.0737291415658578,366.0595747411394,0,1,1,,False,True,gene_knockout_TU_ID_rest_list_rerun2|v109|s10|KO: TU00061[c]
gene_knockout_TU_ID_rest_list_rerun2,110,KO: TU00067[c],4.414399895510606e-05,4.229954980442112e-05,1.948802791243698e-05,9.712275087016392e-05,367.16020893402606,249.40888740013952,446.587681821552,0.6792917133483685,21552.0,56,8,growth_rate_summary_gene_knockout_TU_ID_rest_list_rerun12_seed10_all.csv,10,TU00067[c],KO,TU00067[c],0.15891839623838183,0.15891839623838183,367.16020893402606,0,1,1,,False,True,gene_knockout_TU_ID_rest_list_rerun2|v110|s10|KO: TU00067[c]
gene_knockout_TU_ID_rest_list_rerun2,111,KO: TU00078[c],0.0002130404255197,0.000241867255292,8.914620288057835e-05,0.0003044564341783,366.06296429359656,614.0719873728922,737.2406673028147,1.677503728239448,21420.0,57,8,growth_rate_summary_gene_knockout_TU_ID_rest_list_rerun12_seed10_all.csv,10,TU00078[c],KO,TU00078[c],0.76694553187092,0.76694553187092,366.06296429359656,0,1,1,,False,True,gene_knockout_TU_ID_rest_list_rerun2|v111|s10|KO: TU00078[c]
gene_knockout_TU_ID_rest_list_rerun2,112,KO: TU00082[c],0.0,0.0,0.0,0.0,366.0032458146982,366.0032458146982,366.0032458146982,1.0,0.0,1,8,growth_rate_summary_gene_knockout_TU_ID_rest_list_rerun12_seed10_all.csv,10,TU00082[c],KO,TU00082[c],0.0,0.0,366.0032458146982,0,1,1,,False,True,gene_knockout_TU_ID_rest_list_rerun2|v112|s10|KO: TU00082[c]
gene_knockout_TU_ID_rest_list_rerun2,113,KO: TU00090[c],4.8952607816819765e-05,5.187140296033283e-05,2.160068430256545e-05,8.750901914124427e-05,365.9324823231617,203.1119075631686,446.09707628640695,0.5550529602447173,14231.0,37,8,growth_rate_summary_gene_knockout_TU_ID_rest_list_rerun12_seed10_all.csv,10,TU00090[c],KO,TU00090[c],0.17622938814055114,0.17622938814055114,365.9324823231617,0,1,1,,False,True,gene_knockout_TU_ID_rest_list_rerun2|v113|s10|KO: TU00090[c]
gene_knockout_TU_ID_rest_list_rerun2,114,KO: TU00094[c],0.0,0.0,0.0,0.0,366.8012724340259,366.8012724340259,366.8012724340259,1.0,0.0,1,8,growth_rate_summary_gene_knockout_TU_ID_rest_list_rerun12_seed10_all.csv,10,TU00094[c],KO,TU00094[c],0.0,0.0,366.8012724340259,0,1,1,,False,True,gene_knockout_TU_ID_rest_list_rerun2|v114|s10|KO: TU00094[c]
gene_knockout_TU_ID_rest_list_rerun2,115,KO: TU00101[c],0.0001952531756572,0.0002166763738357,7.799017998245435e-05,0.0002863074743111,365.7232245271383,593.785212532295,721.2788308834149,1.6235917565804832,23337.0,63,8,growth_rate_summary_gene_knockout_TU_ID_rest_list_rerun12_seed10_all.csv,10,TU00101[c],KO,TU00101[c],0.70291143236592,0.70291143236592,365.7232245271383,0,1,1,,False,True,gene_knockout_TU_ID_rest_list_rerun2|v115|s10|KO: TU00101[c]
gene_knockout_TU_ID_rest_list_rerun2,116,KO: TU00106[c],0.000194800683093,0.000212645707966,7.805342072128503e-05,0.0003062145185478,366.03000487247823,592.5180707275197,718.7530868305757,1.618769125044675,23920.0,64,8,growth_rate_summary_gene_knockout_TU_ID_rest_list_rerun12_seed10_all.csv,10,TU00106[c],KO,TU00106[c],0.7012824591347999,0.7012824591347999,366.03000487247823,0,1,1,,False,True,gene_knockout_TU_ID_rest_list_rerun2|v116|s10|KO: TU00106[c]
gene_knockout_TU_ID_rest_list_rerun2,117,KO: TU00109[c],0.000210784400958,0.0002386978710009,8.487728696339141e-05,0.0003478850921041,366.0790011779637,669.3295288499633,743.2633314705618,1.8283745494721204,22586.0,62,8,growth_rate_summary_gene_knockout_TU_ID_rest_list_rerun12_seed10_all.csv,10,TU00109[c],KO,TU00109[c],0.7588238434488,0.7588238434488,366.0790011779637,0,1,1,,False,True,gene_knockout_TU_ID_rest_list_rerun2|v117|s10|KO: TU00109[c]
gene_knockout_TU_ID_rest_list_rerun2,118,KO: TU00111[c],0.0001925853417643,0.0002130275065076,7.855323970510843e-05,0.0002831068241681,366.084385013578,535.7464187406772,688.8106936610761,1.463450615957866,23524.0,63,8,growth_rate_summary_gene_knockout_TU_ID_rest_list_rerun12_seed10_all.csv,10,TU00111[c],KO,TU00111[c],0.69330723035148,0.69330723035148,366.084385013578,0,1,1,,False,True,gene_knockout_TU_ID_rest_list_rerun2|v118|s10|KO: TU00111[c]
gene_knockout_TU_ID_rest_list_rerun2,119,KO: TU00112[c],0.0001073325393729,0.0001019400742218,4.799543087489971e-05,0.0002285390853678,366.0137368116933,458.3243791064861,568.4344486618759,1.2522054038159904,44427.0,115,8,growth_rate_summary_gene_knockout_TU_ID_rest_list_rerun12_seed10_all.csv,10,TU00112[c],KO,TU00112[c],0.38639714174244,0.38639714174244,366.0137368116933,0,1,1,,False,True,gene_knockout_TU_ID_rest_list_rerun2|v119|s10|KO: TU00112[c]
gene_knockout_TU_ID_rest_list_rerun2,120,KO: TU00115[c],0.0001935777527159,0.0002211683922903,7.696189469453317e-05,0.0002921943311002,365.9743064854165,583.4468697347261,668.5070536445367,1.5942290466720934,24063.0,65,8,growth_rate_summary_gene_knockout_TU_ID_rest_list_rerun12_seed10_all.csv,10,TU00115[c],KO,TU00115[c],0.69687990977724,0.69687990977724,365.9743064854165,0,1,1,,False,True,gene_knockout_TU_ID_rest_list_rerun2|v120|s10|KO: TU00115[c]
gene_knockout_TU_ID_rest_list_rerun2,121,KO: TU00116[c],0.000179951354899,0.0001954911698033,6.771275614029008e-05,0.000263699900627,365.75566642408944,620.8350657196959,644.3851182770527,1.6974038209427078,27217.0,73,8,growth_rate_summary_gene_knockout_TU_ID_rest_list_rerun12_seed10_all.csv,10,TU00116[c],KO,TU00116[c],0.6478248776364,0.6478248776364,365.75566642408944,0,1,1,,False,True,gene_knockout_TU_ID_rest_list_rerun2|v121|s10|KO: TU00116[c]
gene_knockout_TU_ID_rest_list_rerun2,122,KO: TU00117[c],0.0002021849694699,0.0002264457029437,7.928277443992352e-05,0.0002941913668744,366.1339502958963,721.105186172603,721.105186172603,1.9695119384308168,23958.0,64,8,growth_rate_summary_gene_knockout_TU_ID_rest_list_rerun12_seed10_all.csv,10,TU00117[c],KO,TU00117[c],0.72786589009164,0.72786589009164,366.1339502958963,0,1,1,,False,True,gene_knockout_TU_ID_rest_list_rerun2|v122|s10|KO: TU00117[c]
gene_knockout_TU_ID_rest_list_rerun2,123,KO: TU00128[c],0.0002041528350473,0.000226427942455,8.604956170146617e-05,0.0004158630848758,365.6062206328152,711.6725381925371,711.6725381925371,1.9465547849834928,23870.0,63,8,growth_rate_summary_gene_knockout_TU_ID_rest_list_rerun12_seed10_all.csv,10,TU00128[c],KO,TU00128[c],0.7349502061702801,0.7349502061702801,365.6062206328152,0,1,1,,False,True,gene_knockout_TU_ID_rest_list_rerun2|v123|s10|KO: TU00128[c]
gene_knockout_TU_ID_rest_list_rerun2,124,KO: TU00144[c],0.0002007451189421,0.0002227610792731,8.344258331445462e-05,0.0002891937763043,366.7888704104106,566.6366565522076,725.8896402503206,1.5448578249339506,22471.0,60,8,growth_rate_summary_gene_knockout_TU_ID_rest_list_rerun12_seed10_all.csv,10,TU00144[c],KO,TU00144[c],0.7226824281915599,0.7226824281915599,366.7888704104106,0,1,1,,False,True,gene_knockout_TU_ID_rest_list_rerun2|v124|s10|KO: TU00144[c]
gene_knockout_TU_ID_rest_list_rerun2,125,KO: TU00146[c],0.0002127210577285,0.0002405461948536,8.76115995696989e-05,0.0003089390583456,366.7699113910619,617.5865166173014,758.5917046202169,1.6838527301079798,21864.0,59,8,growth_rate_summary_gene_knockout_TU_ID_rest_list_rerun12_seed10_all.csv,10,TU00146[c],KO,TU00146[c],0.7657958078226,0.7657958078226,366.7699113910619,0,1,1,,False,True,gene_knockout_TU_ID_rest_list_rerun2|v125|s10|KO: TU00146[c]
gene_knockout_TU_ID_rest_list_rerun2,126,KO: TU00147[c],0.000209869075375,0.0002330451883469,8.500436080101737e-05,0.0003023529401033,365.9715201172818,645.2861073391582,752.6997842635697,1.7632139985438358,22425.0,60,8,growth_rate_summary_gene_knockout_TU_ID_rest_list_rerun12_seed10_all.csv,10,TU00147[c],KO,TU00147[c],0.75552867135,0.75552867135,365.9715201172818,0,1,1,,False,True,gene_knockout_TU_ID_rest_list_rerun2|v126|s10|KO: TU00147[c]
gene_knockout_TU_ID_rest_list_rerun2,127,KO: TU00157[c],0.000195930619258,0.000219498368507,8.775333150057167e-05,0.0005655702114817,366.3309622237638,665.1170522228199,679.0336274984738,1.8156178996864327,24735.0,66,8,growth_rate_summary_gene_knockout_TU_ID_rest_list_rerun12_seed10_all.csv,10,TU00157[c],KO,TU00157[c],0.7053502293288,0.7053502293288,366.3309622237638,0,1,1,,False,True,gene_knockout_TU_ID_rest_list_rerun2|v127|s10|KO: TU00157[c]
gene_knockout_TU_ID_rest_list_rerun2,128,KO: TU00169[c],0.0001923907222382,0.0002132334179893,7.582235830578418e-05,0.0002891597017341,366.1179565007066,626.8910354084735,688.6163541542826,1.7122651983535353,24004.0,64,8,growth_rate_summary_gene_knockout_TU_ID_rest_list_rerun12_seed10_all.csv,10,TU00169[c],KO,TU00169[c],0.6926066000575201,0.6926066000575201,366.1179565007066,0,1,1,,False,True,gene_knockout_TU_ID_rest_list_rerun2|v128|s10|KO: TU00169[c]
gene_knockout_TU_ID_rest_list_rerun2,129,KO: TU00178[c],4.880622681595002e-05,3.971879902703637e-05,3.384726323209401e-05,0.0002390600374566,366.0698442633652,264.12960384943915,454.42667929045206,0.7215278941671409,20934.0,54,8,growth_rate_summary_gene_knockout_TU_ID_rest_list_rerun12_seed10_all.csv,10,TU00178[c],KO,TU00178[c],0.17570241653742008,0.17570241653742008,366.0698442633652,0,1,1,,False,True,gene_knockout_TU_ID_rest_list_rerun2|v129|s10|KO: TU00178[c]
gene_knockout_TU_ID_rest_list_rerun2,130,KO: TU00184[c],0.000214303243103,0.0002409615158521,8.807329555488912e-05,0.0004208626327396,366.3647870840267,675.8234653886032,727.392918120431,1.8446736400832136,22482.0,61,8,growth_rate_summary_gene_knockout_TU_ID_rest_list_rerun12_seed10_all.csv,10,TU00184[c],KO,TU00184[c],0.7714916751708,0.7714916751708,366.3647870840267,0,1,1,,False,True,gene_knockout_TU_ID_rest_list_rerun2|v130|s10|KO: TU00184[c]
gene_knockout_TU_ID_rest_list_rerun2,131,KO: TU00192[c],3.868114299265657e-05,3.429823087162814e-05,1.8676896375687423e-05,9.49855340194913e-05,365.964280758398,235.34967581856392,443.49705052616514,0.6430946630388141,21708.0,56,8,growth_rate_summary_gene_knockout_TU_ID_rest_list_rerun12_seed10_all.csv,10,TU00192[c],KO,TU00192[c],0.13925211477356367,0.13925211477356367,365.964280758398,0,1,1,,False,True,gene_knockout_TU_ID_rest_list_rerun2|v131|s10|KO: TU00192[c]
gene_knockout_TU_ID_rest_list_rerun2,132,KO: TU00205[c],1.823810291213618e-05,5.296655705802986e-06,3.801889785614933e-05,0.0001365630556461,366.1006647485256,464.4124388206833,464.4124388206833,1.2685375459224804,10800.0,28,8,growth_rate_summary_gene_knockout_TU_ID_rest_list_rerun12_seed10_all.csv,10,TU00205[c],KO,TU00205[c],0.06565717048369026,0.06565717048369026,366.1006647485256,0,1,1,,False,True,gene_knockout_TU_ID_rest_list_rerun2|v132|s10|KO: TU00205[c]
gene_knockout_TU_ID_rest_list_rerun2,133,KO: TU00214[c],0.000196229947425,0.0002214638001678,7.704734824295689e-05,0.0002690823463754,366.6758237005989,574.1176300615218,681.9688077786593,1.5657362524405345,23458.0,63,8,growth_rate_summary_gene_knockout_TU_ID_rest_list_rerun12_seed10_all.csv,10,TU00214[c],KO,TU00214[c],0.7064278107299999,0.7064278107299999,366.6758237005989,0,1,1,,False,True,gene_knockout_TU_ID_rest_list_rerun2|v133|s10|KO: TU00214[c]
gene_knockout_TU_ID_rest_list_rerun2,134,KO: TU00218[c],0.0001934669966063,0.0002128364668936,8.125407717549258e-05,0.00030076681822,366.0945701082321,527.448274323905,734.2328095749172,1.4407432324603184,23097.0,62,8,growth_rate_summary_gene_knockout_TU_ID_rest_list_rerun12_seed10_all.csv,10,TU00218[c],KO,TU00218[c],0.69648118778268,0.69648118778268,366.0945701082321,0,1,1,,False,True,gene_knockout_TU_ID_rest_list_rerun2|v134|s10|KO: TU00218[c]
gene_knockout_TU_ID_rest_list_rerun2,135,KO: TU00219[c],0.0001936532422471,0.0002136172256379,8.005440458222539e-05,0.0002836039951264,365.9733964578109,605.8154351779799,707.1283973425352,1.6553537525993858,24082.0,64,8,growth_rate_summary_gene_knockout_TU_ID_rest_list_rerun12_seed10_all.csv,10,TU00219[c],KO,TU00219[c],0.69715167208956,0.69715167208956,365.9733964578109,0,1,1,,False,True,gene_knockout_TU_ID_rest_list_rerun2|v135|s10|KO: TU00219[c]
gene_knockout_TU_ID_rest_list_rerun2,136,KO: TU00238[c],0.0002029613183567,0.0002205866544484,9.114651260735676e-05,0.0005800264624081,366.0749453191911,579.2696933173133,679.8610485772138,1.582380058302629,23260.0,63,8,growth_rate_summary_gene_knockout_TU_ID_rest_list_rerun12_seed10_all.csv,10,TU00238[c],KO,TU00238[c],0.73066074608412,0.73066074608412,366.0749453191911,0,1,1,,False,True,gene_knockout_TU_ID_rest_list_rerun2|v136|s10|KO: TU00238[c]
gene_knockout_TU_ID_rest_list_rerun2,137,KO: TU00254[c],0.0001848528436384,0.0001972941406025,7.581479384612202e-05,0.0003197595214949,366.0395302634376,529.9069271695221,688.9616865973485,1.4476767762983132,24606.0,66,8,growth_rate_summary_gene_knockout_TU_ID_rest_list_rerun12_seed10_all.csv,10,TU00254[c],KO,TU00254[c],0.6654702370982399,0.6654702370982399,366.0395302634376,0,1,1,,False,True,gene_knockout_TU_ID_rest_list_rerun2|v137|s10|KO: TU00254[c]
gene_knockout_TU_ID_rest_list_rerun2,138,KO: TU00256[c],4.34081438593841e-05,3.608511394316957e-05,2.18435507377048e-05,0.0001040476523987,366.0819898989362,242.98910659905607,443.8562890237074,0.663755970803529,21570.0,56,8,growth_rate_summary_gene_knockout_TU_ID_rest_list_rerun12_seed10_all.csv,10,TU00256[c],KO,TU00256[c],0.15626931789378276,0.15626931789378276,366.0819898989362,0,1,1,,False,True,gene_knockout_TU_ID_rest_list_rerun2|v138|s10|KO: TU00256[c]
gene_knockout_TU_ID_rest_list_rerun2,139,KO: TU00258[c],0.0002078425417623,0.0002308786707829,8.50637422550771e-05,0.0003301531078823,366.0971521150368,632.0418233712555,752.7004692681217,1.7264319586202417,22654.0,62,8,growth_rate_summary_gene_knockout_TU_ID_rest_list_rerun12_seed10_all.csv,10,TU00258[c],KO,TU00258[c],0.74823315034428,0.74823315034428,366.0971521150368,0,1,1,,False,True,gene_knockout_TU_ID_rest_list_rerun2|v139|s10|KO: TU00258[c]
gene_knockout_TU_ID_rest_list_rerun2,140,KO: TU00270[c],0.0001845879585146,0.0002043693725467,7.439210036612436e-05,0.0002851503519973,366.0978173714877,603.5800267777004,706.2976293140428,1.648685127683332,25162.0,67,8,growth_rate_summary_gene_knockout_TU_ID_rest_list_rerun12_seed10_all.csv,10,TU00270[c],KO,TU00270[c],0.6645166506525599,0.6645166506525599,366.0978173714877,0,1,1,,False,True,gene_knockout_TU_ID_rest_list_rerun2|v140|s10|KO: TU00270[c]
gene_knockout_TU_ID_rest_list_rerun2,141,KO: TU00280[c],0.0001935722205159,0.0002152907796525,7.480813019851719e-05,0.0003009161768828,366.1069868671491,593.9233596778447,672.0904178124504,1.6222672087199592,24076.0,65,8,growth_rate_summary_gene_knockout_TU_ID_rest_list_rerun12_seed10_all.csv,10,TU00280[c],KO,TU00280[c],0.6968599938572401,0.6968599938572401,366.1069868671491,0,1,1,,False,True,gene_knockout_TU_ID_rest_list_rerun2|v141|s10|KO: TU00280[c]
gene_knockout_TU_ID_rest_list_rerun2,142,KO: TU00281[c],0.0003707940604125,9.496823310347203e-05,0.0005252224930591,0.0023466672261527,365.9810789287843,3778.644062976488,3778.644062976488,10.32469786153007,10714.0,29,8,growth_rate_summary_gene_knockout_TU_ID_rest_list_rerun12_seed10_all.csv,10,TU00281[c],KO,TU00281[c],1.3348586174850001,1.3348586174850001,365.9810789287843,0,1,1,,False,True,gene_knockout_TU_ID_rest_list_rerun2|v142|s10|KO: TU00281[c]
gene_knockout_TU_ID_rest_list_rerun2,143,KO: TU00313[c],0.0001837516403906,0.0002014249893279,7.031488731535137e-05,0.0002674901010462,366.0667787378243,555.7090499138037,693.1558831977391,1.518053760108618,25127.0,68,8,growth_rate_summary_gene_knockout_TU_ID_rest_list_rerun12_seed10_all.csv,10,TU00313[c],KO,TU00313[c],0.6615059054061599,0.6615059054061599,366.0667787378243,0,1,1,,False,True,gene_knockout_TU_ID_rest_list_rerun2|v143|s10|KO: TU00313[c]
gene_knockout_TU_ID_rest_list_rerun2,144,KO: TU00321[c],0.000196671003913,0.0002165018033252,8.00259840405428e-05,0.0002900910133985,365.9287492966273,585.2558198090621,703.5994320151676,1.5993709729941037,23540.0,63,8,growth_rate_summary_gene_knockout_TU_ID_rest_list_rerun12_seed10_all.csv,10,TU00321[c],KO,TU00321[c],0.7080156140868,0.7080156140868,365.9287492966273,0,1,1,,False,True,gene_knockout_TU_ID_rest_list_rerun2|v144|s10|KO: TU00321[c]
gene_knockout_TU_ID_rest_list_rerun2,145,KO: TU00368[c],0.0002002496579369,0.0002162140443265,8.124569739087995e-05,0.0003007178720362,366.1539796646703,596.7007883550891,694.3449964106155,1.6296444159955803,23261.0,63,8,growth_rate_summary_gene_knockout_TU_ID_rest_list_rerun12_seed10_all.csv,10,TU00368[c],KO,TU00368[c],0.72089876857284,0.72089876857284,366.1539796646703,0,1,1,,False,True,gene_knockout_TU_ID_rest_list_rerun2|v145|s10|KO: TU00368[c]
gene_knockout_TU_ID_rest_list_rerun2,146,KO: TU00444[c],0.0001853651503503,0.0002100054883066,7.658322960473027e-05,0.0002744219484471,366.1240249492676,618.666425875271,716.2884603701261,1.6897728193635948,25844.0,69,8,growth_rate_summary_gene_knockout_TU_ID_rest_list_rerun12_seed10_all.csv,10,TU00444[c],KO,TU00444[c],0.66731454126108,0.66731454126108,366.1240249492676,0,1,1,,False,True,gene_knockout_TU_ID_rest_list_rerun2|v146|s10|KO: TU00444[c]
gene_knockout_TU_ID_rest_list_rerun2,147,KO: TU00455[c],0.0002005313502467,0.0002166167701379,8.90027775584407e-05,0.0005617156443027,365.9538972114879,626.4991390126409,728.7870451800691,1.711961926861464,23747.0,64,8,growth_rate_summary_gene_knockout_TU_ID_rest_list_rerun12_seed10_all.csv,10,TU00455[c],KO,TU00455[c],0.72191286088812,0.72191286088812,365.9538972114879,0,1,1,,False,True,gene_knockout_TU_ID_rest_list_rerun2|v147|s10|KO: TU00455[c]
gene_knockout_TU_ID_rest_list_rerun2,148,KO: TU00467[c],0.0001924737639874,0.0002137346339199,7.765210904464107e-05,0.0002873411731517,366.73205786967526,537.4357084065682,682.8913113361459,1.4654723983730802,23620.0,63,8,growth_rate_summary_gene_knockout_TU_ID_rest_list_rerun12_seed10_all.csv,10,TU00467[c],KO,TU00467[c],0.6929055503546401,0.6929055503546401,366.73205786967526,0,1,1,,False,True,gene_knockout_TU_ID_rest_list_rerun2|v148|s10|KO: TU00467[c]
gene_knockout_TU_ID_rest_list_rerun2,149,KO: TU00484[c],2.0747874924414307e-05,7.82787413692009e-06,3.689580830826316e-05,0.0001410690466159,366.1982564636437,256.64346629514034,466.0853042137826,0.700832026819385,13472.0,35,8,growth_rate_summary_gene_knockout_TU_ID_rest_list_rerun12_seed10_all.csv,10,TU00484[c],KO,TU00484[c],0.0746923497278915,0.0746923497278915,366.1982564636437,0,1,1,,False,True,gene_knockout_TU_ID_rest_list_rerun2|v149|s10|KO: TU00484[c]
gene_knockout_TU_ID_rest_list_rerun2,150,KO: TU102[c],0.0002000671892929,0.0002240752151869,8.44252439737824e-05,0.0003034446610661,366.1331806459174,560.8847790608918,707.0381861487165,1.531914638469536,22689.0,60,8,growth_rate_summary_gene_knockout_TU_ID_rest_list_rerun12_seed10_all.csv,10,TU102[c],KO,TU102[c],0.72024188145444,0.72024188145444,366.1331806459174,0,1,1,,False,True,gene_knockout_TU_ID_rest_list_rerun2|v150|s10|KO: TU102[c]
gene_knockout_TU_ID_rest_list_rerun2,151,KO: TU164[c],0.0001932500944532,0.0002131581992876,7.677018803901178e-05,0.0002765452997888,365.9503143272645,652.5885715329239,709.2100527294285,1.7832709687176898,24578.0,65,8,growth_rate_summary_gene_knockout_TU_ID_rest_list_rerun12_seed10_all.csv,10,TU164[c],KO,TU164[c],0.6957003400315199,0.6957003400315199,365.9503143272645,0,1,1,,False,True,gene_knockout_TU_ID_rest_list_rerun2|v151|s10|KO: TU164[c]
gene_knockout_TU_ID_rest_list_rerun2,152,KO: TU21[c],0.0002097998755216,0.0002354880103117,8.383308244363366e-05,0.0002876815978933,365.8533417573437,666.2345465328062,714.1870051228893,1.8210426706302807,22621.0,61,8,growth_rate_summary_gene_knockout_TU_ID_rest_list_rerun12_seed10_all.csv,10,TU21[c],KO,TU21[c],0.75527955187776,0.75527955187776,365.8533417573437,0,1,1,,False,True,gene_knockout_TU_ID_rest_list_rerun2|v152|s10|KO: TU21[c]
gene_knockout_TU_ID_rest_list_rerun2,153,KO: TU344[c],0.0002061688987803,0.0002332309668218,8.086670193930946e-05,0.000277280311295,366.1225637838927,677.5813660570864,723.7112562945777,1.850695458521467,23010.0,62,8,growth_rate_summary_gene_knockout_TU_ID_rest_list_rerun12_seed10_all.csv,10,TU344[c],KO,TU344[c],0.74220803560908,0.74220803560908,366.1225637838927,0,1,1,,False,True,gene_knockout_TU_ID_rest_list_rerun2|v153|s10|KO: TU344[c]
gene_knockout_TU_ID_rest_list_rerun2,154,KO: TU524[c],0.0002030213173547,0.0002275863852376,8.010121314769941e-05,0.0002951610518445,365.7782552003573,654.332861153347,707.5707775994861,1.788878512734258,23397.0,63,8,growth_rate_summary_gene_knockout_TU_ID_rest_list_rerun12_seed10_all.csv,10,TU524[c],KO,TU524[c],0.73087674247692,0.73087674247692,365.7782552003573,0,1,1,,False,True,gene_knockout_TU_ID_rest_list_rerun2|v154|s10|KO: TU524[c]
gene_knockout_TU_ID_rest_list_rerun2,155,KO: TU582[c],0.0001875225348281,0.0002048997812558,7.835552430992674e-05,0.0002869133322952,366.1260244046341,541.2791157347635,693.2021005033955,1.4783956333476973,23892.0,64,8,growth_rate_summary_gene_knockout_TU_ID_rest_list_rerun12_seed10_all.csv,10,TU582[c],KO,TU582[c],0.6750811253811599,0.6750811253811599,366.1260244046341,0,1,1,,False,True,gene_knockout_TU_ID_rest_list_rerun2|v155|s10|KO: TU582[c]
gene_knockout_TU_ID_rest_list_rerun2,156,KO: TU5[c],0.0002051408906148,0.0002321045913587,8.683773495705696e-05,0.0002935863105709,365.7827561370104,547.0135945519996,778.3338752570417,1.4954603118226435,22357.0,61,8,growth_rate_summary_gene_knockout_TU_ID_rest_list_rerun12_seed10_all.csv,10,TU5[c],KO,TU5[c],0.73850720621328,0.73850720621328,365.7827561370104,0,1,1,,False,True,gene_knockout_TU_ID_rest_list_rerun2|v156|s10|KO: TU5[c]
gene_knockout_TU_ID_rest_list_rerun2,157,KO: TU67[c],0.0001960153577654,0.0002189640080928,7.505360487413673e-05,0.0002690814392446,366.1059441167715,660.6570238610229,666.9191957136168,1.8045514815522985,24116.0,65,8,growth_rate_summary_gene_knockout_TU_ID_rest_list_rerun12_seed10_all.csv,10,TU67[c],KO,TU67[c],0.70565528795544,0.70565528795544,366.1059441167715,0,1,1,,False,True,gene_knockout_TU_ID_rest_list_rerun2|v157|s10|KO: TU67[c]
gene_knockout_TU_ID_rest_list_rerun2,158,KO: TU862[c],0.0002080249694069,0.000223682371219,0.0001045657239845,0.0007626035926514,365.4361010538487,627.8713148828926,660.921947006909,1.7181425509746584,23336.0,63,8,growth_rate_summary_gene_knockout_TU_ID_rest_list_rerun12_seed10_all.csv,10,TU862[c],KO,TU862[c],0.7488898898648401,0.7488898898648401,365.4361010538487,0,1,1,,False,True,gene_knockout_TU_ID_rest_list_rerun2|v158|s10|KO: TU862[c]
gene_knockout_TU_ID_rest_list_rerun2,159,KO: TU872[c],0.0001925587125706,0.0002139617591143,7.27758949969948e-05,0.0002655928771698,366.7904553935685,607.4966458912857,674.3958762351649,1.656249874984991,24410.0,67,8,growth_rate_summary_gene_knockout_TU_ID_rest_list_rerun12_seed10_all.csv,10,TU872[c],KO,TU872[c],0.69321136525416,0.69321136525416,366.7904553935685,0,1,1,,False,True,gene_knockout_TU_ID_rest_list_rerun2|v159|s10|KO: TU872[c]
gene_knockout_TU_ID_rest_list_rerun,1,KO: EG10214_RNA[c],0.0001999383011076,0.0002270101160162,7.998473663860728e-05,0.0003002442226934,379.2837353216653,639.276611079627,722.3499532445983,1.6854838516538688,22955.0,62,8,growth_rate_summary_gene_knockout_TU_ID_rest_list_rerun12_seed11_all.csv,11,EG10214_RNA[c],KO,EG10214_RNA[c],0.71977788398736,0.71977788398736,379.2837353216653,0,1,1,,False,True,gene_knockout_TU_ID_rest_list_rerun|v1|s11|KO: EG10214_RNA[c]
gene_knockout_TU_ID_rest_list_rerun,2,KO: EG10383_RNA[c],0.0,0.0,0.0,0.0,379.5930556313036,379.5930556313036,379.5930556313036,1.0,0.0,1,8,growth_rate_summary_gene_knockout_TU_ID_rest_list_rerun12_seed11_all.csv,11,EG10383_RNA[c],KO,EG10383_RNA[c],0.0,0.0,379.5930556313036,0,1,1,,False,True,gene_knockout_TU_ID_rest_list_rerun|v2|s11|KO: EG10383_RNA[c]
gene_knockout_TU_ID_rest_list_rerun,3,KO: EG10982_RNA[c],0.0001975301726846,0.0002138339019289,8.838401570906807e-05,0.0005690799190039,379.4631701016108,573.239656340535,697.3024180827929,1.5106595356462018,23697.0,64,8,growth_rate_summary_gene_knockout_TU_ID_rest_list_rerun12_seed11_all.csv,11,EG10982_RNA[c],KO,EG10982_RNA[c],0.71110862166456,0.71110862166456,379.4631701016108,0,1,1,,False,True,gene_knockout_TU_ID_rest_list_rerun|v3|s11|KO: EG10982_RNA[c]
gene_knockout_TU_ID_rest_list_rerun,4,KO: EG12662_RNA[c],0.0001897037810975,0.0002044192302614,8.313506277667478e-05,0.0005574025148783,379.1545111609282,621.1264683219758,675.712662755448,1.638188258449456,25233.0,68,8,growth_rate_summary_gene_knockout_TU_ID_rest_list_rerun12_seed11_all.csv,11,EG12662_RNA[c],KO,EG12662_RNA[c],0.682933611951,0.682933611951,379.1545111609282,0,1,1,,False,True,gene_knockout_TU_ID_rest_list_rerun|v4|s11|KO: EG12662_RNA[c]
gene_knockout_TU_ID_rest_list_rerun,5,KO: EG12663_RNA[c],0.0002217970294709,0.0002523554133374,9.084752464139746e-05,0.0002858247262027,379.51931377933965,682.8406494304613,743.9705149600991,1.799225031871445,21224.0,57,8,growth_rate_summary_gene_knockout_TU_ID_rest_list_rerun12_seed11_all.csv,11,EG12663_RNA[c],KO,EG12663_RNA[c],0.79846930609524,0.79846930609524,379.51931377933965,0,1,1,,False,True,gene_knockout_TU_ID_rest_list_rerun|v5|s11|KO: EG12663_RNA[c]
gene_knockout_TU_ID_rest_list_rerun,6,KO: TU0-1021[c],8.809914558129017e-05,0.0001061082188755,4.635934717991944e-05,0.0001314322316719,379.7093058806903,275.82167617200946,507.27720429005694,0.726402202685747,3334.0,10,8,growth_rate_summary_gene_knockout_TU_ID_rest_list_rerun12_seed11_all.csv,11,TU0-1021[c],KO,TU0-1021[c],0.3171569240926446,0.3171569240926446,379.7093058806903,0,1,1,,False,True,gene_knockout_TU_ID_rest_list_rerun|v6|s11|KO: TU0-1021[c]
gene_knockout_TU_ID_rest_list_rerun,7,KO: TU0-1063[c],0.0001916659676415,0.0002108796281437,7.638323759068545e-05,0.0002895075503633,379.9753197326168,707.6693010772885,707.6693010772885,1.8624085942615047,25114.0,68,8,growth_rate_summary_gene_knockout_TU_ID_rest_list_rerun12_seed11_all.csv,11,TU0-1063[c],KO,TU0-1063[c],0.6899974835094,0.6899974835094,379.9753197326168,0,1,1,,False,True,gene_knockout_TU_ID_rest_list_rerun|v7|s11|KO: TU0-1063[c]
gene_knockout_TU_ID_rest_list_rerun,8,KO: TU0-12797[c],0.0001837955115392,0.0002000286151869,7.280218260232261e-05,0.0003018513107422,380.0145588044246,558.1617017440608,713.9319559300741,1.4687903102978748,25023.0,66,8,growth_rate_summary_gene_knockout_TU_ID_rest_list_rerun12_seed11_all.csv,11,TU0-12797[c],KO,TU0-12797[c],0.66166384154112,0.66166384154112,380.0145588044246,0,1,1,,False,True,gene_knockout_TU_ID_rest_list_rerun|v8|s11|KO: TU0-12797[c]
gene_knockout_TU_ID_rest_list_rerun,9,KO: TU0-12810[c],0.0002114922899795,0.0002333513460191,9.411911246658208e-05,0.000569805042829,379.9518692646967,701.2037690195905,703.4527855065974,1.8455068279479652,22962.0,62,8,growth_rate_summary_gene_knockout_TU_ID_rest_list_rerun12_seed11_all.csv,11,TU0-12810[c],KO,TU0-12810[c],0.7613722439262,0.7613722439262,379.9518692646967,0,1,1,,False,True,gene_knockout_TU_ID_rest_list_rerun|v9|s11|KO: TU0-12810[c]
gene_knockout_TU_ID_rest_list_rerun,10,KO: TU0-12812[c],0.0001963544699778,0.0002199874132327,7.593218739279714e-05,0.0002954076015967,378.9557945686728,695.105381969044,695.105381969044,1.8342650829767952,24870.0,68,8,growth_rate_summary_gene_knockout_TU_ID_rest_list_rerun12_seed11_all.csv,11,TU0-12812[c],KO,TU0-12812[c],0.7068760919200799,0.7068760919200799,378.9557945686728,0,1,1,,False,True,gene_knockout_TU_ID_rest_list_rerun|v10|s11|KO: TU0-12812[c]
gene_knockout_TU_ID_rest_list_rerun,11,KO: TU0-12827[c],0.0002081944425557,0.0002343272727862,8.387096255076501e-05,0.0003014912655686,379.8499535046756,643.3309875404941,717.568607221004,1.6936450343216256,22326.0,60,8,growth_rate_summary_gene_knockout_TU_ID_rest_list_rerun12_seed11_all.csv,11,TU0-12827[c],KO,TU0-12827[c],0.74949999320052,0.74949999320052,379.8499535046756,0,1,1,,False,True,gene_knockout_TU_ID_rest_list_rerun|v11|s11|KO: TU0-12827[c]
gene_knockout_TU_ID_rest_list_rerun,12,KO: TU0-12831[c],0.0002012271038277,0.0002240337491824,8.095767400884498e-05,0.0003061014602772,379.4544022471157,613.6609441676314,773.0396420679494,1.617219198231863,23226.0,63,8,growth_rate_summary_gene_knockout_TU_ID_rest_list_rerun12_seed11_all.csv,11,TU0-12831[c],KO,TU0-12831[c],0.7244175737797199,0.7244175737797199,379.4544022471157,0,1,1,,False,True,gene_knockout_TU_ID_rest_list_rerun|v12|s11|KO: TU0-12831[c]
gene_knockout_TU_ID_rest_list_rerun,13,KO: TU0-12833[c],0.0002128990839146,0.0002410876312821,8.559584672735434e-05,0.0002809019927807,379.5526971496496,704.5898265473877,722.6221019357938,1.8563689096104168,22069.0,60,8,growth_rate_summary_gene_knockout_TU_ID_rest_list_rerun12_seed11_all.csv,11,TU0-12833[c],KO,TU0-12833[c],0.76643670209256,0.76643670209256,379.5526971496496,0,1,1,,False,True,gene_knockout_TU_ID_rest_list_rerun|v13|s11|KO: TU0-12833[c]
gene_knockout_TU_ID_rest_list_rerun,14,KO: TU0-12921[c],0.0001920303084858,0.000209501827898,7.894789062705094e-05,0.0003782628226877,380.0221484833926,586.0173833445501,733.5065768174723,1.5420611290243251,24128.0,64,8,growth_rate_summary_gene_knockout_TU_ID_rest_list_rerun12_seed11_all.csv,11,TU0-12921[c],KO,TU0-12921[c],0.69130911054888,0.69130911054888,380.0221484833926,0,1,1,,False,True,gene_knockout_TU_ID_rest_list_rerun|v14|s11|KO: TU0-12921[c]
gene_knockout_TU_ID_rest_list_rerun,15,KO: TU0-12924[c],0.000206079341611,0.000235810334327,8.364033108928977e-05,0.000285947465739,379.5385285130402,637.1289367575478,731.2690147834801,1.6786937000933682,22561.0,61,8,growth_rate_summary_gene_knockout_TU_ID_rest_list_rerun12_seed11_all.csv,11,TU0-12924[c],KO,TU0-12924[c],0.7418856297996,0.7418856297996,379.5385285130402,0,1,1,,False,True,gene_knockout_TU_ID_rest_list_rerun|v15|s11|KO: TU0-12924[c]
gene_knockout_TU_ID_rest_list_rerun,16,KO: TU0-12942[c],0.0001958082713124,0.000218520084154,7.649116104206586e-05,0.0002820361866298,379.9329433434733,704.789538327198,704.789538327198,1.8550366602193864,24476.0,66,8,growth_rate_summary_gene_knockout_TU_ID_rest_list_rerun12_seed11_all.csv,11,TU0-12942[c],KO,TU0-12942[c],0.70490977672464,0.70490977672464,379.9329433434733,0,1,1,,False,True,gene_knockout_TU_ID_rest_list_rerun|v16|s11|KO: TU0-12942[c]
gene_knockout_TU_ID_rest_list_rerun,17,KO: TU0-12947[c],0.0002118858954746,0.0002460438290896,8.847593737435451e-05,0.0003142627371793,379.8301677425644,699.6981900207277,729.4253196745317,1.8421343259257876,22285.0,59,8,growth_rate_summary_gene_knockout_TU_ID_rest_list_rerun12_seed11_all.csv,11,TU0-12947[c],KO,TU0-12947[c],0.76278922370856,0.76278922370856,379.8301677425644,0,1,1,,False,True,gene_knockout_TU_ID_rest_list_rerun|v17|s11|KO: TU0-12947[c]
gene_knockout_TU_ID_rest_list_rerun,18,KO: TU0-12962[c],0.0001951060809003,0.0002179932033518,7.599721324786363e-05,0.0002765440170775,379.7103407370072,652.2612593099764,688.9658234304359,1.7177864001384726,24262.0,67,8,growth_rate_summary_gene_knockout_TU_ID_rest_list_rerun12_seed11_all.csv,11,TU0-12962[c],KO,TU0-12962[c],0.7023818912410801,0.7023818912410801,379.7103407370072,0,1,1,,False,True,gene_knockout_TU_ID_rest_list_rerun|v18|s11|KO: TU0-12962[c]
gene_knockout_TU_ID_rest_list_rerun,19,KO: TU0-12963[c],0.0001955425421238,0.0002174219335203,7.82094741594198e-05,0.0002814374637518,379.091032938935,726.0511346887708,727.7764427791979,1.915242175632588,24840.0,67,8,growth_rate_summary_gene_knockout_TU_ID_rest_list_rerun12_seed11_all.csv,11,TU0-12963[c],KO,TU0-12963[c],0.70395315164568,0.70395315164568,379.091032938935,0,1,1,,False,True,gene_knockout_TU_ID_rest_list_rerun|v19|s11|KO: TU0-12963[c]
gene_knockout_TU_ID_rest_list_rerun,20,KO: TU0-13010[c],0.0001925720057145,0.0002168592616045,7.436844477021053e-05,0.0002691197778119,379.6515779237467,657.5074455774809,673.0841436209068,1.731870704115819,24980.0,68,8,growth_rate_summary_gene_knockout_TU_ID_rest_list_rerun12_seed11_all.csv,11,TU0-13010[c],KO,TU0-13010[c],0.6932592205722,0.6932592205722,379.6515779237467,0,1,1,,False,True,gene_knockout_TU_ID_rest_list_rerun|v20|s11|KO: TU0-13010[c]
gene_knockout_TU_ID_rest_list_rerun,21,KO: TU0-13018[c],0.0001920246062501,0.000212726381802,7.624120492652217e-05,0.0003040205081854,379.4500317545285,646.5220338684078,718.1632717847185,1.7038397147549902,24791.0,65,8,growth_rate_summary_gene_knockout_TU_ID_rest_list_rerun12_seed11_all.csv,11,TU0-13018[c],KO,TU0-13018[c],0.6912885825003601,0.6912885825003601,379.4500317545285,0,1,1,,False,True,gene_knockout_TU_ID_rest_list_rerun|v21|s11|KO: TU0-13018[c]
gene_knockout_TU_ID_rest_list_rerun,22,KO: TU0-13066[c],0.0002066754836025,0.000230886808948,8.208059759729019e-05,0.0003088000981868,379.0722960548153,661.6750067896785,722.0377735770301,1.745511380483468,22913.0,62,8,growth_rate_summary_gene_knockout_TU_ID_rest_list_rerun12_seed11_all.csv,11,TU0-13066[c],KO,TU0-13066[c],0.744031740969,0.744031740969,379.0722960548153,0,1,1,,False,True,gene_knockout_TU_ID_rest_list_rerun|v22|s11|KO: TU0-13066[c]
gene_knockout_TU_ID_rest_list_rerun,23,KO: TU0-13069[c],0.0001926577070441,0.000208176085751,8.696534272395214e-05,0.0005736951614204,379.9649544362263,557.6655859205757,694.6515863520319,1.4676763722802095,24588.0,67,8,growth_rate_summary_gene_knockout_TU_ID_rest_list_rerun12_seed11_all.csv,11,TU0-13069[c],KO,TU0-13069[c],0.69356774535876,0.69356774535876,379.9649544362263,0,1,1,,False,True,gene_knockout_TU_ID_rest_list_rerun|v23|s11|KO: TU0-13069[c]
gene_knockout_TU_ID_rest_list_rerun,24,KO: TU0-13078[c],0.0002019356451242,0.0002266047193187,8.107495057937807e-05,0.0002810086373792,379.03165789978834,628.1949889224841,714.0728798537039,1.6573681269878826,23197.0,63,8,growth_rate_summary_gene_knockout_TU_ID_rest_list_rerun12_seed11_all.csv,11,TU0-13078[c],KO,TU0-13078[c],0.72696832244712,0.72696832244712,379.03165789978834,0,1,1,,False,True,gene_knockout_TU_ID_rest_list_rerun|v24|s11|KO: TU0-13078[c]
gene_knockout_TU_ID_rest_list_rerun,25,KO: TU0-13080[c],0.0003712644090536,8.288331927584633e-05,0.0005527320610464,0.0024343719515174,379.5638823684427,4063.9542566810487,4063.9542566810487,10.706904543504926,10667.0,29,8,growth_rate_summary_gene_knockout_TU_ID_rest_list_rerun12_seed11_all.csv,11,TU0-13080[c],KO,TU0-13080[c],1.3365518725929602,1.3365518725929602,379.5638823684427,0,1,1,,False,True,gene_knockout_TU_ID_rest_list_rerun|v25|s11|KO: TU0-13080[c]
gene_knockout_TU_ID_rest_list_rerun,26,KO: TU0-13084[c],0.0002072234890484,0.0002343839958617,8.149143779853025e-05,0.0002743274503621,379.8057430257014,646.7505001153909,695.7744222683086,1.7028454992888966,22431.0,62,8,growth_rate_summary_gene_knockout_TU_ID_rest_list_rerun12_seed11_all.csv,11,TU0-13084[c],KO,TU0-13084[c],0.74600456057424,0.74600456057424,379.8057430257014,0,1,1,,False,True,gene_knockout_TU_ID_rest_list_rerun|v26|s11|KO: TU0-13084[c]
gene_knockout_TU_ID_rest_list_rerun,27,KO: TU0-13087[c],0.00020049014409,0.0002211103724742,7.818283582769363e-05,0.0002967708941319,379.08938703034914,723.7174843781861,723.7174843781861,1.909094554314829,24299.0,66,8,growth_rate_summary_gene_knockout_TU_ID_rest_list_rerun12_seed11_all.csv,11,TU0-13087[c],KO,TU0-13087[c],0.7217645187239999,0.7217645187239999,379.08938703034914,0,1,1,,False,True,gene_knockout_TU_ID_rest_list_rerun|v27|s11|KO: TU0-13087[c]
gene_knockout_TU_ID_rest_list_rerun,28,KO: TU0-13093[c],0.0003367532581846,9.421576636524826e-05,0.0004209073038983,0.0015102980940739,380.013950872316,3518.6571392218657,3518.6571392218657,9.259284116135328,9861.0,27,8,growth_rate_summary_gene_knockout_TU_ID_rest_list_rerun12_seed11_all.csv,11,TU0-13093[c],KO,TU0-13093[c],1.21231172946456,1.21231172946456,380.013950872316,0,1,1,,False,True,gene_knockout_TU_ID_rest_list_rerun|v28|s11|KO: TU0-13093[c]
gene_knockout_TU_ID_rest_list_rerun,29,KO: TU0-13100[c],0.0001984948460576,0.0002210179018827,8.28475605966251e-05,0.0002915109975929,379.5552767056679,538.3946588021302,734.816194780246,1.418488140844994,22433.0,60,8,growth_rate_summary_gene_knockout_TU_ID_rest_list_rerun12_seed11_all.csv,11,TU0-13100[c],KO,TU0-13100[c],0.7145814458073599,0.7145814458073599,379.5552767056679,0,1,1,,False,True,gene_knockout_TU_ID_rest_list_rerun|v29|s11|KO: TU0-13100[c]
gene_knockout_TU_ID_rest_list_rerun,30,KO: TU0-13106[c],0.0002064518755397,0.000231968690072,8.316524049019667e-05,0.0002915003614719,379.1559281593392,628.5803132797282,706.1345227376889,1.6578411851062214,22409.0,60,8,growth_rate_summary_gene_knockout_TU_ID_rest_list_rerun12_seed11_all.csv,11,TU0-13106[c],KO,TU0-13106[c],0.74322675194292,0.74322675194292,379.1559281593392,0,1,1,,False,True,gene_knockout_TU_ID_rest_list_rerun|v30|s11|KO: TU0-13106[c]
gene_knockout_TU_ID_rest_list_rerun,31,KO: TU0-13135[c],0.000217814834142,0.0002277793030384,5.771139295937214e-05,0.0002754925474235,379.50547281900674,4151.505362193562,4151.505362193562,10.939250312665433,13334.0,35,8,growth_rate_summary_gene_knockout_TU_ID_rest_list_rerun12_seed11_all.csv,11,TU0-13135[c],KO,TU0-13135[c],0.7841334029112,0.7841334029112,379.50547281900674,0,1,1,,False,True,gene_knockout_TU_ID_rest_list_rerun|v31|s11|KO: TU0-13135[c]
gene_knockout_TU_ID_rest_list_rerun,32,KO: TU0-13182[c],0.000197163944425,0.0002138457710976,8.583202972285421e-05,0.0005735131514347,379.5270662318799,660.6480714405529,668.4600408883423,1.740713983853042,24637.0,67,8,growth_rate_summary_gene_knockout_TU_ID_rest_list_rerun12_seed11_all.csv,11,TU0-13182[c],KO,TU0-13182[c],0.7097901999299999,0.7097901999299999,379.5270662318799,0,1,1,,False,True,gene_knockout_TU_ID_rest_list_rerun|v32|s11|KO: TU0-13182[c]
gene_knockout_TU_ID_rest_list_rerun,33,KO: TU0-13189[c],0.0001917206155933,0.0002148381474701,7.768028947922396e-05,0.00028428616267,379.4789375993996,627.739330373962,711.0691553689342,1.6542138921993104,23954.0,65,8,growth_rate_summary_gene_knockout_TU_ID_rest_list_rerun12_seed11_all.csv,11,TU0-13189[c],KO,TU0-13189[c],0.6901942161358801,0.6901942161358801,379.4789375993996,0,1,1,,False,True,gene_knockout_TU_ID_rest_list_rerun|v33|s11|KO: TU0-13189[c]
gene_knockout_TU_ID_rest_list_rerun,34,KO: TU0-13209[c],0.0001934005803772,0.0002206208399439,7.702656721626964e-05,0.0002885757987845,379.9621024221162,638.6603613841485,677.3508623515218,1.6808527937731883,24051.0,65,8,growth_rate_summary_gene_knockout_TU_ID_rest_list_rerun12_seed11_all.csv,11,TU0-13209[c],KO,TU0-13209[c],0.69624208935792,0.69624208935792,379.9621024221162,0,1,1,,False,True,gene_knockout_TU_ID_rest_list_rerun|v34|s11|KO: TU0-13209[c]
gene_knockout_TU_ID_rest_list_rerun,35,KO: TU0-13215[c],0.0001700676469858,0.0001915474894225,6.891625607886397e-05,0.0002553369252436,379.0480581282711,556.6847072229809,656.63949132311,1.4686388580167768,27484.0,74,8,growth_rate_summary_gene_knockout_TU_ID_rest_list_rerun12_seed11_all.csv,11,TU0-13215[c],KO,TU0-13215[c],0.6122435291488799,0.6122435291488799,379.0480581282711,0,1,1,,False,True,gene_knockout_TU_ID_rest_list_rerun|v35|s11|KO: TU0-13215[c]
gene_knockout_TU_ID_rest_list_rerun,36,KO: TU0-13350[c],0.0001980482268682,0.0002105147936352,8.974003195850245e-05,0.0005873973028991,379.5252349373933,602.9412762269808,697.8249166191608,1.5886724273458188,23981.0,64,8,growth_rate_summary_gene_knockout_TU_ID_rest_list_rerun12_seed11_all.csv,11,TU0-13350[c],KO,TU0-13350[c],0.71297361672552,0.71297361672552,379.5252349373933,0,1,1,,False,True,gene_knockout_TU_ID_rest_list_rerun|v36|s11|KO: TU0-13350[c]
gene_knockout_TU_ID_rest_list_rerun,37,KO: TU0-13373[c],0.0001952796486262,0.000216659914026,7.595395550203097e-05,0.0002873982987324,379.9986425089231,651.2283803968073,696.6131044529757,1.7137650179408606,24290.0,65,8,growth_rate_summary_gene_knockout_TU_ID_rest_list_rerun12_seed11_all.csv,11,TU0-13373[c],KO,TU0-13373[c],0.70300673505432,0.70300673505432,379.9986425089231,0,1,1,,False,True,gene_knockout_TU_ID_rest_list_rerun|v37|s11|KO: TU0-13373[c]
gene_knockout_TU_ID_rest_list_rerun,38,KO: TU0-13440[c],0.0001748623614958,0.0001827464573189,7.405832649557334e-05,0.000315821321493,379.8978212509036,524.8314600574133,699.6549790099393,1.3815068965894075,26161.0,70,8,growth_rate_summary_gene_knockout_TU_ID_rest_list_rerun12_seed11_all.csv,11,TU0-13440[c],KO,TU0-13440[c],0.62950450138488,0.62950450138488,379.8978212509036,0,1,1,,False,True,gene_knockout_TU_ID_rest_list_rerun|v38|s11|KO: TU0-13440[c]
gene_knockout_TU_ID_rest_list_rerun,39,KO: TU0-13444[c],0.0003961686828443,0.0001177152403004,0.0006064314167523,0.0026022252272765,379.5163200842904,9476.826619495856,9476.826619495856,24.97080130148568,11577.0,31,8,growth_rate_summary_gene_knockout_TU_ID_rest_list_rerun12_seed11_all.csv,11,TU0-13444[c],KO,TU0-13444[c],1.42620725823948,1.42620725823948,379.5163200842904,0,1,1,,False,True,gene_knockout_TU_ID_rest_list_rerun|v39|s11|KO: TU0-13444[c]
gene_knockout_TU_ID_rest_list_rerun,40,KO: TU0-13499[c],0.0001881724093763,0.000214550063012,7.48929931861098e-05,0.0002633320201591,379.9959619243377,561.9633088694775,704.8842952835166,1.4788665280116104,23965.0,64,8,growth_rate_summary_gene_knockout_TU_ID_rest_list_rerun12_seed11_all.csv,11,TU0-13499[c],KO,TU0-13499[c],0.67742067375468,0.67742067375468,379.9959619243377,0,1,1,,False,True,gene_knockout_TU_ID_rest_list_rerun|v40|s11|KO: TU0-13499[c]
gene_knockout_TU_ID_rest_list_rerun,41,KO: TU0-13514[c],0.0001851294744846,0.0002028573324309,7.287741957889587e-05,0.0002845570000522,379.9206686192138,589.733145578248,709.6502677420206,1.5522533894288455,24859.0,67,8,growth_rate_summary_gene_knockout_TU_ID_rest_list_rerun12_seed11_all.csv,11,TU0-13514[c],KO,TU0-13514[c],0.66646610814456,0.66646610814456,379.9206686192138,0,1,1,,False,True,gene_knockout_TU_ID_rest_list_rerun|v41|s11|KO: TU0-13514[c]
gene_knockout_TU_ID_rest_list_rerun,42,KO: TU0-13519[c],4.217652863757088e-05,3.953915201618111e-05,2.0017847445834635e-05,9.035560702691002e-05,379.446506957407,245.79664079840109,459.9980625343949,0.6477767914358264,21440.0,56,8,growth_rate_summary_gene_knockout_TU_ID_rest_list_rerun12_seed11_all.csv,11,TU0-13519[c],KO,TU0-13519[c],0.15183550309525518,0.15183550309525518,379.446506957407,0,1,1,,False,True,gene_knockout_TU_ID_rest_list_rerun|v42|s11|KO: TU0-13519[c]
gene_knockout_TU_ID_rest_list_rerun,43,KO: TU0-13539[c],0.0001915932417042,0.0002179805493618,7.672823698288671e-05,0.0002874476192415,379.0836910356762,670.455851726274,670.455851726274,1.768622253029546,24836.0,66,8,growth_rate_summary_gene_knockout_TU_ID_rest_list_rerun12_seed11_all.csv,11,TU0-13539[c],KO,TU0-13539[c],0.6897356701351199,0.6897356701351199,379.0836910356762,0,1,1,,False,True,gene_knockout_TU_ID_rest_list_rerun|v43|s11|KO: TU0-13539[c]
gene_knockout_TU_ID_rest_list_rerun,44,KO: TU0-13552[c],0.0001924994993498,0.0002164882487934,7.554113181698544e-05,0.0002993115261599,379.6812163794028,592.6917921789573,712.2446860252614,1.5610247929323426,24056.0,65,8,growth_rate_summary_gene_knockout_TU_ID_rest_list_rerun12_seed11_all.csv,11,TU0-13552[c],KO,TU0-13552[c],0.6929981976592801,0.6929981976592801,379.6812163794028,0,1,1,,False,True,gene_knockout_TU_ID_rest_list_rerun|v44|s11|KO: TU0-13552[c]
gene_knockout_TU_ID_rest_list_rerun,45,KO: TU0-13565[c],0.0002079091345405,0.000240241394281,8.47970207308844e-05,0.0002815894555349,379.89348473772986,637.8166825588637,761.4018362515178,1.6789355653182585,22350.0,61,8,growth_rate_summary_gene_knockout_TU_ID_rest_list_rerun12_seed11_all.csv,11,TU0-13565[c],KO,TU0-13565[c],0.7484728843458,0.7484728843458,379.89348473772986,0,1,1,,False,True,gene_knockout_TU_ID_rest_list_rerun|v45|s11|KO: TU0-13565[c]
gene_knockout_TU_ID_rest_list_rerun,46,KO: TU0-13580[c],0.0002058588110655,0.0002337462665954,8.165811011729211e-05,0.0003085689002849,379.9875211192326,649.3702699382768,698.2205191974035,1.7089252510861197,22631.0,61,8,growth_rate_summary_gene_knockout_TU_ID_rest_list_rerun12_seed11_all.csv,11,TU0-13580[c],KO,TU0-13580[c],0.7410917198358,0.7410917198358,379.9875211192326,0,1,1,,False,True,gene_knockout_TU_ID_rest_list_rerun|v46|s11|KO: TU0-13580[c]
gene_knockout_TU_ID_rest_list_rerun,47,KO: TU0-13593[c],4.749793521165914e-05,4.5028675534888136e-05,1.9539099322698483e-05,0.0001001907936276,379.3589676926253,271.465354018673,460.86563672065495,0.7155896581799727,20696.0,54,8,growth_rate_summary_gene_knockout_TU_ID_rest_list_rerun12_seed11_all.csv,11,TU0-13593[c],KO,TU0-13593[c],0.17099256676197291,0.17099256676197291,379.3589676926253,0,1,1,,False,True,gene_knockout_TU_ID_rest_list_rerun|v47|s11|KO: TU0-13593[c]
gene_knockout_TU_ID_rest_list_rerun,48,KO: TU0-13627[c],0.0002008060786957,0.0002135950531697,0.0001027370972441,0.0007424980689537,379.9830669034035,623.7262445619158,716.4225172648958,1.6414579987599156,24414.0,65,8,growth_rate_summary_gene_knockout_TU_ID_rest_list_rerun12_seed11_all.csv,11,TU0-13627[c],KO,TU0-13627[c],0.72290188330452,0.72290188330452,379.9830669034035,0,1,1,,False,True,gene_knockout_TU_ID_rest_list_rerun|v48|s11|KO: TU0-13627[c]
gene_knockout_TU_ID_rest_list_rerun,49,KO: TU0-13637[c],0.0001833008124644,0.0001997029012046,7.699370427561536e-05,0.0003272286843672,379.5558938355771,532.9896310177912,730.1501631101028,1.4042454343988695,23984.0,65,8,growth_rate_summary_gene_knockout_TU_ID_rest_list_rerun12_seed11_all.csv,11,TU0-13637[c],KO,TU0-13637[c],0.65988292487184,0.65988292487184,379.5558938355771,0,1,1,,False,True,gene_knockout_TU_ID_rest_list_rerun|v49|s11|KO: TU0-13637[c]
gene_knockout_TU_ID_rest_list_rerun,50,KO: TU0-13642[c],4.470928523363736e-05,4.838616318294886e-05,2.0735989835208665e-05,9.89025402709648e-05,378.924641969458,251.55182396091152,460.83376955175663,0.6638571264552044,20708.0,54,8,growth_rate_summary_gene_knockout_TU_ID_rest_list_rerun12_seed11_all.csv,11,TU0-13642[c],KO,TU0-13642[c],0.16095342684109448,0.16095342684109448,378.924641969458,0,1,1,,False,True,gene_knockout_TU_ID_rest_list_rerun|v50|s11|KO: TU0-13642[c]
gene_knockout_TU_ID_rest_list_rerun,51,KO: TU0-13651[c],0.0002321953250208,0.0002501832148623,7.345291250017874e-05,0.000298867141055,379.4700162227296,2797.2101545634523,2797.2101545634523,7.37136014699415,13341.0,36,8,growth_rate_summary_gene_knockout_TU_ID_rest_list_rerun12_seed11_all.csv,11,TU0-13651[c],KO,TU0-13651[c],0.83590317007488,0.83590317007488,379.4700162227296,0,1,1,,False,True,gene_knockout_TU_ID_rest_list_rerun|v51|s11|KO: TU0-13651[c]
gene_knockout_TU_ID_rest_list_rerun,52,KO: TU0-13713[c],0.0001914385526416,0.0002079253243488,7.751360252837225e-05,0.0002988076161574,379.9011382652338,557.0119175352986,694.8315974231311,1.466202286412767,23636.0,63,8,growth_rate_summary_gene_knockout_TU_ID_rest_list_rerun12_seed11_all.csv,11,TU0-13713[c],KO,TU0-13713[c],0.6891787895097601,0.6891787895097601,379.9011382652338,0,1,1,,False,True,gene_knockout_TU_ID_rest_list_rerun|v52|s11|KO: TU0-13713[c]
gene_knockout_TU_ID_rest_list_rerun,53,KO: TU0-13736[c],0.0001811614255752,0.0001852850412559,7.915063652032824e-05,0.0003499566349034,379.6772794569073,514.5627413503514,760.121021187419,1.3552634544958422,24602.0,66,8,growth_rate_summary_gene_knockout_TU_ID_rest_list_rerun12_seed11_all.csv,11,TU0-13736[c],KO,TU0-13736[c],0.6521811320707199,0.6521811320707199,379.6772794569073,0,1,1,,False,True,gene_knockout_TU_ID_rest_list_rerun|v53|s11|KO: TU0-13736[c]
gene_knockout_TU_ID_rest_list_rerun,54,KO: TU0-13741[c],0.0002090103375389,0.0002348877335056,8.526343338813824e-05,0.0002836749836165,379.61437886605165,636.7556299549033,727.157082208184,1.6773748978027645,21940.0,59,8,growth_rate_summary_gene_knockout_TU_ID_rest_list_rerun12_seed11_all.csv,11,TU0-13741[c],KO,TU0-13741[c],0.75243721514004,0.75243721514004,379.61437886605165,0,1,1,,False,True,gene_knockout_TU_ID_rest_list_rerun|v54|s11|KO: TU0-13741[c]
gene_knockout_TU_ID_rest_list_rerun,55,KO: TU0-13783[c],0.0002010436336598,0.0002279247996466,8.033444625593289e-05,0.0002677845812463,380.1076013188509,628.4532127860082,706.2653445748899,1.6533560776092822,23093.0,61,8,growth_rate_summary_gene_knockout_TU_ID_rest_list_rerun12_seed11_all.csv,11,TU0-13783[c],KO,TU0-13783[c],0.72375708117528,0.72375708117528,380.1076013188509,0,1,1,,False,True,gene_knockout_TU_ID_rest_list_rerun|v55|s11|KO: TU0-13783[c]
gene_knockout_TU_ID_rest_list_rerun,56,KO: TU0-13785[c],0.0001997107357663,0.0002243354224859,7.733332735086099e-05,0.0002716403104739,379.6265135243418,621.634977529123,698.9189314939954,1.637490942763837,23337.0,64,8,growth_rate_summary_gene_knockout_TU_ID_rest_list_rerun12_seed11_all.csv,11,TU0-13785[c],KO,TU0-13785[c],0.71895864875868,0.71895864875868,379.6265135243418,0,1,1,,False,True,gene_knockout_TU_ID_rest_list_rerun|v56|s11|KO: TU0-13785[c]
gene_knockout_TU_ID_rest_list_rerun,57,KO: TU0-13792[c],0.000192036905875,0.0002028515081706,7.733847247279343e-05,0.0002841436924007,379.6242171814333,562.1209816687051,761.0066807503006,1.480730038358041,23780.0,64,8,growth_rate_summary_gene_knockout_TU_ID_rest_list_rerun12_seed11_all.csv,11,TU0-13792[c],KO,TU0-13792[c],0.6913328611499999,0.6913328611499999,379.6242171814333,0,1,1,,False,True,gene_knockout_TU_ID_rest_list_rerun|v57|s11|KO: TU0-13792[c]
gene_knockout_TU_ID_rest_list_rerun,58,KO: TU0-13807[c],0.0001960705225548,0.0002176132029446,7.85337029582596e-05,0.0002958770537451,379.91633390712536,598.2467796814813,709.6549791391958,1.5746803342962588,23388.0,62,8,growth_rate_summary_gene_knockout_TU_ID_rest_list_rerun12_seed11_all.csv,11,TU0-13807[c],KO,TU0-13807[c],0.70585388119728,0.70585388119728,379.91633390712536,0,1,1,,False,True,gene_knockout_TU_ID_rest_list_rerun|v58|s11|KO: TU0-13807[c]
gene_knockout_TU_ID_rest_list_rerun,59,KO: TU0-13823[c],0.0002088735696922,0.0002350142490872,8.210037792704119e-05,0.000273017459111,378.9229189966378,725.6016752060834,725.6016752060834,1.91490574686648,22762.0,62,8,growth_rate_summary_gene_knockout_TU_ID_rest_list_rerun12_seed11_all.csv,11,TU0-13823[c],KO,TU0-13823[c],0.75194485089192,0.75194485089192,378.9229189966378,0,1,1,,False,True,gene_knockout_TU_ID_rest_list_rerun|v59|s11|KO: TU0-13823[c]
gene_knockout_TU_ID_rest_list_rerun,60,KO: TU0-13837[c],0.0002060297957562,0.0002241398904865,9.538561095399102e-05,0.0005932252395636,379.8205789381056,597.4752793055904,707.8377223555731,1.5730460971230136,22669.0,60,8,growth_rate_summary_gene_knockout_TU_ID_rest_list_rerun12_seed11_all.csv,11,TU0-13837[c],KO,TU0-13837[c],0.74170726472232,0.74170726472232,379.8205789381056,0,1,1,,False,True,gene_knockout_TU_ID_rest_list_rerun|v60|s11|KO: TU0-13837[c]
gene_knockout_TU_ID_rest_list_rerun,61,KO: TU0-13839[c],0.000189616233135,0.0002059891045428,8.491968593678317e-05,0.0005546991190925,379.1049386590479,574.0122543556831,700.7411242523799,1.5141249712706255,24959.0,66,8,growth_rate_summary_gene_knockout_TU_ID_rest_list_rerun12_seed11_all.csv,11,TU0-13839[c],KO,TU0-13839[c],0.682618439286,0.682618439286,379.1049386590479,0,1,1,,False,True,gene_knockout_TU_ID_rest_list_rerun|v61|s11|KO: TU0-13839[c]
gene_knockout_TU_ID_rest_list_rerun,62,KO: TU0-13848[c],0.0001853920125792,0.0002003209071857,7.452451287848711e-05,0.0002884289996834,379.6165362644879,531.8463104642126,692.6057765438193,1.4010093335177125,24820.0,67,8,growth_rate_summary_gene_knockout_TU_ID_rest_list_rerun12_seed11_all.csv,11,TU0-13848[c],KO,TU0-13848[c],0.66741124528512,0.66741124528512,379.6165362644879,0,1,1,,False,True,gene_knockout_TU_ID_rest_list_rerun|v62|s11|KO: TU0-13848[c]
gene_knockout_TU_ID_rest_list_rerun,63,KO: TU0-13883[c],0.0001776415420603,0.0002058751502775,7.20278494028306e-05,0.0002575795551168,379.7069067130494,495.8714699266425,661.7076945672218,1.3059321839025184,25334.0,68,8,growth_rate_summary_gene_knockout_TU_ID_rest_list_rerun12_seed11_all.csv,11,TU0-13883[c],KO,TU0-13883[c],0.63950955141708,0.63950955141708,379.7069067130494,0,1,1,,False,True,gene_knockout_TU_ID_rest_list_rerun|v63|s11|KO: TU0-13883[c]
gene_knockout_TU_ID_rest_list_rerun,64,KO: TU0-13885[c],0.0001855167991233,0.0002030438532314,7.224087036738655e-05,0.0002765621340336,379.6047195967623,582.1554433719873,709.8249146711896,1.5335832599509984,24922.0,67,8,growth_rate_summary_gene_knockout_TU_ID_rest_list_rerun12_seed11_all.csv,11,TU0-13885[c],KO,TU0-13885[c],0.66786047684388,0.66786047684388,379.6047195967623,0,1,1,,False,True,gene_knockout_TU_ID_rest_list_rerun|v64|s11|KO: TU0-13885[c]
gene_knockout_TU_ID_rest_list_rerun,65,KO: TU0-13929[c],0.0001955636951072,0.0002177584115709,7.82926852385097e-05,0.0002932239922518,379.6298519886074,549.5826345500511,683.8496644426791,1.4476802381877594,23493.0,63,8,growth_rate_summary_gene_knockout_TU_ID_rest_list_rerun12_seed11_all.csv,11,TU0-13929[c],KO,TU0-13929[c],0.70402930238592,0.70402930238592,379.6298519886074,0,1,1,,False,True,gene_knockout_TU_ID_rest_list_rerun|v65|s11|KO: TU0-13929[c]
gene_knockout_TU_ID_rest_list_rerun,66,KO: TU0-13935[c],4.310397212972756e-05,3.772496270640393e-05,1.910924356875352e-05,9.20398844235743e-05,379.804785798684,250.8085596835485,462.607633502294,0.6603617675752247,20757.0,54,8,growth_rate_summary_gene_knockout_TU_ID_rest_list_rerun12_seed11_all.csv,11,TU0-13935[c],KO,TU0-13935[c],0.1551742996670192,0.1551742996670192,379.804785798684,0,1,1,,False,True,gene_knockout_TU_ID_rest_list_rerun|v66|s11|KO: TU0-13935[c]
gene_knockout_TU_ID_rest_list_rerun,67,KO: TU0-13984[c],0.0002124076850857,0.000231975606574,9.43924822904436e-05,0.000579193156148,379.8854963324261,673.7456960161123,710.9251603188727,1.7735494050726754,22565.0,61,8,growth_rate_summary_gene_knockout_TU_ID_rest_list_rerun12_seed11_all.csv,11,TU0-13984[c],KO,TU0-13984[c],0.76466766630852,0.76466766630852,379.8854963324261,0,1,1,,False,True,gene_knockout_TU_ID_rest_list_rerun|v67|s11|KO: TU0-13984[c]
gene_knockout_TU_ID_rest_list_rerun,68,KO: TU0-14004[c],9.781606239811604e-05,0.0001080986859611,3.7290508913671706e-05,0.0001303732440488,379.9251016558175,546.4657902542906,546.4657902542906,1.438351369447934,3200.0,9,8,growth_rate_summary_gene_knockout_TU_ID_rest_list_rerun12_seed11_all.csv,11,TU0-14004[c],KO,TU0-14004[c],0.35213782463321774,0.35213782463321774,379.9251016558175,0,1,1,,False,True,gene_knockout_TU_ID_rest_list_rerun|v68|s11|KO: TU0-14004[c]
gene_knockout_TU_ID_rest_list_rerun,69,KO: TU0-14018[c],0.0001813187029134,0.0001828019150807,7.624636879060836e-05,0.0002980203175048,379.3037974364551,689.859012448404,735.3276902783193,1.81875060864366,26967.0,72,8,growth_rate_summary_gene_knockout_TU_ID_rest_list_rerun12_seed11_all.csv,11,TU0-14018[c],KO,TU0-14018[c],0.6527473304882401,0.6527473304882401,379.3037974364551,0,1,1,,False,True,gene_knockout_TU_ID_rest_list_rerun|v69|s11|KO: TU0-14018[c]
gene_knockout_TU_ID_rest_list_rerun,70,KO: TU0-14042[c],4.462375026783614e-05,3.869814200805333e-05,2.148757471390546e-05,0.0001119887866527,379.684562107773,254.241131363278,463.800691936849,0.6696114531280626,20558.0,54,8,growth_rate_summary_gene_knockout_TU_ID_rest_list_rerun12_seed11_all.csv,11,TU0-14042[c],KO,TU0-14042[c],0.16064550096421013,0.16064550096421013,379.684562107773,0,1,1,,False,True,gene_knockout_TU_ID_rest_list_rerun|v70|s11|KO: TU0-14042[c]
gene_knockout_TU_ID_rest_list_rerun,71,KO: TU0-14049[c],0.0001923602077579,0.0002155676210851,7.428462414131603e-05,0.0002561017460972,379.039952180621,681.3465817850642,698.6432946858106,1.7975587477395714,24360.0,65,8,growth_rate_summary_gene_knockout_TU_ID_rest_list_rerun12_seed11_all.csv,11,TU0-14049[c],KO,TU0-14049[c],0.69249674792844,0.69249674792844,379.039952180621,0,1,1,,False,True,gene_knockout_TU_ID_rest_list_rerun|v71|s11|KO: TU0-14049[c]
gene_knockout_TU_ID_rest_list_rerun,72,KO: TU0-14070[c],0.0002160191504834,0.0002433531195163,8.865739320653442e-05,0.0002992575245295,380.1099428975323,650.1891474205477,794.2676266829483,1.7105291760174284,21406.0,58,8,growth_rate_summary_gene_knockout_TU_ID_rest_list_rerun12_seed11_all.csv,11,TU0-14070[c],KO,TU0-14070[c],0.77766894174024,0.77766894174024,380.1099428975323,0,1,1,,False,True,gene_knockout_TU_ID_rest_list_rerun|v72|s11|KO: TU0-14070[c]
gene_knockout_TU_ID_rest_list_rerun,73,KO: TU0-14099[c],0.0001941405686189,0.0002197884596637,7.627459727802911e-05,0.0003000350083539,379.6024926266689,586.0997541222714,700.1664408308147,1.543982891331244,23607.0,63,8,growth_rate_summary_gene_knockout_TU_ID_rest_list_rerun12_seed11_all.csv,11,TU0-14099[c],KO,TU0-14099[c],0.6989060470280399,0.6989060470280399,379.6024926266689,0,1,1,,False,True,gene_knockout_TU_ID_rest_list_rerun|v73|s11|KO: TU0-14099[c]
gene_knockout_TU_ID_rest_list_rerun,74,KO: TU0-14120[c],0.0001988445426248,0.0002123915939711,9.0203012578677e-05,0.0005480234479125,380.0330978051551,647.6395249072223,745.8478081879523,1.7041661072354028,24299.0,65,8,growth_rate_summary_gene_knockout_TU_ID_rest_list_rerun12_seed11_all.csv,11,TU0-14120[c],KO,TU0-14120[c],0.71584035344928,0.71584035344928,380.0330978051551,0,1,1,,False,True,gene_knockout_TU_ID_rest_list_rerun|v74|s11|KO: TU0-14120[c]
gene_knockout_TU_ID_rest_list_rerun,75,KO: TU0-14121[c],0.0002021730576529,0.0002214726259742,8.959989017292964e-05,0.0005653105653845,380.185688279635,618.3424562867606,717.250856238149,1.6264222335269918,23290.0,63,8,growth_rate_summary_gene_knockout_TU_ID_rest_list_rerun12_seed11_all.csv,11,TU0-14121[c],KO,TU0-14121[c],0.7278230075504399,0.7278230075504399,380.185688279635,0,1,1,,False,True,gene_knockout_TU_ID_rest_list_rerun|v75|s11|KO: TU0-14121[c]
gene_knockout_TU_ID_rest_list_rerun,76,KO: TU0-14151[c],0.0002126114044486,0.0002251273980295,0.0001132619567031,0.0007620107325401,378.9532841744805,645.7382489079137,709.8817049740053,1.7040048889260928,23413.0,63,8,growth_rate_summary_gene_knockout_TU_ID_rest_list_rerun12_seed11_all.csv,11,TU0-14151[c],KO,TU0-14151[c],0.76540105601496,0.76540105601496,378.9532841744805,0,1,1,,False,True,gene_knockout_TU_ID_rest_list_rerun|v76|s11|KO: TU0-14151[c]
gene_knockout_TU_ID_rest_list_rerun,77,KO: TU0-14158[c],0.000210263158604,0.0002421402510733,8.601436319691176e-05,0.000302635207302,379.8474608134088,725.3680318615429,725.3680318615429,1.9096298032590064,22530.0,59,8,growth_rate_summary_gene_knockout_TU_ID_rest_list_rerun12_seed11_all.csv,11,TU0-14158[c],KO,TU0-14158[c],0.7569473709744,0.7569473709744,379.8474608134088,0,1,1,,False,True,gene_knockout_TU_ID_rest_list_rerun|v77|s11|KO: TU0-14158[c]
gene_knockout_TU_ID_rest_list_rerun,78,KO: TU0-14159[c],0.0001854456879736,0.0002155147530667,8.102938318877432e-05,0.0003000340792653,379.5891334080327,504.460794948918,723.8561639586892,1.3289653221096207,23898.0,65,8,growth_rate_summary_gene_knockout_TU_ID_rest_list_rerun12_seed11_all.csv,11,TU0-14159[c],KO,TU0-14159[c],0.66760447670496,0.66760447670496,379.5891334080327,0,1,1,,False,True,gene_knockout_TU_ID_rest_list_rerun|v78|s11|KO: TU0-14159[c]
gene_knockout_TU_ID_rest_list_rerun,79,KO: TU0-14161[c],0.000193382313985,0.0002143969672724,7.803713792128053e-05,0.0002895351682507,380.0420474946837,571.8791207125955,706.503530121845,1.5047785488014858,23463.0,62,8,growth_rate_summary_gene_knockout_TU_ID_rest_list_rerun12_seed11_all.csv,11,TU0-14161[c],KO,TU0-14161[c],0.696176330346,0.696176330346,380.0420474946837,0,1,1,,False,True,gene_knockout_TU_ID_rest_list_rerun|v79|s11|KO: TU0-14161[c]
gene_knockout_TU_ID_rest_list_rerun,80,KO: TU0-14162[c],0.0001954862452319,0.0002194073619977,7.670438247945074e-05,0.0002736528815438,380.0461826297368,580.806074629462,676.3527956163628,1.5282513051718172,23551.0,64,8,growth_rate_summary_gene_knockout_TU_ID_rest_list_rerun12_seed11_all.csv,11,TU0-14162[c],KO,TU0-14162[c],0.70375048283484,0.70375048283484,380.0461826297368,0,1,1,,False,True,gene_knockout_TU_ID_rest_list_rerun|v80|s11|KO: TU0-14162[c]
gene_knockout_TU_ID_rest_list_rerun,81,KO: TU0-14176[c],0.0001975202298052,0.0002200797729308,7.724797998961526e-05,0.0003101407467305,379.7472013318403,612.385474083967,713.7520016947599,1.6126135279897345,23633.0,64,8,growth_rate_summary_gene_knockout_TU_ID_rest_list_rerun12_seed11_all.csv,11,TU0-14176[c],KO,TU0-14176[c],0.71107282729872,0.71107282729872,379.7472013318403,0,1,1,,False,True,gene_knockout_TU_ID_rest_list_rerun|v81|s11|KO: TU0-14176[c]
gene_knockout_TU_ID_rest_list_rerun,82,KO: TU0-14192[c],0.0002107885831967,0.0002379594320729,8.499567858633736e-05,0.000296822421984,379.5436622197354,632.3696940618192,752.5153249541204,1.666131612799033,21950.0,60,8,growth_rate_summary_gene_knockout_TU_ID_rest_list_rerun12_seed11_all.csv,11,TU0-14192[c],KO,TU0-14192[c],0.75883889950812,0.75883889950812,379.5436622197354,0,1,1,,False,True,gene_knockout_TU_ID_rest_list_rerun|v82|s11|KO: TU0-14192[c]
gene_knockout_TU_ID_rest_list_rerun,83,KO: TU0-14225[c],0.0001984764969481,0.000211162391772,7.999622062876507e-05,0.0002836524441965,379.0587083885952,614.6097943070881,729.2114908972405,1.6214105643947263,23294.0,63,8,growth_rate_summary_gene_knockout_TU_ID_rest_list_rerun12_seed11_all.csv,11,TU0-14225[c],KO,TU0-14225[c],0.71451538901316,0.71451538901316,379.0587083885952,0,1,1,,False,True,gene_knockout_TU_ID_rest_list_rerun|v83|s11|KO: TU0-14225[c]
gene_knockout_TU_ID_rest_list_rerun,84,KO: TU0-14254[c],0.0002041694947048,0.0002291620948559,8.397194287347111e-05,0.0003188191293307,379.8570771155174,590.4058994055192,718.072273986862,1.5542843215896496,22681.0,61,8,growth_rate_summary_gene_knockout_TU_ID_rest_list_rerun12_seed11_all.csv,11,TU0-14254[c],KO,TU0-14254[c],0.73501018093728,0.73501018093728,379.8570771155174,0,1,1,,False,True,gene_knockout_TU_ID_rest_list_rerun|v84|s11|KO: TU0-14254[c]
gene_knockout_TU_ID_rest_list_rerun,85,KO: TU0-14257[c],0.0004050997356748,0.0001197207717604,0.0005532560589813,0.0025768960104819,379.7606808489297,6571.486011604959,6571.486011604959,17.30428225722273,9836.0,27,8,growth_rate_summary_gene_knockout_TU_ID_rest_list_rerun12_seed11_all.csv,11,TU0-14257[c],KO,TU0-14257[c],1.45835904842928,1.45835904842928,379.7606808489297,0,1,1,,False,True,gene_knockout_TU_ID_rest_list_rerun|v85|s11|KO: TU0-14257[c]
gene_knockout_TU_ID_rest_list_rerun,86,KO: TU0-14290[c],0.0002058588110655,0.0002337462665954,8.165811011729211e-05,0.0003085689002849,379.9875211192326,649.3702699382768,698.2205191974035,1.7089252510861197,22631.0,61,8,growth_rate_summary_gene_knockout_TU_ID_rest_list_rerun12_seed11_all.csv,11,TU0-14290[c],KO,TU0-14290[c],0.7410917198358,0.7410917198358,379.9875211192326,0,1,1,,False,True,gene_knockout_TU_ID_rest_list_rerun|v86|s11|KO: TU0-14290[c]
gene_knockout_TU_ID_rest_list_rerun,87,KO: TU0-14291[c],0.000193237706923,0.0002139616243388,7.917463321523025e-05,0.0003148425699885,379.5877527546383,661.4917510100595,693.1177486484921,1.7426583081505298,24549.0,64,8,growth_rate_summary_gene_knockout_TU_ID_rest_list_rerun12_seed11_all.csv,11,TU0-14291[c],KO,TU0-14291[c],0.6956557449228,0.6956557449228,379.5877527546383,0,1,1,,False,True,gene_knockout_TU_ID_rest_list_rerun|v87|s11|KO: TU0-14291[c]
gene_knockout_TU_ID_rest_list_rerun,88,KO: TU0-14313[c],0.0001879919215234,0.0002125376250104,7.614136808001849e-05,0.000287420773411,379.54507933141554,634.0773002303572,693.280074289692,1.6706244785133582,25214.0,67,8,growth_rate_summary_gene_knockout_TU_ID_rest_list_rerun12_seed11_all.csv,11,TU0-14313[c],KO,TU0-14313[c],0.67677091748424,0.67677091748424,379.54507933141554,0,1,1,,False,True,gene_knockout_TU_ID_rest_list_rerun|v88|s11|KO: TU0-14313[c]
gene_knockout_TU_ID_rest_list_rerun,89,KO: TU0-14356[c],0.0001949634035504,0.0002192887475748,7.538635146385551e-05,0.0002783878484665,379.9282012472346,594.6828172912383,685.3761737175071,1.565250527175934,23906.0,64,8,growth_rate_summary_gene_knockout_TU_ID_rest_list_rerun12_seed11_all.csv,11,TU0-14356[c],KO,TU0-14356[c],0.70186825278144,0.70186825278144,379.9282012472346,0,1,1,,False,True,gene_knockout_TU_ID_rest_list_rerun|v89|s11|KO: TU0-14356[c]
gene_knockout_TU_ID_rest_list_rerun,90,KO: TU0-14366[c],0.0002029972319955,0.0002156956888787,0.0001012942644682,0.0005601601660983,380.0246781008922,564.9718015992603,724.6952457761706,1.4866713509833347,23414.0,62,8,growth_rate_summary_gene_knockout_TU_ID_rest_list_rerun12_seed11_all.csv,11,TU0-14366[c],KO,TU0-14366[c],0.7307900351838,0.7307900351838,380.0246781008922,0,1,1,,False,True,gene_knockout_TU_ID_rest_list_rerun|v90|s11|KO: TU0-14366[c]
gene_knockout_TU_ID_rest_list_rerun,91,KO: TU0-14394[c],0.0002046034563822,0.0002320838644278,8.165270309205338e-05,0.0002987804569342,379.71001912005306,627.3132530469829,706.4950853090479,1.6520850687604456,22835.0,61,8,growth_rate_summary_gene_knockout_TU_ID_rest_list_rerun12_seed11_all.csv,11,TU0-14394[c],KO,TU0-14394[c],0.73657244297592,0.73657244297592,379.71001912005306,0,1,1,,False,True,gene_knockout_TU_ID_rest_list_rerun|v91|s11|KO: TU0-14394[c]
gene_knockout_TU_ID_rest_list_rerun,92,KO: TU0-14396[c],0.0001912349829273,0.0001985577706733,9.710302810929866e-05,0.0005678082741173,379.43326945877664,472.43843344911807,737.8167778707018,1.2451159966099017,23379.0,63,8,growth_rate_summary_gene_knockout_TU_ID_rest_list_rerun12_seed11_all.csv,11,TU0-14396[c],KO,TU0-14396[c],0.68844593853828,0.68844593853828,379.43326945877664,0,1,1,,False,True,gene_knockout_TU_ID_rest_list_rerun|v92|s11|KO: TU0-14396[c]
gene_knockout_TU_ID_rest_list_rerun,93,KO: TU0-14399[c],4.394694887962586e-05,3.812889435672038e-05,2.055599652029977e-05,8.880771364472677e-05,379.1079585973531,251.5270351180052,461.0169631295523,0.663470732845125,20625.0,54,8,growth_rate_summary_gene_knockout_TU_ID_rest_list_rerun12_seed11_all.csv,11,TU0-14399[c],KO,TU0-14399[c],0.1582090159666531,0.1582090159666531,379.1079585973531,0,1,1,,False,True,gene_knockout_TU_ID_rest_list_rerun|v93|s11|KO: TU0-14399[c]
gene_knockout_TU_ID_rest_list_rerun,94,KO: TU0-14415[c],0.0001975114425169,0.0002165697937066,7.960367215811636e-05,0.0002976864249182,379.6516622142076,585.9185740422784,707.2756907865037,1.5433056992957153,23331.0,63,8,growth_rate_summary_gene_knockout_TU_ID_rest_list_rerun12_seed11_all.csv,11,TU0-14415[c],KO,TU0-14415[c],0.71104119306084,0.71104119306084,379.6516622142076,0,1,1,,False,True,gene_knockout_TU_ID_rest_list_rerun|v94|s11|KO: TU0-14415[c]
gene_knockout_TU_ID_rest_list_rerun,95,KO: TU0-14417[c],0.0002079648697943,0.0002325395029454,8.130217453662336e-05,0.0002896642355288,379.949775937076,725.2036936984723,725.2036936984723,1.908683040830571,23151.0,63,8,growth_rate_summary_gene_knockout_TU_ID_rest_list_rerun12_seed11_all.csv,11,TU0-14417[c],KO,TU0-14417[c],0.74867353125948,0.74867353125948,379.949775937076,0,1,1,,False,True,gene_knockout_TU_ID_rest_list_rerun|v95|s11|KO: TU0-14417[c]
gene_knockout_TU_ID_rest_list_rerun,96,KO: TU0-14431[c],0.0002045999944441,0.0002260835600905,9.395898529640838e-05,0.0005963124313467,380.046501220893,644.5070973755751,716.3305543363583,1.6958637832610135,23333.0,63,8,growth_rate_summary_gene_knockout_TU_ID_rest_list_rerun12_seed11_all.csv,11,TU0-14431[c],KO,TU0-14431[c],0.73655997999876,0.73655997999876,380.046501220893,0,1,1,,False,True,gene_knockout_TU_ID_rest_list_rerun|v96|s11|KO: TU0-14431[c]
gene_knockout_TU_ID_rest_list_rerun,97,KO: TU0-14454[c],0.0001900541033752,0.0002080893212155,7.446297014483627e-05,0.0002839999702238,378.96679186576034,597.7175695777064,676.4156709572251,1.5772294100888744,24453.0,66,8,growth_rate_summary_gene_knockout_TU_ID_rest_list_rerun12_seed11_all.csv,11,TU0-14454[c],KO,TU0-14454[c],0.68419477215072,0.68419477215072,378.96679186576034,0,1,1,,False,True,gene_knockout_TU_ID_rest_list_rerun|v97|s11|KO: TU0-14454[c]
gene_knockout_TU_ID_rest_list_rerun,98,KO: TU0-14459[c],0.0001862797876928,0.0002077986927287,7.587319499484586e-05,0.0002781639448732,379.4803838750177,522.3627070098041,714.2708685283887,1.3765209723774416,24249.0,64,8,growth_rate_summary_gene_knockout_TU_ID_rest_list_rerun12_seed11_all.csv,11,TU0-14459[c],KO,TU0-14459[c],0.67060723569408,0.67060723569408,379.4803838750177,0,1,1,,False,True,gene_knockout_TU_ID_rest_list_rerun|v98|s11|KO: TU0-14459[c]
gene_knockout_TU_ID_rest_list_rerun,99,KO: TU0-14467[c],0.0003739050780457,0.0001207492867087,0.0004594268159266,0.0019268231236016,379.6082179499589,5793.478681030765,5793.478681030765,15.261731456494651,10288.0,28,8,growth_rate_summary_gene_knockout_TU_ID_rest_list_rerun12_seed11_all.csv,11,TU0-14467[c],KO,TU0-14467[c],1.34605828096452,1.34605828096452,379.6082179499589,0,1,1,,False,True,gene_knockout_TU_ID_rest_list_rerun|v99|s11|KO: TU0-14467[c]
gene_knockout_TU_ID_rest_list_rerun,100,KO: TU0-14472[c],0.0001981944144516,0.0002129593919495,8.650981638758578e-05,0.0005645611907621,379.5392915510798,638.1384609671045,683.2123246726655,1.681350192648556,24431.0,66,8,growth_rate_summary_gene_knockout_TU_ID_rest_list_rerun12_seed11_all.csv,11,TU0-14472[c],KO,TU0-14472[c],0.71349989202576,0.71349989202576,379.5392915510798,0,1,1,,False,True,gene_knockout_TU_ID_rest_list_rerun|v100|s11|KO: TU0-14472[c]
gene_knockout_TU_ID_rest_list_rerun,101,KO: TU0-14474[c],0.000200748626355,0.0002220193090106,7.90274113541144e-05,0.0002825859472888,379.4264414755808,712.6304115958596,712.6304115958596,1.8781780437453337,23756.0,64,8,growth_rate_summary_gene_knockout_TU_ID_rest_list_rerun12_seed11_all.csv,11,TU0-14474[c],KO,TU0-14474[c],0.722695054878,0.722695054878,379.4264414755808,0,1,1,,False,True,gene_knockout_TU_ID_rest_list_rerun|v101|s11|KO: TU0-14474[c]
gene_knockout_TU_ID_rest_list_rerun,102,KO: TU0-14496[c],0.0001990835655119,0.0002217466094374,7.877942675413282e-05,0.0002920999266233,379.9330180074354,624.9359373167833,711.8702947876939,1.6448581926210823,23229.0,62,8,growth_rate_summary_gene_knockout_TU_ID_rest_list_rerun12_seed11_all.csv,11,TU0-14496[c],KO,TU0-14496[c],0.71670083584284,0.71670083584284,379.9330180074354,0,1,1,,False,True,gene_knockout_TU_ID_rest_list_rerun|v102|s11|KO: TU0-14496[c]
gene_knockout_TU_ID_rest_list_rerun,103,KO: TU0-14506[c],0.0002018190916581,0.0002257172560433,7.887552385375933e-05,0.0002768650618121,379.93302079275225,640.0438217749702,688.9087272701399,1.684622780192892,22775.0,62,8,growth_rate_summary_gene_knockout_TU_ID_rest_list_rerun12_seed11_all.csv,11,TU0-14506[c],KO,TU0-14506[c],0.72654872996916,0.72654872996916,379.93302079275225,0,1,1,,False,True,gene_knockout_TU_ID_rest_list_rerun|v103|s11|KO: TU0-14506[c]
gene_knockout_TU_ID_rest_list_rerun,104,KO: TU0-14509[c],0.0001961511192712,0.0002193901244706,7.595697559843098e-05,0.0002841121306714,380.0190979695752,652.0409400435155,691.4345332646421,1.7158109777307,24531.0,68,8,growth_rate_summary_gene_knockout_TU_ID_rest_list_rerun12_seed11_all.csv,11,TU0-14509[c],KO,TU0-14509[c],0.70614402937632,0.70614402937632,380.0190979695752,0,1,1,,False,True,gene_knockout_TU_ID_rest_list_rerun|v104|s11|KO: TU0-14509[c]
gene_knockout_TU_ID_rest_list_rerun,105,KO: TU0-14511[c],0.0002072145778439,0.0002388092988399,8.533146931648724e-05,0.0003055123564633,379.9327454846507,573.9903567218348,750.152195919668,1.5107683229294695,21751.0,60,8,growth_rate_summary_gene_knockout_TU_ID_rest_list_rerun12_seed11_all.csv,11,TU0-14511[c],KO,TU0-14511[c],0.74597248023804,0.74597248023804,379.9327454846507,0,1,1,,False,True,gene_knockout_TU_ID_rest_list_rerun|v105|s11|KO: TU0-14511[c]
gene_knockout_TU_ID_rest_list_rerun,106,KO: TU0-14513[c],0.0001835915939784,0.0002030819098109,7.348746348241977e-05,0.0002787512923008,380.02396532534567,557.1173569297321,709.5187438057835,1.4660058516382604,24337.0,64,8,growth_rate_summary_gene_knockout_TU_ID_rest_list_rerun12_seed11_all.csv,11,TU0-14513[c],KO,TU0-14513[c],0.66092973832224,0.66092973832224,380.02396532534567,0,1,1,,False,True,gene_knockout_TU_ID_rest_list_rerun|v106|s11|KO: TU0-14513[c]
gene_knockout_TU_ID_rest_list_rerun,107,KO: TU0-14521[c],0.0002001192537997,0.0002274437281458,7.763643527210165e-05,0.0002641381706676,379.9357431135486,642.2955723931188,705.2697971191521,1.6905373712132177,23754.0,64,8,growth_rate_summary_gene_knockout_TU_ID_rest_list_rerun12_seed11_all.csv,11,TU0-14521[c],KO,TU0-14521[c],0.7204293136789199,0.7204293136789199,379.9357431135486,0,1,1,,False,True,gene_knockout_TU_ID_rest_list_rerun|v107|s11|KO: TU0-14521[c]
gene_knockout_TU_ID_rest_list_rerun,108,KO: TU0-14536[c],0.0001875994085441,0.0002179612760999,7.825196953216684e-05,0.0002915883907502,380.02495517885234,511.4295247881728,730.7259111128758,1.3457787911519576,23502.0,63,8,growth_rate_summary_gene_knockout_TU_ID_rest_list_rerun12_seed11_all.csv,11,TU0-14536[c],KO,TU0-14536[c],0.67535787075876,0.67535787075876,380.02495517885234,0,1,1,,False,True,gene_knockout_TU_ID_rest_list_rerun|v108|s11|KO: TU0-14536[c]
gene_knockout_TU_ID_rest_list_rerun,109,KO: TU0-14537[c],0.000204403970016,0.0002332939921192,8.193062151756663e-05,0.0002971184550413,380.0236860690967,639.845690833223,695.1720309700318,1.6836995016065524,22617.0,60,8,growth_rate_summary_gene_knockout_TU_ID_rest_list_rerun12_seed11_all.csv,11,TU0-14537[c],KO,TU0-14537[c],0.7358542920576,0.7358542920576,380.0236860690967,0,1,1,,False,True,gene_knockout_TU_ID_rest_list_rerun|v109|s11|KO: TU0-14537[c]
gene_knockout_TU_ID_rest_list_rerun,110,KO: TU0-14538[c],0.0001929122649063,0.0002101702825028,7.822411461469596e-05,0.0002827197124536,379.9357218182927,582.0464437834546,710.1415715496089,1.5319603037005902,24084.0,64,8,growth_rate_summary_gene_knockout_TU_ID_rest_list_rerun12_seed11_all.csv,11,TU0-14538[c],KO,TU0-14538[c],0.69448415366268,0.69448415366268,379.9357218182927,0,1,1,,False,True,gene_knockout_TU_ID_rest_list_rerun|v110|s11|KO: TU0-14538[c]
gene_knockout_TU_ID_rest_list_rerun,111,KO: TU0-14547[c],0.0001988296268991,0.0002215661394862,7.88829708265994e-05,0.0002799548122374,380.02386915661725,592.6963375057446,718.5506446184727,1.5596292380820946,22955.0,63,8,growth_rate_summary_gene_knockout_TU_ID_rest_list_rerun12_seed11_all.csv,11,TU0-14547[c],KO,TU0-14547[c],0.71578665683676,0.71578665683676,380.02386915661725,0,1,1,,False,True,gene_knockout_TU_ID_rest_list_rerun|v111|s11|KO: TU0-14547[c]
gene_knockout_TU_ID_rest_list_rerun,112,KO: TU0-14571[c],0.0001907901424185,0.0002161234032418,7.726475352205481e-05,0.0002759328365965,379.596996883102,551.530171766284,708.5358968793535,1.4529360777217353,23961.0,65,8,growth_rate_summary_gene_knockout_TU_ID_rest_list_rerun12_seed11_all.csv,11,TU0-14571[c],KO,TU0-14571[c],0.6868445127066,0.6868445127066,379.596996883102,0,1,1,,False,True,gene_knockout_TU_ID_rest_list_rerun|v112|s11|KO: TU0-14571[c]
gene_knockout_TU_ID_rest_list_rerun,113,KO: TU0-14629[c],0.0001897848178383,0.0002088209206114,7.792104849230785e-05,0.0002860753133536,379.8942874742761,549.5179834492783,721.171908230659,1.446502360176943,23925.0,65,8,growth_rate_summary_gene_knockout_TU_ID_rest_list_rerun12_seed11_all.csv,11,TU0-14629[c],KO,TU0-14629[c],0.6832253442178801,0.6832253442178801,379.8942874742761,0,1,1,,False,True,gene_knockout_TU_ID_rest_list_rerun|v113|s11|KO: TU0-14629[c]
gene_knockout_TU_ID_rest_list_rerun,114,KO: TU0-14634[c],0.0003405357244085,0.0001101337029929,0.000406250951633,0.0013107324352213,379.4379619720795,3608.090347572883,3608.090347572883,9.509038918563398,9545.0,26,8,growth_rate_summary_gene_knockout_TU_ID_rest_list_rerun12_seed11_all.csv,11,TU0-14634[c],KO,TU0-14634[c],1.2259286078706,1.2259286078706,379.4379619720795,0,1,1,,False,True,gene_knockout_TU_ID_rest_list_rerun|v114|s11|KO: TU0-14634[c]
gene_knockout_TU_ID_rest_list_rerun,115,KO: TU0-14640[c],0.0002039438184918,0.0002298794450611,8.319114346543679e-05,0.0003037384029334,379.6439052033136,573.8496703514636,722.3429958341396,1.5115471695618174,22031.0,60,8,growth_rate_summary_gene_knockout_TU_ID_rest_list_rerun12_seed11_all.csv,11,TU0-14640[c],KO,TU0-14640[c],0.73419774657048,0.73419774657048,379.6439052033136,0,1,1,,False,True,gene_knockout_TU_ID_rest_list_rerun|v115|s11|KO: TU0-14640[c]
gene_knockout_TU_ID_rest_list_rerun,116,KO: TU0-14642[c],0.0001991952753239,0.0002206711587593,7.942826030107522e-05,0.000280468247887,379.8280283631651,602.5109285064532,710.0173919075035,1.5862729538494569,23040.0,61,8,growth_rate_summary_gene_knockout_TU_ID_rest_list_rerun12_seed11_all.csv,11,TU0-14642[c],KO,TU0-14642[c],0.71710299116604,0.71710299116604,379.8280283631651,0,1,1,,False,True,gene_knockout_TU_ID_rest_list_rerun|v116|s11|KO: TU0-14642[c]
gene_knockout_TU_ID_rest_list_rerun,117,KO: TU0-14654[c],2.347005198444888e-05,2.239454581968896e-07,4.791301233617136e-05,0.0001411836949409,380.0214549443965,510.6244789697444,512.7729792817725,1.343672764592876,10800.0,28,8,growth_rate_summary_gene_knockout_TU_ID_rest_list_rerun12_seed11_all.csv,11,TU0-14654[c],KO,TU0-14654[c],0.08449218714401598,0.08449218714401598,380.0214549443965,0,1,1,,False,True,gene_knockout_TU_ID_rest_list_rerun|v117|s11|KO: TU0-14654[c]
gene_knockout_TU_ID_rest_list_rerun,118,KO: TU0-14658[c],0.0,0.0,0.0,0.0,379.4163047248632,379.4163047248632,379.4163047248632,1.0,0.0,1,8,growth_rate_summary_gene_knockout_TU_ID_rest_list_rerun12_seed11_all.csv,11,TU0-14658[c],KO,TU0-14658[c],0.0,0.0,379.4163047248632,0,1,1,,False,True,gene_knockout_TU_ID_rest_list_rerun|v118|s11|KO: TU0-14658[c]
gene_knockout_TU_ID_rest_list_rerun,119,KO: TU0-14693[c],0.0002058588110655,0.0002337462665954,8.165811011729211e-05,0.0003085689002849,379.9875211192326,649.3702699382768,698.2205191974035,1.7089252510861197,22631.0,61,8,growth_rate_summary_gene_knockout_TU_ID_rest_list_rerun12_seed11_all.csv,11,TU0-14693[c],KO,TU0-14693[c],0.7410917198358,0.7410917198358,379.9875211192326,0,1,1,,False,True,gene_knockout_TU_ID_rest_list_rerun|v119|s11|KO: TU0-14693[c]
gene_knockout_TU_ID_rest_list_rerun,120,KO: TU0-14787[c],0.0001936570419604,0.0002155835530447,7.62356245380314e-05,0.0002777524940453,379.90444943839225,588.5024925119881,714.6968316225546,1.5490802842187386,23611.0,64,8,growth_rate_summary_gene_knockout_TU_ID_rest_list_rerun12_seed11_all.csv,11,TU0-14787[c],KO,TU0-14787[c],0.6971653510574399,0.6971653510574399,379.90444943839225,0,1,1,,False,True,gene_knockout_TU_ID_rest_list_rerun|v120|s11|KO: TU0-14787[c]
gene_knockout_TU_ID_rest_list_rerun,121,KO: TU0-14792[c],0.0002087394248297,0.0002325301678322,8.536917253462468e-05,0.000295122116487,379.7992777503796,595.3383111952201,741.553188829522,1.5675077496764014,21762.0,59,8,growth_rate_summary_gene_knockout_TU_ID_rest_list_rerun12_seed11_all.csv,11,TU0-14792[c],KO,TU0-14792[c],0.75146192938692,0.75146192938692,379.7992777503796,0,1,1,,False,True,gene_knockout_TU_ID_rest_list_rerun|v121|s11|KO: TU0-14792[c]
gene_knockout_TU_ID_rest_list_rerun,122,KO: TU0-1547[c],0.0002126009215003,0.0002400841383032,8.799367553287374e-05,0.0003031909999872,379.7873908046103,627.2928681290941,723.6138476047267,1.6516948253603774,21522.0,57,8,growth_rate_summary_gene_knockout_TU_ID_rest_list_rerun12_seed11_all.csv,11,TU0-1547[c],KO,TU0-1547[c],0.76536331740108,0.76536331740108,379.7873908046103,0,1,1,,False,True,gene_knockout_TU_ID_rest_list_rerun|v122|s11|KO: TU0-1547[c]
gene_knockout_TU_ID_rest_list_rerun,123,KO: TU0-1601[c],0.0001963470926932,0.0002197564749172,7.733838051026673e-05,0.0002783668813269,379.8493264284047,566.2055279738079,715.7043880242818,1.490605586424617,23090.0,63,8,growth_rate_summary_gene_knockout_TU_ID_rest_list_rerun12_seed11_all.csv,11,TU0-1601[c],KO,TU0-1601[c],0.70684953369552,0.70684953369552,379.8493264284047,0,1,1,,False,True,gene_knockout_TU_ID_rest_list_rerun|v123|s11|KO: TU0-1601[c]
gene_knockout_TU_ID_rest_list_rerun,124,KO: TU0-1881[c],0.0001899876905124,0.0002118740943722,7.358529195009621e-05,0.0002689344546746,379.3702196042859,621.5730858058971,664.5540736706957,1.6384340511868551,24735.0,66,8,growth_rate_summary_gene_knockout_TU_ID_rest_list_rerun12_seed11_all.csv,11,TU0-1881[c],KO,TU0-1881[c],0.68395568584464,0.68395568584464,379.3702196042859,0,1,1,,False,True,gene_knockout_TU_ID_rest_list_rerun|v124|s11|KO: TU0-1881[c]
gene_knockout_TU_ID_rest_list_rerun,125,KO: TU0-1962[c],0.0002089945934084,0.0002302818302722,8.639490337096377e-05,0.0003071277703994,379.6442908737658,772.5069762319354,772.5069762319354,2.034817840810884,23020.0,62,8,growth_rate_summary_gene_knockout_TU_ID_rest_list_rerun12_seed11_all.csv,11,TU0-1962[c],KO,TU0-1962[c],0.75238053627024,0.75238053627024,379.6442908737658,0,1,1,,False,True,gene_knockout_TU_ID_rest_list_rerun|v125|s11|KO: TU0-1962[c]
gene_knockout_TU_ID_rest_list_rerun,126,KO: TU0-198711[c],0.0001948456355024,0.0002181941675204,7.901220647329892e-05,0.000320139567554,379.57929509529447,547.3278900054027,709.6741581120434,1.4419329428071002,23236.0,63,8,growth_rate_summary_gene_knockout_TU_ID_rest_list_rerun12_seed11_all.csv,11,TU0-198711[c],KO,TU0-198711[c],0.70144428780864,0.70144428780864,379.57929509529447,0,1,1,,False,True,gene_knockout_TU_ID_rest_list_rerun|v126|s11|KO: TU0-198711[c]
gene_knockout_TU_ID_rest_list_rerun,127,KO: TU0-198714[c],0.0001977894868582,0.0002209493179662,7.661519786320711e-05,0.0002750026619114,379.97360404248207,567.8857369193665,691.963512636536,1.4945399650862996,23410.0,65,8,growth_rate_summary_gene_knockout_TU_ID_rest_list_rerun12_seed11_all.csv,11,TU0-198714[c],KO,TU0-198714[c],0.71204215268952,0.71204215268952,379.97360404248207,0,1,1,,False,True,gene_knockout_TU_ID_rest_list_rerun|v127|s11|KO: TU0-198714[c]
gene_knockout_TU_ID_rest_list_rerun,128,KO: TU0-198743[c],0.0002058588110655,0.0002337462665954,8.165811011729211e-05,0.0003085689002849,379.9875211192326,649.3702699382768,698.2205191974035,1.7089252510861197,22631.0,61,8,growth_rate_summary_gene_knockout_TU_ID_rest_list_rerun12_seed11_all.csv,11,TU0-198743[c],KO,TU0-198743[c],0.7410917198358,0.7410917198358,379.9875211192326,0,1,1,,False,True,gene_knockout_TU_ID_rest_list_rerun|v128|s11|KO: TU0-198743[c]
gene_knockout_TU_ID_rest_list_rerun,129,KO: TU0-198746[c],0.0001845761009491,0.0002083487697043,7.039075232021495e-05,0.0002613339615386,379.9040484482487,589.971519589172,659.666842639374,1.5529487564003654,24693.0,67,8,growth_rate_summary_gene_knockout_TU_ID_rest_list_rerun12_seed11_all.csv,11,TU0-198746[c],KO,TU0-198746[c],0.66447396341676,0.66447396341676,379.9040484482487,0,1,1,,False,True,gene_knockout_TU_ID_rest_list_rerun|v129|s11|KO: TU0-198746[c]
gene_knockout_TU_ID_rest_list_rerun,130,KO: TU0-198747[c],4.228475725133019e-05,3.4705895004193344e-05,2.104388395692857e-05,0.0001107548708593,379.7588825468124,254.6022422400188,458.5017290202795,0.6704313024426342,20837.0,54,8,growth_rate_summary_gene_knockout_TU_ID_rest_list_rerun12_seed11_all.csv,11,TU0-198747[c],KO,TU0-198747[c],0.15222512610478867,0.15222512610478867,379.7588825468124,0,1,1,,False,True,gene_knockout_TU_ID_rest_list_rerun|v130|s11|KO: TU0-198747[c]
gene_knockout_TU_ID_rest_list_rerun,131,KO: TU0-198873[c],0.0001982769751238,0.0002115759024203,7.927918088859933e-05,0.0003235024905624,379.4901370564216,601.4856239221085,732.397547930899,1.5849835481565655,23423.0,64,8,growth_rate_summary_gene_knockout_TU_ID_rest_list_rerun12_seed11_all.csv,11,TU0-198873[c],KO,TU0-198873[c],0.7137971104456801,0.7137971104456801,379.4901370564216,0,1,1,,False,True,gene_knockout_TU_ID_rest_list_rerun|v131|s11|KO: TU0-198873[c]
gene_knockout_TU_ID_rest_list_rerun2,1,KO: TU0-1[c],0.0001952994724047,0.0002080914898314,7.924428055020368e-05,0.0002969136950025,379.836884847089,568.9950092283534,742.6684195474531,1.4979983038177398,23276.0,63,8,growth_rate_summary_gene_knockout_TU_ID_rest_list_rerun12_seed11_all.csv,11,TU0-1[c],KO,TU0-1[c],0.70307810065692,0.70307810065692,379.836884847089,0,1,1,,False,True,gene_knockout_TU_ID_rest_list_rerun2|v1|s11|KO: TU0-1[c]
gene_knockout_TU_ID_rest_list_rerun2,2,KO: TU0-2302[c],0.0001974741987373,0.0002209569675413,8.083841861260358e-05,0.0002858208881452,379.6598812430688,528.8039847984724,740.693887872226,1.3928360907322663,22984.0,63,8,growth_rate_summary_gene_knockout_TU_ID_rest_list_rerun12_seed11_all.csv,11,TU0-2302[c],KO,TU0-2302[c],0.71090711545428,0.71090711545428,379.6598812430688,0,1,1,,False,True,gene_knockout_TU_ID_rest_list_rerun2|v2|s11|KO: TU0-2302[c]
gene_knockout_TU_ID_rest_list_rerun2,3,KO: TU0-3123[c],0.0002034414040861,0.0002317433943984,8.296487874699073e-05,0.000295849061005,379.998372983841,698.0245794065247,726.666803579991,1.8369146528851248,23038.0,62,8,growth_rate_summary_gene_knockout_TU_ID_rest_list_rerun12_seed11_all.csv,11,TU0-3123[c],KO,TU0-3123[c],0.7323890547099601,0.7323890547099601,379.998372983841,0,1,1,,False,True,gene_knockout_TU_ID_rest_list_rerun2|v3|s11|KO: TU0-3123[c]
gene_knockout_TU_ID_rest_list_rerun2,4,KO: TU0-3501[c],0.000201413731652,0.0002211265691797,7.954593210834405e-05,0.0003230046893852,379.3650869063449,655.6369258247144,701.6581489159687,1.728247929115769,23297.0,63,8,growth_rate_summary_gene_knockout_TU_ID_rest_list_rerun12_seed11_all.csv,11,TU0-3501[c],KO,TU0-3501[c],0.7250894339472,0.7250894339472,379.3650869063449,0,1,1,,False,True,gene_knockout_TU_ID_rest_list_rerun2|v4|s11|KO: TU0-3501[c]
gene_knockout_TU_ID_rest_list_rerun2,5,KO: TU0-3581[c],0.0002042291171927,0.000231074052667,8.085649326422971e-05,0.0002778637072701,379.9548846628359,656.3541321523453,720.0154563014084,1.727452807284687,22500.0,61,8,growth_rate_summary_gene_knockout_TU_ID_rest_list_rerun12_seed11_all.csv,11,TU0-3581[c],KO,TU0-3581[c],0.73522482189372,0.73522482189372,379.9548846628359,0,1,1,,False,True,gene_knockout_TU_ID_rest_list_rerun2|v5|s11|KO: TU0-3581[c]
gene_knockout_TU_ID_rest_list_rerun2,6,KO: TU0-3602[c],0.0001984625392691,0.0002238217760528,7.850273845406465e-05,0.0002949211106277,379.79263850199175,599.6480346007222,704.6934438406688,1.5788827212815435,23123.0,62,8,growth_rate_summary_gene_knockout_TU_ID_rest_list_rerun12_seed11_all.csv,11,TU0-3602[c],KO,TU0-3602[c],0.7144651413687599,0.7144651413687599,379.79263850199175,0,1,1,,False,True,gene_knockout_TU_ID_rest_list_rerun2|v6|s11|KO: TU0-3602[c]
gene_knockout_TU_ID_rest_list_rerun2,7,KO: TU0-3645[c],0.0002107210212874,0.0002300624081834,9.301638890933223e-05,0.0005776575112107,379.1977865556099,656.5202609941798,693.4543014500669,1.731339908277392,22979.0,63,8,growth_rate_summary_gene_knockout_TU_ID_rest_list_rerun12_seed11_all.csv,11,TU0-3645[c],KO,TU0-3645[c],0.75859567663464,0.75859567663464,379.1977865556099,0,1,1,,False,True,gene_knockout_TU_ID_rest_list_rerun2|v7|s11|KO: TU0-3645[c]
gene_knockout_TU_ID_rest_list_rerun2,8,KO: TU0-3862[c],0.0001991055410311,0.0002179145139617,7.829952213412858e-05,0.0002836739151796,379.0537429765144,602.0600045248952,751.1122615232844,1.5883235970636438,23452.0,65,8,growth_rate_summary_gene_knockout_TU_ID_rest_list_rerun12_seed11_all.csv,11,TU0-3862[c],KO,TU0-3862[c],0.7167799477119601,0.7167799477119601,379.0537429765144,0,1,1,,False,True,gene_knockout_TU_ID_rest_list_rerun2|v8|s11|KO: TU0-3862[c]
gene_knockout_TU_ID_rest_list_rerun2,9,KO: TU0-3901[c],0.0002156022006282,0.0002462064748921,8.931155131710244e-05,0.0003094708355097,379.5150609802943,628.9715876583296,735.056366403518,1.657303365072481,21550.0,58,8,growth_rate_summary_gene_knockout_TU_ID_rest_list_rerun12_seed11_all.csv,11,TU0-3901[c],KO,TU0-3901[c],0.77616792226152,0.77616792226152,379.5150609802943,0,1,1,,False,True,gene_knockout_TU_ID_rest_list_rerun2|v9|s11|KO: TU0-3901[c]
gene_knockout_TU_ID_rest_list_rerun2,10,KO: TU0-4181[c],0.0001962265326219,0.0002205144579528,7.649845781648164e-05,0.000277644039491,379.528758083101,595.3114115407323,686.6836947059467,1.5685541579180775,23504.0,64,8,growth_rate_summary_gene_knockout_TU_ID_rest_list_rerun12_seed11_all.csv,11,TU0-4181[c],KO,TU0-4181[c],0.70641551743884,0.70641551743884,379.528758083101,0,1,1,,False,True,gene_knockout_TU_ID_rest_list_rerun2|v10|s11|KO: TU0-4181[c]
gene_knockout_TU_ID_rest_list_rerun2,11,KO: TU0-42451[c],0.0002059859417461,0.0002294927733835,8.275294222145344e-05,0.0003173284880193,379.4043085457621,694.9054158820043,734.505119247267,1.831569648076856,23092.0,62,8,growth_rate_summary_gene_knockout_TU_ID_rest_list_rerun12_seed11_all.csv,11,TU0-42451[c],KO,TU0-42451[c],0.74154939028596,0.74154939028596,379.4043085457621,0,1,1,,False,True,gene_knockout_TU_ID_rest_list_rerun2|v11|s11|KO: TU0-42451[c]
gene_knockout_TU_ID_rest_list_rerun2,12,KO: TU0-42461[c],0.0002094832428564,0.0002360199941562,8.363961193806439e-05,0.0003074048170811,379.8703089399335,697.1093654167148,712.419680600633,1.8351246438871969,22757.0,61,8,growth_rate_summary_gene_knockout_TU_ID_rest_list_rerun12_seed11_all.csv,11,TU0-42461[c],KO,TU0-42461[c],0.75413967428304,0.75413967428304,379.8703089399335,0,1,1,,False,True,gene_knockout_TU_ID_rest_list_rerun2|v12|s11|KO: TU0-42461[c]
gene_knockout_TU_ID_rest_list_rerun2,13,KO: TU0-42478[c],4.446091596090054e-05,3.807890505419179e-05,1.975732022061293e-05,7.723687988409552e-05,379.7288459645192,254.42360344382428,463.1650479424896,0.6700138958302811,20302.0,53,8,growth_rate_summary_gene_knockout_TU_ID_rest_list_rerun12_seed11_all.csv,11,TU0-42478[c],KO,TU0-42478[c],0.16005929745924197,0.16005929745924197,379.7288459645192,0,1,1,,False,True,gene_knockout_TU_ID_rest_list_rerun2|v13|s11|KO: TU0-42478[c]
gene_knockout_TU_ID_rest_list_rerun2,14,KO: TU0-42482[c],0.0001975823097823,0.0002220941996873,7.964584325469994e-05,0.0003085689002849,379.9875211192326,603.0023716041237,698.220519197404,1.586900458804576,23615.0,62,8,growth_rate_summary_gene_knockout_TU_ID_rest_list_rerun12_seed11_all.csv,11,TU0-42482[c],KO,TU0-42482[c],0.71129631521628,0.71129631521628,379.9875211192326,0,1,1,,False,True,gene_knockout_TU_ID_rest_list_rerun2|v14|s11|KO: TU0-42482[c]
gene_knockout_TU_ID_rest_list_rerun2,15,KO: TU0-42499[c],0.0001910304382284,0.0002073952534021,7.807663733639239e-05,0.0002894158089957,379.4201909606928,531.5176916041614,714.8148689767627,1.4008682307031617,23751.0,64,8,growth_rate_summary_gene_knockout_TU_ID_rest_list_rerun12_seed11_all.csv,11,TU0-42499[c],KO,TU0-42499[c],0.68770957762224,0.68770957762224,379.4201909606928,0,1,1,,False,True,gene_knockout_TU_ID_rest_list_rerun2|v15|s11|KO: TU0-42499[c]
gene_knockout_TU_ID_rest_list_rerun2,16,KO: TU0-42509[c],0.0002054760711545,0.0002271482341518,8.7805742629437e-05,0.0003510530047193,380.1502221703586,574.6128751518058,772.3446187613106,1.5115416002421846,21859.0,60,8,growth_rate_summary_gene_knockout_TU_ID_rest_list_rerun12_seed11_all.csv,11,TU0-42509[c],KO,TU0-42509[c],0.7397138561562,0.7397138561562,380.1502221703586,0,1,1,,False,True,gene_knockout_TU_ID_rest_list_rerun2|v16|s11|KO: TU0-42509[c]
gene_knockout_TU_ID_rest_list_rerun2,17,KO: TU0-42568[c],0.0001961665650087,0.0002199697646113,7.667511635163478e-05,0.0002915550544122,379.9395996605367,575.1473020485223,708.8489117770071,1.5137861453831007,23253.0,64,8,growth_rate_summary_gene_knockout_TU_ID_rest_list_rerun12_seed11_all.csv,11,TU0-42568[c],KO,TU0-42568[c],0.7061996340313199,0.7061996340313199,379.9395996605367,0,1,1,,False,True,gene_knockout_TU_ID_rest_list_rerun2|v17|s11|KO: TU0-42568[c]
gene_knockout_TU_ID_rest_list_rerun2,18,KO: TU0-42569[c],0.0001889404713966,0.0002114956423675,7.279781380314172e-05,0.0002811065574301,379.5949640492099,574.828581016694,687.5538234989683,1.5143208826716004,24650.0,66,8,growth_rate_summary_gene_knockout_TU_ID_rest_list_rerun12_seed11_all.csv,11,TU0-42569[c],KO,TU0-42569[c],0.68018569702776,0.68018569702776,379.5949640492099,0,1,1,,False,True,gene_knockout_TU_ID_rest_list_rerun2|v18|s11|KO: TU0-42569[c]
gene_knockout_TU_ID_rest_list_rerun2,19,KO: TU0-42571[c],0.0002154664815766,0.0002438295841898,8.683150472981511e-05,0.0002936319564787,379.0872099101599,668.1040026700441,741.206281806797,1.7624018568929785,21966.0,60,8,growth_rate_summary_gene_knockout_TU_ID_rest_list_rerun12_seed11_all.csv,11,TU0-42571[c],KO,TU0-42571[c],0.77567933367576,0.77567933367576,379.0872099101599,0,1,1,,False,True,gene_knockout_TU_ID_rest_list_rerun2|v19|s11|KO: TU0-42571[c]
gene_knockout_TU_ID_rest_list_rerun2,20,KO: TU0-42602[c],0.0002068653743067,0.0002359070222965,8.402066275722189e-05,0.000289922843882,379.5628738069953,636.6512790312738,723.5638752630914,1.6773275864567458,22272.0,59,8,growth_rate_summary_gene_knockout_TU_ID_rest_list_rerun12_seed11_all.csv,11,TU0-42602[c],KO,TU0-42602[c],0.74471534750412,0.74471534750412,379.5628738069953,0,1,1,,False,True,gene_knockout_TU_ID_rest_list_rerun2|v20|s11|KO: TU0-42602[c]
gene_knockout_TU_ID_rest_list_rerun2,21,KO: TU0-42616[c],0.0002028696610732,0.0002288531766711,8.267337295807778e-05,0.0002883239068306,379.45025426055486,625.2775349218848,747.6104034518003,1.6478511422805089,22691.0,61,8,growth_rate_summary_gene_knockout_TU_ID_rest_list_rerun12_seed11_all.csv,11,TU0-42616[c],KO,TU0-42616[c],0.73033077986352,0.73033077986352,379.45025426055486,0,1,1,,False,True,gene_knockout_TU_ID_rest_list_rerun2|v21|s11|KO: TU0-42616[c]
gene_knockout_TU_ID_rest_list_rerun2,22,KO: TU0-42684[c],0.0001915103338854,0.0002080022480963,7.758645500567605e-05,0.0003137035418233,380.0524945362606,551.6432489417916,755.8696995246776,1.4514922461301187,23877.0,65,8,growth_rate_summary_gene_knockout_TU_ID_rest_list_rerun12_seed11_all.csv,11,TU0-42684[c],KO,TU0-42684[c],0.68943720198744,0.68943720198744,380.0524945362606,0,1,1,,False,True,gene_knockout_TU_ID_rest_list_rerun2|v22|s11|KO: TU0-42684[c]
gene_knockout_TU_ID_rest_list_rerun2,23,KO: TU0-4444[c],0.0001920098940929,0.0002133180612268,7.306754855552724e-05,0.0002705089802027,379.73673445298095,630.7120531781061,665.6622400050569,1.6609192526150007,24705.0,67,8,growth_rate_summary_gene_knockout_TU_ID_rest_list_rerun12_seed11_all.csv,11,TU0-4444[c],KO,TU0-4444[c],0.69123561873444,0.69123561873444,379.73673445298095,0,1,1,,False,True,gene_knockout_TU_ID_rest_list_rerun2|v23|s11|KO: TU0-4444[c]
gene_knockout_TU_ID_rest_list_rerun2,24,KO: TU0-45147[c],0.0001975823097823,0.0002220941996873,7.964584325469994e-05,0.0003085689002849,379.9875211192326,603.0023716041237,698.220519197404,1.586900458804576,23615.0,62,8,growth_rate_summary_gene_knockout_TU_ID_rest_list_rerun12_seed11_all.csv,11,TU0-45147[c],KO,TU0-45147[c],0.71129631521628,0.71129631521628,379.9875211192326,0,1,1,,False,True,gene_knockout_TU_ID_rest_list_rerun2|v24|s11|KO: TU0-45147[c]
gene_knockout_TU_ID_rest_list_rerun2,25,KO: TU0-45181[c],0.0002093841754204,0.0002346729129115,8.349614812509834e-05,0.0002852330004986,379.77335960236405,661.9773038622102,760.3952604431929,1.7430851509840593,22521.0,62,8,growth_rate_summary_gene_knockout_TU_ID_rest_list_rerun12_seed11_all.csv,11,TU0-45181[c],KO,TU0-45181[c],0.7537830315134401,0.7537830315134401,379.77335960236405,0,1,1,,False,True,gene_knockout_TU_ID_rest_list_rerun2|v25|s11|KO: TU0-45181[c]
gene_knockout_TU_ID_rest_list_rerun2,26,KO: TU0-45222[c],0.0002075685850519,0.0002358302487892,8.67192567270721e-05,0.0003091763432868,380.1336522751857,561.5815643235296,713.2832883369686,1.4773266217351115,21712.0,59,8,growth_rate_summary_gene_knockout_TU_ID_rest_list_rerun12_seed11_all.csv,11,TU0-45222[c],KO,TU0-45222[c],0.74724690618684,0.74724690618684,380.1336522751857,0,1,1,,False,True,gene_knockout_TU_ID_rest_list_rerun2|v26|s11|KO: TU0-45222[c]
gene_knockout_TU_ID_rest_list_rerun2,27,KO: TU0-45225[c],0.0002004250008537,0.000231183625338,8.102901815062918e-05,0.0002865132620646,379.7145554151333,540.900873606694,734.1551798601631,1.4244933882382762,22243.0,61,8,growth_rate_summary_gene_knockout_TU_ID_rest_list_rerun12_seed11_all.csv,11,TU0-45225[c],KO,TU0-45225[c],0.72153000307332,0.72153000307332,379.7145554151333,0,1,1,,False,True,gene_knockout_TU_ID_rest_list_rerun2|v27|s11|KO: TU0-45225[c]
gene_knockout_TU_ID_rest_list_rerun2,28,KO: TU0-45229[c],0.0002054803636299,0.0002267390646415,8.499063812353577e-05,0.0003039011489903,379.31960381768977,646.2858474317989,751.6670604948863,1.7038029169260114,22486.0,60,8,growth_rate_summary_gene_knockout_TU_ID_rest_list_rerun12_seed11_all.csv,11,TU0-45229[c],KO,TU0-45229[c],0.73972930906764,0.73972930906764,379.31960381768977,0,1,1,,False,True,gene_knockout_TU_ID_rest_list_rerun2|v28|s11|KO: TU0-45229[c]
gene_knockout_TU_ID_rest_list_rerun2,29,KO: TU0-45231[c],0.0001995472852332,0.0002257553412434,7.979505930906066e-05,0.0002856665281881,379.5369996533776,657.5176999773794,708.8887422841344,1.7324205560403203,23531.0,64,8,growth_rate_summary_gene_knockout_TU_ID_rest_list_rerun12_seed11_all.csv,11,TU0-45231[c],KO,TU0-45231[c],0.71837022683952,0.71837022683952,379.5369996533776,0,1,1,,False,True,gene_knockout_TU_ID_rest_list_rerun2|v29|s11|KO: TU0-45231[c]
gene_knockout_TU_ID_rest_list_rerun2,30,KO: TU0-45255[c],0.0001874673165423,0.0002039980290034,7.689415497432153e-05,0.00034612877067,379.72179690992834,560.2446254035135,745.590764463562,1.4754081276414217,24591.0,66,8,growth_rate_summary_gene_knockout_TU_ID_rest_list_rerun12_seed11_all.csv,11,TU0-45255[c],KO,TU0-45255[c],0.6748823395522799,0.6748823395522799,379.72179690992834,0,1,1,,False,True,gene_knockout_TU_ID_rest_list_rerun2|v30|s11|KO: TU0-45255[c]
gene_knockout_TU_ID_rest_list_rerun2,31,KO: TU0-45265[c],0.0001694664881287,0.0001754217482025,7.10162039389636e-05,0.0002788741453283,380.2243037155628,541.9571242957318,669.4640543345381,1.4253616062932095,27721.0,74,8,growth_rate_summary_gene_knockout_TU_ID_rest_list_rerun12_seed11_all.csv,11,TU0-45265[c],KO,TU0-45265[c],0.6100793572633201,0.6100793572633201,380.2243037155628,0,1,1,,False,True,gene_knockout_TU_ID_rest_list_rerun2|v31|s11|KO: TU0-45265[c]
gene_knockout_TU_ID_rest_list_rerun2,32,KO: TU0-45291[c],0.0001975823097823,0.0002220941996873,7.964584325469994e-05,0.0003085689002849,379.9875211192326,603.0023716041237,698.220519197404,1.586900458804576,23615.0,62,8,growth_rate_summary_gene_knockout_TU_ID_rest_list_rerun12_seed11_all.csv,11,TU0-45291[c],KO,TU0-45291[c],0.71129631521628,0.71129631521628,379.9875211192326,0,1,1,,False,True,gene_knockout_TU_ID_rest_list_rerun2|v32|s11|KO: TU0-45291[c]
gene_knockout_TU_ID_rest_list_rerun2,33,KO: TU0-4562[c],0.0002052230869512,0.0002192049196787,9.264744032828558e-05,0.0005832264664954,380.14090779732487,648.8859219572348,705.5377335836497,1.7069615730575187,23026.0,62,8,growth_rate_summary_gene_knockout_TU_ID_rest_list_rerun12_seed11_all.csv,11,TU0-4562[c],KO,TU0-4562[c],0.73880311302432,0.73880311302432,380.14090779732487,0,1,1,,False,True,gene_knockout_TU_ID_rest_list_rerun2|v33|s11|KO: TU0-4562[c]
gene_knockout_TU_ID_rest_list_rerun2,34,KO: TU0-4682[c],0.0001873572762024,0.0002070457587981,7.281262129552655e-05,0.0002637731298101,379.92696633163246,560.8935661077458,699.8577736264535,1.4763194398213637,24372.0,65,8,growth_rate_summary_gene_knockout_TU_ID_rest_list_rerun12_seed11_all.csv,11,TU0-4682[c],KO,TU0-4682[c],0.67448619432864,0.67448619432864,379.92696633163246,0,1,1,,False,True,gene_knockout_TU_ID_rest_list_rerun2|v34|s11|KO: TU0-4682[c]
gene_knockout_TU_ID_rest_list_rerun2,35,KO: TU0-4802[c],0.0001816923886065,0.0001851118496994,8.682207893015082e-05,0.0005622485944307,379.7356577223595,564.0778848156999,738.2541507497092,1.485448820368933,26190.0,69,8,growth_rate_summary_gene_knockout_TU_ID_rest_list_rerun12_seed11_all.csv,11,TU0-4802[c],KO,TU0-4802[c],0.6540925989834,0.6540925989834,379.7356577223595,0,1,1,,False,True,gene_knockout_TU_ID_rest_list_rerun2|v35|s11|KO: TU0-4802[c]
gene_knockout_TU_ID_rest_list_rerun2,36,KO: TU0-4929[c],0.0001989327732889,0.0002213058229289,7.837621381627981e-05,0.0002909591569213,379.7244070606649,642.164384696144,689.7658710483181,1.691132760379955,23481.0,63,8,growth_rate_summary_gene_knockout_TU_ID_rest_list_rerun12_seed11_all.csv,11,TU0-4929[c],KO,TU0-4929[c],0.71615798384004,0.71615798384004,379.7244070606649,0,1,1,,False,True,gene_knockout_TU_ID_rest_list_rerun2|v36|s11|KO: TU0-4929[c]
gene_knockout_TU_ID_rest_list_rerun2,37,KO: TU0-4961[c],0.000196974668565,0.0002195598721208,7.903175542889985e-05,0.0002861269765325,379.0935477823474,575.4515074708402,760.8932054978086,1.5179670317185925,23316.0,64,8,growth_rate_summary_gene_knockout_TU_ID_rest_list_rerun12_seed11_all.csv,11,TU0-4961[c],KO,TU0-4961[c],0.709108806834,0.709108806834,379.0935477823474,0,1,1,,False,True,gene_knockout_TU_ID_rest_list_rerun2|v37|s11|KO: TU0-4961[c]
gene_knockout_TU_ID_rest_list_rerun2,38,KO: TU0-5061[c],3.970493616267113e-05,3.535606544986515e-05,1.854334016476308e-05,8.508618767682854e-05,379.50952364820535,241.3577479914171,459.6344777793022,0.6359728358626092,21488.0,56,8,growth_rate_summary_gene_knockout_TU_ID_rest_list_rerun12_seed11_all.csv,11,TU0-5061[c],KO,TU0-5061[c],0.14293777018561607,0.14293777018561607,379.50952364820535,0,1,1,,False,True,gene_knockout_TU_ID_rest_list_rerun2|v38|s11|KO: TU0-5061[c]
gene_knockout_TU_ID_rest_list_rerun2,39,KO: TU0-5162[c],0.0001937970743728,0.000215108786837,7.558056545472839e-05,0.0003008618109786,379.9296373736224,684.585754113464,684.585754113464,1.801875102047496,24958.0,68,8,growth_rate_summary_gene_knockout_TU_ID_rest_list_rerun12_seed11_all.csv,11,TU0-5162[c],KO,TU0-5162[c],0.6976694677420799,0.6976694677420799,379.9296373736224,0,1,1,,False,True,gene_knockout_TU_ID_rest_list_rerun2|v39|s11|KO: TU0-5162[c]
gene_knockout_TU_ID_rest_list_rerun2,40,KO: TU0-5186[c],0.000212904573851,0.0002407077486551,8.426169006450108e-05,0.0003193203628403,379.94742546767577,699.5815759222457,738.7770177327875,1.841258892756369,22555.0,62,8,growth_rate_summary_gene_knockout_TU_ID_rest_list_rerun12_seed11_all.csv,11,TU0-5186[c],KO,TU0-5186[c],0.7664564658636001,0.7664564658636001,379.94742546767577,0,1,1,,False,True,gene_knockout_TU_ID_rest_list_rerun2|v40|s11|KO: TU0-5186[c]
gene_knockout_TU_ID_rest_list_rerun2,41,KO: TU0-5402[c],0.0002198727832852,0.0002452539957592,9.166000484533775e-05,0.0003201031485858,379.55102225910287,640.1246148107441,793.1945845689183,1.6865311309154083,21122.0,57,8,growth_rate_summary_gene_knockout_TU_ID_rest_list_rerun12_seed11_all.csv,11,TU0-5402[c],KO,TU0-5402[c],0.79154201982672,0.79154201982672,379.55102225910287,0,1,1,,False,True,gene_knockout_TU_ID_rest_list_rerun2|v41|s11|KO: TU0-5402[c]
gene_knockout_TU_ID_rest_list_rerun2,42,KO: TU0-5501[c],4.545457171124504e-05,3.978937192963462e-05,2.056921677207838e-05,9.6819086216003e-05,379.2411863472141,262.6815777881602,461.6319951996211,0.6926504484343169,20368.0,53,8,growth_rate_summary_gene_knockout_TU_ID_rest_list_rerun12_seed11_all.csv,11,TU0-5501[c],KO,TU0-5501[c],0.16363645816048214,0.16363645816048214,379.2411863472141,0,1,1,,False,True,gene_knockout_TU_ID_rest_list_rerun2|v42|s11|KO: TU0-5501[c]
gene_knockout_TU_ID_rest_list_rerun2,43,KO: TU0-5561[c],0.0001967461596853,0.0002193233546495,7.8969663869852e-05,0.0002903271548291,379.1326795739732,596.7324587712078,715.3833401683787,1.5739409734917835,23496.0,62,8,growth_rate_summary_gene_knockout_TU_ID_rest_list_rerun12_seed11_all.csv,11,TU0-5561[c],KO,TU0-5561[c],0.70828617486708,0.70828617486708,379.1326795739732,0,1,1,,False,True,gene_knockout_TU_ID_rest_list_rerun2|v43|s11|KO: TU0-5561[c]
gene_knockout_TU_ID_rest_list_rerun2,44,KO: TU0-5961[c],0.0001994084490519,0.0002183025385496,7.834831870612811e-05,0.0002954418753043,379.835358648258,675.2744546134286,718.3306389594966,1.7778083036201968,23911.0,66,8,growth_rate_summary_gene_knockout_TU_ID_rest_list_rerun12_seed11_all.csv,11,TU0-5961[c],KO,TU0-5961[c],0.71787041658684,0.71787041658684,379.835358648258,0,1,1,,False,True,gene_knockout_TU_ID_rest_list_rerun2|v44|s11|KO: TU0-5961[c]
gene_knockout_TU_ID_rest_list_rerun2,45,KO: TU0-6408[c],0.0001940694555846,0.0002099161877608,7.816920779832681e-05,0.0003111183823116,379.8912404263933,588.9057548784449,722.9693579626128,1.5501956671005412,23497.0,63,8,growth_rate_summary_gene_knockout_TU_ID_rest_list_rerun12_seed11_all.csv,11,TU0-6408[c],KO,TU0-6408[c],0.69865004010456,0.69865004010456,379.8912404263933,0,1,1,,False,True,gene_knockout_TU_ID_rest_list_rerun2|v45|s11|KO: TU0-6408[c]
gene_knockout_TU_ID_rest_list_rerun2,46,KO: TU0-6409[c],0.0003378430583751,9.34546243740605e-05,0.0004077120850384,0.0012609964292035,379.5052910374569,3931.6234453039815,3931.6234453039815,10.359864639979245,10647.0,29,8,growth_rate_summary_gene_knockout_TU_ID_rest_list_rerun12_seed11_all.csv,11,TU0-6409[c],KO,TU0-6409[c],1.21623501015036,1.21623501015036,379.5052910374569,0,1,1,,False,True,gene_knockout_TU_ID_rest_list_rerun2|v46|s11|KO: TU0-6409[c]
gene_knockout_TU_ID_rest_list_rerun2,47,KO: TU0-6422[c],0.0001951930136107,0.0002219418535192,8.086234904293096e-05,0.0003357778084439,379.5409907290531,543.1245686324976,754.615762637402,1.4310037173829893,23209.0,62,8,growth_rate_summary_gene_knockout_TU_ID_rest_list_rerun12_seed11_all.csv,11,TU0-6422[c],KO,TU0-6422[c],0.70269484899852,0.70269484899852,379.5409907290531,0,1,1,,False,True,gene_knockout_TU_ID_rest_list_rerun2|v47|s11|KO: TU0-6422[c]
gene_knockout_TU_ID_rest_list_rerun2,48,KO: TU0-6425[c],0.000203332766308,0.000231864442977,8.981295518357506e-05,0.0003179172978688,379.5618267031029,533.4703261816021,743.7596718987118,1.4054899324712338,21805.0,59,8,growth_rate_summary_gene_knockout_TU_ID_rest_list_rerun12_seed11_all.csv,11,TU0-6425[c],KO,TU0-6425[c],0.7319979587087999,0.7319979587087999,379.5618267031029,0,1,1,,False,True,gene_knockout_TU_ID_rest_list_rerun2|v48|s11|KO: TU0-6425[c]
gene_knockout_TU_ID_rest_list_rerun2,49,KO: TU0-6441[c],0.0004007106029143,8.836791152856484e-05,0.000634508464964,0.0030844072872439,379.8553778250911,7631.079147757355,7631.079147757355,20.089432961170758,11167.0,30,8,growth_rate_summary_gene_knockout_TU_ID_rest_list_rerun12_seed11_all.csv,11,TU0-6441[c],KO,TU0-6441[c],1.44255817049148,1.44255817049148,379.8553778250911,0,1,1,,False,True,gene_knockout_TU_ID_rest_list_rerun2|v49|s11|KO: TU0-6441[c]
gene_knockout_TU_ID_rest_list_rerun2,50,KO: TU0-6481[c],0.0,0.0,0.0,0.0,379.5285337119725,379.5285337119725,379.5285337119725,1.0,0.0,1,8,growth_rate_summary_gene_knockout_TU_ID_rest_list_rerun12_seed11_all.csv,11,TU0-6481[c],KO,TU0-6481[c],0.0,0.0,379.5285337119725,0,1,1,,False,True,gene_knockout_TU_ID_rest_list_rerun2|v50|s11|KO: TU0-6481[c]
gene_knockout_TU_ID_rest_list_rerun2,51,KO: TU0-6482[c],4.479178193714878e-05,4.519024667619432e-05,1.9234682449310617e-05,9.171705858428649e-05,379.6108704287015,234.6519549340541,458.08418995787633,0.6181381335815208,18996.0,50,8,growth_rate_summary_gene_knockout_TU_ID_rest_list_rerun12_seed11_all.csv,11,TU0-6482[c],KO,TU0-6482[c],0.1612504149737356,0.1612504149737356,379.6108704287015,0,1,1,,False,True,gene_knockout_TU_ID_rest_list_rerun2|v51|s11|KO: TU0-6482[c]
gene_knockout_TU_ID_rest_list_rerun2,52,KO: TU0-6485[c],0.0002111341174849,0.0002421720085594,8.653854469165378e-05,0.0003299826182945,379.5929735607692,680.7603761416694,737.7940260114549,1.7933956199341663,21867.0,58,8,growth_rate_summary_gene_knockout_TU_ID_rest_list_rerun12_seed11_all.csv,11,TU0-6485[c],KO,TU0-6485[c],0.76008282294564,0.76008282294564,379.5929735607692,0,1,1,,False,True,gene_knockout_TU_ID_rest_list_rerun2|v52|s11|KO: TU0-6485[c]
gene_knockout_TU_ID_rest_list_rerun2,53,KO: TU0-6501[c],4.1258723872060855e-05,3.805308260393276e-05,2.1302047741792992e-05,0.0001087825748817,380.0171124753053,216.18732805284336,454.2826359680473,0.5688884025371144,18331.0,48,8,growth_rate_summary_gene_knockout_TU_ID_rest_list_rerun12_seed11_all.csv,11,TU0-6501[c],KO,TU0-6501[c],0.14853140593941908,0.14853140593941908,380.0171124753053,0,1,1,,False,True,gene_knockout_TU_ID_rest_list_rerun2|v53|s11|KO: TU0-6501[c]
gene_knockout_TU_ID_rest_list_rerun2,54,KO: TU0-6506[c],0.0004079571201739,0.000120632428801,0.000589176128312,0.0026062084391338,379.5455818410501,4332.654697252756,4332.654697252756,11.415373816858784,9880.0,27,8,growth_rate_summary_gene_knockout_TU_ID_rest_list_rerun12_seed11_all.csv,11,TU0-6506[c],KO,TU0-6506[c],1.46864563262604,1.46864563262604,379.5455818410501,0,1,1,,False,True,gene_knockout_TU_ID_rest_list_rerun2|v54|s11|KO: TU0-6506[c]
gene_knockout_TU_ID_rest_list_rerun2,55,KO: TU0-6512[c],0.0001975823097823,0.0002220941996873,7.964584325469994e-05,0.0003085689002849,379.9875211192326,603.0023716041237,698.220519197404,1.586900458804576,23615.0,62,8,growth_rate_summary_gene_knockout_TU_ID_rest_list_rerun12_seed11_all.csv,11,TU0-6512[c],KO,TU0-6512[c],0.71129631521628,0.71129631521628,379.9875211192326,0,1,1,,False,True,gene_knockout_TU_ID_rest_list_rerun2|v55|s11|KO: TU0-6512[c]
gene_knockout_TU_ID_rest_list_rerun2,56,KO: TU0-6562[c],0.0005027684293776,0.0001341357282502,0.0007624515705941,0.0037473719181019,379.47951131939055,9105.774298763065,9105.774298763065,23.99543065475055,10175.0,28,8,growth_rate_summary_gene_knockout_TU_ID_rest_list_rerun12_seed11_all.csv,11,TU0-6562[c],KO,TU0-6562[c],1.80996634575936,1.80996634575936,379.47951131939055,0,1,1,,False,True,gene_knockout_TU_ID_rest_list_rerun2|v56|s11|KO: TU0-6562[c]
gene_knockout_TU_ID_rest_list_rerun2,57,KO: TU0-6569[c],0.0001988966668413,0.0002222004083137,7.979556517988258e-05,0.000276930701012,379.0477213159629,617.5886594075005,722.1182303232711,1.6293163754246578,23371.0,63,8,growth_rate_summary_gene_knockout_TU_ID_rest_list_rerun12_seed11_all.csv,11,TU0-6569[c],KO,TU0-6569[c],0.71602800062868,0.71602800062868,379.0477213159629,0,1,1,,False,True,gene_knockout_TU_ID_rest_list_rerun2|v57|s11|KO: TU0-6569[c]
gene_knockout_TU_ID_rest_list_rerun2,58,KO: TU0-6623[c],0.0002084263807224,0.000237597979092,8.632744298734237e-05,0.0003065595946619,379.44895458431495,596.7059774136003,745.5839479465126,1.5725592868408076,22070.0,59,8,growth_rate_summary_gene_knockout_TU_ID_rest_list_rerun12_seed11_all.csv,11,TU0-6623[c],KO,TU0-6623[c],0.75033497060064,0.75033497060064,379.44895458431495,0,1,1,,False,True,gene_knockout_TU_ID_rest_list_rerun2|v58|s11|KO: TU0-6623[c]
gene_knockout_TU_ID_rest_list_rerun2,59,KO: TU0-6630[c],0.0002086206306299,0.0002394177447672,8.355309431099432e-05,0.0002895086532337,379.072483873886,629.3250926869364,704.9103671824307,1.660170862985421,22325.0,60,8,growth_rate_summary_gene_knockout_TU_ID_rest_list_rerun12_seed11_all.csv,11,TU0-6630[c],KO,TU0-6630[c],0.7510342702676399,0.7510342702676399,379.072483873886,0,1,1,,False,True,gene_knockout_TU_ID_rest_list_rerun2|v59|s11|KO: TU0-6630[c]
gene_knockout_TU_ID_rest_list_rerun2,60,KO: TU0-6631[c],0.00019228671642,0.0002088799407218,7.566410889373313e-05,0.000337141921871,379.3819148347924,635.3407129490993,710.053142859867,1.6746731673431718,24686.0,66,8,growth_rate_summary_gene_knockout_TU_ID_rest_list_rerun12_seed11_all.csv,11,TU0-6631[c],KO,TU0-6631[c],0.692232179112,0.692232179112,379.3819148347924,0,1,1,,False,True,gene_knockout_TU_ID_rest_list_rerun2|v60|s11|KO: TU0-6631[c]
gene_knockout_TU_ID_rest_list_rerun2,61,KO: TU0-6635[c],0.0001879414084369,0.0002160776467076,7.725834528748758e-05,0.0002798433007808,379.7488875660158,541.8458198305943,711.3761658992412,1.426852948282566,23889.0,63,8,growth_rate_summary_gene_knockout_TU_ID_rest_list_rerun12_seed11_all.csv,11,TU0-6635[c],KO,TU0-6635[c],0.67658907037284,0.67658907037284,379.7488875660158,0,1,1,,False,True,gene_knockout_TU_ID_rest_list_rerun2|v61|s11|KO: TU0-6635[c]
gene_knockout_TU_ID_rest_list_rerun2,62,KO: TU0-6649[c],0.0002125989738857,0.000235290363563,8.590705461493646e-05,0.0002867865885343,379.68941448009855,695.3324338288685,722.8402024808197,1.8313189868118231,22142.0,60,8,growth_rate_summary_gene_knockout_TU_ID_rest_list_rerun12_seed11_all.csv,11,TU0-6649[c],KO,TU0-6649[c],0.76535630598852,0.76535630598852,379.68941448009855,0,1,1,,False,True,gene_knockout_TU_ID_rest_list_rerun2|v62|s11|KO: TU0-6649[c]
gene_knockout_TU_ID_rest_list_rerun2,63,KO: TU0-6652[c],0.0001961281512263,0.0002302034697012,8.441510158682188e-05,0.0002952420529522,379.8686593440841,540.6400731461652,714.7517781348902,1.4232289499209638,22781.0,61,8,growth_rate_summary_gene_knockout_TU_ID_rest_list_rerun12_seed11_all.csv,11,TU0-6652[c],KO,TU0-6652[c],0.70606134441468,0.70606134441468,379.8686593440841,0,1,1,,False,True,gene_knockout_TU_ID_rest_list_rerun2|v63|s11|KO: TU0-6652[c]
gene_knockout_TU_ID_rest_list_rerun2,64,KO: TU0-6884[c],0.0002101269356452,0.0002424293618673,8.40525286856878e-05,0.0002715688688741,380.0439370561976,671.6020251955599,716.6521633959676,1.767169423613905,22306.0,60,8,growth_rate_summary_gene_knockout_TU_ID_rest_list_rerun12_seed11_all.csv,11,TU0-6884[c],KO,TU0-6884[c],0.75645696832272,0.75645696832272,380.0439370561976,0,1,1,,False,True,gene_knockout_TU_ID_rest_list_rerun2|v64|s11|KO: TU0-6884[c]
gene_knockout_TU_ID_rest_list_rerun2,65,KO: TU0-6886[c],4.501045600867291e-05,3.906059601084613e-05,2.0380472673796335e-05,9.39983074641465e-05,379.4897055781957,254.03770699786173,464.9576235374859,0.6694192313090719,20415.0,53,8,growth_rate_summary_gene_knockout_TU_ID_rest_list_rerun12_seed11_all.csv,11,TU0-6886[c],KO,TU0-6886[c],0.16203764163122247,0.16203764163122247,379.4897055781957,0,1,1,,False,True,gene_knockout_TU_ID_rest_list_rerun2|v65|s11|KO: TU0-6886[c]
gene_knockout_TU_ID_rest_list_rerun2,66,KO: TU0-7162[c],0.0001942276311597,0.0002063542821852,7.717020000356736e-05,0.0003235746612411,379.6564647243057,671.3590263525418,720.8521054079631,1.7683329239238983,24790.0,67,8,growth_rate_summary_gene_knockout_TU_ID_rest_list_rerun12_seed11_all.csv,11,TU0-7162[c],KO,TU0-7162[c],0.69921947217492,0.69921947217492,379.6564647243057,0,1,1,,False,True,gene_knockout_TU_ID_rest_list_rerun2|v66|s11|KO: TU0-7162[c]
gene_knockout_TU_ID_rest_list_rerun2,67,KO: TU0-7163[c],0.0001917448511887,0.0002195827814145,7.361521720433227e-05,0.0002520578428486,380.0403408804816,635.1639464237414,656.6449677732649,1.67130664326894,24233.0,65,8,growth_rate_summary_gene_knockout_TU_ID_rest_list_rerun12_seed11_all.csv,11,TU0-7163[c],KO,TU0-7163[c],0.69028146427932,0.69028146427932,380.0403408804816,0,1,1,,False,True,gene_knockout_TU_ID_rest_list_rerun2|v67|s11|KO: TU0-7163[c]
gene_knockout_TU_ID_rest_list_rerun2,68,KO: TU0-7281[c],6.374436130868643e-05,4.524834176772133e-05,6.320679783227406e-05,0.0002681961064696,379.55476608790354,273.19411904342803,688.8237955952204,0.7197752299602457,24910.0,65,8,growth_rate_summary_gene_knockout_TU_ID_rest_list_rerun12_seed11_all.csv,11,TU0-7281[c],KO,TU0-7281[c],0.22947970071127113,0.22947970071127113,379.55476608790354,0,1,1,,False,True,gene_knockout_TU_ID_rest_list_rerun2|v68|s11|KO: TU0-7281[c]
gene_knockout_TU_ID_rest_list_rerun2,69,KO: TU0-7341[c],0.0002081520996127,0.0002444629853541,9.710219869431032e-05,0.000308683375944,379.50049522234383,352.742924092628,704.5049962133294,0.9294926582005144,8124.0,23,8,growth_rate_summary_gene_knockout_TU_ID_rest_list_rerun12_seed11_all.csv,11,TU0-7341[c],KO,TU0-7341[c],0.74934755860572,0.74934755860572,379.50049522234383,0,1,1,,False,True,gene_knockout_TU_ID_rest_list_rerun2|v69|s11|KO: TU0-7341[c]
gene_knockout_TU_ID_rest_list_rerun2,70,KO: TU0-7521[c],0.0001968897994201,0.0002166919435394,8.657908309717225e-05,0.0005675521081704,379.97430026829727,632.3430304390447,688.4625796185251,1.6641731559017323,24198.0,66,8,growth_rate_summary_gene_knockout_TU_ID_rest_list_rerun12_seed11_all.csv,11,TU0-7521[c],KO,TU0-7521[c],0.70880327791236,0.70880327791236,379.97430026829727,0,1,1,,False,True,gene_knockout_TU_ID_rest_list_rerun2|v70|s11|KO: TU0-7521[c]
gene_knockout_TU_ID_rest_list_rerun2,71,KO: TU0-7861[c],0.0001931727761934,0.000211405584023,7.601051844290228e-05,0.0002715752552378,379.1477967258489,605.9356605943051,713.0160444455225,1.5981516069113282,24469.0,65,8,growth_rate_summary_gene_knockout_TU_ID_rest_list_rerun12_seed11_all.csv,11,TU0-7861[c],KO,TU0-7861[c],0.69542199429624,0.69542199429624,379.1477967258489,0,1,1,,False,True,gene_knockout_TU_ID_rest_list_rerun2|v71|s11|KO: TU0-7861[c]
gene_knockout_TU_ID_rest_list_rerun2,72,KO: TU0-7981[c],0.0001914951677459,0.0002114212984768,7.415433556215035e-05,0.0002684876816989,379.0559908551377,548.4542485790585,690.0754855306864,1.4468950809661758,23946.0,65,8,growth_rate_summary_gene_knockout_TU_ID_rest_list_rerun12_seed11_all.csv,11,TU0-7981[c],KO,TU0-7981[c],0.6893826038852401,0.6893826038852401,379.0559908551377,0,1,1,,False,True,gene_knockout_TU_ID_rest_list_rerun2|v72|s11|KO: TU0-7981[c]
gene_knockout_TU_ID_rest_list_rerun2,73,KO: TU0-8121[c],0.000204401421846,0.0002259647420321,8.15236087187213e-05,0.0002860151511779,379.8275903956685,647.6630430364953,724.0934530346926,1.7051500718044763,23030.0,62,8,growth_rate_summary_gene_knockout_TU_ID_rest_list_rerun12_seed11_all.csv,11,TU0-8121[c],KO,TU0-8121[c],0.7358451186456,0.7358451186456,379.8275903956685,0,1,1,,False,True,gene_knockout_TU_ID_rest_list_rerun2|v73|s11|KO: TU0-8121[c]
gene_knockout_TU_ID_rest_list_rerun2,74,KO: TU0-8343[c],0.0002206139162083,0.0002492529073313,9.076150713654267e-05,0.000298960742479,380.2250501524948,657.2689977778914,756.8510628817291,1.7286314973573786,21302.0,58,8,growth_rate_summary_gene_knockout_TU_ID_rest_list_rerun12_seed11_all.csv,11,TU0-8343[c],KO,TU0-8343[c],0.79421009834988,0.79421009834988,380.2250501524948,0,1,1,,False,True,gene_knockout_TU_ID_rest_list_rerun2|v74|s11|KO: TU0-8343[c]
gene_knockout_TU_ID_rest_list_rerun2,75,KO: TU0-8346[c],0.000197492019113,0.0002178258985543,7.569910079178766e-05,0.0002742227455006,380.4703630813676,665.0623000715316,676.8338202545699,1.7480002770394525,24197.0,66,8,growth_rate_summary_gene_knockout_TU_ID_rest_list_rerun12_seed11_all.csv,11,TU0-8346[c],KO,TU0-8346[c],0.7109712688068,0.7109712688068,380.4703630813676,0,1,1,,False,True,gene_knockout_TU_ID_rest_list_rerun2|v75|s11|KO: TU0-8346[c]
gene_knockout_TU_ID_rest_list_rerun2,76,KO: TU0-8360[c],0.0002023967691485,0.0002249554598041,8.019196034159004e-05,0.0002908323414127,379.40006205395,583.1292315556368,725.09625568761,1.536977164417851,22946.0,63,8,growth_rate_summary_gene_knockout_TU_ID_rest_list_rerun12_seed11_all.csv,11,TU0-8360[c],KO,TU0-8360[c],0.7286283689346,0.7286283689346,379.40006205395,0,1,1,,False,True,gene_knockout_TU_ID_rest_list_rerun2|v76|s11|KO: TU0-8360[c]
gene_knockout_TU_ID_rest_list_rerun2,77,KO: TU0-8472[c],4.124961159164479e-05,3.555740845174957e-05,1.8409773944096866e-05,9.08043538735502e-05,379.8980992524731,251.03479098695288,459.926993754568,0.6607950697329493,20872.0,54,8,growth_rate_summary_gene_knockout_TU_ID_rest_list_rerun12_seed11_all.csv,11,TU0-8472[c],KO,TU0-8472[c],0.14849860172992124,0.14849860172992124,379.8980992524731,0,1,1,,False,True,gene_knockout_TU_ID_rest_list_rerun2|v77|s11|KO: TU0-8472[c]
gene_knockout_TU_ID_rest_list_rerun2,78,KO: TU0-8473[c],0.0002078074627279,0.0002361481741531,8.290049009346406e-05,0.00029899090797,379.11641092842206,735.8953281234228,735.8953281234228,1.941080119220588,23117.0,63,8,growth_rate_summary_gene_knockout_TU_ID_rest_list_rerun12_seed11_all.csv,11,TU0-8473[c],KO,TU0-8473[c],0.7481068658204401,0.7481068658204401,379.11641092842206,0,1,1,,False,True,gene_knockout_TU_ID_rest_list_rerun2|v78|s11|KO: TU0-8473[c]
gene_knockout_TU_ID_rest_list_rerun2,79,KO: TU0-8492[c],0.0001207051591059,1.2747615904858566e-05,0.0001471600785091,0.0003346576874907,379.588484063455,294.0634897105376,586.72494852163,0.7746902291729685,2534.0,8,8,growth_rate_summary_gene_knockout_TU_ID_rest_list_rerun12_seed11_all.csv,11,TU0-8492[c],KO,TU0-8492[c],0.43453857278124,0.43453857278124,379.588484063455,0,1,1,,False,True,gene_knockout_TU_ID_rest_list_rerun2|v79|s11|KO: TU0-8492[c]
gene_knockout_TU_ID_rest_list_rerun2,80,KO: TU0-8493[c],4.699046872681008e-05,3.948637184347021e-05,2.247597541722515e-05,0.0001163953730038,380.0945505769136,272.51399734756103,473.4337034749217,0.7169637053042064,19855.0,52,8,growth_rate_summary_gene_knockout_TU_ID_rest_list_rerun12_seed11_all.csv,11,TU0-8493[c],KO,TU0-8493[c],0.1691656874165163,0.1691656874165163,380.0945505769136,0,1,1,,False,True,gene_knockout_TU_ID_rest_list_rerun2|v80|s11|KO: TU0-8493[c]
gene_knockout_TU_ID_rest_list_rerun2,81,KO: TU0-8574[c],0.0001755116277162,0.000199570438907,7.363411993361133e-05,0.0002947667965205,379.6117291692419,610.5441666114093,661.8323890846618,1.608338519854351,27065.0,73,8,growth_rate_summary_gene_knockout_TU_ID_rest_list_rerun12_seed11_all.csv,11,TU0-8574[c],KO,TU0-8574[c],0.63184185977832,0.63184185977832,379.6117291692419,0,1,1,,False,True,gene_knockout_TU_ID_rest_list_rerun2|v81|s11|KO: TU0-8574[c]
gene_knockout_TU_ID_rest_list_rerun2,82,KO: TU0-8610[c],0.000193702515452,0.0002129341480748,7.788910251823338e-05,0.0003370227486391,378.9993865932089,606.1072957910221,705.4303311572312,1.599230281714347,23910.0,64,8,growth_rate_summary_gene_knockout_TU_ID_rest_list_rerun12_seed11_all.csv,11,TU0-8610[c],KO,TU0-8610[c],0.6973290556272,0.6973290556272,378.9993865932089,0,1,1,,False,True,gene_knockout_TU_ID_rest_list_rerun2|v82|s11|KO: TU0-8610[c]
gene_knockout_TU_ID_rest_list_rerun2,83,KO: TU0-8726[c],0.0001951061386829,0.000218986411888,7.538369103174382e-05,0.0002630233341197,379.9724061108912,594.7371898335589,677.7430137595579,1.5652115265969888,23761.0,65,8,growth_rate_summary_gene_knockout_TU_ID_rest_list_rerun12_seed11_all.csv,11,TU0-8726[c],KO,TU0-8726[c],0.70238209925844,0.70238209925844,379.9724061108912,0,1,1,,False,True,gene_knockout_TU_ID_rest_list_rerun2|v83|s11|KO: TU0-8726[c]
gene_knockout_TU_ID_rest_list_rerun2,84,KO: TU0-8745[c],0.0002008465165486,0.0002246445413729,7.858006981978989e-05,0.0002921427246137,379.61916701289306,596.4726544862942,716.8587152114094,1.5712395640603578,22931.0,63,8,growth_rate_summary_gene_knockout_TU_ID_rest_list_rerun12_seed11_all.csv,11,TU0-8745[c],KO,TU0-8745[c],0.72304745957496,0.72304745957496,379.61916701289306,0,1,1,,False,True,gene_knockout_TU_ID_rest_list_rerun2|v84|s11|KO: TU0-8745[c]
gene_knockout_TU_ID_rest_list_rerun2,85,KO: TU0-8772[c],0.0002010867288304,0.0002073118302402,9.505578318613822e-05,0.0005605930123177,379.0800897663957,581.5813001946758,767.6504068300367,1.5341911007593925,23039.0,62,8,growth_rate_summary_gene_knockout_TU_ID_rest_list_rerun12_seed11_all.csv,11,TU0-8772[c],KO,TU0-8772[c],0.72391222378944,0.72391222378944,379.0800897663957,0,1,1,,False,True,gene_knockout_TU_ID_rest_list_rerun2|v85|s11|KO: TU0-8772[c]
gene_knockout_TU_ID_rest_list_rerun2,86,KO: TU0-8773[c],0.0002144930859519,0.0002408221626415,8.845492297203776e-05,0.0003036615843117,379.52871417579934,603.9655750399049,803.1808261379581,1.5913567339733496,21352.0,58,8,growth_rate_summary_gene_knockout_TU_ID_rest_list_rerun12_seed11_all.csv,11,TU0-8773[c],KO,TU0-8773[c],0.7721751094268401,0.7721751094268401,379.52871417579934,0,1,1,,False,True,gene_knockout_TU_ID_rest_list_rerun2|v86|s11|KO: TU0-8773[c]
gene_knockout_TU_ID_rest_list_rerun2,87,KO: TU0-8793[c],0.0002163087865319,0.0002499790616832,9.171603617377897e-05,0.0003056111971839,379.3232070206944,592.2388038292411,782.760703616357,1.561303903551914,20959.0,57,8,growth_rate_summary_gene_knockout_TU_ID_rest_list_rerun12_seed11_all.csv,11,TU0-8793[c],KO,TU0-8793[c],0.77871163151484,0.77871163151484,379.3232070206944,0,1,1,,False,True,gene_knockout_TU_ID_rest_list_rerun2|v87|s11|KO: TU0-8793[c]
gene_knockout_TU_ID_rest_list_rerun2,88,KO: TU0-8806[c],0.0002141656236034,0.000241048817385,8.663297371668596e-05,0.0003031011586965,379.8137059208264,652.6995713279971,805.7804595258649,1.7184729280518771,21878.0,60,8,growth_rate_summary_gene_knockout_TU_ID_rest_list_rerun12_seed11_all.csv,11,TU0-8806[c],KO,TU0-8806[c],0.7709962449722401,0.7709962449722401,379.8137059208264,0,1,1,,False,True,gene_knockout_TU_ID_rest_list_rerun2|v88|s11|KO: TU0-8806[c]
gene_knockout_TU_ID_rest_list_rerun2,89,KO: TU0-8818[c],0.0002137220481465,0.0002432914251893,9.080342735078152e-05,0.0003221680370175,379.8899937619112,684.3498658273954,802.4003279701999,1.8014421992285967,21991.0,59,8,growth_rate_summary_gene_knockout_TU_ID_rest_list_rerun12_seed11_all.csv,11,TU0-8818[c],KO,TU0-8818[c],0.7693993733274,0.7693993733274,379.8899937619112,0,1,1,,False,True,gene_knockout_TU_ID_rest_list_rerun2|v89|s11|KO: TU0-8818[c]
gene_knockout_TU_ID_rest_list_rerun2,90,KO: TU0-8862[c],0.000188480022124,0.0002031847520869,7.544387374524346e-05,0.0002661381801938,379.08234515306015,571.9352020422766,714.3865716299176,1.50873605525298,24605.0,67,8,growth_rate_summary_gene_knockout_TU_ID_rest_list_rerun12_seed11_all.csv,11,TU0-8862[c],KO,TU0-8862[c],0.6785280796463999,0.6785280796463999,379.08234515306015,0,1,1,,False,True,gene_knockout_TU_ID_rest_list_rerun2|v90|s11|KO: TU0-8862[c]
gene_knockout_TU_ID_rest_list_rerun2,91,KO: TU0-901[c],0.000195076150478,0.000215612069121,7.659124607483339e-05,0.0002874158582531,379.6056367482303,605.5444638728804,709.4930473695333,1.5951935515501892,23760.0,63,8,growth_rate_summary_gene_knockout_TU_ID_rest_list_rerun12_seed11_all.csv,11,TU0-901[c],KO,TU0-901[c],0.7022741417207999,0.7022741417207999,379.6056367482303,0,1,1,,False,True,gene_knockout_TU_ID_rest_list_rerun2|v91|s11|KO: TU0-901[c]
gene_knockout_TU_ID_rest_list_rerun2,92,KO: TU00001[c],0.0001978726756481,0.0002226863840961,7.709150499938158e-05,0.0002715632280199,379.62450729528143,614.0125023072155,694.3891927117566,1.6174206103865187,23797.0,65,8,growth_rate_summary_gene_knockout_TU_ID_rest_list_rerun12_seed11_all.csv,11,TU00001[c],KO,TU00001[c],0.7123416323331601,0.7123416323331601,379.62450729528143,0,1,1,,False,True,gene_knockout_TU_ID_rest_list_rerun2|v92|s11|KO: TU00001[c]
gene_knockout_TU_ID_rest_list_rerun2,93,KO: TU00003[c],0.0001930147667064,0.0002112219193774,7.48725732428739e-05,0.0002853583520411,379.57928462997256,615.2643902164359,699.5927970032453,1.6209114014644337,24114.0,65,8,growth_rate_summary_gene_knockout_TU_ID_rest_list_rerun12_seed11_all.csv,11,TU00003[c],KO,TU00003[c],0.69485316014304,0.69485316014304,379.57928462997256,0,1,1,,False,True,gene_knockout_TU_ID_rest_list_rerun2|v93|s11|KO: TU00003[c]
gene_knockout_TU_ID_rest_list_rerun2,94,KO: TU00004[c],4.7295981714657057e-05,4.449945982541047e-05,2.189272409772125e-05,0.0001147910965625,380.0311955164432,269.0088616725758,468.0791838395253,0.7078599463578413,20382.0,53,8,growth_rate_summary_gene_knockout_TU_ID_rest_list_rerun12_seed11_all.csv,11,TU00004[c],KO,TU00004[c],0.1702655341727654,0.1702655341727654,380.0311955164432,0,1,1,,False,True,gene_knockout_TU_ID_rest_list_rerun2|v94|s11|KO: TU00004[c]
gene_knockout_TU_ID_rest_list_rerun2,95,KO: TU00006[c],0.0002006645886283,0.0002256116130995,9.042750313786233e-05,0.0005820273362601,379.95704532572233,638.5358109624544,687.3612890401614,1.680547364018642,23910.0,66,8,growth_rate_summary_gene_knockout_TU_ID_rest_list_rerun12_seed11_all.csv,11,TU00006[c],KO,TU00006[c],0.72239251906188,0.72239251906188,379.95704532572233,0,1,1,,False,True,gene_knockout_TU_ID_rest_list_rerun2|v95|s11|KO: TU00006[c]
gene_knockout_TU_ID_rest_list_rerun2,96,KO: TU00008[c],4.17508397723488e-05,3.54226036519545e-05,1.8556121327806424e-05,8.753609650382862e-05,379.89060298157176,250.5109666050649,459.8937900411465,0.6594292268324864,20875.0,54,8,growth_rate_summary_gene_knockout_TU_ID_rest_list_rerun12_seed11_all.csv,11,TU00008[c],KO,TU00008[c],0.15030302318045569,0.15030302318045569,379.89060298157176,0,1,1,,False,True,gene_knockout_TU_ID_rest_list_rerun2|v96|s11|KO: TU00008[c]
gene_knockout_TU_ID_rest_list_rerun2,97,KO: TU00009[c],0.0001944486512154,0.0002199817672231,7.990398112741955e-05,0.0003317466468984,379.4674514272831,553.4618417257325,686.8359307603514,1.4585225679936655,23320.0,62,8,growth_rate_summary_gene_knockout_TU_ID_rest_list_rerun12_seed11_all.csv,11,TU00009[c],KO,TU00009[c],0.70001514437544,0.70001514437544,379.4674514272831,0,1,1,,False,True,gene_knockout_TU_ID_rest_list_rerun2|v97|s11|KO: TU00009[c]
gene_knockout_TU_ID_rest_list_rerun2,98,KO: TU00012[c],0.0002004291328932,0.0002193298121598,8.12175583102751e-05,0.0002976425759306,379.876809474414,661.0145885856475,684.5097879374707,1.7400761828557187,23062.0,62,8,growth_rate_summary_gene_knockout_TU_ID_rest_list_rerun12_seed11_all.csv,11,TU00012[c],KO,TU00012[c],0.7215448784155201,0.7215448784155201,379.876809474414,0,1,1,,False,True,gene_knockout_TU_ID_rest_list_rerun2|v98|s11|KO: TU00012[c]
gene_knockout_TU_ID_rest_list_rerun2,99,KO: TU00013[c],0.0001943967980185,0.0002016314929389,9.055412195025564e-05,0.0005949859808927,379.9260448097001,558.8214949020141,701.7358338191018,1.470869140287343,24011.0,66,8,growth_rate_summary_gene_knockout_TU_ID_rest_list_rerun12_seed11_all.csv,11,TU00013[c],KO,TU00013[c],0.6998284728666,0.6998284728666,379.9260448097001,0,1,1,,False,True,gene_knockout_TU_ID_rest_list_rerun2|v99|s11|KO: TU00013[c]
gene_knockout_TU_ID_rest_list_rerun2,100,KO: TU00017[c],0.000199206583448,0.0002216467939678,7.950151161546941e-05,0.0002713609444973,379.9569765822031,595.333015695342,715.2987260734569,1.5668432280162192,23159.0,61,8,growth_rate_summary_gene_knockout_TU_ID_rest_list_rerun12_seed11_all.csv,11,TU00017[c],KO,TU00017[c],0.7171437004128001,0.7171437004128001,379.9569765822031,0,1,1,,False,True,gene_knockout_TU_ID_rest_list_rerun2|v100|s11|KO: TU00017[c]
gene_knockout_TU_ID_rest_list_rerun2,101,KO: TU00039[c],0.0001949073134736,0.0002154243008281,7.56477945186572e-05,0.0003074125399286,378.9672613163748,633.1866021849889,686.3699771754855,1.6708213790963415,24218.0,65,8,growth_rate_summary_gene_knockout_TU_ID_rest_list_rerun12_seed11_all.csv,11,TU00039[c],KO,TU00039[c],0.70166632850496,0.70166632850496,378.9672613163748,0,1,1,,False,True,gene_knockout_TU_ID_rest_list_rerun2|v101|s11|KO: TU00039[c]
gene_knockout_TU_ID_rest_list_rerun2,102,KO: TU00046[c],0.0002105416293504,0.0002366249318755,8.401085413063254e-05,0.0002978837308709,379.18881874632905,730.9633685807735,730.9633685807735,1.927702855262132,22991.0,62,8,growth_rate_summary_gene_knockout_TU_ID_rest_list_rerun12_seed11_all.csv,11,TU00046[c],KO,TU00046[c],0.75794986566144,0.75794986566144,379.18881874632905,0,1,1,,False,True,gene_knockout_TU_ID_rest_list_rerun2|v102|s11|KO: TU00046[c]
gene_knockout_TU_ID_rest_list_rerun2,103,KO: TU00047[c],0.0002002104569643,0.0002264615085871,8.003621817119735e-05,0.0003177368560749,379.75996612534857,693.2342962190833,715.622444287329,1.825453860479504,23414.0,62,8,growth_rate_summary_gene_knockout_TU_ID_rest_list_rerun12_seed11_all.csv,11,TU00047[c],KO,TU00047[c],0.7207576450714801,0.7207576450714801,379.75996612534857,0,1,1,,False,True,gene_knockout_TU_ID_rest_list_rerun2|v103|s11|KO: TU00047[c]
gene_knockout_TU_ID_rest_list_rerun2,104,KO: TU00054[c],0.0,0.0,0.0,0.0,379.4632573178861,379.4632573178861,379.4632573178861,1.0,0.0,1,8,growth_rate_summary_gene_knockout_TU_ID_rest_list_rerun12_seed11_all.csv,11,TU00054[c],KO,TU00054[c],0.0,0.0,379.4632573178861,0,1,1,,False,True,gene_knockout_TU_ID_rest_list_rerun2|v104|s11|KO: TU00054[c]
gene_knockout_TU_ID_rest_list_rerun2,105,KO: TU00056[c],0.0,0.0,0.0,0.0,379.53077662582086,379.53077662582086,379.53077662582086,1.0,0.0,1,8,growth_rate_summary_gene_knockout_TU_ID_rest_list_rerun12_seed11_all.csv,11,TU00056[c],KO,TU00056[c],0.0,0.0,379.53077662582086,0,1,1,,False,True,gene_knockout_TU_ID_rest_list_rerun2|v105|s11|KO: TU00056[c]
gene_knockout_TU_ID_rest_list_rerun2,106,KO: TU00057[c],0.0,0.0,0.0,0.0,379.4910745649711,379.4910745649711,379.4910745649711,1.0,0.0,1,8,growth_rate_summary_gene_knockout_TU_ID_rest_list_rerun12_seed11_all.csv,11,TU00057[c],KO,TU00057[c],0.0,0.0,379.4910745649711,0,1,1,,False,True,gene_knockout_TU_ID_rest_list_rerun2|v106|s11|KO: TU00057[c]
gene_knockout_TU_ID_rest_list_rerun2,107,KO: TU00058[c],0.0,0.0,0.0,0.0,379.5992871187559,379.5992871187559,379.5992871187559,1.0,0.0,1,8,growth_rate_summary_gene_knockout_TU_ID_rest_list_rerun12_seed11_all.csv,11,TU00058[c],KO,TU00058[c],0.0,0.0,379.5992871187559,0,1,1,,False,True,gene_knockout_TU_ID_rest_list_rerun2|v107|s11|KO: TU00058[c]
gene_knockout_TU_ID_rest_list_rerun2,108,KO: TU00060[c],1.616668996275572e-05,3.2763386517410374e-06,3.7754498694881056e-05,0.0001411140933031,379.75251427591695,247.4241227000248,475.5578447863943,0.6515404464715505,13334.0,35,8,growth_rate_summary_gene_knockout_TU_ID_rest_list_rerun12_seed11_all.csv,11,TU00060[c],KO,TU00060[c],0.058200083865920585,0.058200083865920585,379.75251427591695,0,1,1,,False,True,gene_knockout_TU_ID_rest_list_rerun2|v108|s11|KO: TU00060[c]
gene_knockout_TU_ID_rest_list_rerun2,109,KO: TU00061[c],8.855615359967479e-05,9.957743082477872e-05,4.544831953532929e-05,0.0001374493501029,379.1484972783869,287.9269549734855,512.1054189154645,0.7594041834275749,3735.0,11,8,growth_rate_summary_gene_knockout_TU_ID_rest_list_rerun12_seed11_all.csv,11,TU00061[c],KO,TU00061[c],0.31880215295882924,0.31880215295882924,379.1484972783869,0,1,1,,False,True,gene_knockout_TU_ID_rest_list_rerun2|v109|s11|KO: TU00061[c]
gene_knockout_TU_ID_rest_list_rerun2,110,KO: TU00067[c],4.17945043028543e-05,3.5171362633583405e-05,1.9428844071192763e-05,9.784791718674924e-05,379.7446234757857,252.80560456820683,462.19647548908006,0.6657253031110443,20661.0,54,8,growth_rate_summary_gene_knockout_TU_ID_rest_list_rerun12_seed11_all.csv,11,TU00067[c],KO,TU00067[c],0.15046021549027547,0.15046021549027547,379.7446234757857,0,1,1,,False,True,gene_knockout_TU_ID_rest_list_rerun2|v110|s11|KO: TU00067[c]
gene_knockout_TU_ID_rest_list_rerun2,111,KO: TU00078[c],0.0001945568541545,0.0002176227643043,7.57352928334726e-05,0.0002729008427631,379.56630136067633,679.7294116637274,680.164346288442,1.7908054777966875,24594.0,67,8,growth_rate_summary_gene_knockout_TU_ID_rest_list_rerun12_seed11_all.csv,11,TU00078[c],KO,TU00078[c],0.7004046749562001,0.7004046749562001,379.56630136067633,0,1,1,,False,True,gene_knockout_TU_ID_rest_list_rerun2|v111|s11|KO: TU00078[c]
gene_knockout_TU_ID_rest_list_rerun2,112,KO: TU00082[c],0.0,0.0,0.0,0.0,379.7392871770306,379.7392871770306,379.7392871770306,1.0,0.0,1,8,growth_rate_summary_gene_knockout_TU_ID_rest_list_rerun12_seed11_all.csv,11,TU00082[c],KO,TU00082[c],0.0,0.0,379.7392871770306,0,1,1,,False,True,gene_knockout_TU_ID_rest_list_rerun2|v112|s11|KO: TU00082[c]
gene_knockout_TU_ID_rest_list_rerun2,113,KO: TU00090[c],4.838866150043068e-05,4.869190832002314e-05,2.0920691893796427e-05,0.0001092582115095,379.7005567065892,219.63992149151304,461.1205490419157,0.5784556214418147,15046.0,40,8,growth_rate_summary_gene_knockout_TU_ID_rest_list_rerun12_seed11_all.csv,11,TU00090[c],KO,TU00090[c],0.17419918140155044,0.17419918140155044,379.7005567065892,0,1,1,,False,True,gene_knockout_TU_ID_rest_list_rerun2|v113|s11|KO: TU00090[c]
gene_knockout_TU_ID_rest_list_rerun2,114,KO: TU00094[c],0.0,0.0,0.0,0.0,380.0486859976404,380.0486859976404,380.0486859976404,1.0,0.0,1,8,growth_rate_summary_gene_knockout_TU_ID_rest_list_rerun12_seed11_all.csv,11,TU00094[c],KO,TU00094[c],0.0,0.0,380.0486859976404,0,1,1,,False,True,gene_knockout_TU_ID_rest_list_rerun2|v114|s11|KO: TU00094[c]
gene_knockout_TU_ID_rest_list_rerun2,115,KO: TU00101[c],0.0001829930706011,0.0001951766945084,7.335062328309341e-05,0.0003719653170764,380.2403091991668,593.28450110258,723.8654016670112,1.5602882880884217,25715.0,70,8,growth_rate_summary_gene_knockout_TU_ID_rest_list_rerun12_seed11_all.csv,11,TU00101[c],KO,TU00101[c],0.65877505416396,0.65877505416396,380.2403091991668,0,1,1,,False,True,gene_knockout_TU_ID_rest_list_rerun2|v115|s11|KO: TU00101[c]
gene_knockout_TU_ID_rest_list_rerun2,116,KO: TU00106[c],0.0002026709921071,0.0002303726778709,7.945709788360883e-05,0.000275262483294,379.76086700397207,632.6051475854877,708.4223461858105,1.6657986710854833,22762.0,62,8,growth_rate_summary_gene_knockout_TU_ID_rest_list_rerun12_seed11_all.csv,11,TU00106[c],KO,TU00106[c],0.72961557158556,0.72961557158556,379.76086700397207,0,1,1,,False,True,gene_knockout_TU_ID_rest_list_rerun2|v116|s11|KO: TU00106[c]
gene_knockout_TU_ID_rest_list_rerun2,117,KO: TU00109[c],0.000209144012274,0.0002359875203757,8.267135031942154e-05,0.0002741965305834,381.18677606347626,639.0655790237422,735.6430929496255,1.6765156064000586,22349.0,61,8,growth_rate_summary_gene_knockout_TU_ID_rest_list_rerun12_seed11_all.csv,11,TU00109[c],KO,TU00109[c],0.7529184441864,0.7529184441864,381.18677606347626,0,1,1,,False,True,gene_knockout_TU_ID_rest_list_rerun2|v117|s11|KO: TU00109[c]
gene_knockout_TU_ID_rest_list_rerun2,118,KO: TU00111[c],0.0002075684214888,0.000232570327754,8.507679412300326e-05,0.0003286328916517,379.63568361923376,623.2080399324905,732.8163546568578,1.6415949996880548,22260.0,60,8,growth_rate_summary_gene_knockout_TU_ID_rest_list_rerun12_seed11_all.csv,11,TU00111[c],KO,TU00111[c],0.74724631735968,0.74724631735968,379.63568361923376,0,1,1,,False,True,gene_knockout_TU_ID_rest_list_rerun2|v118|s11|KO: TU00111[c]
gene_knockout_TU_ID_rest_list_rerun2,119,KO: TU00112[c],0.0001062470617841,0.0001130084747615,5.933099781381782e-05,0.0002304293403461,379.7296805645542,341.9688638335681,610.8661260336378,0.900558690395636,40335.0,106,8,growth_rate_summary_gene_knockout_TU_ID_rest_list_rerun12_seed11_all.csv,11,TU00112[c],KO,TU00112[c],0.38248942242276,0.38248942242276,379.7296805645542,0,1,1,,False,True,gene_knockout_TU_ID_rest_list_rerun2|v119|s11|KO: TU00112[c]
gene_knockout_TU_ID_rest_list_rerun2,120,KO: TU00115[c],0.0001862633800806,0.0002074908967537,6.963745008994976e-05,0.0002558952159182,379.5047889936038,621.4344887453183,678.4445741301251,1.637487870425245,25163.0,68,8,growth_rate_summary_gene_knockout_TU_ID_rest_list_rerun12_seed11_all.csv,11,TU00115[c],KO,TU00115[c],0.6705481682901601,0.6705481682901601,379.5047889936038,0,1,1,,False,True,gene_knockout_TU_ID_rest_list_rerun2|v120|s11|KO: TU00115[c]
gene_knockout_TU_ID_rest_list_rerun2,121,KO: TU00116[c],0.0001839090651713,0.0001978277667384,7.831872953132298e-05,0.0003076781905384,379.2731136987538,515.1992599881592,719.1542332116744,1.3583859266053004,24245.0,64,8,growth_rate_summary_gene_knockout_TU_ID_rest_list_rerun12_seed11_all.csv,11,TU00116[c],KO,TU00116[c],0.66207263461668,0.66207263461668,379.2731136987538,0,1,1,,False,True,gene_knockout_TU_ID_rest_list_rerun2|v121|s11|KO: TU00116[c]
gene_knockout_TU_ID_rest_list_rerun2,122,KO: TU00117[c],0.0002136456348062,0.0002399429087756,9.381968940564846e-05,0.0005400334803562,379.16760395976746,644.10234179951,708.6841258973659,1.69872725167695,22211.0,60,8,growth_rate_summary_gene_knockout_TU_ID_rest_list_rerun12_seed11_all.csv,11,TU00117[c],KO,TU00117[c],0.76912428530232,0.76912428530232,379.16760395976746,0,1,1,,False,True,gene_knockout_TU_ID_rest_list_rerun2|v122|s11|KO: TU00117[c]
gene_knockout_TU_ID_rest_list_rerun2,123,KO: TU00128[c],0.0002121991550298,0.00024108080739,8.48633723218322e-05,0.0002727954391176,379.1101532331603,672.3943474733308,726.9743975330891,1.7736120801275266,21989.0,59,8,growth_rate_summary_gene_knockout_TU_ID_rest_list_rerun12_seed11_all.csv,11,TU00128[c],KO,TU00128[c],0.76391695810728,0.76391695810728,379.1101532331603,0,1,1,,False,True,gene_knockout_TU_ID_rest_list_rerun2|v123|s11|KO: TU00128[c]
gene_knockout_TU_ID_rest_list_rerun2,124,KO: TU00144[c],0.0001859416793257,0.0002012212147601,7.609532453988982e-05,0.0002927037336311,379.502012051434,581.0737831605347,724.6383004977565,1.5311480959468051,24796.0,66,8,growth_rate_summary_gene_knockout_TU_ID_rest_list_rerun12_seed11_all.csv,11,TU00144[c],KO,TU00144[c],0.66939004557252,0.66939004557252,379.502012051434,0,1,1,,False,True,gene_knockout_TU_ID_rest_list_rerun2|v124|s11|KO: TU00144[c]
gene_knockout_TU_ID_rest_list_rerun2,125,KO: TU00146[c],0.0002037071913492,0.0002306928533094,7.922443323324488e-05,0.0002728696462772,379.5538470193003,641.4026940053443,715.9310448044923,1.689885899042749,23030.0,63,8,growth_rate_summary_gene_knockout_TU_ID_rest_list_rerun12_seed11_all.csv,11,TU00146[c],KO,TU00146[c],0.7333458888571199,0.7333458888571199,379.5538470193003,0,1,1,,False,True,gene_knockout_TU_ID_rest_list_rerun2|v125|s11|KO: TU00146[c]
gene_knockout_TU_ID_rest_list_rerun2,126,KO: TU00147[c],0.0001951166567258,0.0002192425583222,7.637290142210124e-05,0.0002894964312657,379.6977361976381,642.240984179462,714.273675952508,1.6914532875833803,23897.0,64,8,growth_rate_summary_gene_knockout_TU_ID_rest_list_rerun12_seed11_all.csv,11,TU00147[c],KO,TU00147[c],0.70241996421288,0.70241996421288,379.6977361976381,0,1,1,,False,True,gene_knockout_TU_ID_rest_list_rerun2|v126|s11|KO: TU00147[c]
gene_knockout_TU_ID_rest_list_rerun2,127,KO: TU00157[c],0.0002088153259924,0.0002530581679813,9.10113449439226e-05,0.000299920906164,379.88198551195455,552.1489290427069,756.6481868781664,1.4534748951008925,21301.0,58,8,growth_rate_summary_gene_knockout_TU_ID_rest_list_rerun12_seed11_all.csv,11,TU00157[c],KO,TU00157[c],0.7517351735726401,0.7517351735726401,379.88198551195455,0,1,1,,False,True,gene_knockout_TU_ID_rest_list_rerun2|v127|s11|KO: TU00157[c]
gene_knockout_TU_ID_rest_list_rerun2,128,KO: TU00169[c],0.00020166972941,0.0002307309148817,8.027911223453687e-05,0.0002805528325515,379.7365318129897,729.6149354644858,729.6149354644858,1.9213714624217455,23814.0,63,8,growth_rate_summary_gene_knockout_TU_ID_rest_list_rerun12_seed11_all.csv,11,TU00169[c],KO,TU00169[c],0.726011025876,0.726011025876,379.7365318129897,0,1,1,,False,True,gene_knockout_TU_ID_rest_list_rerun2|v128|s11|KO: TU00169[c]
gene_knockout_TU_ID_rest_list_rerun2,129,KO: TU00178[c],4.734225542965516e-05,3.968165862278891e-05,2.18115018651149e-05,0.0001025611692805,379.763252207948,261.9075039478121,468.1025024967753,0.6896599458348821,20413.0,53,8,growth_rate_summary_gene_knockout_TU_ID_rest_list_rerun12_seed11_all.csv,11,TU00178[c],KO,TU00178[c],0.17043211954675858,0.17043211954675858,379.763252207948,0,1,1,,False,True,gene_knockout_TU_ID_rest_list_rerun2|v129|s11|KO: TU00178[c]
gene_knockout_TU_ID_rest_list_rerun2,130,KO: TU00184[c],0.0001996493513835,0.0002208115732581,8.086525526496554e-05,0.0002760122795336,379.4905221959309,589.4732852840243,751.631874000692,1.5533280828017078,22969.0,62,8,growth_rate_summary_gene_knockout_TU_ID_rest_list_rerun12_seed11_all.csv,11,TU00184[c],KO,TU00184[c],0.7187376649806,0.7187376649806,379.4905221959309,0,1,1,,False,True,gene_knockout_TU_ID_rest_list_rerun2|v130|s11|KO: TU00184[c]
gene_knockout_TU_ID_rest_list_rerun2,131,KO: TU00192[c],4.130169762943336e-05,3.666375171158626e-05,1.9542297553938324e-05,9.536836539954086e-05,379.8220915762572,218.00026374431675,458.9257387961186,0.5739536182311519,17489.0,46,8,growth_rate_summary_gene_knockout_TU_ID_rest_list_rerun12_seed11_all.csv,11,TU00192[c],KO,TU00192[c],0.14868611146596009,0.14868611146596009,379.8220915762572,0,1,1,,False,True,gene_knockout_TU_ID_rest_list_rerun2|v131|s11|KO: TU00192[c]
gene_knockout_TU_ID_rest_list_rerun2,132,KO: TU00205[c],2.0015322591592935e-05,6.732758312829626e-06,3.778725232871058e-05,0.0001359342278601,379.6636293007013,490.1486830597439,490.1486830597439,1.2910077374610365,10800.0,28,8,growth_rate_summary_gene_knockout_TU_ID_rest_list_rerun12_seed11_all.csv,11,TU00205[c],KO,TU00205[c],0.07205516132973457,0.07205516132973457,379.6636293007013,0,1,1,,False,True,gene_knockout_TU_ID_rest_list_rerun2|v132|s11|KO: TU00205[c]
gene_knockout_TU_ID_rest_list_rerun2,133,KO: TU00214[c],0.0001865592845705,0.0002072108044674,7.033201918193179e-05,0.0002594020822912,379.62886381322335,622.240688603549,679.3784218069229,1.6390763398583152,25300.0,69,8,growth_rate_summary_gene_knockout_TU_ID_rest_list_rerun12_seed11_all.csv,11,TU00214[c],KO,TU00214[c],0.6716134244538,0.6716134244538,379.62886381322335,0,1,1,,False,True,gene_knockout_TU_ID_rest_list_rerun2|v133|s11|KO: TU00214[c]
gene_knockout_TU_ID_rest_list_rerun2,134,KO: TU00218[c],0.0002034724055252,0.0002310222835205,7.953139868999806e-05,0.0002786634641819,379.5974582706599,614.7628273287175,705.8504673757354,1.6195124965520198,22848.0,63,8,growth_rate_summary_gene_knockout_TU_ID_rest_list_rerun12_seed11_all.csv,11,TU00218[c],KO,TU00218[c],0.73250065989072,0.73250065989072,379.5974582706599,0,1,1,,False,True,gene_knockout_TU_ID_rest_list_rerun2|v134|s11|KO: TU00218[c]
gene_knockout_TU_ID_rest_list_rerun2,135,KO: TU00219[c],0.000191480989901,0.0002189534624935,7.689821193894232e-05,0.0002849557561233,380.0450314534447,551.5307845220018,694.0255667167332,1.4512248256811218,23388.0,63,8,growth_rate_summary_gene_knockout_TU_ID_rest_list_rerun12_seed11_all.csv,11,TU00219[c],KO,TU00219[c],0.6893315636436,0.6893315636436,380.0450314534447,0,1,1,,False,True,gene_knockout_TU_ID_rest_list_rerun2|v135|s11|KO: TU00219[c]
gene_knockout_TU_ID_rest_list_rerun2,136,KO: TU00238[c],0.0002127353389574,0.000239122947942,8.779894800845055e-05,0.0003362716609535,379.0688330928185,690.6054388815553,730.1262638951882,1.821847059403204,22041.0,59,8,growth_rate_summary_gene_knockout_TU_ID_rest_list_rerun12_seed11_all.csv,11,TU00238[c],KO,TU00238[c],0.76584722024664,0.76584722024664,379.0688330928185,0,1,1,,False,True,gene_knockout_TU_ID_rest_list_rerun2|v136|s11|KO: TU00238[c]
gene_knockout_TU_ID_rest_list_rerun2,137,KO: TU00254[c],0.0001907653275561,0.0002116736759091,7.448799004293535e-05,0.0002547186970692,379.8898530450493,586.9792218769326,684.6432604883084,1.5451300348559862,24038.0,64,8,growth_rate_summary_gene_knockout_TU_ID_rest_list_rerun12_seed11_all.csv,11,TU00254[c],KO,TU00254[c],0.6867551792019599,0.6867551792019599,379.8898530450493,0,1,1,,False,True,gene_knockout_TU_ID_rest_list_rerun2|v137|s11|KO: TU00254[c]
gene_knockout_TU_ID_rest_list_rerun2,138,KO: TU00256[c],4.275749207549695e-05,3.573714760291765e-05,1.9546082543626535e-05,9.349544252360305e-05,380.2507247718808,255.51599254035384,463.3276810724117,0.6719671414003024,20458.0,53,8,growth_rate_summary_gene_knockout_TU_ID_rest_list_rerun12_seed11_all.csv,11,TU00256[c],KO,TU00256[c],0.15392697147178902,0.15392697147178902,380.2507247718808,0,1,1,,False,True,gene_knockout_TU_ID_rest_list_rerun2|v138|s11|KO: TU00256[c]
gene_knockout_TU_ID_rest_list_rerun2,139,KO: TU00258[c],0.0001859401045907,0.0002024117110491,7.74984552582593e-05,0.0002894705566247,379.4925273954146,579.4187258816232,693.5185230218665,1.5268251258025278,24448.0,64,8,growth_rate_summary_gene_knockout_TU_ID_rest_list_rerun12_seed11_all.csv,11,TU00258[c],KO,TU00258[c],0.66938437652652,0.66938437652652,379.4925273954146,0,1,1,,False,True,gene_knockout_TU_ID_rest_list_rerun2|v139|s11|KO: TU00258[c]
gene_knockout_TU_ID_rest_list_rerun2,140,KO: TU00270[c],0.0001995871708333,0.0002277051940372,8.062455438110568e-05,0.0003007891158864,379.5948177399231,649.8346367748902,723.944484063222,1.7119165130966572,23522.0,63,8,growth_rate_summary_gene_knockout_TU_ID_rest_list_rerun12_seed11_all.csv,11,TU00270[c],KO,TU00270[c],0.71851381499988,0.71851381499988,379.5948177399231,0,1,1,,False,True,gene_knockout_TU_ID_rest_list_rerun2|v140|s11|KO: TU00270[c]
gene_knockout_TU_ID_rest_list_rerun2,141,KO: TU00280[c],0.0001830121725058,0.0002055367896924,7.516298804835842e-05,0.0002738706239876,379.4371311084284,650.0882664613366,708.2190961411568,1.71329638868571,26242.0,70,8,growth_rate_summary_gene_knockout_TU_ID_rest_list_rerun12_seed11_all.csv,11,TU00280[c],KO,TU00280[c],0.65884382102088,0.65884382102088,379.4371311084284,0,1,1,,False,True,gene_knockout_TU_ID_rest_list_rerun2|v141|s11|KO: TU00280[c]
gene_knockout_TU_ID_rest_list_rerun2,142,KO: TU00281[c],0.0002970558655175,9.50795317950589e-05,0.0003802980777592,0.0012622277550236,380.0867066840237,3449.0530258061617,3449.0530258061617,9.074384778927437,11416.0,31,8,growth_rate_summary_gene_knockout_TU_ID_rest_list_rerun12_seed11_all.csv,11,TU00281[c],KO,TU00281[c],1.0694011158630001,1.0694011158630001,380.0867066840237,0,1,1,,False,True,gene_knockout_TU_ID_rest_list_rerun2|v142|s11|KO: TU00281[c]
gene_knockout_TU_ID_rest_list_rerun2,143,KO: TU00313[c],0.0001980048705507,0.0002235009700722,7.745763670730941e-05,0.0002681747470987,379.7694975973629,646.5312783190129,692.8104975584465,1.7024307702681132,23761.0,64,8,growth_rate_summary_gene_knockout_TU_ID_rest_list_rerun12_seed11_all.csv,11,TU00313[c],KO,TU00313[c],0.71281753398252,0.71281753398252,379.7694975973629,0,1,1,,False,True,gene_knockout_TU_ID_rest_list_rerun2|v143|s11|KO: TU00313[c]
gene_knockout_TU_ID_rest_list_rerun2,144,KO: TU00321[c],0.0002115006477515,0.0002188243527812,9.883705556470616e-05,0.0005942104800437,379.5606885029256,681.6932825148931,754.1873742063544,1.7960060226564762,23008.0,61,8,growth_rate_summary_gene_knockout_TU_ID_rest_list_rerun12_seed11_all.csv,11,TU00321[c],KO,TU00321[c],0.7614023319054,0.7614023319054,379.5606885029256,0,1,1,,False,True,gene_knockout_TU_ID_rest_list_rerun2|v144|s11|KO: TU00321[c]
gene_knockout_TU_ID_rest_list_rerun2,145,KO: TU00368[c],0.0002018450517974,0.0002247076185598,8.171674016917655e-05,0.0003522292656428,379.8271827035808,656.5449778522805,725.9075677219225,1.7285360494186952,22986.0,61,8,growth_rate_summary_gene_knockout_TU_ID_rest_list_rerun12_seed11_all.csv,11,TU00368[c],KO,TU00368[c],0.72664218647064,0.72664218647064,379.8271827035808,0,1,1,,False,True,gene_knockout_TU_ID_rest_list_rerun2|v145|s11|KO: TU00368[c]
gene_knockout_TU_ID_rest_list_rerun2,146,KO: TU00444[c],0.0001910306332768,0.0002050457918026,7.575212610128512e-05,0.0003119976347421,380.0450324265138,590.7746518760846,742.9522536726158,1.554485920008224,24207.0,65,8,growth_rate_summary_gene_knockout_TU_ID_rest_list_rerun12_seed11_all.csv,11,TU00444[c],KO,TU00444[c],0.68771027979648,0.68771027979648,380.0450324265138,0,1,1,,False,True,gene_knockout_TU_ID_rest_list_rerun2|v146|s11|KO: TU00444[c]
gene_knockout_TU_ID_rest_list_rerun2,147,KO: TU00455[c],0.0001977683649737,0.0002098332926251,8.854112157701677e-05,0.0005634290908118,379.2386689548656,603.6320938435788,700.1185144977001,1.5916944743718078,23927.0,65,8,growth_rate_summary_gene_knockout_TU_ID_rest_list_rerun12_seed11_all.csv,11,TU00455[c],KO,TU00455[c],0.7119661139053199,0.7119661139053199,379.2386689548656,0,1,1,,False,True,gene_knockout_TU_ID_rest_list_rerun2|v147|s11|KO: TU00455[c]
gene_knockout_TU_ID_rest_list_rerun2,148,KO: TU00467[c],0.0002142978868425,0.0002455240570084,8.664955170294474e-05,0.0002964043562891,379.11282222205466,644.6806417982448,708.2978637265696,1.7004981209014378,21954.0,59,8,growth_rate_summary_gene_knockout_TU_ID_rest_list_rerun12_seed11_all.csv,11,TU00467[c],KO,TU00467[c],0.771472392633,0.771472392633,379.11282222205466,0,1,1,,False,True,gene_knockout_TU_ID_rest_list_rerun2|v148|s11|KO: TU00467[c]
gene_knockout_TU_ID_rest_list_rerun2,149,KO: TU00484[c],1.969906795399633e-05,4.709073147562745e-06,4.246311728202375e-05,0.0001485574191481,380.19697832770737,253.2924756930224,482.7008498918744,0.6662138052941053,13333.0,35,8,growth_rate_summary_gene_knockout_TU_ID_rest_list_rerun12_seed11_all.csv,11,TU00484[c],KO,TU00484[c],0.0709166446343868,0.0709166446343868,380.19697832770737,0,1,1,,False,True,gene_knockout_TU_ID_rest_list_rerun2|v149|s11|KO: TU00484[c]
gene_knockout_TU_ID_rest_list_rerun2,150,KO: TU102[c],0.000202390834977,0.0002229348232313,8.075928055724657e-05,0.0003082070634381,379.5855471652993,618.719674131187,730.7932549467876,1.629987439594878,23044.0,62,8,growth_rate_summary_gene_knockout_TU_ID_rest_list_rerun12_seed11_all.csv,11,TU102[c],KO,TU102[c],0.7286070059172,0.7286070059172,379.5855471652993,0,1,1,,False,True,gene_knockout_TU_ID_rest_list_rerun2|v150|s11|KO: TU102[c]
gene_knockout_TU_ID_rest_list_rerun2,151,KO: TU164[c],0.0001830801139566,0.0002012578778047,7.327241970567526e-05,0.0002581096204462,380.1114154722568,555.1393488591912,702.4269738033524,1.4604648170575902,24842.0,66,8,growth_rate_summary_gene_knockout_TU_ID_rest_list_rerun12_seed11_all.csv,11,TU164[c],KO,TU164[c],0.65908841024376,0.65908841024376,380.1114154722568,0,1,1,,False,True,gene_knockout_TU_ID_rest_list_rerun2|v151|s11|KO: TU164[c]
gene_knockout_TU_ID_rest_list_rerun2,152,KO: TU21[c],0.0002136328184906,0.000240637349358,8.672359727344163e-05,0.0003167016813589,379.3732353566729,661.7368625074703,763.0782439473865,1.7442897938894644,22034.0,61,8,growth_rate_summary_gene_knockout_TU_ID_rest_list_rerun12_seed11_all.csv,11,TU21[c],KO,TU21[c],0.76907814656616,0.76907814656616,379.3732353566729,0,1,1,,False,True,gene_knockout_TU_ID_rest_list_rerun2|v152|s11|KO: TU21[c]
gene_knockout_TU_ID_rest_list_rerun2,153,KO: TU344[c],0.0002125127104229,0.0002303384623356,8.960353385369545e-05,0.0003552345692864,379.667046444056,672.0069344418209,777.8689678206213,1.7699901551525388,22233.0,60,8,growth_rate_summary_gene_knockout_TU_ID_rest_list_rerun12_seed11_all.csv,11,TU344[c],KO,TU344[c],0.76504575752244,0.76504575752244,379.667046444056,0,1,1,,False,True,gene_knockout_TU_ID_rest_list_rerun2|v153|s11|KO: TU344[c]
gene_knockout_TU_ID_rest_list_rerun2,154,KO: TU524[c],0.0001932149247797,0.0002150431912005,7.892147096261655e-05,0.0002955272300528,379.0921485404784,532.5345322450994,721.4554501029918,1.404762758330345,23669.0,64,8,growth_rate_summary_gene_knockout_TU_ID_rest_list_rerun12_seed11_all.csv,11,TU524[c],KO,TU524[c],0.6955737292069201,0.6955737292069201,379.0921485404784,0,1,1,,False,True,gene_knockout_TU_ID_rest_list_rerun2|v154|s11|KO: TU524[c]
gene_knockout_TU_ID_rest_list_rerun2,155,KO: TU582[c],0.0001979792035253,0.00022409386714,7.900023585549907e-05,0.0002838304106671,379.4132911333893,659.8306688931395,753.1047480155694,1.7390815881069508,23348.0,63,8,growth_rate_summary_gene_knockout_TU_ID_rest_list_rerun12_seed11_all.csv,11,TU582[c],KO,TU582[c],0.7127251326910801,0.7127251326910801,379.4132911333893,0,1,1,,False,True,gene_knockout_TU_ID_rest_list_rerun2|v155|s11|KO: TU582[c]
gene_knockout_TU_ID_rest_list_rerun2,156,KO: TU5[c],0.0001944863101991,0.0002117279278434,7.955801951187906e-05,0.0002995261586494,379.8750707189365,566.3192073324728,725.939664104706,1.4908038220583402,22983.0,62,8,growth_rate_summary_gene_knockout_TU_ID_rest_list_rerun12_seed11_all.csv,11,TU5[c],KO,TU5[c],0.70015071671676,0.70015071671676,379.8750707189365,0,1,1,,False,True,gene_knockout_TU_ID_rest_list_rerun2|v156|s11|KO: TU5[c]
gene_knockout_TU_ID_rest_list_rerun2,157,KO: TU67[c],0.0002110809760614,0.0002313788144819,9.140621231229302e-05,0.000562718050955,380.04276662385473,644.5808065389176,710.1522480120764,1.696074397797677,23008.0,64,8,growth_rate_summary_gene_knockout_TU_ID_rest_list_rerun12_seed11_all.csv,11,TU67[c],KO,TU67[c],0.7598915138210399,0.7598915138210399,380.04276662385473,0,1,1,,False,True,gene_knockout_TU_ID_rest_list_rerun2|v157|s11|KO: TU67[c]
gene_knockout_TU_ID_rest_list_rerun2,158,KO: TU862[c],0.0001987969285781,0.0002210914828446,7.779046791303305e-05,0.0002798176504361,379.16526198167605,641.7910513142374,696.0634264752853,1.6926420103992894,23733.0,65,8,growth_rate_summary_gene_knockout_TU_ID_rest_list_rerun12_seed11_all.csv,11,TU862[c],KO,TU862[c],0.71566894288116,0.71566894288116,379.16526198167605,0,1,1,,False,True,gene_knockout_TU_ID_rest_list_rerun2|v158|s11|KO: TU862[c]
gene_knockout_TU_ID_rest_list_rerun2,159,KO: TU872[c],0.0002070572502845,0.000228723069473,9.268732009668916e-05,0.0005428743039095,379.6037158932896,658.3713710084135,712.7799693265629,1.7343649270111154,23258.0,63,8,growth_rate_summary_gene_knockout_TU_ID_rest_list_rerun12_seed11_all.csv,11,TU872[c],KO,TU872[c],0.7454061010241999,0.7454061010241999,379.6037158932896,0,1,1,,False,True,gene_knockout_TU_ID_rest_list_rerun2|v159|s11|KO: TU872[c]
gene_knockout_3_round_test,0,baseline,0.0002259111238053,0.0002487870116662,9.937120004132036e-05,0.0005817048448913,266.47876033764305,702.3194222760781,812.9487418103738,2.635554974010691,22368.0,60,8,growth_rate_summary_gene_knockout_102trails_seed100_all.csv,100,,baseline,,0.81328004569908,0.81328004569908,266.47876033764305,0,1,1,,False,True,gene_knockout_3_round_test|v0|s100|baseline
gene_knockout_3_round_test,1,KO: EG10109,0.0002015640347855,0.0002134522530692,7.998813705419702e-05,0.0002974969062744,266.52476171264425,580.4357658712975,776.1626871609976,2.177793020586578,24429.0,66,8,growth_rate_summary_gene_knockout_102trails_seed100_all.csv,100,EG10109,KO,EG10109,0.7256305252278,0.7256305252278,266.52476171264425,0,1,1,,False,True,gene_knockout_3_round_test|v1|s100|KO: EG10109
gene_knockout_3_round_test,2,KO: EG11288,0.000200982565353,0.0002276456344897,7.793072207948547e-05,0.0003180675843346,266.4501199919215,638.1313480664362,724.8777278587443,2.3949373642082943,25278.0,68,8,growth_rate_summary_gene_knockout_102trails_seed100_all.csv,100,EG11288,KO,EG11288,0.7235372352708,0.7235372352708,266.4501199919215,0,1,1,,False,True,gene_knockout_3_round_test|v2|s100|KO: EG11288
gene_knockout_3_round_test,3,KO: EG10539,0.0002109285705854,0.0002363458419258,7.979551424712969e-05,0.0002751637099469,266.78510126352444,710.6757729612596,710.6757729612596,2.663851053133847,24380.0,66,8,growth_rate_summary_gene_knockout_102trails_seed100_all.csv,100,EG10539,KO,EG10539,0.7593428541074401,0.7593428541074401,266.78510126352444,0,1,1,,False,True,gene_knockout_3_round_test|v3|s100|KO: EG10539
gene_knockout_3_round_test,4,KO: EG12087,0.0002055135565897,0.0002204672955733,8.250521865532255e-05,0.0003271697966639,266.7946285105213,669.0474895727991,861.3648516490887,2.507724736843473,24926.0,69,8,growth_rate_summary_gene_knockout_102trails_seed100_all.csv,100,EG12087,KO,EG12087,0.73984880372292,0.73984880372292,266.7946285105213,0,1,1,,False,True,gene_knockout_3_round_test|v4|s100|KO: EG12087
gene_knockout_3_round_test,5,KO: G6561,0.000222972424221,0.0002473705466143,9.17766986299279e-05,0.000313210072226,266.877237350588,602.8484128623852,841.6525031462511,2.2588978320037194,21974.0,59,8,growth_rate_summary_gene_knockout_102trails_seed100_all.csv,100,G6561,KO,G6561,0.8027007271956,0.8027007271956,266.877237350588,0,1,1,,False,True,gene_knockout_3_round_test|v5|s100|KO: G6561
gene_knockout_3_round_test,6,KO: EG11050,0.0001884833023133,0.0002005520545814,7.187755293373885e-05,0.0002839243045115,267.0901418536042,591.3225611392766,732.6569140262341,2.213943790794752,26623.0,71,8,growth_rate_summary_gene_knockout_102trails_seed100_all.csv,100,EG11050,KO,EG11050,0.67853988832788,0.67853988832788,267.0901418536042,0,1,1,,False,True,gene_knockout_3_round_test|v6|s100|KO: EG11050
gene_knockout_3_round_test,7,KO: EG10582,0.0002024167778043,0.0002270375215242,7.748648249070025e-05,0.0003033575516243,266.9471430831087,621.821633099639,685.686877696261,2.329381112372673,24723.0,67,8,growth_rate_summary_gene_knockout_102trails_seed100_all.csv,100,EG10582,KO,EG10582,0.72870040009548,0.72870040009548,266.9471430831087,0,1,1,,False,True,gene_knockout_3_round_test|v7|s100|KO: EG10582
gene_knockout_3_round_test,8,KO: EG20248,0.0001992726240527,0.0002260699905907,8.06740799086108e-05,0.0003176332749126,266.8997153313535,698.4595186431777,717.1183172088777,2.616936169362514,25842.0,70,8,growth_rate_summary_gene_knockout_102trails_seed100_all.csv,100,EG20248,KO,EG20248,0.7173814465897199,0.7173814465897199,266.8997153313535,0,1,1,,False,True,gene_knockout_3_round_test|v8|s100|KO: EG20248
gene_knockout_3_round_test,9,KO: EG12712,0.0001979171121046,0.0002184579395451,7.416798928343604e-05,0.0002778904898443,266.5947516613347,667.0204278947756,720.4154632020252,2.5020013475063325,25706.0,70,8,growth_rate_summary_gene_knockout_102trails_seed100_all.csv,100,EG12712,KO,EG12712,0.71250160357656,0.71250160357656,266.5947516613347,0,1,1,,False,True,gene_knockout_3_round_test|v9|s100|KO: EG12712
gene_knockout_3_round_test,10,KO: EG10420,1.839122006289465e-05,4.442315420266524e-06,3.8039812862685216e-05,0.000131407814503,266.75462862506186,337.2728563496926,337.2728563496926,1.2643561541484925,10800.0,28,8,growth_rate_summary_gene_knockout_102trails_seed100_all.csv,100,EG10420,KO,EG10420,0.06620839222642073,0.06620839222642073,266.75462862506186,0,1,1,,False,True,gene_knockout_3_round_test|v10|s100|KO: EG10420
gene_knockout_3_round_test,11,KO: EG10120,0.0001786196004193,0.0001934025917903,6.744701155134235e-05,0.0002813251589132,266.8750007957772,548.3511970408797,679.3840503853824,2.0547117392254317,28141.0,75,8,growth_rate_summary_gene_knockout_102trails_seed100_all.csv,100,EG10120,KO,EG10120,0.64303056150948,0.64303056150948,266.8750007957772,0,1,1,,False,True,gene_knockout_3_round_test|v11|s100|KO: EG10120
gene_knockout_3_round_test,12,KO: EG11029,0.0001831787024936,0.0002003464331391,6.788648410571875e-05,0.0002759853504549,266.7827164809746,577.6236376279605,695.6891262779498,2.165146397964477,27834.0,74,8,growth_rate_summary_gene_knockout_102trails_seed100_all.csv,100,EG11029,KO,EG11029,0.65944332897696,0.65944332897696,266.7827164809746,0,1,1,,False,True,gene_knockout_3_round_test|v12|s100|KO: EG11029
gene_knockout_3_round_test,13,KO: EG12293,0.000197253697494,0.0002217224943146,7.611313690600646e-05,0.0002791263807384,265.7512359359316,542.7025221518538,736.7903120162357,2.042144866196185,24671.0,67,8,growth_rate_summary_gene_knockout_102trails_seed100_all.csv,100,EG12293,KO,EG12293,0.7101133109784,0.7101133109784,265.7512359359316,0,1,1,,False,True,gene_knockout_3_round_test|v13|s100|KO: EG12293
gene_knockout_3_round_test,14,KO: EG10549,5.1625354368528704e-05,4.844911064463882e-05,2.089549886655665e-05,9.028617750855576e-05,266.9042893092842,318.9348378955575,378.9998814722426,1.1949408483502533,15571.0,40,8,growth_rate_summary_gene_knockout_102trails_seed100_all.csv,100,EG10549,KO,EG10549,0.18585127572670335,0.18585127572670335,266.9042893092842,0,1,1,,False,True,gene_knockout_3_round_test|v14|s100|KO: EG10549
gene_knockout_3_round_test,15,KO: EG10099,0.0002132947771907,0.0002376071809412,8.298116029536563e-05,0.000297625931536,266.49629237352303,665.3440058781423,741.2981635489186,2.496635131214477,23774.0,64,8,growth_rate_summary_gene_knockout_102trails_seed100_all.csv,100,EG10099,KO,EG10099,0.76786119788652,0.76786119788652,266.49629237352303,0,1,1,,False,True,gene_knockout_3_round_test|v15|s100|KO: EG10099
gene_knockout_3_round_test,16,KO: EG10105,0.0002132947771907,0.0002376071809412,8.298116029536563e-05,0.000297625931536,266.49629237352303,665.3440058781423,741.2981635489186,2.496635131214477,23774.0,64,8,growth_rate_summary_gene_knockout_102trails_seed100_all.csv,100,EG10105,KO,EG10105,0.76786119788652,0.76786119788652,266.49629237352303,0,1,1,,False,True,gene_knockout_3_round_test|v16|s100|KO: EG10105
gene_knockout_3_round_test,17,KO: G6842,0.000200289642352,0.0002231540268954,8.045355019950783e-05,0.00029810495498,266.8029710682204,535.0955273160903,746.9362595774819,2.0055830906743117,24027.0,65,8,growth_rate_summary_gene_knockout_102trails_seed100_all.csv,100,G6842,KO,G6842,0.7210427124672,0.7210427124672,266.8029710682204,0,1,1,,False,True,gene_knockout_3_round_test|v17|s100|KO: G6842
gene_knockout_3_round_test,18,KO: EG10182,0.0002023871824966,0.0002241888093927,8.015986911859059e-05,0.0002953626520403,266.44280632096184,569.5650451913914,774.1258385801948,2.1376634372529577,24238.0,66,8,growth_rate_summary_gene_knockout_102trails_seed100_all.csv,100,EG10182,KO,EG10182,0.72859385698776,0.72859385698776,266.44280632096184,0,1,1,,False,True,gene_knockout_3_round_test|v18|s100|KO: EG10182
gene_knockout_3_round_test,19,KO: EG12075,0.0002116846443537,0.0002367843421271,8.252150423025373e-05,0.0002907885210827,266.5643644522503,646.1296740444457,712.4709585692203,2.423916172636748,23701.0,64,8,growth_rate_summary_gene_knockout_102trails_seed100_all.csv,100,EG12075,KO,EG12075,0.76206471967332,0.76206471967332,266.5643644522503,0,1,1,,False,True,gene_knockout_3_round_test|v19|s100|KO: EG12075
gene_knockout_3_round_test,20,KO: EG11040,0.0001948053410794,0.0002159593325966,7.824605057436538e-05,0.0003065815824501,267.03138858702323,659.2897739771213,773.9090739918552,2.4689598382636,25717.0,70,8,growth_rate_summary_gene_knockout_102trails_seed100_all.csv,100,EG11040,KO,EG11040,0.70129922788584,0.70129922788584,267.03138858702323,0,1,1,,False,True,gene_knockout_3_round_test|v20|s100|KO: EG11040
gene_knockout_3_round_test,21,KO: G6701,0.0001960449684239,0.0002202795834332,7.737365241213571e-05,0.0002989632031159,266.7611515824384,557.2981963857401,706.8045947595899,2.089128019877796,25318.0,68,8,growth_rate_summary_gene_knockout_102trails_seed100_all.csv,100,G6701,KO,G6701,0.70576188632604,0.70576188632604,266.7611515824384,0,1,1,,False,True,gene_knockout_3_round_test|v21|s100|KO: G6701
gene_knockout_3_round_test,22,KO: G6237,0.000202582071486,0.0002254529287226,7.744677286965782e-05,0.0003250149535863,266.5505065331255,581.8911544516329,736.0020078774326,2.1830427637147207,24587.0,67,8,growth_rate_summary_gene_knockout_102trails_seed100_all.csv,100,G6237,KO,G6237,0.7292954573496,0.7292954573496,266.5505065331255,0,1,1,,False,True,gene_knockout_3_round_test|v22|s100|KO: G6237
gene_knockout_3_round_test,23,KO: G7836,0.0002182079996683,0.0002396762613165,8.469737877514228e-05,0.0002984224320687,267.15452777094026,767.9062427450351,821.6149209915698,2.8743897741588795,23919.0,65,8,growth_rate_summary_gene_knockout_102trails_seed100_all.csv,100,G7836,KO,G7836,0.78554879880588,0.78554879880588,267.15452777094026,0,1,1,,False,True,gene_knockout_3_round_test|v23|s100|KO: G7836
gene_knockout_3_round_test,24,KO: EG11736,0.0001980978388389,0.0002225142200976,7.381458188874027e-05,0.0002635575109671,266.9166195619598,628.3119007467888,698.610551598349,2.353963203107844,25643.0,69,8,growth_rate_summary_gene_knockout_102trails_seed100_all.csv,100,EG11736,KO,EG11736,0.7131522198200401,0.7131522198200401,266.9166195619598,0,1,1,,False,True,gene_knockout_3_round_test|v24|s100|KO: EG11736
gene_knockout_3_round_test,25,KO: EG12078,0.0002116846443537,0.0002367843421271,8.252150423025373e-05,0.0002907885210827,266.5643644522503,646.1296740444457,712.4709585692203,2.423916172636748,23701.0,64,8,growth_rate_summary_gene_knockout_102trails_seed100_all.csv,100,EG12078,KO,EG12078,0.76206471967332,0.76206471967332,266.5643644522503,0,1,1,,False,True,gene_knockout_3_round_test|v25|s100|KO: EG12078
gene_knockout_3_round_test,26,KO: EG11663,0.000217545132043,0.0002475643546743,8.437227334250224e-05,0.000279918838767,266.8242799340745,672.242362190239,742.0395181339284,2.5194197557895888,23125.0,63,8,growth_rate_summary_gene_knockout_102trails_seed100_all.csv,100,EG11663,KO,EG11663,0.7831624753548,0.7831624753548,266.8242799340745,0,1,1,,False,True,gene_knockout_3_round_test|v26|s100|KO: EG11663
gene_knockout_3_round_test,27,KO: EG10188,0.0002032041776566,0.0002210475812652,7.817013686998874e-05,0.0003045089397452,266.5938010004786,733.6264568433264,733.6264568433264,2.7518511461637827,25724.0,69,8,growth_rate_summary_gene_knockout_102trails_seed100_all.csv,100,EG10188,KO,EG10188,0.73153503956376,0.73153503956376,266.5938010004786,0,1,1,,False,True,gene_knockout_3_round_test|v27|s100|KO: EG10188
gene_knockout_3_round_test,28,KO: EG10808,9.095993004768784e-05,0.0001335485280837,6.260101704690122e-05,0.0001382429368069,266.91148185100747,333.7867926361023,333.7867926361023,1.250552394079567,2000.0,6,8,growth_rate_summary_gene_knockout_102trails_seed100_all.csv,100,EG10808,KO,EG10808,0.3274557481716762,0.3274557481716762,266.91148185100747,0,1,1,,False,True,gene_knockout_3_round_test|v28|s100|KO: EG10808
gene_knockout_3_round_test,29,KO: EG10052,0.0001958568220419,0.000212472787319,7.566601081517084e-05,0.0002919029195343,266.2986146890896,604.0492528669288,711.2165564386678,2.26831541565536,25520.0,67,8,growth_rate_summary_gene_knockout_102trails_seed100_all.csv,100,EG10052,KO,EG10052,0.70508455935084,0.70508455935084,266.2986146890896,0,1,1,,False,True,gene_knockout_3_round_test|v29|s100|KO: EG10052
gene_knockout_3_round_test,30,KO: EG10027,0.0002202446719985,0.000251217222422,8.763132007734309e-05,0.0002939740363397,266.784481837213,663.541170759127,728.7004246619272,2.487180536849994,22770.0,61,8,growth_rate_summary_gene_knockout_102trails_seed100_all.csv,100,EG10027,KO,EG10027,0.7928808191946001,0.7928808191946001,266.784481837213,0,1,1,,False,True,gene_knockout_3_round_test|v30|s100|KO: EG10027
gene_knockout_3_round_test,31,KO: EG12424,0.0001915516915102,0.0002122492511728,7.164367104609325e-05,0.0003167141695567,266.7829100206535,625.3305796700377,677.4814805076019,2.3439679086701117,26384.0,70,8,growth_rate_summary_gene_knockout_102trails_seed100_all.csv,100,EG12424,KO,EG12424,0.68958608943672,0.68958608943672,266.7829100206535,0,1,1,,False,True,gene_knockout_3_round_test|v31|s100|KO: EG12424
gene_knockout_3_round_test,32,KO: EG11112,0.000198630240739,0.0002184950185179,7.749162420153667e-05,0.0003017974594871,266.9035046663523,622.4016675037485,734.9473974459986,2.331935162416819,25435.0,68,8,growth_rate_summary_gene_knockout_102trails_seed100_all.csv,100,EG11112,KO,EG11112,0.7150688666604,0.7150688666604,266.9035046663523,0,1,1,,False,True,gene_knockout_3_round_test|v32|s100|KO: EG11112
gene_knockout_3_round_test,33,KO: G6397,0.0002061688119524,0.0002310605559127,8.049317050931102e-05,0.0003164022431121,266.8283645384721,653.2166771277305,741.4966719632339,2.4480781054052736,24274.0,65,8,growth_rate_summary_gene_knockout_102trails_seed100_all.csv,100,G6397,KO,G6397,0.74220772302864,0.74220772302864,266.8283645384721,0,1,1,,False,True,gene_knockout_3_round_test|v33|s100|KO: G6397
gene_knockout_3_round_test,34,KO: EG10073,4.973073796882134e-05,4.489716411829447e-05,2.0514302787592217e-05,9.324423399892353e-05,266.8353074696132,308.2689233881772,382.9880545676684,1.1552778615074484,15644.0,41,8,growth_rate_summary_gene_knockout_102trails_seed100_all.csv,100,EG10073,KO,EG10073,0.17903065668775683,0.17903065668775683,266.8353074696132,0,1,1,,False,True,gene_knockout_3_round_test|v34|s100|KO: EG10073
gene_knockout_3_round_test,35,KO: EG10137,0.0001904347147469,0.0002036849212388,7.363545513013793e-05,0.000278045534444,266.4098391749764,600.2430763292534,741.919493750393,2.2530814859845227,26280.0,71,8,growth_rate_summary_gene_knockout_102trails_seed100_all.csv,100,EG10137,KO,EG10137,0.68556497308884,0.68556497308884,266.4098391749764,0,1,1,,False,True,gene_knockout_3_round_test|v35|s100|KO: EG10137
gene_knockout_3_round_test,36,KO: EG10361,0.0002018111589158,0.0002237422924942,7.810901945842079e-05,0.0003445200613838,266.9558629753335,640.32167535025,727.1288193055263,2.398605028612596,24584.0,66,8,growth_rate_summary_gene_knockout_102trails_seed100_all.csv,100,EG10361,KO,EG10361,0.7265201720968799,0.7265201720968799,266.9558629753335,0,1,1,,False,True,gene_knockout_3_round_test|v36|s100|KO: EG10361
gene_knockout_3_round_test,37,KO: EG10928,0.0001981678186827,0.0002120640585497,8.736367360153653e-05,0.0005786383968906,267.1087603840815,665.1041076657198,727.4211006660666,2.4900123332134525,26240.0,69,8,growth_rate_summary_gene_knockout_102trails_seed100_all.csv,100,EG10928,KO,EG10928,0.71340414725772,0.71340414725772,267.1087603840815,0,1,1,,False,True,gene_knockout_3_round_test|v37|s100|KO: EG10928
gene_knockout_3_round_test,38,KO: EG10036,0.0002098547984415,0.00022783676785,8.27972128869924e-05,0.0003485445277994,266.5073409974716,707.99967811582,817.5492867955809,2.6565860267336383,24536.0,67,8,growth_rate_summary_gene_knockout_102trails_seed100_all.csv,100,EG10036,KO,EG10036,0.7554772743893999,0.7554772743893999,266.5073409974716,0,1,1,,False,True,gene_knockout_3_round_test|v38|s100|KO: EG10036
gene_knockout_3_round_test,39,KO: EG10774,7.869576302144704e-06,7.747915367905606e-06,2.7935493170158667e-06,1.3104710621445631e-05,267.1973773941179,291.58447403519835,291.58447403519835,1.091269970083237,10800.0,28,8,growth_rate_summary_gene_knockout_102trails_seed100_all.csv,100,EG10774,KO,EG10774,0.028330474687720934,0.028330474687720934,267.1973773941179,0,1,1,,False,True,gene_knockout_3_round_test|v39|s100|KO: EG10774
gene_knockout_3_round_test,40,KO: EG10118,0.0001786196004193,0.0001934025917903,6.744701155134235e-05,0.0002813251589132,266.8750007957772,548.3511970408797,679.3840503853824,2.0547117392254317,28141.0,75,8,growth_rate_summary_gene_knockout_102trails_seed100_all.csv,100,EG10118,KO,EG10118,0.64303056150948,0.64303056150948,266.8750007957772,0,1,1,,False,True,gene_knockout_3_round_test|v40|s100|KO: EG10118
gene_knockout_3_round_test,41,KO: EG11221,0.0001818482142564,0.0002016919218127,6.710869522941246e-05,0.0002595044105042,267.0859494551671,561.1333493937782,685.520445987305,2.100946719729896,27240.0,74,8,growth_rate_summary_gene_knockout_102trails_seed100_all.csv,100,EG11221,KO,EG11221,0.65465357132304,0.65465357132304,267.0859494551671,0,1,1,,False,True,gene_knockout_3_round_test|v41|s100|KO: EG11221
gene_knockout_3_round_test,42,KO: EG12713,0.000195305083224,0.000212780356898,7.805955004436228e-05,0.0004258047157334,266.43382380854405,620.9885500010153,686.4832537750547,2.330742175014722,25509.0,68,8,growth_rate_summary_gene_knockout_102trails_seed100_all.csv,100,EG12713,KO,EG12713,0.7030982996064,0.7030982996064,266.43382380854405,0,1,1,,False,True,gene_knockout_3_round_test|v42|s100|KO: EG12713
gene_knockout_3_round_test,43,KO: EG10095,0.0002131662720785,0.0002392648410634,8.425842535631029e-05,0.0002973458997294,267.1161139091329,672.4169303589315,771.6381672751602,2.517320728122277,23810.0,64,8,growth_rate_summary_gene_knockout_102trails_seed100_all.csv,100,EG10095,KO,EG10095,0.7673985794825999,0.7673985794825999,267.1161139091329,0,1,1,,False,True,gene_knockout_3_round_test|v43|s100|KO: EG10095
gene_knockout_3_round_test,44,KO: G6775,0.0002095220839819,0.0002259752950337,9.280593270780224e-05,0.000581765308183,266.6010889397312,612.9015953028534,798.1057803911731,2.298946331165992,24149.0,66,8,growth_rate_summary_gene_knockout_102trails_seed100_all.csv,100,G6775,KO,G6775,0.7542795023348401,0.7542795023348401,266.6010889397312,0,1,1,,False,True,gene_knockout_3_round_test|v44|s100|KO: G6775
gene_knockout_3_round_test,45,KO: EG10759,0.0001995557406903,0.0002182076252984,7.637230366614498e-05,0.0003324445169174,266.77793860193844,623.6884462042001,745.3792329671066,2.337856156594758,25454.0,69,8,growth_rate_summary_gene_knockout_102trails_seed100_all.csv,100,EG10759,KO,EG10759,0.7184006664850799,0.7184006664850799,266.77793860193844,0,1,1,,False,True,gene_knockout_3_round_test|v45|s100|KO: EG10759
gene_knockout_3_round_test,46,KO: EG10791,0.0,0.0,0.0,0.0,266.4696192426296,266.4696192426296,266.4696192426296,1.0,0.0,1,8,growth_rate_summary_gene_knockout_102trails_seed100_all.csv,100,EG10791,KO,EG10791,0.0,0.0,266.4696192426296,0,1,1,,False,True,gene_knockout_3_round_test|v46|s100|KO: EG10791
gene_knockout_3_round_test,47,KO: G7859,0.0002010484914308,0.0002251201581864,7.61000248855011e-05,0.0002783019476577,266.7105826580714,628.8752317143264,720.9853135620406,2.357893809262746,25244.0,68,8,growth_rate_summary_gene_knockout_102trails_seed100_all.csv,100,G7859,KO,G7859,0.72377456915088,0.72377456915088,266.7105826580714,0,1,1,,False,True,gene_knockout_3_round_test|v47|s100|KO: G7859
gene_knockout_3_round_test,48,KO: EG11692,0.0002059384931192,0.0002258257509767,9.036132066297635e-05,0.0005777686142612,266.44606010644145,569.3418396783657,746.7644018459944,2.1367996188456364,24338.0,66,8,growth_rate_summary_gene_knockout_102trails_seed100_all.csv,100,EG11692,KO,EG11692,0.74137857522912,0.74137857522912,266.44606010644145,0,1,1,,False,True,gene_knockout_3_round_test|v48|s100|KO: EG11692
gene_knockout_3_round_test,49,KO: EG10100,0.0002132947771907,0.0002376071809412,8.298116029536563e-05,0.000297625931536,266.49629237352303,665.3440058781423,741.2981635489186,2.496635131214477,23774.0,64,8,growth_rate_summary_gene_knockout_102trails_seed100_all.csv,100,EG10100,KO,EG10100,0.76786119788652,0.76786119788652,266.49629237352303,0,1,1,,False,True,gene_knockout_3_round_test|v49|s100|KO: EG10100
gene_knockout_3_round_test,50,KO: EG11699,0.0002077458905235,0.00022758587971,8.223016151121281e-05,0.0003154451577224,266.023279417504,668.3528332856408,820.1387832640539,2.512384761022024,24210.0,65,8,growth_rate_summary_gene_knockout_102trails_seed100_all.csv,100,EG11699,KO,EG11699,0.7478852058846001,0.7478852058846001,266.023279417504,0,1,1,,False,True,gene_knockout_3_round_test|v50|s100|KO: EG11699
gene_knockout_leftover,0,baseline,0.0002259111238053,0.0002487870116662,9.937120004132036e-05,0.0005817048448913,266.47876033764305,702.3194222760781,812.9487418103738,2.635554974010691,22368.0,60,8,growth_rate_summary_gene_knockout_leftover_seed100_all.csv,100,,baseline,,0.81328004569908,0.81328004569908,266.47876033764305,0,1,1,,False,True,gene_knockout_leftover|v0|s100|baseline
gene_knockout_leftover,1,KO: EG10016,0.0002048764872594,0.0002329379174632,8.205235512734185e-05,0.000294515948096,266.4973226649256,569.3173502833165,762.2129838211815,2.136296697431121,23715.0,64,8,growth_rate_summary_gene_knockout_leftover_seed100_all.csv,100,EG10016,KO,EG10016,0.73755535413384,0.73755535413384,266.4973226649256,0,1,1,,False,True,gene_knockout_leftover|v1|s100|KO: EG10016
gene_knockout_leftover,2,KO: G6941,0.0001919646385696,0.0002130269760212,7.314503575074022e-05,0.0002650017929477,266.4802405910005,594.309402886654,717.7170373232457,2.2302194022663486,25775.0,70,8,growth_rate_summary_gene_knockout_leftover_seed100_all.csv,100,G6941,KO,G6941,0.69107269885056,0.69107269885056,266.4802405910005,0,1,1,,False,True,gene_knockout_leftover|v2|s100|KO: G6941
gene_knockout_leftover,3,KO: G6943,0.0001919646385696,0.0002130269760212,7.314503575074022e-05,0.0002650017929477,266.4802405910005,594.309402886654,717.7170373232457,2.2302194022663486,25775.0,70,8,growth_rate_summary_gene_knockout_leftover_seed100_all.csv,100,G6943,KO,G6943,0.69107269885056,0.69107269885056,266.4802405910005,0,1,1,,False,True,gene_knockout_leftover|v3|s100|KO: G6943
gene_knockout_p_list,0,baseline,0.0002259111238053,0.0002487870116662,9.937120004132036e-05,0.0005817048448913,266.47876033764305,702.3194222760781,812.9487418103738,2.635554974010691,22368.0,60,8,growth_rate_summary_gene_knockout_102trails_seed100_all.csv,100,,baseline,,0.81328004569908,0.81328004569908,266.47876033764305,0,1,1,,False,True,gene_knockout_p_list|v0|s100|baseline
gene_knockout_p_list,1,KO: EG10196,0.0004411494077303,0.0001163508285755,0.0006061161794999,0.0027778569575785,266.913625330641,9886.950395389096,9886.950395389096,37.04175979454616,10252.0,27,8,growth_rate_summary_gene_knockout_102trails_seed100_all.csv,100,EG10196,KO,EG10196,1.58813786782908,1.58813786782908,266.913625330641,0,1,1,,False,True,gene_knockout_p_list|v1|s100|KO: EG10196
gene_knockout_p_list,2,KO: EG10707,4.787829192811245e-05,4.254459833104372e-05,2.304468413690788e-05,0.0001032068672687,266.4839135845705,293.4928781351932,377.94577192988265,1.1013530767666817,15734.0,41,8,growth_rate_summary_gene_knockout_102trails_seed100_all.csv,100,EG10707,KO,EG10707,0.17236185094120482,0.17236185094120482,266.4839135845705,0,1,1,,False,True,gene_knockout_p_list|v2|s100|KO: EG10707
gene_knockout_p_list,3,KO: EG10864,0.0,0.0,0.0,0.0,265.80036478015506,265.80036478015506,265.80036478015506,1.0,0.0,1,8,growth_rate_summary_gene_knockout_102trails_seed100_all.csv,100,EG10864,KO,EG10864,0.0,0.0,265.80036478015506,0,1,1,,False,True,gene_knockout_p_list|v3|s100|KO: EG10864
gene_knockout_p_list,4,KO: EG10865,0.0,0.0,0.0,0.0,265.98641659299574,265.98641659299574,265.98641659299574,1.0,0.0,1,8,growth_rate_summary_gene_knockout_102trails_seed100_all.csv,100,EG10865,KO,EG10865,0.0,0.0,265.98641659299574,0,1,1,,False,True,gene_knockout_p_list|v4|s100|KO: EG10865
gene_knockout_p_list,5,KO: EG10866,0.0,0.0,0.0,0.0,265.98641659299574,265.98641659299574,265.98641659299574,1.0,0.0,1,8,growth_rate_summary_gene_knockout_102trails_seed100_all.csv,100,EG10866,KO,EG10866,0.0,0.0,265.98641659299574,0,1,1,,False,True,gene_knockout_p_list|v5|s100|KO: EG10866
gene_knockout_p_list,6,KO: EG10867,0.0,0.0,0.0,0.0,265.98641659299574,265.98641659299574,265.98641659299574,1.0,0.0,1,8,growth_rate_summary_gene_knockout_102trails_seed100_all.csv,100,EG10867,KO,EG10867,0.0,0.0,265.98641659299574,0,1,1,,False,True,gene_knockout_p_list|v6|s100|KO: EG10867
gene_knockout_p_list,7,KO: EG10868,0.0,0.0,0.0,0.0,266.5862149393299,266.5862149393299,266.5862149393299,1.0,0.0,1,8,growth_rate_summary_gene_knockout_102trails_seed100_all.csv,100,EG10868,KO,EG10868,0.0,0.0,266.5862149393299,0,1,1,,False,True,gene_knockout_p_list|v7|s100|KO: EG10868
gene_knockout_p_list,8,KO: EG10869,0.0,0.0,0.0,0.0,266.5862149393299,266.5862149393299,266.5862149393299,1.0,0.0,1,8,growth_rate_summary_gene_knockout_102trails_seed100_all.csv,100,EG10869,KO,EG10869,0.0,0.0,266.5862149393299,0,1,1,,False,True,gene_knockout_p_list|v8|s100|KO: EG10869
gene_knockout_p_list,9,KO: EG10870,0.0,0.0,0.0,0.0,266.0511100428147,266.0511100428147,266.0511100428147,1.0,0.0,1,8,growth_rate_summary_gene_knockout_102trails_seed100_all.csv,100,EG10870,KO,EG10870,0.0,0.0,266.0511100428147,0,1,1,,False,True,gene_knockout_p_list|v9|s100|KO: EG10870
gene_knockout_p_list,10,KO: EG10872,0.0,0.0,0.0,0.0,265.80036478015506,265.80036478015506,265.80036478015506,1.0,0.0,1,8,growth_rate_summary_gene_knockout_102trails_seed100_all.csv,100,EG10872,KO,EG10872,0.0,0.0,265.80036478015506,0,1,1,,False,True,gene_knockout_p_list|v10|s100|KO: EG10872
gene_knockout_p_list,11,KO: EG10874,0.0,0.0,0.0,0.0,265.74027872779584,265.74027872779584,265.74027872779584,1.0,0.0,1,8,growth_rate_summary_gene_knockout_102trails_seed100_all.csv,100,EG10874,KO,EG10874,0.0,0.0,265.74027872779584,0,1,1,,False,True,gene_knockout_p_list|v11|s100|KO: EG10874
gene_knockout_p_list,12,KO: EG10875,0.0,0.0,0.0,0.0,266.5862149393299,266.5862149393299,266.5862149393299,1.0,0.0,1,8,growth_rate_summary_gene_knockout_102trails_seed100_all.csv,100,EG10875,KO,EG10875,0.0,0.0,266.5862149393299,0,1,1,,False,True,gene_knockout_p_list|v12|s100|KO: EG10875
gene_knockout_p_list,13,KO: EG10876,0.0,0.0,0.0,0.0,266.5862149393299,266.5862149393299,266.5862149393299,1.0,0.0,1,8,growth_rate_summary_gene_knockout_102trails_seed100_all.csv,100,EG10876,KO,EG10876,0.0,0.0,266.5862149393299,0,1,1,,False,True,gene_knockout_p_list|v13|s100|KO: EG10876
gene_knockout_p_list,14,KO: EG10877,0.0,0.0,0.0,0.0,265.98641659299574,265.98641659299574,265.98641659299574,1.0,0.0,1,8,growth_rate_summary_gene_knockout_102trails_seed100_all.csv,100,EG10877,KO,EG10877,0.0,0.0,265.98641659299574,0,1,1,,False,True,gene_knockout_p_list|v14|s100|KO: EG10877
gene_knockout_p_list,15,KO: EG10879,0.0,0.0,0.0,0.0,266.5862149393299,266.5862149393299,266.5862149393299,1.0,0.0,1,8,growth_rate_summary_gene_knockout_102trails_seed100_all.csv,100,EG10879,KO,EG10879,0.0,0.0,266.5862149393299,0,1,1,,False,True,gene_knockout_p_list|v15|s100|KO: EG10879
gene_knockout_p_list,16,KO: EG10880,0.0,0.0,0.0,0.0,266.049864155774,266.049864155774,266.049864155774,1.0,0.0,1,8,growth_rate_summary_gene_knockout_102trails_seed100_all.csv,100,EG10880,KO,EG10880,0.0,0.0,266.049864155774,0,1,1,,False,True,gene_knockout_p_list|v16|s100|KO: EG10880
gene_knockout_p_list,17,KO: EG10881,0.0,0.0,0.0,0.0,266.37407528313224,266.37407528313224,266.37407528313224,1.0,0.0,1,8,growth_rate_summary_gene_knockout_102trails_seed100_all.csv,100,EG10881,KO,EG10881,0.0,0.0,266.37407528313224,0,1,1,,False,True,gene_knockout_p_list|v17|s100|KO: EG10881
gene_knockout_p_list,18,KO: EG10882,0.0,0.0,0.0,0.0,265.98641659299574,265.98641659299574,265.98641659299574,1.0,0.0,1,8,growth_rate_summary_gene_knockout_102trails_seed100_all.csv,100,EG10882,KO,EG10882,0.0,0.0,265.98641659299574,0,1,1,,False,True,gene_knockout_p_list|v18|s100|KO: EG10882
gene_knockout_p_list,19,KO: EG10883,0.0,0.0,0.0,0.0,265.98641659299574,265.98641659299574,265.98641659299574,1.0,0.0,1,8,growth_rate_summary_gene_knockout_102trails_seed100_all.csv,100,EG10883,KO,EG10883,0.0,0.0,265.98641659299574,0,1,1,,False,True,gene_knockout_p_list|v19|s100|KO: EG10883
gene_knockout_p_list,20,KO: EG10884,0.0,0.0,0.0,0.0,266.5862149393299,266.5862149393299,266.5862149393299,1.0,0.0,1,8,growth_rate_summary_gene_knockout_102trails_seed100_all.csv,100,EG10884,KO,EG10884,0.0,0.0,266.5862149393299,0,1,1,,False,True,gene_knockout_p_list|v20|s100|KO: EG10884
gene_knockout_p_list,21,KO: EG10885,0.0,0.0,0.0,0.0,266.07583613761585,266.07583613761585,266.07583613761585,1.0,0.0,1,8,growth_rate_summary_gene_knockout_102trails_seed100_all.csv,100,EG10885,KO,EG10885,0.0,0.0,266.07583613761585,0,1,1,,False,True,gene_knockout_p_list|v21|s100|KO: EG10885
gene_knockout_p_list,22,KO: EG10886,0.0,0.0,0.0,0.0,266.1190223902121,266.1190223902121,266.1190223902121,1.0,0.0,1,8,growth_rate_summary_gene_knockout_102trails_seed100_all.csv,100,EG10886,KO,EG10886,0.0,0.0,266.1190223902121,0,1,1,,False,True,gene_knockout_p_list|v22|s100|KO: EG10886
gene_knockout_p_list,23,KO: EG10887,0.0,0.0,0.0,0.0,265.98641659299574,265.98641659299574,265.98641659299574,1.0,0.0,1,8,growth_rate_summary_gene_knockout_102trails_seed100_all.csv,100,EG10887,KO,EG10887,0.0,0.0,265.98641659299574,0,1,1,,False,True,gene_knockout_p_list|v23|s100|KO: EG10887
gene_knockout_p_list,24,KO: EG10888,0.0,0.0,0.0,0.0,266.5862149393299,266.5862149393299,266.5862149393299,1.0,0.0,1,8,growth_rate_summary_gene_knockout_102trails_seed100_all.csv,100,EG10888,KO,EG10888,0.0,0.0,266.5862149393299,0,1,1,,False,True,gene_knockout_p_list|v24|s100|KO: EG10888
gene_knockout_p_list,25,KO: EG10889,0.0,0.0,0.0,0.0,266.40540272192027,266.40540272192027,266.40540272192027,1.0,0.0,1,8,growth_rate_summary_gene_knockout_102trails_seed100_all.csv,100,EG10889,KO,EG10889,0.0,0.0,266.40540272192027,0,1,1,,False,True,gene_knockout_p_list|v25|s100|KO: EG10889
gene_knockout_p_list,26,KO: EG10890,0.0,0.0,0.0,0.0,266.4256467524083,266.4256467524083,266.4256467524083,1.0,0.0,1,8,growth_rate_summary_gene_knockout_102trails_seed100_all.csv,100,EG10890,KO,EG10890,0.0,0.0,266.4256467524083,0,1,1,,False,True,gene_knockout_p_list|v26|s100|KO: EG10890
gene_knockout_p_list,27,KO: EG10891,0.0,0.0,0.0,0.0,266.1190223902121,266.1190223902121,266.1190223902121,1.0,0.0,1,8,growth_rate_summary_gene_knockout_102trails_seed100_all.csv,100,EG10891,KO,EG10891,0.0,0.0,266.1190223902121,0,1,1,,False,True,gene_knockout_p_list|v27|s100|KO: EG10891
gene_knockout_p_list,28,KO: EG10892,0.0,0.0,0.0,0.0,265.9813516200492,265.9813516200492,265.9813516200492,1.0,0.0,1,8,growth_rate_summary_gene_knockout_102trails_seed100_all.csv,100,EG10892,KO,EG10892,0.0,0.0,265.9813516200492,0,1,1,,False,True,gene_knockout_p_list|v28|s100|KO: EG10892
gene_knockout_p_list,29,KO: EG10900,0.0,0.0,0.0,0.0,266.005576642322,266.005576642322,266.005576642322,1.0,0.0,1,8,growth_rate_summary_gene_knockout_102trails_seed100_all.csv,100,EG10900,KO,EG10900,0.0,0.0,266.005576642322,0,1,1,,False,True,gene_knockout_p_list|v29|s100|KO: EG10900
gene_knockout_p_list,30,KO: EG10901,0.0,0.0,0.0,0.0,266.0033496167897,266.0033496167897,266.0033496167897,1.0,0.0,1,8,growth_rate_summary_gene_knockout_102trails_seed100_all.csv,100,EG10901,KO,EG10901,0.0,0.0,266.0033496167897,0,1,1,,False,True,gene_knockout_p_list|v30|s100|KO: EG10901
gene_knockout_p_list,31,KO: EG10902,0.0,0.0,0.0,0.0,265.98641659299574,265.98641659299574,265.98641659299574,1.0,0.0,1,8,growth_rate_summary_gene_knockout_102trails_seed100_all.csv,100,EG10902,KO,EG10902,0.0,0.0,265.98641659299574,0,1,1,,False,True,gene_knockout_p_list|v31|s100|KO: EG10902
gene_knockout_p_list,32,KO: EG10904,0.0,0.0,0.0,0.0,266.5862149393299,266.5862149393299,266.5862149393299,1.0,0.0,1,8,growth_rate_summary_gene_knockout_102trails_seed100_all.csv,100,EG10904,KO,EG10904,0.0,0.0,266.5862149393299,0,1,1,,False,True,gene_knockout_p_list|v32|s100|KO: EG10904
gene_knockout_p_list,33,KO: EG10905,0.0,0.0,0.0,0.0,266.0511100428147,266.0511100428147,266.0511100428147,1.0,0.0,1,8,growth_rate_summary_gene_knockout_102trails_seed100_all.csv,100,EG10905,KO,EG10905,0.0,0.0,266.0511100428147,0,1,1,,False,True,gene_knockout_p_list|v33|s100|KO: EG10905
gene_knockout_p_list,34,KO: EG10906,0.0,0.0,0.0,0.0,266.35249534732543,266.35249534732543,266.35249534732543,1.0,0.0,1,8,growth_rate_summary_gene_knockout_102trails_seed100_all.csv,100,EG10906,KO,EG10906,0.0,0.0,266.35249534732543,0,1,1,,False,True,gene_knockout_p_list|v34|s100|KO: EG10906
gene_knockout_p_list,35,KO: EG10907,0.0,0.0,0.0,0.0,266.5862149393299,266.5862149393299,266.5862149393299,1.0,0.0,1,8,growth_rate_summary_gene_knockout_102trails_seed100_all.csv,100,EG10907,KO,EG10907,0.0,0.0,266.5862149393299,0,1,1,,False,True,gene_knockout_p_list|v35|s100|KO: EG10907
gene_knockout_p_list,36,KO: EG10908,0.0,0.0,0.0,0.0,265.60265886672664,265.60265886672664,265.60265886672664,1.0,0.0,1,8,growth_rate_summary_gene_knockout_102trails_seed100_all.csv,100,EG10908,KO,EG10908,0.0,0.0,265.60265886672664,0,1,1,,False,True,gene_knockout_p_list|v36|s100|KO: EG10908
gene_knockout_p_list,37,KO: EG10909,0.0,0.0,0.0,0.0,265.98641659299574,265.98641659299574,265.98641659299574,1.0,0.0,1,8,growth_rate_summary_gene_knockout_102trails_seed100_all.csv,100,EG10909,KO,EG10909,0.0,0.0,265.98641659299574,0,1,1,,False,True,gene_knockout_p_list|v37|s100|KO: EG10909
gene_knockout_p_list,38,KO: EG10911,0.0,0.0,0.0,0.0,266.35249534732543,266.35249534732543,266.35249534732543,1.0,0.0,1,8,growth_rate_summary_gene_knockout_102trails_seed100_all.csv,100,EG10911,KO,EG10911,0.0,0.0,266.35249534732543,0,1,1,,False,True,gene_knockout_p_list|v38|s100|KO: EG10911
gene_knockout_p_list,39,KO: EG10913,0.0,0.0,0.0,0.0,266.5862149393299,266.5862149393299,266.5862149393299,1.0,0.0,1,8,growth_rate_summary_gene_knockout_102trails_seed100_all.csv,100,EG10913,KO,EG10913,0.0,0.0,266.5862149393299,0,1,1,,False,True,gene_knockout_p_list|v39|s100|KO: EG10913
gene_knockout_p_list,40,KO: EG10914,0.0,0.0,0.0,0.0,266.7302958382875,266.7302958382875,266.7302958382875,1.0,0.0,1,8,growth_rate_summary_gene_knockout_102trails_seed100_all.csv,100,EG10914,KO,EG10914,0.0,0.0,266.7302958382875,0,1,1,,False,True,gene_knockout_p_list|v40|s100|KO: EG10914
gene_knockout_p_list,41,KO: EG10915,0.0,0.0,0.0,0.0,266.049864155774,266.049864155774,266.049864155774,1.0,0.0,1,8,growth_rate_summary_gene_knockout_102trails_seed100_all.csv,100,EG10915,KO,EG10915,0.0,0.0,266.049864155774,0,1,1,,False,True,gene_knockout_p_list|v41|s100|KO: EG10915
gene_knockout_p_list,42,KO: EG10916,0.0,0.0,0.0,0.0,265.98641659299574,265.98641659299574,265.98641659299574,1.0,0.0,1,8,growth_rate_summary_gene_knockout_102trails_seed100_all.csv,100,EG10916,KO,EG10916,0.0,0.0,265.98641659299574,0,1,1,,False,True,gene_knockout_p_list|v42|s100|KO: EG10916
gene_knockout_p_list,43,KO: EG10917,0.0,0.0,0.0,0.0,266.0511100428147,266.0511100428147,266.0511100428147,1.0,0.0,1,8,growth_rate_summary_gene_knockout_102trails_seed100_all.csv,100,EG10917,KO,EG10917,0.0,0.0,266.0511100428147,0,1,1,,False,True,gene_knockout_p_list|v43|s100|KO: EG10917
gene_knockout_p_list,44,KO: EG10918,0.0,0.0,0.0,0.0,265.98641659299574,265.98641659299574,265.98641659299574,1.0,0.0,1,8,growth_rate_summary_gene_knockout_102trails_seed100_all.csv,100,EG10918,KO,EG10918,0.0,0.0,265.98641659299574,0,1,1,,False,True,gene_knockout_p_list|v44|s100|KO: EG10918
gene_knockout_p_list,45,KO: EG10919,0.0,0.0,0.0,0.0,266.0596710128356,266.0596710128356,266.0596710128356,1.0,0.0,1,8,growth_rate_summary_gene_knockout_102trails_seed100_all.csv,100,EG10919,KO,EG10919,0.0,0.0,266.0596710128356,0,1,1,,False,True,gene_knockout_p_list|v45|s100|KO: EG10919
gene_knockout_p_list,46,KO: EG10920,0.0,0.0,0.0,0.0,265.9907069670634,265.9907069670634,265.9907069670634,1.0,0.0,1,8,growth_rate_summary_gene_knockout_102trails_seed100_all.csv,100,EG10920,KO,EG10920,0.0,0.0,265.9907069670634,0,1,1,,False,True,gene_knockout_p_list|v46|s100|KO: EG10920
gene_knockout_p_list,47,KO: EG11024,5.089329662870074e-05,4.6326079536585424e-05,2.0433818649672092e-05,0.0001014008694386,266.4797700426634,314.30878900055654,384.8508595263991,1.179484615099434,15642.0,41,8,growth_rate_summary_gene_knockout_102trails_seed100_all.csv,100,EG11024,KO,EG11024,0.18321586786332264,0.18321586786332264,266.4797700426634,0,1,1,,False,True,gene_knockout_p_list|v47|s100|KO: EG11024
gene_knockout_p_list,48,KO: EG11026,5.089329662870074e-05,4.6326079536585424e-05,2.0433818649672092e-05,0.0001014008694386,266.4797700426634,314.30878900055654,384.8508595263991,1.179484615099434,15642.0,41,8,growth_rate_summary_gene_knockout_102trails_seed100_all.csv,100,EG11026,KO,EG11026,0.18321586786332264,0.18321586786332264,266.4797700426634,0,1,1,,False,True,gene_knockout_p_list|v48|s100|KO: EG11026
gene_knockout_p_list,49,KO: EG11231,0.0,0.0,0.0,0.0,266.4408201609257,266.4408201609257,266.4408201609257,1.0,0.0,1,8,growth_rate_summary_gene_knockout_102trails_seed100_all.csv,100,EG11231,KO,EG11231,0.0,0.0,266.4408201609257,0,1,1,,False,True,gene_knockout_p_list|v49|s100|KO: EG11231
gene_knockout_p_list,50,KO: EG11232,0.0,0.0,0.0,0.0,266.09685658337526,266.09685658337526,266.09685658337526,1.0,0.0,1,8,growth_rate_summary_gene_knockout_102trails_seed100_all.csv,100,EG11232,KO,EG11232,0.0,0.0,266.09685658337526,0,1,1,,False,True,gene_knockout_p_list|v50|s100|KO: EG11232
gene_knockout_p_list,51,KO: EG50001,0.0,0.0,0.0,0.0,266.43763698811483,266.43763698811483,266.43763698811483,1.0,0.0,1,8,growth_rate_summary_gene_knockout_102trails_seed100_all.csv,100,EG50001,KO,EG50001,0.0,0.0,266.43763698811483,0,1,1,,False,True,gene_knockout_p_list|v51|s100|KO: EG50001
gene_knockout_p_list,52,KO: EG50002,0.0,0.0,0.0,0.0,266.43763698811483,266.43763698811483,266.43763698811483,1.0,0.0,1,8,growth_rate_summary_gene_knockout_102trails_seed100_all.csv,100,EG50002,KO,EG50002,0.0,0.0,266.43763698811483,0,1,1,,False,True,gene_knockout_p_list|v52|s100|KO: EG50002
gene_knockout_3_round_test,0,baseline,0.0001965355393885,0.0002216570059494,7.59664713194384e-05,0.000264870723181,410.10247695664816,671.6217691185796,671.6217691185796,1.6376925448064936,23784.0,64,8,growth_rate_summary_gene_knockout_102trails_seed101_all.csv,101,,baseline,,0.7075279417986,0.7075279417986,410.10247695664816,0,1,1,,False,True,gene_knockout_3_round_test|v0|s101|baseline
gene_knockout_3_round_test,1,KO: EG10109,0.0002057329210002,0.0002338646648703,8.30111965602028e-05,0.000279746877645,411.1753293810956,675.7016199109212,693.1323029425816,1.643341834073539,22506.0,60,8,growth_rate_summary_gene_knockout_102trails_seed101_all.csv,101,EG10109,KO,EG10109,0.7406385156007199,0.7406385156007199,411.1753293810956,0,1,1,,False,True,gene_knockout_3_round_test|v1|s101|KO: EG10109
gene_knockout_3_round_test,2,KO: EG11288,0.0002122017937612,0.0002285825366803,0.0001042738560839,0.000569810909114,409.4315926716083,600.6512723527389,698.5470475489169,1.46703694366473,22312.0,60,8,growth_rate_summary_gene_knockout_102trails_seed101_all.csv,101,EG11288,KO,EG11288,0.76392645754032,0.76392645754032,409.4315926716083,0,1,1,,False,True,gene_knockout_3_round_test|v2|s101|KO: EG11288
gene_knockout_3_round_test,3,KO: EG10539,0.000214457399453,0.0002433735295316,8.763324443775136e-05,0.000290905205365,411.2156693321263,671.8817688452402,725.7432318031404,1.633891456365156,21473.0,58,8,growth_rate_summary_gene_knockout_102trails_seed101_all.csv,101,EG10539,KO,EG10539,0.7720466380308001,0.7720466380308001,411.2156693321263,0,1,1,,False,True,gene_knockout_3_round_test|v3|s101|KO: EG10539
gene_knockout_3_round_test,4,KO: EG12087,0.000203036457718,0.0002365171095774,8.708308824949542e-05,0.0003102755635151,409.9325936017729,581.8548707811995,708.5993376936742,1.419391577695429,21690.0,57,8,growth_rate_summary_gene_knockout_102trails_seed101_all.csv,101,EG12087,KO,EG12087,0.7309312477848,0.7309312477848,409.9325936017729,0,1,1,,False,True,gene_knockout_3_round_test|v4|s101|KO: EG12087
gene_knockout_3_round_test,5,KO: G6561,0.0001946187593209,0.0002161216331149,7.68532700021424e-05,0.0002701896109205,411.1237991893997,631.0874324528293,656.3784534141928,1.5350301629268972,23653.0,64,8,growth_rate_summary_gene_knockout_102trails_seed101_all.csv,101,G6561,KO,G6561,0.70062753355524,0.70062753355524,411.1237991893997,0,1,1,,False,True,gene_knockout_3_round_test|v5|s101|KO: G6561
gene_knockout_3_round_test,6,KO: EG11050,0.0002039754832765,0.0002291485505687,8.218087773976565e-05,0.0002761143662423,410.81073702095614,711.427881082948,711.427881082948,1.7317655479064484,22927.0,62,8,growth_rate_summary_gene_knockout_102trails_seed101_all.csv,101,EG11050,KO,EG11050,0.7343117397954,0.7343117397954,410.81073702095614,0,1,1,,False,True,gene_knockout_3_round_test|v6|s101|KO: EG11050
gene_knockout_3_round_test,7,KO: EG10582,0.0001897121287599,0.0002126178893161,7.443954008036122e-05,0.0002698988037813,409.96462064135005,629.4749199361991,675.1383966117137,1.5354371773628817,24436.0,64,8,growth_rate_summary_gene_knockout_102trails_seed101_all.csv,101,EG10582,KO,EG10582,0.68296366353564,0.68296366353564,409.96462064135005,0,1,1,,False,True,gene_knockout_3_round_test|v7|s101|KO: EG10582
gene_knockout_3_round_test,8,KO: EG20248,0.0001874243906853,0.0002120309896483,7.160779480945518e-05,0.0002576262486697,410.03049795051095,598.3377455490051,647.0475907488869,1.4592518081940875,24535.0,66,8,growth_rate_summary_gene_knockout_102trails_seed101_all.csv,101,EG20248,KO,EG20248,0.67472780646708,0.67472780646708,410.03049795051095,0,1,1,,False,True,gene_knockout_3_round_test|v8|s101|KO: EG20248
gene_knockout_3_round_test,9,KO: EG12712,0.0002103570104323,0.0002378159150812,8.574289506665795e-05,0.0002950330292431,410.9526649255073,610.9341442896998,775.6579792353177,1.4866289877945988,21467.0,59,8,growth_rate_summary_gene_knockout_102trails_seed101_all.csv,101,EG12712,KO,EG12712,0.7572852375562801,0.7572852375562801,410.9526649255073,0,1,1,,False,True,gene_knockout_3_round_test|v9|s101|KO: EG12712
gene_knockout_3_round_test,10,KO: EG10420,1.9064718985003877e-05,5.22006587334701e-06,3.962896768125297e-05,0.0001443062839155,411.157629014248,518.7145849336275,518.7145849336275,1.2615954279560562,10800.0,28,8,growth_rate_summary_gene_knockout_102trails_seed101_all.csv,101,EG10420,KO,EG10420,0.06863298834601396,0.06863298834601396,411.157629014248,0,1,1,,False,True,gene_knockout_3_round_test|v10|s101|KO: EG10420
gene_knockout_3_round_test,11,KO: EG10120,0.0002016858116955,0.0002260700841136,8.152564468452838e-05,0.0002913248182433,410.3700667419967,606.4713488488969,728.1737118796771,1.4778644886645471,22974.0,62,8,growth_rate_summary_gene_knockout_102trails_seed101_all.csv,101,EG10120,KO,EG10120,0.7260689221037999,0.7260689221037999,410.3700667419967,0,1,1,,False,True,gene_knockout_3_round_test|v11|s101|KO: EG10120
gene_knockout_3_round_test,12,KO: EG11029,0.0001981078959185,0.0002199565189554,8.05666557042841e-05,0.0002750159171379,409.4839555217836,553.9212036944068,695.8746480618288,1.352729932943464,22413.0,61,8,growth_rate_summary_gene_knockout_102trails_seed101_all.csv,101,EG11029,KO,EG11029,0.7131884253066,0.7131884253066,409.4839555217836,0,1,1,,False,True,gene_knockout_3_round_test|v12|s101|KO: EG11029
gene_knockout_3_round_test,13,KO: EG12293,0.000211617743012,0.0002350193117577,8.77815646715745e-05,0.0003048206987306,410.3823121875221,657.7668649930422,741.6134940503252,1.602814852050639,21772.0,59,8,growth_rate_summary_gene_knockout_102trails_seed101_all.csv,101,EG12293,KO,EG12293,0.7618238748432,0.7618238748432,410.3823121875221,0,1,1,,False,True,gene_knockout_3_round_test|v13|s101|KO: EG12293
gene_knockout_3_round_test,14,KO: EG10549,4.6666842012678864e-05,4.143562590438616e-05,2.0642427802718492e-05,9.126318750069255e-05,410.1476791218941,277.3988705827677,485.5636536451436,0.6763389986179247,19009.0,49,8,growth_rate_summary_gene_knockout_102trails_seed101_all.csv,101,EG10549,KO,EG10549,0.1680006312456439,0.1680006312456439,410.1476791218941,0,1,1,,False,True,gene_knockout_3_round_test|v14|s101|KO: EG10549
gene_knockout_3_round_test,15,KO: EG10099,0.0002039896903817,0.0002293141717305,8.260155506060267e-05,0.0002922901048795,410.8296464324385,613.8438869708098,713.5618358898291,1.4941567442887966,22647.0,61,8,growth_rate_summary_gene_knockout_102trails_seed101_all.csv,101,EG10099,KO,EG10099,0.7343628853741201,0.7343628853741201,410.8296464324385,0,1,1,,False,True,gene_knockout_3_round_test|v15|s101|KO: EG10099
gene_knockout_3_round_test,16,KO: EG10105,0.0002039896903817,0.0002293141717305,8.260155506060267e-05,0.0002922901048795,410.8296464324385,613.8438869708098,713.5618358898291,1.4941567442887966,22647.0,61,8,growth_rate_summary_gene_knockout_102trails_seed101_all.csv,101,EG10105,KO,EG10105,0.7343628853741201,0.7343628853741201,410.8296464324385,0,1,1,,False,True,gene_knockout_3_round_test|v16|s101|KO: EG10105
gene_knockout_3_round_test,17,KO: G6842,0.0001998751863253,0.0002245313617829,7.775165425549835e-05,0.0002637375495305,410.0719218615359,674.9347262319563,683.3417666419655,1.6458935378166504,23249.0,63,8,growth_rate_summary_gene_knockout_102trails_seed101_all.csv,101,G6842,KO,G6842,0.7195506707710799,0.7195506707710799,410.0719218615359,0,1,1,,False,True,gene_knockout_3_round_test|v17|s101|KO: G6842
gene_knockout_3_round_test,18,KO: EG10182,0.0001997964626261,0.0002237764762438,7.925613235657942e-05,0.0002829106337458,411.0914766953342,603.6884332247989,692.8538050452894,1.4685014587938077,22797.0,62,8,growth_rate_summary_gene_knockout_102trails_seed101_all.csv,101,EG10182,KO,EG10182,0.71926726545396,0.71926726545396,411.0914766953342,0,1,1,,False,True,gene_knockout_3_round_test|v18|s101|KO: EG10182
gene_knockout_3_round_test,19,KO: EG12075,0.0001897242406692,0.0002016176398233,7.971088939938526e-05,0.0002884297678377,410.4500065378479,535.7934354688534,707.8903422289377,1.3053805017285278,23514.0,62,8,growth_rate_summary_gene_knockout_102trails_seed101_all.csv,101,EG12075,KO,EG12075,0.68300726640912,0.68300726640912,410.4500065378479,0,1,1,,False,True,gene_knockout_3_round_test|v19|s101|KO: EG12075
gene_knockout_3_round_test,20,KO: EG11040,0.0001792429320667,0.0001975664128238,6.905049880179542e-05,0.0002753467405985,410.179428728828,585.0527591057105,661.4646701296733,1.4263337411113617,25852.0,69,8,growth_rate_summary_gene_knockout_102trails_seed101_all.csv,101,EG11040,KO,EG11040,0.64527455544012,0.64527455544012,410.179428728828,0,1,1,,False,True,gene_knockout_3_round_test|v20|s101|KO: EG11040
gene_knockout_3_round_test,21,KO: G6701,0.0002102465486241,0.0002385693196192,8.868122631013217e-05,0.0003464575402395,410.4963300136276,587.0685876102452,717.6332662452728,1.4301433281772722,21427.0,57,8,growth_rate_summary_gene_knockout_102trails_seed101_all.csv,101,G6701,KO,G6701,0.7568875750467601,0.7568875750467601,410.4963300136276,0,1,1,,False,True,gene_knockout_3_round_test|v21|s101|KO: G6701
gene_knockout_3_round_test,22,KO: G6237,0.000197454554776,0.0002221439111907,7.784562283524627e-05,0.0002766336494563,411.1463828253677,633.3279823546836,694.0477659982657,1.5403953647907598,23247.0,63,8,growth_rate_summary_gene_knockout_102trails_seed101_all.csv,101,G6237,KO,G6237,0.7108363971936,0.7108363971936,411.1463828253677,0,1,1,,False,True,gene_knockout_3_round_test|v22|s101|KO: G6237
gene_knockout_3_round_test,23,KO: G7836,0.000177283311701,0.0001957199180834,6.765563276189905e-05,0.0002515777473876,410.07720233721,570.5725367586758,642.768100899829,1.3913783392657102,25851.0,70,8,growth_rate_summary_gene_knockout_102trails_seed101_all.csv,101,G7836,KO,G7836,0.6382199221236,0.6382199221236,410.07720233721,0,1,1,,False,True,gene_knockout_3_round_test|v23|s101|KO: G7836
gene_knockout_3_round_test,24,KO: EG11736,0.0002030987410743,0.0002270569124293,7.972163176279283e-05,0.0002704319627191,410.2928800205276,677.7768066430444,696.3128559670929,1.651934117426396,22744.0,62,8,growth_rate_summary_gene_knockout_102trails_seed101_all.csv,101,EG11736,KO,EG11736,0.73115546786748,0.73115546786748,410.2928800205276,0,1,1,,False,True,gene_knockout_3_round_test|v24|s101|KO: EG11736
gene_knockout_3_round_test,25,KO: EG12078,0.0001897242406692,0.0002016176398233,7.971088939938526e-05,0.0002884297678377,410.4500065378479,535.7934354688534,707.8903422289377,1.3053805017285278,23514.0,62,8,growth_rate_summary_gene_knockout_102trails_seed101_all.csv,101,EG12078,KO,EG12078,0.68300726640912,0.68300726640912,410.4500065378479,0,1,1,,False,True,gene_knockout_3_round_test|v25|s101|KO: EG12078
gene_knockout_3_round_test,26,KO: EG11663,0.0001937725630278,0.00021839752906,7.938421944997806e-05,0.0002792559988689,410.0137840167971,578.4363870298671,705.9479268907726,1.4107730266116374,22442.0,60,8,growth_rate_summary_gene_knockout_102trails_seed101_all.csv,101,EG11663,KO,EG11663,0.69758122690008,0.69758122690008,410.0137840167971,0,1,1,,False,True,gene_knockout_3_round_test|v26|s101|KO: EG11663
gene_knockout_3_round_test,27,KO: EG10188,0.0002063408002737,0.0002309647814536,8.401895954222445e-05,0.0003021830830368,410.9599463432455,634.1280305852065,709.9430459889977,1.5430409611148932,21977.0,59,8,growth_rate_summary_gene_knockout_102trails_seed101_all.csv,101,EG10188,KO,EG10188,0.74282688098532,0.74282688098532,410.9599463432455,0,1,1,,False,True,gene_knockout_3_round_test|v27|s101|KO: EG10188
gene_knockout_3_round_test,28,KO: EG10808,2.355231155925098e-05,6.203968649516141e-07,4.255339579388628e-05,0.0001443708332675,410.1106618381366,297.94987289625726,521.5599564896208,0.7265109167384992,13037.0,34,8,growth_rate_summary_gene_knockout_102trails_seed101_all.csv,101,EG10808,KO,EG10808,0.08478832161330353,0.08478832161330353,410.1106618381366,0,1,1,,False,True,gene_knockout_3_round_test|v28|s101|KO: EG10808
gene_knockout_3_round_test,29,KO: EG10052,0.000192700153188,0.0002187248601568,7.629624392115578e-05,0.0002869797040876,410.6365485835289,584.2818684774984,692.7085879055473,1.4228686425817445,23447.0,63,8,growth_rate_summary_gene_knockout_102trails_seed101_all.csv,101,EG10052,KO,EG10052,0.6937205514768,0.6937205514768,410.6365485835289,0,1,1,,False,True,gene_knockout_3_round_test|v29|s101|KO: EG10052
gene_knockout_3_round_test,30,KO: EG10027,0.0001758952327061,0.0001921707019985,7.009337015229482e-05,0.0002746960651172,410.4213661748795,554.9308018855409,703.8144116370715,1.352100177087482,25696.0,68,8,growth_rate_summary_gene_knockout_102trails_seed101_all.csv,101,EG10027,KO,EG10027,0.63322283774196,0.63322283774196,410.4213661748795,0,1,1,,False,True,gene_knockout_3_round_test|v30|s101|KO: EG10027
gene_knockout_3_round_test,31,KO: EG12424,0.000185435947501,0.0001983676637205,7.403365404668965e-05,0.0002641697897475,411.20560304706805,560.7470399521123,698.13773438774,1.3636658542513276,24467.0,66,8,growth_rate_summary_gene_knockout_102trails_seed101_all.csv,101,EG12424,KO,EG12424,0.6675694110036,0.6675694110036,411.20560304706805,0,1,1,,False,True,gene_knockout_3_round_test|v31|s101|KO: EG12424
gene_knockout_3_round_test,32,KO: EG11112,0.0001876868994889,0.0002113249503082,7.532574768489056e-05,0.000269690297652,410.1087189120056,577.9313752879862,680.4246378363252,1.4092150413705036,23529.0,62,8,growth_rate_summary_gene_knockout_102trails_seed101_all.csv,101,EG11112,KO,EG11112,0.67567283816004,0.67567283816004,410.1087189120056,0,1,1,,False,True,gene_knockout_3_round_test|v32|s101|KO: EG11112
gene_knockout_3_round_test,33,KO: G6397,0.000217135575487,0.0002433134929748,0.000100017609871,0.0005805153961443,411.1206369789503,655.5868244103481,740.8889669808912,1.5946337046658998,21499.0,58,8,growth_rate_summary_gene_knockout_102trails_seed101_all.csv,101,G6397,KO,G6397,0.7816880717532,0.7816880717532,411.1206369789503,0,1,1,,False,True,gene_knockout_3_round_test|v33|s101|KO: G6397
gene_knockout_3_round_test,34,KO: EG10073,4.497133026628629e-05,3.883424854620514e-05,1.9174948037390013e-05,8.512950511686243e-05,410.2856737015263,272.40449524612586,482.6551264910854,0.6639385986562476,19293.0,50,8,growth_rate_summary_gene_knockout_102trails_seed101_all.csv,101,EG10073,KO,EG10073,0.16189678895863063,0.16189678895863063,410.2856737015263,0,1,1,,False,True,gene_knockout_3_round_test|v34|s101|KO: EG10073
gene_knockout_3_round_test,35,KO: EG10137,0.000201985141744,0.0002268389146575,7.972716171140335e-05,0.0002878346577827,410.0416793997076,632.8281285343894,702.2855925517658,1.543326350289162,22721.0,62,8,growth_rate_summary_gene_knockout_102trails_seed101_all.csv,101,EG10137,KO,EG10137,0.7271465102784,0.7271465102784,410.0416793997076,0,1,1,,False,True,gene_knockout_3_round_test|v35|s101|KO: EG10137
gene_knockout_3_round_test,36,KO: EG10361,0.0002054118279794,0.00022703535946,8.374955173556369e-05,0.0002930656873092,411.2356109513536,752.571180874542,752.571180874542,1.830024348167567,22886.0,60,8,growth_rate_summary_gene_knockout_102trails_seed101_all.csv,101,EG10361,KO,EG10361,0.73948258072584,0.73948258072584,411.2356109513536,0,1,1,,False,True,gene_knockout_3_round_test|v36|s101|KO: EG10361
gene_knockout_3_round_test,37,KO: EG10928,0.000187868743299,0.0002084673847677,7.450069567199326e-05,0.0002604695466305,410.4580948102033,553.7640481876067,657.5185343355115,1.3491366236635396,24038.0,65,8,growth_rate_summary_gene_knockout_102trails_seed101_all.csv,101,EG10928,KO,EG10928,0.6763274758764001,0.6763274758764001,410.4580948102033,0,1,1,,False,True,gene_knockout_3_round_test|v37|s101|KO: EG10928
gene_knockout_3_round_test,38,KO: EG10036,0.0001979602312648,0.0002207627781711,7.990175180492701e-05,0.0003181471609924,410.0633860053029,687.8585047378654,687.8585047378654,1.6774443371761314,23488.0,62,8,growth_rate_summary_gene_knockout_102trails_seed101_all.csv,101,EG10036,KO,EG10036,0.7126568325532799,0.7126568325532799,410.0633860053029,0,1,1,,False,True,gene_knockout_3_round_test|v38|s101|KO: EG10036
gene_knockout_3_round_test,39,KO: EG10774,3.535214019751586e-06,3.119741909216518e-06,2.6709702107073543e-06,1.1655743680721105e-05,409.9482868989014,216.17592909370157,417.043343500166,0.5273248748738236,13037.0,34,8,growth_rate_summary_gene_knockout_102trails_seed101_all.csv,101,EG10774,KO,EG10774,0.01272677047110571,0.01272677047110571,409.9482868989014,0,1,1,,False,True,gene_knockout_3_round_test|v39|s101|KO: EG10774
gene_knockout_3_round_test,40,KO: EG10118,0.0002016858116955,0.0002260700841136,8.152564468452838e-05,0.0002913248182433,410.3700667419967,606.4713488488969,728.1737118796771,1.4778644886645471,22974.0,62,8,growth_rate_summary_gene_knockout_102trails_seed101_all.csv,101,EG10118,KO,EG10118,0.7260689221037999,0.7260689221037999,410.3700667419967,0,1,1,,False,True,gene_knockout_3_round_test|v40|s101|KO: EG10118
gene_knockout_3_round_test,41,KO: EG11221,0.0002071659604061,0.0002314265993577,8.295226641066176e-05,0.0002920576558019,411.1272613400637,633.3685375888972,737.7092040295308,1.5405656524075808,22469.0,61,8,growth_rate_summary_gene_knockout_102trails_seed101_all.csv,101,EG11221,KO,EG11221,0.74579745746196,0.74579745746196,411.1272613400637,0,1,1,,False,True,gene_knockout_3_round_test|v41|s101|KO: EG11221
gene_knockout_3_round_test,42,KO: EG12713,0.0001943326670336,0.0002144733135528,7.742163067392837e-05,0.0002895408631825,409.4297550188047,573.9723652997016,678.9633167263496,1.401882394388604,23071.0,62,8,growth_rate_summary_gene_knockout_102trails_seed101_all.csv,101,EG12713,KO,EG12713,0.69959760132096,0.69959760132096,409.4297550188047,0,1,1,,False,True,gene_knockout_3_round_test|v42|s101|KO: EG12713
gene_knockout_3_round_test,43,KO: EG10095,0.0001953766147731,0.0002202234715831,7.853152248767411e-05,0.0002636939358733,411.0956599229156,609.117591437418,714.5618987179823,1.481693072487395,22684.0,61,8,growth_rate_summary_gene_knockout_102trails_seed101_all.csv,101,EG10095,KO,EG10095,0.70335581318316,0.70335581318316,411.0956599229156,0,1,1,,False,True,gene_knockout_3_round_test|v43|s101|KO: EG10095
gene_knockout_3_round_test,44,KO: G6775,0.0002072785116856,0.0002371398397691,8.707532868540481e-05,0.0003113550518314,410.4806134564944,653.0716673588895,719.6926244058,1.5909927191436204,21813.0,58,8,growth_rate_summary_gene_knockout_102trails_seed101_all.csv,101,G6775,KO,G6775,0.74620264206816,0.74620264206816,410.4806134564944,0,1,1,,False,True,gene_knockout_3_round_test|v44|s101|KO: G6775
gene_knockout_3_round_test,45,KO: EG10759,0.0002106032942292,0.0002362069069433,8.67686857314742e-05,0.0003085100689951,410.0578619884168,631.2996195325081,735.5499295787238,1.5395378995326785,21375.0,58,8,growth_rate_summary_gene_knockout_102trails_seed101_all.csv,101,EG10759,KO,EG10759,0.75817185922512,0.75817185922512,410.0578619884168,0,1,1,,False,True,gene_knockout_3_round_test|v45|s101|KO: EG10759
gene_knockout_3_round_test,46,KO: EG10791,0.0,0.0,0.0,0.0,410.04688568551467,410.04688568551467,410.04688568551467,1.0,0.0,1,8,growth_rate_summary_gene_knockout_102trails_seed101_all.csv,101,EG10791,KO,EG10791,0.0,0.0,410.04688568551467,0,1,1,,False,True,gene_knockout_3_round_test|v46|s101|KO: EG10791
gene_knockout_3_round_test,47,KO: G7859,0.0002024846473589,0.0002246728323058,8.099289182262081e-05,0.000298872575205,410.2130985928949,680.4361384607271,712.1714521102906,1.6587382041059784,23065.0,62,8,growth_rate_summary_gene_knockout_102trails_seed101_all.csv,101,G7859,KO,G7859,0.72894473049204,0.72894473049204,410.2130985928949,0,1,1,,False,True,gene_knockout_3_round_test|v47|s101|KO: G7859
gene_knockout_3_round_test,48,KO: EG11692,0.0002087264073467,0.0002367689682166,8.49604135561468e-05,0.0003405536703956,409.9440764945738,701.1937850789686,701.1937850789686,1.710462049055245,23026.0,62,8,growth_rate_summary_gene_knockout_102trails_seed101_all.csv,101,EG11692,KO,EG11692,0.75141506644812,0.75141506644812,409.9440764945738,0,1,1,,False,True,gene_knockout_3_round_test|v48|s101|KO: EG11692
gene_knockout_3_round_test,49,KO: EG10100,0.0002039896903817,0.0002293141717305,8.260155506060267e-05,0.0002922901048795,410.8296464324385,613.8438869708098,713.5618358898291,1.4941567442887966,22647.0,61,8,growth_rate_summary_gene_knockout_102trails_seed101_all.csv,101,EG10100,KO,EG10100,0.7343628853741201,0.7343628853741201,410.8296464324385,0,1,1,,False,True,gene_knockout_3_round_test|v49|s101|KO: EG10100
gene_knockout_3_round_test,50,KO: EG11699,0.0002026401531218,0.0002221958353614,8.503881300589665e-05,0.0003345465771272,411.0049906465305,577.6465629475026,732.1273471657862,1.4054490239615751,22068.0,59,8,growth_rate_summary_gene_knockout_102trails_seed101_all.csv,101,EG11699,KO,EG11699,0.7295045512384799,0.7295045512384799,411.0049906465305,0,1,1,,False,True,gene_knockout_3_round_test|v50|s101|KO: EG11699
gene_knockout_leftover,0,baseline,0.0001965355393885,0.0002216570059494,7.59664713194384e-05,0.000264870723181,410.10247695664816,671.6217691185796,671.6217691185796,1.6376925448064936,23784.0,64,8,growth_rate_summary_gene_knockout_leftover_seed101_all.csv,101,,baseline,,0.7075279417986,0.7075279417986,410.10247695664816,0,1,1,,False,True,gene_knockout_leftover|v0|s101|baseline
gene_knockout_leftover,1,KO: EG10016,0.0001872237560631,0.000203074874052,7.542066483645898e-05,0.00029729947861,411.029970304054,566.3701162997556,692.0435967753965,1.3779290008482612,24105.0,64,8,growth_rate_summary_gene_knockout_leftover_seed101_all.csv,101,EG10016,KO,EG10016,0.67400552182716,0.67400552182716,411.029970304054,0,1,1,,False,True,gene_knockout_leftover|v1|s101|KO: EG10016
gene_knockout_leftover,2,KO: G6941,0.0001960572942351,0.0002164025034517,7.803171663076708e-05,0.0002942737918039,409.8226799112483,670.253021514638,692.6383247961198,1.635470788634218,23888.0,63,8,growth_rate_summary_gene_knockout_leftover_seed101_all.csv,101,G6941,KO,G6941,0.7058062592463601,0.7058062592463601,409.8226799112483,0,1,1,,False,True,gene_knockout_leftover|v2|s101|KO: G6941
gene_knockout_leftover,3,KO: G6943,0.0001960572942351,0.0002164025034517,7.803171663076708e-05,0.0002942737918039,409.8226799112483,670.253021514638,692.6383247961198,1.635470788634218,23888.0,63,8,growth_rate_summary_gene_knockout_leftover_seed101_all.csv,101,G6943,KO,G6943,0.7058062592463601,0.7058062592463601,409.8226799112483,0,1,1,,False,True,gene_knockout_leftover|v3|s101|KO: G6943
gene_knockout_p_list,0,baseline,0.0001965355393885,0.0002216570059494,7.59664713194384e-05,0.000264870723181,410.10247695664816,671.6217691185796,671.6217691185796,1.6376925448064936,23784.0,64,8,growth_rate_summary_gene_knockout_102trails_seed101_all.csv,101,,baseline,,0.7075279417986,0.7075279417986,410.10247695664816,0,1,1,,False,True,gene_knockout_p_list|v0|s101|baseline
gene_knockout_p_list,1,KO: EG10196,0.0003467378909959,0.000107925098855,0.0004279195760528,0.0013431319924355,410.11098901179935,3788.830703701835,3788.830703701835,9.238549576131517,9800.0,26,8,growth_rate_summary_gene_knockout_102trails_seed101_all.csv,101,EG10196,KO,EG10196,1.24825640758524,1.24825640758524,410.11098901179935,0,1,1,,False,True,gene_knockout_p_list|v1|s101|KO: EG10196
gene_knockout_p_list,2,KO: EG10707,4.407064645997426e-05,3.852074868188661e-05,2.0651384631800157e-05,0.0001052477252118,411.0027028713422,254.40647941608563,481.17299261902167,0.6189897965116874,19481.0,51,8,growth_rate_summary_gene_knockout_102trails_seed101_all.csv,101,EG10707,KO,EG10707,0.15865432725590733,0.15865432725590733,411.0027028713422,0,1,1,,False,True,gene_knockout_p_list|v2|s101|KO: EG10707
gene_knockout_p_list,3,KO: EG10864,0.0,0.0,0.0,0.0,409.5858674129844,409.5858674129844,409.5858674129844,1.0,0.0,1,8,growth_rate_summary_gene_knockout_102trails_seed101_all.csv,101,EG10864,KO,EG10864,0.0,0.0,409.5858674129844,0,1,1,,False,True,gene_knockout_p_list|v3|s101|KO: EG10864
gene_knockout_p_list,4,KO: EG10865,0.0,0.0,0.0,0.0,410.8779354753992,410.8779354753992,410.8779354753992,1.0,0.0,1,8,growth_rate_summary_gene_knockout_102trails_seed101_all.csv,101,EG10865,KO,EG10865,0.0,0.0,410.8779354753992,0,1,1,,False,True,gene_knockout_p_list|v4|s101|KO: EG10865
gene_knockout_p_list,5,KO: EG10866,0.0,0.0,0.0,0.0,410.8779354753992,410.8779354753992,410.8779354753992,1.0,0.0,1,8,growth_rate_summary_gene_knockout_102trails_seed101_all.csv,101,EG10866,KO,EG10866,0.0,0.0,410.8779354753992,0,1,1,,False,True,gene_knockout_p_list|v5|s101|KO: EG10866
gene_knockout_p_list,6,KO: EG10867,0.0,0.0,0.0,0.0,410.8779354753992,410.8779354753992,410.8779354753992,1.0,0.0,1,8,growth_rate_summary_gene_knockout_102trails_seed101_all.csv,101,EG10867,KO,EG10867,0.0,0.0,410.8779354753992,0,1,1,,False,True,gene_knockout_p_list|v6|s101|KO: EG10867
gene_knockout_p_list,7,KO: EG10868,0.0,0.0,0.0,0.0,410.7914726145543,410.7914726145543,410.7914726145543,1.0,0.0,1,8,growth_rate_summary_gene_knockout_102trails_seed101_all.csv,101,EG10868,KO,EG10868,0.0,0.0,410.7914726145543,0,1,1,,False,True,gene_knockout_p_list|v7|s101|KO: EG10868
gene_knockout_p_list,8,KO: EG10869,0.0,0.0,0.0,0.0,410.7914726145543,410.7914726145543,410.7914726145543,1.0,0.0,1,8,growth_rate_summary_gene_knockout_102trails_seed101_all.csv,101,EG10869,KO,EG10869,0.0,0.0,410.7914726145543,0,1,1,,False,True,gene_knockout_p_list|v8|s101|KO: EG10869
gene_knockout_p_list,9,KO: EG10870,0.0,0.0,0.0,0.0,409.3438931529323,409.3438931529323,409.3438931529323,1.0,0.0,1,8,growth_rate_summary_gene_knockout_102trails_seed101_all.csv,101,EG10870,KO,EG10870,0.0,0.0,409.3438931529323,0,1,1,,False,True,gene_knockout_p_list|v9|s101|KO: EG10870
gene_knockout_p_list,10,KO: EG10872,0.0,0.0,0.0,0.0,409.5858674129844,409.5858674129844,409.5858674129844,1.0,0.0,1,8,growth_rate_summary_gene_knockout_102trails_seed101_all.csv,101,EG10872,KO,EG10872,0.0,0.0,409.5858674129844,0,1,1,,False,True,gene_knockout_p_list|v10|s101|KO: EG10872
gene_knockout_p_list,11,KO: EG10874,0.0,0.0,0.0,0.0,409.5191727376547,409.5191727376547,409.5191727376547,1.0,0.0,1,8,growth_rate_summary_gene_knockout_102trails_seed101_all.csv,101,EG10874,KO,EG10874,0.0,0.0,409.5191727376547,0,1,1,,False,True,gene_knockout_p_list|v11|s101|KO: EG10874
gene_knockout_p_list,12,KO: EG10875,0.0,0.0,0.0,0.0,410.7914726145543,410.7914726145543,410.7914726145543,1.0,0.0,1,8,growth_rate_summary_gene_knockout_102trails_seed101_all.csv,101,EG10875,KO,EG10875,0.0,0.0,410.7914726145543,0,1,1,,False,True,gene_knockout_p_list|v12|s101|KO: EG10875
gene_knockout_p_list,13,KO: EG10876,0.0,0.0,0.0,0.0,410.7914726145543,410.7914726145543,410.7914726145543,1.0,0.0,1,8,growth_rate_summary_gene_knockout_102trails_seed101_all.csv,101,EG10876,KO,EG10876,0.0,0.0,410.7914726145543,0,1,1,,False,True,gene_knockout_p_list|v13|s101|KO: EG10876
gene_knockout_p_list,14,KO: EG10877,0.0,0.0,0.0,0.0,410.8779354753992,410.8779354753992,410.8779354753992,1.0,0.0,1,8,growth_rate_summary_gene_knockout_102trails_seed101_all.csv,101,EG10877,KO,EG10877,0.0,0.0,410.8779354753992,0,1,1,,False,True,gene_knockout_p_list|v14|s101|KO: EG10877
gene_knockout_p_list,15,KO: EG10879,0.0,0.0,0.0,0.0,410.7914726145543,410.7914726145543,410.7914726145543,1.0,0.0,1,8,growth_rate_summary_gene_knockout_102trails_seed101_all.csv,101,EG10879,KO,EG10879,0.0,0.0,410.7914726145543,0,1,1,,False,True,gene_knockout_p_list|v15|s101|KO: EG10879
gene_knockout_p_list,16,KO: EG10880,0.0,0.0,0.0,0.0,409.7764230653189,409.7764230653189,409.7764230653189,1.0,0.0,1,8,growth_rate_summary_gene_knockout_102trails_seed101_all.csv,101,EG10880,KO,EG10880,0.0,0.0,409.7764230653189,0,1,1,,False,True,gene_knockout_p_list|v16|s101|KO: EG10880
gene_knockout_p_list,17,KO: EG10881,0.0,0.0,0.0,0.0,409.6922864338886,409.6922864338886,409.6922864338886,1.0,0.0,1,8,growth_rate_summary_gene_knockout_102trails_seed101_all.csv,101,EG10881,KO,EG10881,0.0,0.0,409.6922864338886,0,1,1,,False,True,gene_knockout_p_list|v17|s101|KO: EG10881
gene_knockout_p_list,18,KO: EG10882,0.0,0.0,0.0,0.0,410.8779354753992,410.8779354753992,410.8779354753992,1.0,0.0,1,8,growth_rate_summary_gene_knockout_102trails_seed101_all.csv,101,EG10882,KO,EG10882,0.0,0.0,410.8779354753992,0,1,1,,False,True,gene_knockout_p_list|v18|s101|KO: EG10882
gene_knockout_p_list,19,KO: EG10883,0.0,0.0,0.0,0.0,410.8779354753992,410.8779354753992,410.8779354753992,1.0,0.0,1,8,growth_rate_summary_gene_knockout_102trails_seed101_all.csv,101,EG10883,KO,EG10883,0.0,0.0,410.8779354753992,0,1,1,,False,True,gene_knockout_p_list|v19|s101|KO: EG10883
gene_knockout_p_list,20,KO: EG10884,0.0,0.0,0.0,0.0,410.7914726145543,410.7914726145543,410.7914726145543,1.0,0.0,1,8,growth_rate_summary_gene_knockout_102trails_seed101_all.csv,101,EG10884,KO,EG10884,0.0,0.0,410.7914726145543,0,1,1,,False,True,gene_knockout_p_list|v20|s101|KO: EG10884
gene_knockout_p_list,21,KO: EG10885,0.0,0.0,0.0,0.0,409.9408804680397,409.9408804680397,409.9408804680397,1.0,0.0,1,8,growth_rate_summary_gene_knockout_102trails_seed101_all.csv,101,EG10885,KO,EG10885,0.0,0.0,409.9408804680397,0,1,1,,False,True,gene_knockout_p_list|v21|s101|KO: EG10885
gene_knockout_p_list,22,KO: EG10886,0.0,0.0,0.0,0.0,410.32910612367175,410.32910612367175,410.32910612367175,1.0,0.0,1,8,growth_rate_summary_gene_knockout_102trails_seed101_all.csv,101,EG10886,KO,EG10886,0.0,0.0,410.32910612367175,0,1,1,,False,True,gene_knockout_p_list|v22|s101|KO: EG10886
gene_knockout_p_list,23,KO: EG10887,0.0,0.0,0.0,0.0,410.8779354753992,410.8779354753992,410.8779354753992,1.0,0.0,1,8,growth_rate_summary_gene_knockout_102trails_seed101_all.csv,101,EG10887,KO,EG10887,0.0,0.0,410.8779354753992,0,1,1,,False,True,gene_knockout_p_list|v23|s101|KO: EG10887
gene_knockout_p_list,24,KO: EG10888,0.0,0.0,0.0,0.0,410.7914726145543,410.7914726145543,410.7914726145543,1.0,0.0,1,8,growth_rate_summary_gene_knockout_102trails_seed101_all.csv,101,EG10888,KO,EG10888,0.0,0.0,410.7914726145543,0,1,1,,False,True,gene_knockout_p_list|v24|s101|KO: EG10888
gene_knockout_p_list,25,KO: EG10889,0.0,0.0,0.0,0.0,410.32356272076095,410.32356272076095,410.32356272076095,1.0,0.0,1,8,growth_rate_summary_gene_knockout_102trails_seed101_all.csv,101,EG10889,KO,EG10889,0.0,0.0,410.32356272076095,0,1,1,,False,True,gene_knockout_p_list|v25|s101|KO: EG10889
gene_knockout_p_list,26,KO: EG10890,0.0,0.0,0.0,0.0,410.41057173307104,410.41057173307104,410.41057173307104,1.0,0.0,1,8,growth_rate_summary_gene_knockout_102trails_seed101_all.csv,101,EG10890,KO,EG10890,0.0,0.0,410.41057173307104,0,1,1,,False,True,gene_knockout_p_list|v26|s101|KO: EG10890
gene_knockout_p_list,27,KO: EG10891,0.0,0.0,0.0,0.0,410.32910612367175,410.32910612367175,410.32910612367175,1.0,0.0,1,8,growth_rate_summary_gene_knockout_102trails_seed101_all.csv,101,EG10891,KO,EG10891,0.0,0.0,410.32910612367175,0,1,1,,False,True,gene_knockout_p_list|v27|s101|KO: EG10891
gene_knockout_p_list,28,KO: EG10892,0.0,0.0,0.0,0.0,410.403140855997,410.403140855997,410.403140855997,1.0,0.0,1,8,growth_rate_summary_gene_knockout_102trails_seed101_all.csv,101,EG10892,KO,EG10892,0.0,0.0,410.403140855997,0,1,1,,False,True,gene_knockout_p_list|v28|s101|KO: EG10892
gene_knockout_p_list,29,KO: EG10900,0.0,0.0,0.0,0.0,409.7282140557607,409.7282140557607,409.7282140557607,1.0,0.0,1,8,growth_rate_summary_gene_knockout_102trails_seed101_all.csv,101,EG10900,KO,EG10900,0.0,0.0,409.7282140557607,0,1,1,,False,True,gene_knockout_p_list|v29|s101|KO: EG10900
gene_knockout_p_list,30,KO: EG10901,0.0,0.0,0.0,0.0,409.77208741775553,409.77208741775553,409.77208741775553,1.0,0.0,1,8,growth_rate_summary_gene_knockout_102trails_seed101_all.csv,101,EG10901,KO,EG10901,0.0,0.0,409.77208741775553,0,1,1,,False,True,gene_knockout_p_list|v30|s101|KO: EG10901
gene_knockout_p_list,31,KO: EG10902,0.0,0.0,0.0,0.0,410.8779354753992,410.8779354753992,410.8779354753992,1.0,0.0,1,8,growth_rate_summary_gene_knockout_102trails_seed101_all.csv,101,EG10902,KO,EG10902,0.0,0.0,410.8779354753992,0,1,1,,False,True,gene_knockout_p_list|v31|s101|KO: EG10902
gene_knockout_p_list,32,KO: EG10904,0.0,0.0,0.0,0.0,410.7914726145543,410.7914726145543,410.7914726145543,1.0,0.0,1,8,growth_rate_summary_gene_knockout_102trails_seed101_all.csv,101,EG10904,KO,EG10904,0.0,0.0,410.7914726145543,0,1,1,,False,True,gene_knockout_p_list|v32|s101|KO: EG10904
gene_knockout_p_list,33,KO: EG10905,0.0,0.0,0.0,0.0,409.3438931529323,409.3438931529323,409.3438931529323,1.0,0.0,1,8,growth_rate_summary_gene_knockout_102trails_seed101_all.csv,101,EG10905,KO,EG10905,0.0,0.0,409.3438931529323,0,1,1,,False,True,gene_knockout_p_list|v33|s101|KO: EG10905
gene_knockout_p_list,34,KO: EG10906,0.0,0.0,0.0,0.0,410.42202707368665,410.42202707368665,410.42202707368665,1.0,0.0,1,8,growth_rate_summary_gene_knockout_102trails_seed101_all.csv,101,EG10906,KO,EG10906,0.0,0.0,410.42202707368665,0,1,1,,False,True,gene_knockout_p_list|v34|s101|KO: EG10906
gene_knockout_p_list,35,KO: EG10907,0.0,0.0,0.0,0.0,410.7914726145543,410.7914726145543,410.7914726145543,1.0,0.0,1,8,growth_rate_summary_gene_knockout_102trails_seed101_all.csv,101,EG10907,KO,EG10907,0.0,0.0,410.7914726145543,0,1,1,,False,True,gene_knockout_p_list|v35|s101|KO: EG10907
gene_knockout_p_list,36,KO: EG10908,0.0,0.0,0.0,0.0,409.8126969179974,409.8126969179974,409.8126969179974,1.0,0.0,1,8,growth_rate_summary_gene_knockout_102trails_seed101_all.csv,101,EG10908,KO,EG10908,0.0,0.0,409.8126969179974,0,1,1,,False,True,gene_knockout_p_list|v36|s101|KO: EG10908
gene_knockout_p_list,37,KO: EG10909,0.0,0.0,0.0,0.0,410.8779354753992,410.8779354753992,410.8779354753992,1.0,0.0,1,8,growth_rate_summary_gene_knockout_102trails_seed101_all.csv,101,EG10909,KO,EG10909,0.0,0.0,410.8779354753992,0,1,1,,False,True,gene_knockout_p_list|v37|s101|KO: EG10909
gene_knockout_p_list,38,KO: EG10911,0.0,0.0,0.0,0.0,410.42202707368665,410.42202707368665,410.42202707368665,1.0,0.0,1,8,growth_rate_summary_gene_knockout_102trails_seed101_all.csv,101,EG10911,KO,EG10911,0.0,0.0,410.42202707368665,0,1,1,,False,True,gene_knockout_p_list|v38|s101|KO: EG10911
gene_knockout_p_list,39,KO: EG10913,0.0,0.0,0.0,0.0,410.7914726145543,410.7914726145543,410.7914726145543,1.0,0.0,1,8,growth_rate_summary_gene_knockout_102trails_seed101_all.csv,101,EG10913,KO,EG10913,0.0,0.0,410.7914726145543,0,1,1,,False,True,gene_knockout_p_list|v39|s101|KO: EG10913
gene_knockout_p_list,40,KO: EG10914,0.0,0.0,0.0,0.0,409.951213286775,409.951213286775,409.951213286775,1.0,0.0,1,8,growth_rate_summary_gene_knockout_102trails_seed101_all.csv,101,EG10914,KO,EG10914,0.0,0.0,409.951213286775,0,1,1,,False,True,gene_knockout_p_list|v40|s101|KO: EG10914
gene_knockout_p_list,41,KO: EG10915,0.0,0.0,0.0,0.0,409.7764230653189,409.7764230653189,409.7764230653189,1.0,0.0,1,8,growth_rate_summary_gene_knockout_102trails_seed101_all.csv,101,EG10915,KO,EG10915,0.0,0.0,409.7764230653189,0,1,1,,False,True,gene_knockout_p_list|v41|s101|KO: EG10915
gene_knockout_p_list,42,KO: EG10916,0.0,0.0,0.0,0.0,410.8779354753992,410.8779354753992,410.8779354753992,1.0,0.0,1,8,growth_rate_summary_gene_knockout_102trails_seed101_all.csv,101,EG10916,KO,EG10916,0.0,0.0,410.8779354753992,0,1,1,,False,True,gene_knockout_p_list|v42|s101|KO: EG10916
gene_knockout_p_list,43,KO: EG10917,0.0,0.0,0.0,0.0,409.3438931529323,409.3438931529323,409.3438931529323,1.0,0.0,1,8,growth_rate_summary_gene_knockout_102trails_seed101_all.csv,101,EG10917,KO,EG10917,0.0,0.0,409.3438931529323,0,1,1,,False,True,gene_knockout_p_list|v43|s101|KO: EG10917
gene_knockout_p_list,44,KO: EG10918,0.0,0.0,0.0,0.0,410.8779354753992,410.8779354753992,410.8779354753992,1.0,0.0,1,8,growth_rate_summary_gene_knockout_102trails_seed101_all.csv,101,EG10918,KO,EG10918,0.0,0.0,410.8779354753992,0,1,1,,False,True,gene_knockout_p_list|v44|s101|KO: EG10918
gene_knockout_p_list,45,KO: EG10919,0.0,0.0,0.0,0.0,409.49867558366896,409.49867558366896,409.49867558366896,1.0,0.0,1,8,growth_rate_summary_gene_knockout_102trails_seed101_all.csv,101,EG10919,KO,EG10919,0.0,0.0,409.49867558366896,0,1,1,,False,True,gene_knockout_p_list|v45|s101|KO: EG10919
gene_knockout_p_list,46,KO: EG10920,0.0,0.0,0.0,0.0,409.4452004179375,409.4452004179375,409.4452004179375,1.0,0.0,1,8,growth_rate_summary_gene_knockout_102trails_seed101_all.csv,101,EG10920,KO,EG10920,0.0,0.0,409.4452004179375,0,1,1,,False,True,gene_knockout_p_list|v46|s101|KO: EG10920
gene_knockout_p_list,47,KO: EG11024,4.414260313440099e-05,3.6680662970436085e-05,2.0640677315858607e-05,0.0001080790999283,410.9656831796423,257.6660074594089,483.9935729093954,0.6269769423710674,19385.0,50,8,growth_rate_summary_gene_knockout_102trails_seed101_all.csv,101,EG11024,KO,EG11024,0.15891337128384356,0.15891337128384356,410.9656831796423,0,1,1,,False,True,gene_knockout_p_list|v47|s101|KO: EG11024
gene_knockout_p_list,48,KO: EG11026,4.414260313440099e-05,3.6680662970436085e-05,2.0640677315858607e-05,0.0001080790999283,410.9656831796423,257.6660074594089,483.9935729093954,0.6269769423710674,19385.0,50,8,growth_rate_summary_gene_knockout_102trails_seed101_all.csv,101,EG11026,KO,EG11026,0.15891337128384356,0.15891337128384356,410.9656831796423,0,1,1,,False,True,gene_knockout_p_list|v48|s101|KO: EG11026
gene_knockout_p_list,49,KO: EG11231,0.0,0.0,0.0,0.0,410.3628232041124,410.3628232041124,410.3628232041124,1.0,0.0,1,8,growth_rate_summary_gene_knockout_102trails_seed101_all.csv,101,EG11231,KO,EG11231,0.0,0.0,410.3628232041124,0,1,1,,False,True,gene_knockout_p_list|v49|s101|KO: EG11231
gene_knockout_p_list,50,KO: EG11232,0.0,0.0,0.0,0.0,410.52358775835535,410.52358775835535,410.52358775835535,1.0,0.0,1,8,growth_rate_summary_gene_knockout_102trails_seed101_all.csv,101,EG11232,KO,EG11232,0.0,0.0,410.52358775835535,0,1,1,,False,True,gene_knockout_p_list|v50|s101|KO: EG11232
gene_knockout_p_list,51,KO: EG50001,0.0,0.0,0.0,0.0,409.6563950314563,409.6563950314563,409.6563950314563,1.0,0.0,1,8,growth_rate_summary_gene_knockout_102trails_seed101_all.csv,101,EG50001,KO,EG50001,0.0,0.0,409.6563950314563,0,1,1,,False,True,gene_knockout_p_list|v51|s101|KO: EG50001
gene_knockout_p_list,52,KO: EG50002,0.0,0.0,0.0,0.0,409.6563950314563,409.6563950314563,409.6563950314563,1.0,0.0,1,8,growth_rate_summary_gene_knockout_102trails_seed101_all.csv,101,EG50002,KO,EG50002,0.0,0.0,409.6563950314563,0,1,1,,False,True,gene_knockout_p_list|v52|s101|KO: EG50002
