project,variant,label,mean_growth_rate,median_growth_rate,std_growth_rate,max_growth_rate,initial_dry_mass,final_dry_mass,max_dry_mass,fold_change_mass,duration_sec,n_timepoints,generations_used,source_file,lineage_seed,gene_extracted,ko_tu_id,run_type
gene_knockout_TU_ID_rest_list_rerun,1,KO: EG10214_RNA[c],0.0001915665925486,0.0001919221361201,3.550933923859747e-05,0.0002913303677438,365.9558720748554,530.4899487914379,687.3455854346848,1.4496008652183272,27001.0,1354,8,growth_rate_summary_gene_knockout_TU_ID_rest_list_rerun12_seed10_all.csv,10,EG10214_RNA[c],EG10214_RNA[c],KO
gene_knockout_TU_ID_rest_list_rerun,2,KO: EG10383_RNA[c],8.535867593813139e-05,8.699639925595788e-05,4.326524893865691e-05,0.000140728727601,365.9751743528458,374.8307812222956,374.8307812222956,1.0241972884775838,280.0,15,8,growth_rate_summary_gene_knockout_TU_ID_rest_list_rerun12_seed10_all.csv,10,EG10383_RNA[c],EG10383_RNA[c],KO
gene_knockout_TU_ID_rest_list_rerun,3,KO: EG10982_RNA[c],0.0002092176149444,0.0002033554768623,4.878982976787008e-05,0.0007586701001328,366.0585048269513,639.7316313473855,720.5908462408822,1.7476212761394767,25692.0,1290,8,growth_rate_summary_gene_knockout_TU_ID_rest_list_rerun12_seed10_all.csv,10,EG10982_RNA[c],EG10982_RNA[c],KO
gene_knockout_TU_ID_rest_list_rerun,4,KO: EG12662_RNA[c],0.0002352347843429,0.0002368699477298,4.441896000456243e-05,0.0005907502901529,366.0284043329239,593.0819773566323,740.2838631615989,1.6203168124001386,22502.0,1129,8,growth_rate_summary_gene_knockout_TU_ID_rest_list_rerun12_seed10_all.csv,10,EG12662_RNA[c],EG12662_RNA[c],KO
gene_knockout_TU_ID_rest_list_rerun,5,KO: EG12663_RNA[c],0.0002191190021977,0.0002152504107907,3.61698745057575e-05,0.0003340942917168,366.0407421321289,557.7889220485129,745.6006262173157,1.5238438180391654,23898.0,1197,8,growth_rate_summary_gene_knockout_TU_ID_rest_list_rerun12_seed10_all.csv,10,EG12663_RNA[c],EG12663_RNA[c],KO
gene_knockout_TU_ID_rest_list_rerun,6,KO: TU0-1021[c],2.024322685794556e-05,3.691756322587764e-06,4.2999532206294754e-05,0.0001663600135294,366.2541719886573,240.80408269327145,466.4988765569146,0.6574780606205054,13472.0,675,8,growth_rate_summary_gene_knockout_TU_ID_rest_list_rerun12_seed10_all.csv,10,TU0-1021[c],TU0-1021[c],KO
gene_knockout_TU_ID_rest_list_rerun,7,KO: TU0-1063[c],0.0002326845625327,0.0002355270808537,3.3352115484306907e-05,0.0003330550434611,366.2387854227893,582.0854984560424,743.6477483903363,1.5893606074082998,22724.0,1140,8,growth_rate_summary_gene_knockout_TU_ID_rest_list_rerun12_seed10_all.csv,10,TU0-1063[c],TU0-1063[c],KO
gene_knockout_TU_ID_rest_list_rerun,8,KO: TU0-12797[c],0.0002150775543594,0.0002185238459981,4.311928577676834e-05,0.0005737821260807,366.2207450099576,534.9869961952816,703.6170967230571,1.4608320350086537,24125.0,1209,8,growth_rate_summary_gene_knockout_TU_ID_rest_list_rerun12_seed10_all.csv,10,TU0-12797[c],TU0-12797[c],KO
gene_knockout_TU_ID_rest_list_rerun,9,KO: TU0-12810[c],0.0002180241883814,0.000219902847996,2.457294114646916e-05,0.0003004299293506,365.9361378900751,614.0353032302505,677.2036207146136,1.677984871269267,24564.0,1233,8,growth_rate_summary_gene_knockout_TU_ID_rest_list_rerun12_seed10_all.csv,10,TU0-12810[c],TU0-12810[c],KO
gene_knockout_TU_ID_rest_list_rerun,10,KO: TU0-12812[c],0.0002122090899416,0.0002085778213212,3.359319162562748e-05,0.0002991355269083,366.1665468993972,638.0374223689255,726.8623691862233,1.74247873753531,25310.0,1270,8,growth_rate_summary_gene_knockout_TU_ID_rest_list_rerun12_seed10_all.csv,10,TU0-12812[c],TU0-12812[c],KO
gene_knockout_TU_ID_rest_list_rerun,11,KO: TU0-12827[c],0.0002151587249559,0.000214142993082,4.2594886616259576e-05,0.0005888681108388,366.1736937876508,661.2863213099886,682.3857286117818,1.805936178729097,25064.0,1257,8,growth_rate_summary_gene_knockout_TU_ID_rest_list_rerun12_seed10_all.csv,10,TU0-12827[c],TU0-12827[c],KO
gene_knockout_TU_ID_rest_list_rerun,12,KO: TU0-12831[c],0.0002286431509444,0.0002284020658452,2.6701171580584217e-05,0.0003089812935167,366.0001439161633,655.6829756701868,717.0223414679328,1.7914828356471324,23585.0,1183,8,growth_rate_summary_gene_knockout_TU_ID_rest_list_rerun12_seed10_all.csv,10,TU0-12831[c],TU0-12831[c],KO
gene_knockout_TU_ID_rest_list_rerun,13,KO: TU0-12833[c],0.0002306710437526,0.0002291156608496,3.378412419271244e-05,0.0003131442920374,365.9880788017223,652.8308281183274,754.2181238625831,1.7837488867280975,23455.0,1177,8,growth_rate_summary_gene_knockout_TU_ID_rest_list_rerun12_seed10_all.csv,10,TU0-12833[c],TU0-12833[c],KO
gene_knockout_TU_ID_rest_list_rerun,14,KO: TU0-12921[c],0.0002365373222662,0.0002362409064997,3.608728986795322e-05,0.0003263372611227,366.2393139614974,758.462160209041,767.9151862849178,2.0709468680600955,23432.0,1176,8,growth_rate_summary_gene_knockout_TU_ID_rest_list_rerun12_seed10_all.csv,10,TU0-12921[c],TU0-12921[c],KO
gene_knockout_TU_ID_rest_list_rerun,15,KO: TU0-12924[c],0.0002292707196996,0.0002344084689517,2.984018481482883e-05,0.0002915411779575,366.29739340520007,594.0015677668996,719.733182320115,1.621637441219277,23159.0,1162,8,growth_rate_summary_gene_knockout_TU_ID_rest_list_rerun12_seed10_all.csv,10,TU0-12924[c],TU0-12924[c],KO
gene_knockout_TU_ID_rest_list_rerun,16,KO: TU0-12942[c],0.0002406966205763,0.0002413483746443,3.0279937531569007e-05,0.0006352414151744,366.2297997734584,689.8279879388572,733.9442498555209,1.8835932749480504,22480.0,1127,8,growth_rate_summary_gene_knockout_TU_ID_rest_list_rerun12_seed10_all.csv,10,TU0-12942[c],TU0-12942[c],KO
gene_knockout_TU_ID_rest_list_rerun,17,KO: TU0-12947[c],0.0002131620427694,0.0002118564588805,2.8987733924021985e-05,0.0003504349808313,366.2050144917888,609.2265150897567,715.5693666872244,1.6636214442208763,24840.0,1247,8,growth_rate_summary_gene_knockout_TU_ID_rest_list_rerun12_seed10_all.csv,10,TU0-12947[c],TU0-12947[c],KO
gene_knockout_TU_ID_rest_list_rerun,18,KO: TU0-12962[c],0.0002218432773689,0.0002230358394028,2.3499893651218685e-05,0.000287196276774,366.5304667958016,654.2438903441384,681.8046416078887,1.7849645516879378,24278.0,1218,8,growth_rate_summary_gene_knockout_TU_ID_rest_list_rerun12_seed10_all.csv,10,TU0-12962[c],TU0-12962[c],KO
gene_knockout_TU_ID_rest_list_rerun,19,KO: TU0-12963[c],0.0002263959284371,0.0002266079073241,2.6136059793261568e-05,0.0003091504601751,366.1464794284333,718.3470684016984,718.3470684016984,1.961911717744936,24251.0,1216,8,growth_rate_summary_gene_knockout_TU_ID_rest_list_rerun12_seed10_all.csv,10,TU0-12963[c],TU0-12963[c],KO
gene_knockout_TU_ID_rest_list_rerun,20,KO: TU0-13010[c],0.0002089570909765,0.000211620118321,2.4893194339652817e-05,0.0002727995920721,365.564852370992,616.136916580148,680.8941581789416,1.685438062723995,25528.0,1280,8,growth_rate_summary_gene_knockout_TU_ID_rest_list_rerun12_seed10_all.csv,10,TU0-13010[c],TU0-13010[c],KO
gene_knockout_TU_ID_rest_list_rerun,21,KO: TU0-13018[c],0.0002437822061013,0.0002450061515982,3.78124870242943e-05,0.0005856599749225,366.2151774993503,722.7245619016912,749.9150450521931,1.9734970211685816,22500.0,1129,8,growth_rate_summary_gene_knockout_TU_ID_rest_list_rerun12_seed10_all.csv,10,TU0-13018[c],TU0-13018[c],KO
gene_knockout_TU_ID_rest_list_rerun,22,KO: TU0-13066[c],0.0002365151194394,0.0002348410629778,3.503908224668012e-05,0.0005751721804858,366.1712153238441,719.9463011533726,719.9463011533726,1.9661466303861368,23212.0,1165,8,growth_rate_summary_gene_knockout_TU_ID_rest_list_rerun12_seed10_all.csv,10,TU0-13066[c],TU0-13066[c],KO
gene_knockout_TU_ID_rest_list_rerun,23,KO: TU0-13069[c],0.0002258917745983,0.0002254010289382,4.138777204756399e-05,0.0005592359303116,366.2542895747729,704.2902912938318,769.3450935665524,1.9229543826272293,24055.0,1207,8,growth_rate_summary_gene_knockout_TU_ID_rest_list_rerun12_seed10_all.csv,10,TU0-13069[c],TU0-13069[c],KO
gene_knockout_TU_ID_rest_list_rerun,24,KO: TU0-13078[c],0.0002254122934346,0.0002224562367802,3.024743972626796e-05,0.0003327726733971,366.261561913505,617.9754437423085,746.7892715529731,1.6872517020725404,23608.0,1184,8,growth_rate_summary_gene_knockout_TU_ID_rest_list_rerun12_seed10_all.csv,10,TU0-13078[c],TU0-13078[c],KO
gene_knockout_TU_ID_rest_list_rerun,25,KO: TU0-13080[c],0.0004314588875824,0.0001210242424273,0.0005900886587295,0.0032789006888931,366.0232361021433,8852.473654364992,8852.473654364992,24.18555102849973,10799.0,542,8,growth_rate_summary_gene_knockout_TU_ID_rest_list_rerun12_seed10_all.csv,10,TU0-13080[c],TU0-13080[c],KO
gene_knockout_TU_ID_rest_list_rerun,26,KO: TU0-13084[c],0.0002300820992821,0.0002304252961684,3.727711204593289e-05,0.0005937438398848,366.2096431395838,684.9252277003491,709.9028062515661,1.8703090989859168,23701.0,1188,8,growth_rate_summary_gene_knockout_TU_ID_rest_list_rerun12_seed10_all.csv,10,TU0-13084[c],TU0-13084[c],KO
gene_knockout_TU_ID_rest_list_rerun,27,KO: TU0-13087[c],0.0002268525051473,0.000227294064338,3.536361332010543e-05,0.0005834474196406,365.9821508142368,694.9531543366961,711.1684057062148,1.898871714892557,23905.0,1199,8,growth_rate_summary_gene_knockout_TU_ID_rest_list_rerun12_seed10_all.csv,10,TU0-13087[c],TU0-13087[c],KO
gene_knockout_TU_ID_rest_list_rerun,28,KO: TU0-13093[c],0.0004297060547416,0.0001413146286072,0.0005019238063835,0.0023579459568472,366.94432893862336,8947.178953095861,8947.178953095861,24.382932906948955,10596.0,532,8,growth_rate_summary_gene_knockout_TU_ID_rest_list_rerun12_seed10_all.csv,10,TU0-13093[c],TU0-13093[c],KO
gene_knockout_TU_ID_rest_list_rerun,29,KO: TU0-13100[c],0.0002257414162976,0.0002263992052827,2.926186022502569e-05,0.0002936565050392,366.220825581417,608.1419768876412,709.5135945716434,1.6605881872560009,23580.0,1183,8,growth_rate_summary_gene_knockout_TU_ID_rest_list_rerun12_seed10_all.csv,10,TU0-13100[c],TU0-13100[c],KO
gene_knockout_TU_ID_rest_list_rerun,30,KO: TU0-13106[c],0.0002337815212984,0.0002382156672448,3.002372640523949e-05,0.0003104914198552,365.8930484118507,688.0437638338119,730.8832563760334,1.8804504945372644,23251.0,1166,8,growth_rate_summary_gene_knockout_TU_ID_rest_list_rerun12_seed10_all.csv,10,TU0-13106[c],TU0-13106[c],KO
gene_knockout_TU_ID_rest_list_rerun,31,KO: TU0-13135[c],0.0002599656474205,0.0002646793560516,2.423097317503531e-05,0.0002969698808274,366.1028361133358,5339.230176070701,5339.230176070701,14.583962890737665,12932.0,648,8,growth_rate_summary_gene_knockout_TU_ID_rest_list_rerun12_seed10_all.csv,10,TU0-13135[c],TU0-13135[c],KO
gene_knockout_TU_ID_rest_list_rerun,32,KO: TU0-13182[c],0.0002428291645924,0.0002422541549391,3.814681282292304e-05,0.0005980618885704,366.2305645244153,691.7342040188944,754.2106973912616,1.888794303438808,22470.0,1127,8,growth_rate_summary_gene_knockout_TU_ID_rest_list_rerun12_seed10_all.csv,10,TU0-13182[c],TU0-13182[c],KO
gene_knockout_TU_ID_rest_list_rerun,33,KO: TU0-13189[c],0.0002339292223652,0.0002360743881853,2.9170968275920835e-05,0.000291488628762,366.2299495284267,667.1724154271078,762.0094435923149,1.8217308996333792,23126.0,1160,8,growth_rate_summary_gene_knockout_TU_ID_rest_list_rerun12_seed10_all.csv,10,TU0-13189[c],TU0-13189[c],KO
gene_knockout_TU_ID_rest_list_rerun,34,KO: TU0-13209[c],0.0002258728495529,0.0002374631051783,3.88642635665669e-05,0.0003084033557416,366.1401767398062,585.6054664738972,746.3174291415748,1.5994023701202609,23345.0,1171,8,growth_rate_summary_gene_knockout_TU_ID_rest_list_rerun12_seed10_all.csv,10,TU0-13209[c],TU0-13209[c],KO
gene_knockout_TU_ID_rest_list_rerun,35,KO: TU0-13215[c],0.0002425783740138,0.0002353473738627,4.258131745998443e-05,0.0006130742565202,365.9309994188594,655.60724417252,805.1854148054626,1.7916143896354777,22207.0,1113,8,growth_rate_summary_gene_knockout_TU_ID_rest_list_rerun12_seed10_all.csv,10,TU0-13215[c],TU0-13215[c],KO
gene_knockout_TU_ID_rest_list_rerun,36,KO: TU0-13350[c],0.0002445668791712,0.00023784355928,4.485013503098436e-05,0.0005852124073949,366.2120509005214,671.3489196696328,806.6450304100317,1.8332245430448693,22201.0,1115,8,growth_rate_summary_gene_knockout_TU_ID_rest_list_rerun12_seed10_all.csv,10,TU0-13350[c],TU0-13350[c],KO
gene_knockout_TU_ID_rest_list_rerun,37,KO: TU0-13373[c],0.0002174898652691,0.0002167706894027,2.8713690485735725e-05,0.0003687853577568,366.5998397797133,614.9738177341812,696.0724873929171,1.6775070553869138,24566.0,1233,8,growth_rate_summary_gene_knockout_TU_ID_rest_list_rerun12_seed10_all.csv,10,TU0-13373[c],TU0-13373[c],KO
gene_knockout_TU_ID_rest_list_rerun,38,KO: TU0-13440[c],0.0002340444123053,0.0002367313078311,2.57057760128695e-05,0.0003080885277834,366.1015735460464,698.0118505037174,708.8938583825079,1.9066070755796,23305.0,1168,8,growth_rate_summary_gene_knockout_TU_ID_rest_list_rerun12_seed10_all.csv,10,TU0-13440[c],TU0-13440[c],KO
gene_knockout_TU_ID_rest_list_rerun,39,KO: TU0-13444[c],0.0004099934250478,0.0001256826446926,0.0005262183034638,0.0030109857462044,366.22576533517497,7872.796287984296,7872.796287984296,21.497111981673388,10893.0,546,8,growth_rate_summary_gene_knockout_TU_ID_rest_list_rerun12_seed10_all.csv,10,TU0-13444[c],TU0-13444[c],KO
gene_knockout_TU_ID_rest_list_rerun,40,KO: TU0-13499[c],0.0002206566525529,0.0002181687648022,4.68570280887268e-05,0.0005881361478892,366.3631541211854,624.7318520768633,714.7977590877451,1.7052256621587412,24235.0,1216,8,growth_rate_summary_gene_knockout_TU_ID_rest_list_rerun12_seed10_all.csv,10,TU0-13499[c],TU0-13499[c],KO
gene_knockout_TU_ID_rest_list_rerun,41,KO: TU0-13514[c],0.0002557099988325,0.0002325872717031,0.0006800462880398,0.0231852681230541,366.01998437097166,638.7076760069058,820.3620775352679,1.7450076588155836,22763.0,1141,8,growth_rate_summary_gene_knockout_TU_ID_rest_list_rerun12_seed10_all.csv,10,TU0-13514[c],TU0-13514[c],KO
gene_knockout_TU_ID_rest_list_rerun,42,KO: TU0-13519[c],4.994850765310304e-05,4.243432849678977e-05,2.8720341199078474e-05,0.0002675839645736,365.95781429543024,280.3844423684212,449.3053365004257,0.7661660208246642,22475.0,1126,8,growth_rate_summary_gene_knockout_TU_ID_rest_list_rerun12_seed10_all.csv,10,TU0-13519[c],TU0-13519[c],KO
gene_knockout_TU_ID_rest_list_rerun,43,KO: TU0-13539[c],0.0002607238386744,0.0002564061165365,3.961362024647726e-05,0.0006162903712607,365.52285238767854,701.4268649185842,885.2584270503089,1.9189685688232736,20979.0,1053,8,growth_rate_summary_gene_knockout_TU_ID_rest_list_rerun12_seed10_all.csv,10,TU0-13539[c],TU0-13539[c],KO
gene_knockout_TU_ID_rest_list_rerun,44,KO: TU0-13552[c],0.0001989558185409,0.0002037887767307,3.356306860998065e-05,0.0002868119021347,366.3172664472497,551.277125763379,679.4973382597923,1.5049171203693827,26249.0,1315,8,growth_rate_summary_gene_knockout_TU_ID_rest_list_rerun12_seed10_all.csv,10,TU0-13552[c],TU0-13552[c],KO
gene_knockout_TU_ID_rest_list_rerun,45,KO: TU0-13565[c],0.0002362727959235,0.0002376062011276,2.7676387783811674e-05,0.0003210489945342,366.0085430369354,665.6314843430084,710.5826848167999,1.8186228081453195,22914.0,1149,8,growth_rate_summary_gene_knockout_TU_ID_rest_list_rerun12_seed10_all.csv,10,TU0-13565[c],TU0-13565[c],KO
gene_knockout_TU_ID_rest_list_rerun,46,KO: TU0-13580[c],0.0002404596277541,0.0002423609274907,2.7143458760509836e-05,0.0003023819311611,365.8761099543683,696.462197090272,742.8999452046621,1.9035465233768172,22672.0,1138,8,growth_rate_summary_gene_knockout_TU_ID_rest_list_rerun12_seed10_all.csv,10,TU0-13580[c],TU0-13580[c],KO
gene_knockout_TU_ID_rest_list_rerun,47,KO: TU0-13593[c],4.910611302182972e-05,4.40308248445322e-05,2.691195703644238e-05,0.0004927747362275,366.2308021943298,263.68942622298994,453.5886766189103,0.7200088704801808,21344.0,1069,8,growth_rate_summary_gene_knockout_TU_ID_rest_list_rerun12_seed10_all.csv,10,TU0-13593[c],TU0-13593[c],KO
gene_knockout_TU_ID_rest_list_rerun,48,KO: TU0-13627[c],0.0002249538621708,0.0002219196285795,4.18708466646331e-05,0.0010952790990866,365.9568102540403,623.1205715721228,737.2406146275046,1.7027161515031357,23479.0,1177,8,growth_rate_summary_gene_knockout_TU_ID_rest_list_rerun12_seed10_all.csv,10,TU0-13627[c],TU0-13627[c],KO
gene_knockout_TU_ID_rest_list_rerun,49,KO: TU0-13637[c],0.0002282475184083,0.0002391849710061,4.036168318997024e-05,0.0003448313073688,366.1094758784684,698.0584222242512,746.3496643029396,1.9066931292867568,23889.0,1199,8,growth_rate_summary_gene_knockout_TU_ID_rest_list_rerun12_seed10_all.csv,10,TU0-13637[c],TU0-13637[c],KO
gene_knockout_TU_ID_rest_list_rerun,50,KO: TU0-13642[c],4.815551688969684e-05,4.253546267253025e-05,2.022076950209665e-05,0.0001970915943648,366.2237787301409,256.5882716894632,457.5372816210356,0.7006324727989203,21226.0,1063,8,growth_rate_summary_gene_knockout_TU_ID_rest_list_rerun12_seed10_all.csv,10,TU0-13642[c],TU0-13642[c],KO
gene_knockout_TU_ID_rest_list_rerun,51,KO: TU0-13651[c],0.0002488749410459,0.000253582242781,2.790390664816416e-05,0.0002991917347894,366.2423560420872,676.1314919108838,1505.8767641896557,1.846131341054352,21837.0,1097,8,growth_rate_summary_gene_knockout_TU_ID_rest_list_rerun12_seed10_all.csv,10,TU0-13651[c],TU0-13651[c],KO
gene_knockout_TU_ID_rest_list_rerun,52,KO: TU0-13713[c],0.0002393818256754,0.0002390040553517,3.284555165030408e-05,0.0005752890362494,366.2146177453702,644.5623131344407,739.531199761045,1.760067135229993,22383.0,1123,8,growth_rate_summary_gene_knockout_TU_ID_rest_list_rerun12_seed10_all.csv,10,TU0-13713[c],TU0-13713[c],KO
gene_knockout_TU_ID_rest_list_rerun,53,KO: TU0-13736[c],0.0002227088521647,0.0002235747351997,2.9589884037235608e-05,0.0002850582898966,366.1652289028598,589.2656377057485,720.4786548202803,1.6092888979965796,23772.0,1193,8,growth_rate_summary_gene_knockout_TU_ID_rest_list_rerun12_seed10_all.csv,10,TU0-13736[c],TU0-13736[c],KO
gene_knockout_TU_ID_rest_list_rerun,54,KO: TU0-13741[c],0.0002290598973959,0.0002296239489241,3.2953199841809274e-05,0.0006078110520653,366.1738808140483,717.3418877145127,730.7058195916279,1.9590198135371533,23799.0,1194,8,growth_rate_summary_gene_knockout_TU_ID_rest_list_rerun12_seed10_all.csv,10,TU0-13741[c],TU0-13741[c],KO
gene_knockout_TU_ID_rest_list_rerun,55,KO: TU0-13783[c],0.0002025661869746,0.0002025297272643,3.368424512336101e-05,0.0003072099736657,366.0716859534766,611.1766092435594,699.3512482298765,1.669554441643522,26269.0,1319,8,growth_rate_summary_gene_knockout_TU_ID_rest_list_rerun12_seed10_all.csv,10,TU0-13783[c],TU0-13783[c],KO
gene_knockout_TU_ID_rest_list_rerun,56,KO: TU0-13785[c],0.0002293437308101,0.0002290964589175,3.7764962079791294e-05,0.0003447333715714,366.0807434701677,592.2766318393114,774.2833616167886,1.6178852409033546,23048.0,1156,8,growth_rate_summary_gene_knockout_TU_ID_rest_list_rerun12_seed10_all.csv,10,TU0-13785[c],TU0-13785[c],KO
gene_knockout_TU_ID_rest_list_rerun,57,KO: TU0-13792[c],0.0002327926038501,0.0002340857478707,2.747887675402413e-05,0.0003007712085104,365.5674814499925,649.4087601704471,712.3464814128704,1.7764401734930642,23182.0,1163,8,growth_rate_summary_gene_knockout_TU_ID_rest_list_rerun12_seed10_all.csv,10,TU0-13792[c],TU0-13792[c],KO
gene_knockout_TU_ID_rest_list_rerun,58,KO: TU0-13807[c],0.0002095977366675,0.000203121751094,3.235294918953392e-05,0.0003902383075479,366.17886190671857,704.0034486093632,716.1538813546449,1.922567143672818,26158.0,1311,8,growth_rate_summary_gene_knockout_TU_ID_rest_list_rerun12_seed10_all.csv,10,TU0-13807[c],TU0-13807[c],KO
gene_knockout_TU_ID_rest_list_rerun,59,KO: TU0-13823[c],0.0002264607708379,0.000225216526412,2.581824274247693e-05,0.0003299856448666,365.7044738814262,683.2138375210495,715.5028355954018,1.868212959687692,24083.0,1208,8,growth_rate_summary_gene_knockout_TU_ID_rest_list_rerun12_seed10_all.csv,10,TU0-13823[c],TU0-13823[c],KO
gene_knockout_TU_ID_rest_list_rerun,60,KO: TU0-13837[c],0.000250699878195,0.0002525278312918,4.153797348091147e-05,0.0005942803033087,366.1731828939157,708.1481153748568,797.1452401274623,1.933915831242112,21784.0,1094,8,growth_rate_summary_gene_knockout_TU_ID_rest_list_rerun12_seed10_all.csv,10,TU0-13837[c],TU0-13837[c],KO
gene_knockout_TU_ID_rest_list_rerun,61,KO: TU0-13839[c],0.0002189612498349,0.0002215592059823,3.145600827036956e-05,0.0003017928219697,366.1633282775082,651.2619154877896,699.2223156040272,1.7786104319933715,24753.0,1242,8,growth_rate_summary_gene_knockout_TU_ID_rest_list_rerun12_seed10_all.csv,10,TU0-13839[c],TU0-13839[c],KO
gene_knockout_TU_ID_rest_list_rerun,62,KO: TU0-13848[c],0.0002282342885806,0.0002251393195257,2.9471157978885625e-05,0.0003077973431329,366.1386700394052,619.5984611408464,726.5314529838879,1.6922508105307834,23418.0,1175,8,growth_rate_summary_gene_knockout_TU_ID_rest_list_rerun12_seed10_all.csv,10,TU0-13848[c],TU0-13848[c],KO
gene_knockout_TU_ID_rest_list_rerun,63,KO: TU0-13883[c],0.0002184378240498,0.0002147177873939,2.890060325276309e-05,0.0003022194196837,366.1693636467862,600.0529803852976,728.8696627533782,1.63873070758623,24442.0,1227,8,growth_rate_summary_gene_knockout_TU_ID_rest_list_rerun12_seed10_all.csv,10,TU0-13883[c],TU0-13883[c],KO
gene_knockout_TU_ID_rest_list_rerun,64,KO: TU0-13885[c],0.0002387069461271,0.0002378237643736,3.5814542047185247e-05,0.0005766439043585,366.1465077879533,699.7688828227772,729.1720583604904,1.9111718067458257,22877.0,1148,8,growth_rate_summary_gene_knockout_TU_ID_rest_list_rerun12_seed10_all.csv,10,TU0-13885[c],TU0-13885[c],KO
gene_knockout_TU_ID_rest_list_rerun,65,KO: TU0-13929[c],0.0002165817839851,0.0002174819579578,3.13443706187463e-05,0.0005964117204178,366.1913733807395,617.5067558580881,698.2013454578087,1.6862952017606625,24632.0,1236,8,growth_rate_summary_gene_knockout_TU_ID_rest_list_rerun12_seed10_all.csv,10,TU0-13929[c],TU0-13929[c],KO
gene_knockout_TU_ID_rest_list_rerun,66,KO: TU0-13935[c],4.799224847140412e-05,4.068924283394179e-05,2.077686884977408e-05,0.0002065878387062,366.1530349454039,254.4909990656031,458.22598467981175,0.6950399826770508,20970.0,1050,8,growth_rate_summary_gene_knockout_TU_ID_rest_list_rerun12_seed10_all.csv,10,TU0-13935[c],TU0-13935[c],KO
gene_knockout_TU_ID_rest_list_rerun,67,KO: TU0-13984[c],0.0002242745322148,0.0002115377575002,0.0005508033140503,0.0200063269310004,366.0512989265567,704.3575148124582,720.2466184186706,1.9242043857732036,25892.0,1298,8,growth_rate_summary_gene_knockout_TU_ID_rest_list_rerun12_seed10_all.csv,10,TU0-13984[c],TU0-13984[c],KO
gene_knockout_TU_ID_rest_list_rerun,68,KO: TU0-14004[c],0.0001138856392456,0.0001125874152441,2.1506285626909928e-05,0.0001753672958907,366.1535981694029,544.878911126689,544.878911126689,1.488115681098941,3480.0,175,8,growth_rate_summary_gene_knockout_TU_ID_rest_list_rerun12_seed10_all.csv,10,TU0-14004[c],TU0-14004[c],KO
gene_knockout_TU_ID_rest_list_rerun,69,KO: TU0-14018[c],0.000255559614471,0.0002536391114004,6.449585267177098e-05,0.0017488019738652,366.19087326361694,675.8781854678607,781.9523411641665,1.845699155318115,21156.0,1062,8,growth_rate_summary_gene_knockout_TU_ID_rest_list_rerun12_seed10_all.csv,10,TU0-14018[c],TU0-14018[c],KO
gene_knockout_TU_ID_rest_list_rerun,70,KO: TU0-14042[c],4.759701437786661e-05,4.2710737785352725e-05,2.150050389963696e-05,0.0002244837531609,366.0842890091484,250.48339776069088,457.91512180445625,0.6842232930526864,21269.0,1065,8,growth_rate_summary_gene_knockout_TU_ID_rest_list_rerun12_seed10_all.csv,10,TU0-14042[c],TU0-14042[c],KO
gene_knockout_TU_ID_rest_list_rerun,71,KO: TU0-14049[c],0.000222742510416,0.0002227588412587,2.930260001702299e-05,0.0006077815498293,365.74661638378495,622.9359744692968,718.4181158957067,1.7031899860848967,23802.0,1193,8,growth_rate_summary_gene_knockout_TU_ID_rest_list_rerun12_seed10_all.csv,10,TU0-14049[c],TU0-14049[c],KO
gene_knockout_TU_ID_rest_list_rerun,72,KO: TU0-14070[c],0.000228309428254,0.0002296823642704,2.950901746461398e-05,0.0003465796672185,366.09634304224414,607.5498311005988,748.8965380002626,1.6595353727160644,23249.0,1166,8,growth_rate_summary_gene_knockout_TU_ID_rest_list_rerun12_seed10_all.csv,10,TU0-14070[c],TU0-14070[c],KO
gene_knockout_TU_ID_rest_list_rerun,73,KO: TU0-14099[c],0.0002237202644862,0.0002200133324475,2.8544255306262845e-05,0.0003082929502345,366.1080836764087,627.2378244274066,739.7777460423711,1.7132586042044409,24039.0,1205,8,growth_rate_summary_gene_knockout_TU_ID_rest_list_rerun12_seed10_all.csv,10,TU0-14099[c],TU0-14099[c],KO
gene_knockout_TU_ID_rest_list_rerun,74,KO: TU0-14120[c],0.000238381527531,0.0002402794889858,3.927208393032987e-05,0.0006085738357855,365.89992601998256,638.483747078398,749.2030316207984,1.7449682322251387,22410.0,1126,8,growth_rate_summary_gene_knockout_TU_ID_rest_list_rerun12_seed10_all.csv,10,TU0-14120[c],TU0-14120[c],KO
gene_knockout_TU_ID_rest_list_rerun,75,KO: TU0-14121[c],0.0002028060654898,0.0002012528548914,3.6854507552755626e-05,0.0005764355848976,365.9078301953243,625.0085531828138,668.3787695928215,1.7081037944697155,26234.0,1316,8,growth_rate_summary_gene_knockout_TU_ID_rest_list_rerun12_seed10_all.csv,10,TU0-14121[c],TU0-14121[c],KO
gene_knockout_TU_ID_rest_list_rerun,76,KO: TU0-14151[c],0.000234237167384,0.0002329521792247,3.559640030951441e-05,0.0006930726831316,366.1132304239633,675.7740390743243,739.0852652515182,1.845806113840164,23008.0,1154,8,growth_rate_summary_gene_knockout_TU_ID_rest_list_rerun12_seed10_all.csv,10,TU0-14151[c],TU0-14151[c],KO
gene_knockout_TU_ID_rest_list_rerun,77,KO: TU0-14158[c],0.0002286920827157,0.0002253555692848,3.3724177755164745e-05,0.0003391288652803,365.91765161876776,731.7337805296588,731.7337805296588,1.9997225531279303,24082.0,1207,8,growth_rate_summary_gene_knockout_TU_ID_rest_list_rerun12_seed10_all.csv,10,TU0-14158[c],TU0-14158[c],KO
gene_knockout_TU_ID_rest_list_rerun,78,KO: TU0-14159[c],0.0001986945847301,0.0001958023131926,4.727267573368815e-05,0.0003359511805573,366.09403099092833,476.6836299922773,729.191518206155,1.3020797654143923,25608.0,1285,8,growth_rate_summary_gene_knockout_TU_ID_rest_list_rerun12_seed10_all.csv,10,TU0-14159[c],TU0-14159[c],KO
gene_knockout_TU_ID_rest_list_rerun,79,KO: TU0-14161[c],0.000222388527954,0.0002186716520766,3.1482745899623975e-05,0.0004702472328604,365.9066503667266,642.5291476652883,748.2063831727444,1.755991991458257,24038.0,1206,8,growth_rate_summary_gene_knockout_TU_ID_rest_list_rerun12_seed10_all.csv,10,TU0-14161[c],TU0-14161[c],KO
gene_knockout_TU_ID_rest_list_rerun,80,KO: TU0-14162[c],0.0002220985485654,0.0002242920746082,4.918292724690671e-05,0.0005457036829091,366.1158538946461,567.8817056549972,754.488261652423,1.551098373954632,23581.0,1184,8,growth_rate_summary_gene_knockout_TU_ID_rest_list_rerun12_seed10_all.csv,10,TU0-14162[c],TU0-14162[c],KO
gene_knockout_TU_ID_rest_list_rerun,81,KO: TU0-14176[c],0.000226281055034,0.0002327367509245,4.285615493967064e-05,0.0003336342908332,365.8795560631168,690.2505142087944,756.1215285536848,1.8865511963443,24038.0,1206,8,growth_rate_summary_gene_knockout_TU_ID_rest_list_rerun12_seed10_all.csv,10,TU0-14176[c],TU0-14176[c],KO
gene_knockout_TU_ID_rest_list_rerun,82,KO: TU0-14192[c],0.0002324105529677,0.0002301496611589,4.229730423188858e-05,0.0012898122186518,366.0796337051597,631.3394016778898,726.8552667047893,1.7245958079885155,22985.0,1153,8,growth_rate_summary_gene_knockout_TU_ID_rest_list_rerun12_seed10_all.csv,10,TU0-14192[c],TU0-14192[c],KO
gene_knockout_TU_ID_rest_list_rerun,83,KO: TU0-14225[c],0.0002163503329897,0.0002164436684927,3.675220643462264e-05,0.0003104562624083,365.58685335047744,682.4904428362768,748.7123804873747,1.8668352994137705,25096.0,1259,8,growth_rate_summary_gene_knockout_TU_ID_rest_list_rerun12_seed10_all.csv,10,TU0-14225[c],TU0-14225[c],KO
gene_knockout_TU_ID_rest_list_rerun,84,KO: TU0-14254[c],0.0002164390260795,0.0002155377894575,2.990109718884096e-05,0.0003152454155945,366.1310213832302,585.5830567905896,704.4421117567219,1.5993811575382968,24414.0,1225,8,growth_rate_summary_gene_knockout_TU_ID_rest_list_rerun12_seed10_all.csv,10,TU0-14254[c],TU0-14254[c],KO
gene_knockout_TU_ID_rest_list_rerun,85,KO: TU0-14257[c],0.0004207879878986,0.0001323360203196,0.0005387495150676,0.0030351630547971,365.8372651497192,7681.885115315614,7681.885115315614,20.998093543509835,10585.0,531,8,growth_rate_summary_gene_knockout_TU_ID_rest_list_rerun12_seed10_all.csv,10,TU0-14257[c],TU0-14257[c],KO
gene_knockout_TU_ID_rest_list_rerun,86,KO: TU0-14290[c],0.0002404596277541,0.0002423609274907,2.7143458760509836e-05,0.0003023819311611,365.8761099543683,696.462197090272,742.8999452046621,1.9035465233768172,22672.0,1138,8,growth_rate_summary_gene_knockout_TU_ID_rest_list_rerun12_seed10_all.csv,10,TU0-14290[c],TU0-14290[c],KO
gene_knockout_TU_ID_rest_list_rerun,87,KO: TU0-14291[c],0.0002188740076691,0.0002189493050656,3.635880387904546e-05,0.0005974104618987,365.968846292286,632.1184201896767,682.2846164907482,1.7272465309378455,24546.0,1232,8,growth_rate_summary_gene_knockout_TU_ID_rest_list_rerun12_seed10_all.csv,10,TU0-14291[c],TU0-14291[c],KO
gene_knockout_TU_ID_rest_list_rerun,88,KO: TU0-14313[c],0.0002405628393316,0.0002412561610632,2.9958686990374747e-05,0.000312846351328,366.1504695888881,761.0848644589153,761.0848644589153,2.0786122855815465,23114.0,1161,8,growth_rate_summary_gene_knockout_TU_ID_rest_list_rerun12_seed10_all.csv,10,TU0-14313[c],TU0-14313[c],KO
gene_knockout_TU_ID_rest_list_rerun,89,KO: TU0-14356[c],0.0002227487276249,0.0002321130198712,4.1541618086303263e-05,0.0007656586073771,366.0998824472532,523.1086003064884,728.0142568456185,1.4288685284728453,23163.0,1162,8,growth_rate_summary_gene_knockout_TU_ID_rest_list_rerun12_seed10_all.csv,10,TU0-14356[c],TU0-14356[c],KO
gene_knockout_TU_ID_rest_list_rerun,90,KO: TU0-14366[c],0.0002337962418399,0.0002364686485696,3.8815730687496674e-05,0.0003328496838545,366.1279529815892,601.2658401394012,770.425817412932,1.6422287215246745,22487.0,1128,8,growth_rate_summary_gene_knockout_TU_ID_rest_list_rerun12_seed10_all.csv,10,TU0-14366[c],TU0-14366[c],KO
gene_knockout_TU_ID_rest_list_rerun,91,KO: TU0-14394[c],0.0002139411467814,0.0002124034178688,2.586671586665552e-05,0.0002868748239515,366.08424192983694,618.7382165138295,693.6006136541682,1.690152554100965,24943.0,1250,8,growth_rate_summary_gene_knockout_TU_ID_rest_list_rerun12_seed10_all.csv,10,TU0-14394[c],TU0-14394[c],KO
gene_knockout_TU_ID_rest_list_rerun,92,KO: TU0-14396[c],0.0002261943745379,0.0002231980423845,5.551214010742026e-05,0.0005764099690657,366.12615359758456,544.0246810262602,797.909077246798,1.4858940714303817,23023.0,1155,8,growth_rate_summary_gene_knockout_TU_ID_rest_list_rerun12_seed10_all.csv,10,TU0-14396[c],TU0-14396[c],KO
gene_knockout_TU_ID_rest_list_rerun,93,KO: TU0-14399[c],5.030480562674024e-05,4.504497129086082e-05,2.031189167662896e-05,0.0002144493169925,366.0820568301234,263.6287589024555,457.32057192535785,0.7201357017746153,21110.0,1057,8,growth_rate_summary_gene_knockout_TU_ID_rest_list_rerun12_seed10_all.csv,10,TU0-14399[c],TU0-14399[c],KO
gene_knockout_TU_ID_rest_list_rerun,94,KO: TU0-14415[c],0.0002297611137692,0.0002374203979993,3.7356992294737264e-05,0.0007719246816004,366.3282483869191,576.6349672210033,737.8464180468243,1.574093643501815,22990.0,1153,8,growth_rate_summary_gene_knockout_TU_ID_rest_list_rerun12_seed10_all.csv,10,TU0-14415[c],TU0-14415[c],KO
gene_knockout_TU_ID_rest_list_rerun,95,KO: TU0-14417[c],0.0002263277905933,0.0002273004414122,2.7608774130800974e-05,0.0005754835438066,366.1252703777108,653.7671089152791,726.6006443683661,1.7856377633830751,23686.0,1188,8,growth_rate_summary_gene_knockout_TU_ID_rest_list_rerun12_seed10_all.csv,10,TU0-14417[c],TU0-14417[c],KO
gene_knockout_TU_ID_rest_list_rerun,96,KO: TU0-14431[c],0.0002514613480336,0.0002444590858619,0.0003314390542766,0.0112637966921167,365.93610263832375,665.8756863984543,776.4244162877021,1.819650156400607,22290.0,1119,8,growth_rate_summary_gene_knockout_TU_ID_rest_list_rerun12_seed10_all.csv,10,TU0-14431[c],TU0-14431[c],KO
gene_knockout_TU_ID_rest_list_rerun,97,KO: TU0-14454[c],0.0002032967322652,0.0002049121812236,4.046473431403506e-05,0.0007524573420808,365.6933624906404,533.1067654892977,706.0650121531678,1.457797215291109,25460.0,1276,8,growth_rate_summary_gene_knockout_TU_ID_rest_list_rerun12_seed10_all.csv,10,TU0-14454[c],TU0-14454[c],KO
gene_knockout_TU_ID_rest_list_rerun,98,KO: TU0-14459[c],0.0001998451358199,0.0001999366451584,3.868538299092784e-05,0.0003077697587794,366.0605332298977,591.134847808436,713.5610417736832,1.614855451891025,26533.0,1331,8,growth_rate_summary_gene_knockout_TU_ID_rest_list_rerun12_seed10_all.csv,10,TU0-14459[c],TU0-14459[c],KO
gene_knockout_TU_ID_rest_list_rerun,99,KO: TU0-14467[c],0.000412339164208,0.0001226026402835,0.0005258766442933,0.002901752780897,366.1389999347792,7534.218434919421,7534.218434919421,20.57748132884369,10721.0,538,8,growth_rate_summary_gene_knockout_TU_ID_rest_list_rerun12_seed10_all.csv,10,TU0-14467[c],TU0-14467[c],KO
gene_knockout_TU_ID_rest_list_rerun,100,KO: TU0-14472[c],0.0002295828020044,0.0002326294619656,2.845883371976221e-05,0.0003076489375324,366.15176644407336,702.6043777542193,705.6006524174936,1.9188884013250729,23839.0,1195,8,growth_rate_summary_gene_knockout_TU_ID_rest_list_rerun12_seed10_all.csv,10,TU0-14472[c],TU0-14472[c],KO
gene_knockout_TU_ID_rest_list_rerun,101,KO: TU0-14474[c],0.0002270777580429,0.0002258769829098,3.341093220577881e-05,0.0003312055196306,365.9938138702012,745.8414887902766,745.8414887902766,2.0378527191576725,24276.0,1218,8,growth_rate_summary_gene_knockout_TU_ID_rest_list_rerun12_seed10_all.csv,10,TU0-14474[c],TU0-14474[c],KO
gene_knockout_TU_ID_rest_list_rerun,102,KO: TU0-14496[c],0.0002200033910465,0.0002273948451743,3.2957229149626625e-05,0.0004755380230727,365.995785341856,568.664097137648,704.408508725445,1.5537449334464086,23857.0,1196,8,growth_rate_summary_gene_knockout_TU_ID_rest_list_rerun12_seed10_all.csv,10,TU0-14496[c],TU0-14496[c],KO
gene_knockout_TU_ID_rest_list_rerun,103,KO: TU0-14506[c],0.0002115214751326,0.000214001393359,2.888943514141777e-05,0.0006689800590241,365.9956847917173,641.3641830993863,683.4734052799608,1.7523818169178065,25313.0,1270,8,growth_rate_summary_gene_knockout_TU_ID_rest_list_rerun12_seed10_all.csv,10,TU0-14506[c],TU0-14506[c],KO
gene_knockout_TU_ID_rest_list_rerun,104,KO: TU0-14509[c],0.0001965963612774,0.0001876432814998,4.592395271885736e-05,0.0003409244840313,365.930075406471,638.6345174135686,753.7440396068969,1.745236481872064,27336.0,1371,8,growth_rate_summary_gene_knockout_TU_ID_rest_list_rerun12_seed10_all.csv,10,TU0-14509[c],TU0-14509[c],KO
gene_knockout_TU_ID_rest_list_rerun,105,KO: TU0-14511[c],0.0002276006648271,0.0002327888354445,2.7316019020158923e-05,0.0002853614445268,365.9956344200432,656.7587232876319,704.3107711902851,1.794444145019194,23683.0,1189,8,growth_rate_summary_gene_knockout_TU_ID_rest_list_rerun12_seed10_all.csv,10,TU0-14511[c],TU0-14511[c],KO
gene_knockout_TU_ID_rest_list_rerun,106,KO: TU0-14513[c],0.0002245133084909,0.0002222427847003,2.92504624056634e-05,0.0003002680577603,365.95887359414905,631.991501002497,715.5723507757193,1.726946787204783,23910.0,1201,8,growth_rate_summary_gene_knockout_TU_ID_rest_list_rerun12_seed10_all.csv,10,TU0-14513[c],TU0-14513[c],KO
gene_knockout_TU_ID_rest_list_rerun,107,KO: TU0-14521[c],0.0002235489251504,0.0002258667645961,3.03207653515402e-05,0.0003171802180254,366.0052043122522,663.4368725801794,709.8950322784947,1.81264327600702,24199.0,1214,8,growth_rate_summary_gene_knockout_TU_ID_rest_list_rerun12_seed10_all.csv,10,TU0-14521[c],TU0-14521[c],KO
gene_knockout_TU_ID_rest_list_rerun,108,KO: TU0-14536[c],0.0002240325399362,0.0002230206275342,3.334499456729826e-05,0.0007341186710098,365.9573424233234,656.0114996266484,699.9794599339366,1.7925900742491538,24078.0,1208,8,growth_rate_summary_gene_knockout_TU_ID_rest_list_rerun12_seed10_all.csv,10,TU0-14536[c],TU0-14536[c],KO
gene_knockout_TU_ID_rest_list_rerun,109,KO: TU0-14537[c],0.0002207353386569,0.0002268162690769,3.649945682890332e-05,0.0002960962368469,365.95714785260895,539.7336225566289,732.1778761793366,1.4748547083277883,23539.0,1181,8,growth_rate_summary_gene_knockout_TU_ID_rest_list_rerun12_seed10_all.csv,10,TU0-14537[c],TU0-14537[c],KO
gene_knockout_TU_ID_rest_list_rerun,110,KO: TU0-14538[c],0.000231723069829,0.0002336801012168,3.0915242239606e-05,0.0004168252814152,366.0051745320516,740.9959183782396,740.9959183782396,2.024550388735965,23660.0,1188,8,growth_rate_summary_gene_knockout_TU_ID_rest_list_rerun12_seed10_all.csv,10,TU0-14538[c],TU0-14538[c],KO
gene_knockout_TU_ID_rest_list_rerun,111,KO: TU0-14547[c],0.0002406160300989,0.0002435690209339,3.234890231166548e-05,0.0003280111094508,365.9574522404527,609.7222774446507,748.1884319405033,1.666101547357019,22082.0,1109,8,growth_rate_summary_gene_knockout_TU_ID_rest_list_rerun12_seed10_all.csv,10,TU0-14547[c],TU0-14547[c],KO
gene_knockout_TU_ID_rest_list_rerun,112,KO: TU0-14571[c],0.00022183062006,0.0002214200567057,3.053342283715089e-05,0.0004745872176502,366.0618577868744,652.5992044814402,739.8607887885746,1.7827566314253678,24251.0,1217,8,growth_rate_summary_gene_knockout_TU_ID_rest_list_rerun12_seed10_all.csv,10,TU0-14571[c],TU0-14571[c],KO
gene_knockout_TU_ID_rest_list_rerun,113,KO: TU0-14629[c],0.000250019107715,0.0002440655493398,0.0002036941175945,0.0069762723887311,366.1382914163804,717.5000377989736,760.2675424028168,1.9596421751556627,22298.0,1118,8,growth_rate_summary_gene_knockout_TU_ID_rest_list_rerun12_seed10_all.csv,10,TU0-14629[c],TU0-14629[c],KO
gene_knockout_TU_ID_rest_list_rerun,114,KO: TU0-14634[c],0.0004827633897055,0.0001358763574708,0.0006552974790027,0.0031355922359567,366.13540255251553,16909.89705370143,16909.89705370143,46.184818337188815,10853.0,544,8,growth_rate_summary_gene_knockout_TU_ID_rest_list_rerun12_seed10_all.csv,10,TU0-14634[c],TU0-14634[c],KO
gene_knockout_TU_ID_rest_list_rerun,115,KO: TU0-14640[c],0.000242922239788,0.00024335694869,2.961983194911963e-05,0.0007486754370951,366.1473487410583,699.2008028371474,752.8960074293959,1.909615910756264,22375.0,1122,8,growth_rate_summary_gene_knockout_TU_ID_rest_list_rerun12_seed10_all.csv,10,TU0-14640[c],TU0-14640[c],KO
gene_knockout_TU_ID_rest_list_rerun,116,KO: TU0-14642[c],0.0002308662058485,0.0002248666912585,3.637409325730916e-05,0.0003367742869636,365.6182473118596,667.7228298026394,794.5928277797871,1.8262842041171297,23492.0,1179,8,growth_rate_summary_gene_knockout_TU_ID_rest_list_rerun12_seed10_all.csv,10,TU0-14642[c],TU0-14642[c],KO
gene_knockout_TU_ID_rest_list_rerun,117,KO: TU0-14654[c],0.0001102318510768,0.0001087983559886,2.365044284967692e-05,0.0001912260520674,365.8043917811583,543.1844103857002,543.1844103857002,1.4849040158890687,3580.0,180,8,growth_rate_summary_gene_knockout_TU_ID_rest_list_rerun12_seed10_all.csv,10,TU0-14654[c],TU0-14654[c],KO
gene_knockout_TU_ID_rest_list_rerun,118,KO: TU0-14658[c],0.0,0.0,0.0,0.0,364.3538926856537,364.3538926856537,364.3538926856537,1.0,0.0,1,8,growth_rate_summary_gene_knockout_TU_ID_rest_list_rerun12_seed10_all.csv,10,TU0-14658[c],TU0-14658[c],KO
gene_knockout_TU_ID_rest_list_rerun,119,KO: TU0-14693[c],0.0002404596277541,0.0002423609274907,2.7143458760509836e-05,0.0003023819311611,365.8761099543683,696.462197090272,742.8999452046621,1.9035465233768172,22672.0,1138,8,growth_rate_summary_gene_knockout_TU_ID_rest_list_rerun12_seed10_all.csv,10,TU0-14693[c],TU0-14693[c],KO
gene_knockout_TU_ID_rest_list_rerun,120,KO: TU0-14787[c],0.0002135684108385,0.0002143068595398,2.692603518676475e-05,0.0002926937099271,365.9323420058703,626.1774768998198,699.7610775182243,1.7111837490706812,24943.0,1252,8,growth_rate_summary_gene_knockout_TU_ID_rest_list_rerun12_seed10_all.csv,10,TU0-14787[c],TU0-14787[c],KO
gene_knockout_TU_ID_rest_list_rerun,121,KO: TU0-14792[c],0.000222250749541,0.0002223606292032,2.704416688969184e-05,0.0003047950867306,365.9520422209947,656.1008649985611,703.9531053910914,1.7928602365944672,24373.0,1222,8,growth_rate_summary_gene_knockout_TU_ID_rest_list_rerun12_seed10_all.csv,10,TU0-14792[c],TU0-14792[c],KO
gene_knockout_TU_ID_rest_list_rerun,122,KO: TU0-1547[c],0.0002200110512743,0.0002215521710476,4.082509118143552e-05,0.000313632762125,366.05451099297295,542.751161953348,758.4484514363198,1.4827058420371904,23629.0,1185,8,growth_rate_summary_gene_knockout_TU_ID_rest_list_rerun12_seed10_all.csv,10,TU0-1547[c],TU0-1547[c],KO
gene_knockout_TU_ID_rest_list_rerun,123,KO: TU0-1601[c],0.0002273705929762,0.0002275393565764,2.5205305660735333e-05,0.0003248721021516,364.8516597511466,668.2969500428303,689.677187897491,1.8316949702206475,23793.0,1193,8,growth_rate_summary_gene_knockout_TU_ID_rest_list_rerun12_seed10_all.csv,10,TU0-1601[c],TU0-1601[c],KO
gene_knockout_TU_ID_rest_list_rerun,124,KO: TU0-1881[c],0.0002331918133435,0.0002354612919931,3.071469550963469e-05,0.0003038976780465,365.9837644098545,634.6643754129138,729.6731324360255,1.7341325958442564,23072.0,1158,8,growth_rate_summary_gene_knockout_TU_ID_rest_list_rerun12_seed10_all.csv,10,TU0-1881[c],TU0-1881[c],KO
gene_knockout_TU_ID_rest_list_rerun,125,KO: TU0-1962[c],0.0002344678888509,0.0002370860614883,4.045481100439742e-05,0.0007198282349062,366.0178980127446,626.0833752477777,744.205189839186,1.7105266672669044,22810.0,1144,8,growth_rate_summary_gene_knockout_TU_ID_rest_list_rerun12_seed10_all.csv,10,TU0-1962[c],TU0-1962[c],KO
gene_knockout_TU_ID_rest_list_rerun,126,KO: TU0-198711[c],0.0002051271703909,0.0002039937841894,2.8486549469449044e-05,0.0003172852345406,366.0687838117256,593.0299616676475,690.2931588780696,1.619995989531441,25784.0,1293,8,growth_rate_summary_gene_knockout_TU_ID_rest_list_rerun12_seed10_all.csv,10,TU0-198711[c],TU0-198711[c],KO
gene_knockout_TU_ID_rest_list_rerun,127,KO: TU0-198714[c],0.0002425193235531,0.0002456349201937,2.900386595783104e-05,0.0003205802659969,365.9314826029297,662.8774260527346,745.6225969460104,1.8114796282013792,22227.0,1114,8,growth_rate_summary_gene_knockout_TU_ID_rest_list_rerun12_seed10_all.csv,10,TU0-198714[c],TU0-198714[c],KO
gene_knockout_TU_ID_rest_list_rerun,128,KO: TU0-198743[c],0.0002404596277541,0.0002423609274907,2.7143458760509836e-05,0.0003023819311611,365.8761099543683,696.462197090272,742.8999452046621,1.9035465233768172,22672.0,1138,8,growth_rate_summary_gene_knockout_TU_ID_rest_list_rerun12_seed10_all.csv,10,TU0-198743[c],TU0-198743[c],KO
gene_knockout_TU_ID_rest_list_rerun,129,KO: TU0-198746[c],0.0002367747075723,0.0002329757100588,4.5537384063249656e-05,0.0006016353222692,366.11244438861695,749.568758609382,760.8766291310601,2.0473730682963023,23378.0,1173,8,growth_rate_summary_gene_knockout_TU_ID_rest_list_rerun12_seed10_all.csv,10,TU0-198746[c],TU0-198746[c],KO
gene_knockout_TU_ID_rest_list_rerun,130,KO: TU0-198747[c],5.8950620340344254e-05,4.892319400845587e-05,3.476952627189875e-05,0.0002676762088073,366.3092172492815,323.22599048399013,454.3353845656652,0.8823856328573566,21774.0,1091,8,growth_rate_summary_gene_knockout_TU_ID_rest_list_rerun12_seed10_all.csv,10,TU0-198747[c],TU0-198747[c],KO
gene_knockout_TU_ID_rest_list_rerun,131,KO: TU0-198873[c],0.0002415224206912,0.0002412534848586,2.942196090617564e-05,0.00031266790034,366.0430723794794,652.74153931364,770.7137094953177,1.78323697009334,22277.0,1118,8,growth_rate_summary_gene_knockout_TU_ID_rest_list_rerun12_seed10_all.csv,10,TU0-198873[c],TU0-198873[c],KO
gene_knockout_TU_ID_rest_list_rerun2,1,KO: TU0-1[c],0.0002023080697714,0.0001997729687716,3.723932892487331e-05,0.00031596865394,366.1452766961149,606.3063112351313,740.9308255504757,1.6559173361625523,26303.0,1320,8,growth_rate_summary_gene_knockout_TU_ID_rest_list_rerun12_seed10_all.csv,10,TU0-1[c],TU0-1[c],KO
gene_knockout_TU_ID_rest_list_rerun2,2,KO: TU0-2302[c],0.0002390705863653,0.0002385076407697,2.778150297349268e-05,0.0003187684880103,366.099828780718,681.2702919336641,738.5064612811918,1.8608866718201147,22698.0,1139,8,growth_rate_summary_gene_knockout_TU_ID_rest_list_rerun12_seed10_all.csv,10,TU0-2302[c],TU0-2302[c],KO
gene_knockout_TU_ID_rest_list_rerun2,3,KO: TU0-3123[c],0.0002265555784853,0.0002277866656973,3.031897148210668e-05,0.0003198631023569,366.11614558429073,636.7924598048317,733.545940658157,1.7393181575987702,23652.0,1187,8,growth_rate_summary_gene_knockout_TU_ID_rest_list_rerun12_seed10_all.csv,10,TU0-3123[c],TU0-3123[c],KO
gene_knockout_TU_ID_rest_list_rerun2,4,KO: TU0-3501[c],0.0002210702960729,0.0002231529565845,3.073383764609242e-05,0.0002880504475865,365.54654786344986,654.9473525369062,693.1445001299437,1.7916934419568429,24546.0,1232,8,growth_rate_summary_gene_knockout_TU_ID_rest_list_rerun12_seed10_all.csv,10,TU0-3501[c],TU0-3501[c],KO
gene_knockout_TU_ID_rest_list_rerun2,5,KO: TU0-3581[c],0.0002317212926805,0.0002316091066061,2.8033411388472696e-05,0.0003005577850508,365.9398062523538,646.3862025329829,726.4152573051003,1.7663730249866063,23312.0,1170,8,growth_rate_summary_gene_knockout_TU_ID_rest_list_rerun12_seed10_all.csv,10,TU0-3581[c],TU0-3581[c],KO
gene_knockout_TU_ID_rest_list_rerun2,6,KO: TU0-3602[c],0.0002307896044689,0.0002318192545606,2.6208133911913127e-05,0.0002829056321794,365.9390063613562,675.8709384936267,711.951690390895,1.8469497013013692,23578.0,1182,8,growth_rate_summary_gene_knockout_TU_ID_rest_list_rerun12_seed10_all.csv,10,TU0-3602[c],TU0-3602[c],KO
gene_knockout_TU_ID_rest_list_rerun2,7,KO: TU0-3645[c],0.0002265042161753,0.0002287902100136,4.1488764915082114e-05,0.0006008101899714,365.7941018928566,570.9258144100338,709.4781403030395,1.5607846366458409,23124.0,1159,8,growth_rate_summary_gene_knockout_TU_ID_rest_list_rerun12_seed10_all.csv,10,TU0-3645[c],TU0-3645[c],KO
gene_knockout_TU_ID_rest_list_rerun2,8,KO: TU0-3862[c],0.0002388708320946,0.0002403727839695,2.6980343677722683e-05,0.0002983068621623,366.13682066330375,684.4295511277387,732.1888764397763,1.8693272910596836,22821.0,1145,8,growth_rate_summary_gene_knockout_TU_ID_rest_list_rerun12_seed10_all.csv,10,TU0-3862[c],TU0-3862[c],KO
gene_knockout_TU_ID_rest_list_rerun2,9,KO: TU0-3901[c],0.0002410153661826,0.0002462558584083,3.177318663153885e-05,0.0003298353597452,366.1091572908308,617.8668134038505,733.7846630153099,1.6876573587396717,22135.0,1110,8,growth_rate_summary_gene_knockout_TU_ID_rest_list_rerun12_seed10_all.csv,10,TU0-3901[c],TU0-3901[c],KO
gene_knockout_TU_ID_rest_list_rerun2,10,KO: TU0-4181[c],0.000235526069068,0.0002381216053243,2.7553682876566568e-05,0.0004151547710533,366.098449984426,697.9971387721428,729.1187182092904,1.9065831576228631,23170.0,1163,8,growth_rate_summary_gene_knockout_TU_ID_rest_list_rerun12_seed10_all.csv,10,TU0-4181[c],TU0-4181[c],KO
gene_knockout_TU_ID_rest_list_rerun2,11,KO: TU0-42451[c],0.0002230479210572,0.0002227327971526,3.677192385928908e-05,0.0003663977021804,365.9793902486267,562.717193645012,736.786989224187,1.537565252684672,23567.0,1182,8,growth_rate_summary_gene_knockout_TU_ID_rest_list_rerun12_seed10_all.csv,10,TU0-42451[c],TU0-42451[c],KO
gene_knockout_TU_ID_rest_list_rerun2,12,KO: TU0-42461[c],0.0002146497909714,0.000217909549333,3.703262864664469e-05,0.0003397269457788,366.1076500512007,532.2654925876241,719.1802451125852,1.4538496874162177,24067.0,1207,8,growth_rate_summary_gene_knockout_TU_ID_rest_list_rerun12_seed10_all.csv,10,TU0-42461[c],TU0-42461[c],KO
gene_knockout_TU_ID_rest_list_rerun2,13,KO: TU0-42478[c],4.577096382451805e-05,3.799602561347727e-05,2.169187810254528e-05,0.0003326385565905,366.10353505295006,247.8315693289109,454.6828371488448,0.6769439396237096,20905.0,1047,8,growth_rate_summary_gene_knockout_TU_ID_rest_list_rerun12_seed10_all.csv,10,TU0-42478[c],TU0-42478[c],KO
gene_knockout_TU_ID_rest_list_rerun2,14,KO: TU0-42482[c],0.0002203100559254,0.0002231129816776,3.063384030603454e-05,0.0003003328729133,365.8761099543683,584.0776242264653,697.1750142536437,1.5963808741142211,23838.0,1196,8,growth_rate_summary_gene_knockout_TU_ID_rest_list_rerun12_seed10_all.csv,10,TU0-42482[c],TU0-42482[c],KO
gene_knockout_TU_ID_rest_list_rerun2,15,KO: TU0-42499[c],0.000235012871125,0.0002349669520278,3.937932663974478e-05,0.0008677906817116,366.1133076419526,609.2995645562394,794.3311095323813,1.664237687727307,22588.0,1133,8,growth_rate_summary_gene_knockout_TU_ID_rest_list_rerun12_seed10_all.csv,10,TU0-42499[c],TU0-42499[c],KO
gene_knockout_TU_ID_rest_list_rerun2,16,KO: TU0-42509[c],0.0002082327223945,0.0002072510001156,4.352068051057511e-05,0.0011778945538197,366.2811417977582,553.3520494911018,733.3272738032779,1.5107303826104008,25052.0,1255,8,growth_rate_summary_gene_knockout_TU_ID_rest_list_rerun12_seed10_all.csv,10,TU0-42509[c],TU0-42509[c],KO
gene_knockout_TU_ID_rest_list_rerun2,17,KO: TU0-42568[c],0.0002196662202334,0.0002145767345214,3.209358100404941e-05,0.0003262724204283,365.9762348832597,626.6093320905898,739.2973714708683,1.712158529338572,24352.0,1221,8,growth_rate_summary_gene_knockout_TU_ID_rest_list_rerun12_seed10_all.csv,10,TU0-42568[c],TU0-42568[c],KO
gene_knockout_TU_ID_rest_list_rerun2,18,KO: TU0-42569[c],0.0002098654697834,0.00020983708807,3.0324737879798407e-05,0.0003257180095606,365.9171943424704,608.7134032328104,709.3856229196938,1.6635277397298294,25444.0,1276,8,growth_rate_summary_gene_knockout_TU_ID_rest_list_rerun12_seed10_all.csv,10,TU0-42569[c],TU0-42569[c],KO
gene_knockout_TU_ID_rest_list_rerun2,19,KO: TU0-42571[c],0.0002184071913774,0.000219818124182,2.7442056267512177e-05,0.0003029206411143,366.7342767177584,632.2817583549743,688.5787204940923,1.724086889324456,24526.0,1231,8,growth_rate_summary_gene_knockout_TU_ID_rest_list_rerun12_seed10_all.csv,10,TU0-42571[c],TU0-42571[c],KO
gene_knockout_TU_ID_rest_list_rerun2,20,KO: TU0-42602[c],0.0002451923581343,0.0002465840992232,2.6695389642131823e-05,0.0003375069849396,366.04777370738736,712.3886117932445,734.0113484769804,1.946162940913599,22285.0,1118,8,growth_rate_summary_gene_knockout_TU_ID_rest_list_rerun12_seed10_all.csv,10,TU0-42602[c],TU0-42602[c],KO
gene_knockout_TU_ID_rest_list_rerun2,21,KO: TU0-42616[c],0.0002264768116214,0.000226374468206,2.390288364432901e-05,0.0003873833190969,366.1048702739755,648.9561462865502,708.0990935782611,1.7725963213789049,23732.0,1190,8,growth_rate_summary_gene_knockout_TU_ID_rest_list_rerun12_seed10_all.csv,10,TU0-42616[c],TU0-42616[c],KO
gene_knockout_TU_ID_rest_list_rerun2,22,KO: TU0-42684[c],0.0002196570059828,0.0002149000286648,4.108447688587769e-05,0.0005795870992724,366.09569060268745,710.2894129743318,743.3482054880535,1.9401741981857612,24957.0,1251,8,growth_rate_summary_gene_knockout_TU_ID_rest_list_rerun12_seed10_all.csv,10,TU0-42684[c],TU0-42684[c],KO
gene_knockout_TU_ID_rest_list_rerun2,23,KO: TU0-4444[c],0.0002203014280862,0.0002104079092516,3.3048868232558846e-05,0.0003020863530658,366.0730105021777,739.1218298038903,739.1218298038903,2.0190557855930584,25116.0,1260,8,growth_rate_summary_gene_knockout_TU_ID_rest_list_rerun12_seed10_all.csv,10,TU0-4444[c],TU0-4444[c],KO
gene_knockout_TU_ID_rest_list_rerun2,24,KO: TU0-45147[c],0.0002203100559254,0.0002231129816776,3.063384030603454e-05,0.0003003328729133,365.8761099543683,584.0776242264653,697.1750142536437,1.5963808741142211,23838.0,1196,8,growth_rate_summary_gene_knockout_TU_ID_rest_list_rerun12_seed10_all.csv,10,TU0-45147[c],TU0-45147[c],KO
gene_knockout_TU_ID_rest_list_rerun2,25,KO: TU0-45181[c],0.0002216297457289,0.0002217526604996,4.1448470347891305e-05,0.0005828130344384,366.0230499661519,653.5264887959925,718.6305931174438,1.7854790534542224,24402.0,1224,8,growth_rate_summary_gene_knockout_TU_ID_rest_list_rerun12_seed10_all.csv,10,TU0-45181[c],TU0-45181[c],KO
gene_knockout_TU_ID_rest_list_rerun2,26,KO: TU0-45222[c],0.0002539392619591,0.000250772795565,4.257373567985461e-05,0.0007493762168225,366.0069790920783,743.4644628354979,800.9531293081488,2.031284935275676,21652.0,1086,8,growth_rate_summary_gene_knockout_TU_ID_rest_list_rerun12_seed10_all.csv,10,TU0-45222[c],TU0-45222[c],KO
gene_knockout_TU_ID_rest_list_rerun2,27,KO: TU0-45225[c],0.0002401056325095,0.0002376457781547,3.874268292465888e-05,0.0005937228717132,366.01369847216085,656.5800576768102,749.5580068078636,1.7938674438075708,22446.0,1127,8,growth_rate_summary_gene_knockout_TU_ID_rest_list_rerun12_seed10_all.csv,10,TU0-45225[c],TU0-45225[c],KO
gene_knockout_TU_ID_rest_list_rerun2,28,KO: TU0-45229[c],0.000235271196034,0.0002341279351591,2.9158290241837984e-05,0.0004295512222765,366.525264200135,687.1745580989821,747.3569813307877,1.8748354485156635,22994.0,1153,8,growth_rate_summary_gene_knockout_TU_ID_rest_list_rerun12_seed10_all.csv,10,TU0-45229[c],TU0-45229[c],KO
gene_knockout_TU_ID_rest_list_rerun2,29,KO: TU0-45231[c],0.000224889016495,0.0002248062719139,3.250171514881412e-05,0.0003138769875111,366.3409719847453,626.7364583190563,739.0409977184079,1.7108008829139487,23658.0,1186,8,growth_rate_summary_gene_knockout_TU_ID_rest_list_rerun12_seed10_all.csv,10,TU0-45231[c],TU0-45231[c],KO
gene_knockout_TU_ID_rest_list_rerun2,30,KO: TU0-45255[c],0.0002296780086913,0.0002284870776667,4.0407017123532784e-05,0.0006026299599861,366.0943274177275,608.1933841878083,737.792008042687,1.661302398422133,23122.0,1160,8,growth_rate_summary_gene_knockout_TU_ID_rest_list_rerun12_seed10_all.csv,10,TU0-45255[c],TU0-45255[c],KO
gene_knockout_TU_ID_rest_list_rerun2,31,KO: TU0-45265[c],0.0002358856826742,0.0002370301409999,2.7344125613607245e-05,0.0003065823609685,365.9512918588058,702.3518398087479,727.8228293800457,1.919249516079683,23131.0,1161,8,growth_rate_summary_gene_knockout_TU_ID_rest_list_rerun12_seed10_all.csv,10,TU0-45265[c],TU0-45265[c],KO
gene_knockout_TU_ID_rest_list_rerun2,32,KO: TU0-45291[c],0.0002203100559254,0.0002231129816776,3.063384030603454e-05,0.0003003328729133,365.8761099543683,584.0776242264653,697.1750142536437,1.5963808741142211,23838.0,1196,8,growth_rate_summary_gene_knockout_TU_ID_rest_list_rerun12_seed10_all.csv,10,TU0-45291[c],TU0-45291[c],KO
gene_knockout_TU_ID_rest_list_rerun2,33,KO: TU0-4562[c],0.0002190051883658,0.0002183899587996,3.475689746691888e-05,0.0005692407130448,366.6088772252656,665.1964408641227,712.8211979383807,1.814458083772444,24655.0,1236,8,growth_rate_summary_gene_knockout_TU_ID_rest_list_rerun12_seed10_all.csv,10,TU0-4562[c],TU0-4562[c],KO
gene_knockout_TU_ID_rest_list_rerun2,34,KO: TU0-4682[c],0.0002453624489003,0.0002338659395535,0.000340041306539,0.0116922712354117,366.1775635235574,682.9549455108502,793.8516621638767,1.8650922763784064,22935.0,1150,8,growth_rate_summary_gene_knockout_TU_ID_rest_list_rerun12_seed10_all.csv,10,TU0-4682[c],TU0-4682[c],KO
gene_knockout_TU_ID_rest_list_rerun2,35,KO: TU0-4802[c],0.0002527441917759,0.0002547632948261,2.982829031546459e-05,0.0003335215108617,366.1503377261811,664.9442861153607,777.5824880678306,1.8160417118408536,21354.0,1071,8,growth_rate_summary_gene_knockout_TU_ID_rest_list_rerun12_seed10_all.csv,10,TU0-4802[c],TU0-4802[c],KO
gene_knockout_TU_ID_rest_list_rerun2,36,KO: TU0-4929[c],0.000210104618504,0.0002116642071348,4.036744365862263e-05,0.0005468866012935,366.00193078613313,572.2695509609612,705.4847431648457,1.5635697596780085,24922.0,1251,8,growth_rate_summary_gene_knockout_TU_ID_rest_list_rerun12_seed10_all.csv,10,TU0-4929[c],TU0-4929[c],KO
gene_knockout_TU_ID_rest_list_rerun2,37,KO: TU0-4961[c],0.0002313040992189,0.0002312970561762,2.773198248227761e-05,0.0003107611316867,366.3568096989253,668.3367539562842,732.0281949519951,1.8242782343953925,23301.0,1169,8,growth_rate_summary_gene_knockout_TU_ID_rest_list_rerun12_seed10_all.csv,10,TU0-4961[c],TU0-4961[c],KO
gene_knockout_TU_ID_rest_list_rerun2,38,KO: TU0-5061[c],4.446171921053372e-05,3.909654364032875e-05,2.2080465792724434e-05,0.0004621687683532,365.97959483285,251.1990067858096,448.58321907879326,0.6863743507354203,22306.0,1117,8,growth_rate_summary_gene_knockout_TU_ID_rest_list_rerun12_seed10_all.csv,10,TU0-5061[c],TU0-5061[c],KO
gene_knockout_TU_ID_rest_list_rerun2,39,KO: TU0-5162[c],0.0002226269128136,0.0002242484940834,2.8125986970106733e-05,0.0002863311580571,366.6438870714842,660.0715803111773,694.0756081911059,1.8003070652108917,24267.0,1217,8,growth_rate_summary_gene_knockout_TU_ID_rest_list_rerun12_seed10_all.csv,10,TU0-5162[c],TU0-5162[c],KO
gene_knockout_TU_ID_rest_list_rerun2,40,KO: TU0-5186[c],0.0002396273500901,0.0002379593019748,2.8719630546999648e-05,0.0003645263943725,366.1259289095034,693.3464205857288,742.8880239541661,1.8937375526798748,22679.0,1138,8,growth_rate_summary_gene_knockout_TU_ID_rest_list_rerun12_seed10_all.csv,10,TU0-5186[c],TU0-5186[c],KO
gene_knockout_TU_ID_rest_list_rerun2,41,KO: TU0-5402[c],0.0002353458704063,0.0002337507783558,2.941121077367616e-05,0.0002964303231837,366.0214319897483,652.3171215623531,741.4631598023673,1.7821828574798415,22906.0,1149,8,growth_rate_summary_gene_knockout_TU_ID_rest_list_rerun12_seed10_all.csv,10,TU0-5402[c],TU0-5402[c],KO
gene_knockout_TU_ID_rest_list_rerun2,42,KO: TU0-5501[c],4.880132062443855e-05,4.3955075627780034e-05,1.9936329241029907e-05,0.0002144132863202,365.97907094469895,256.1175600385749,458.75477978455456,0.6998147718596601,20979.0,1051,8,growth_rate_summary_gene_knockout_TU_ID_rest_list_rerun12_seed10_all.csv,10,TU0-5501[c],TU0-5501[c],KO
gene_knockout_TU_ID_rest_list_rerun2,43,KO: TU0-5561[c],0.000237586247498,0.0002297265400624,4.204521652651975e-05,0.0007491541348382,366.26786918798655,636.0649251550126,804.0319516402121,1.7366113128218543,22526.0,1129,8,growth_rate_summary_gene_knockout_TU_ID_rest_list_rerun12_seed10_all.csv,10,TU0-5561[c],TU0-5561[c],KO
gene_knockout_TU_ID_rest_list_rerun2,44,KO: TU0-5961[c],0.0002475032287284,0.0002503858386082,3.826888526790531e-05,0.0003429107066989,365.9929830855016,608.565631504855,812.3560533270734,1.6627795057007546,21511.0,1080,8,growth_rate_summary_gene_knockout_TU_ID_rest_list_rerun12_seed10_all.csv,10,TU0-5961[c],TU0-5961[c],KO
gene_knockout_TU_ID_rest_list_rerun2,45,KO: TU0-6408[c],0.0002453941668991,0.0002390286584346,4.723171126438536e-05,0.0005863553493972,366.0315273520344,698.3361344880323,866.1327086818399,1.9078578819151848,22236.0,1116,8,growth_rate_summary_gene_knockout_TU_ID_rest_list_rerun12_seed10_all.csv,10,TU0-6408[c],TU0-6408[c],KO
gene_knockout_TU_ID_rest_list_rerun2,46,KO: TU0-6409[c],0.0004160533968207,0.0001220085090834,0.0005579033225672,0.0030263174235135,365.8992766298095,7542.018271787816,7542.018271787816,20.612279808954877,10635.0,534,8,growth_rate_summary_gene_knockout_TU_ID_rest_list_rerun12_seed10_all.csv,10,TU0-6409[c],TU0-6409[c],KO
gene_knockout_TU_ID_rest_list_rerun2,47,KO: TU0-6422[c],0.0002385427224945,0.0002436926941617,3.45336022572015e-05,0.0003740133636488,366.0665324427311,608.2775673934298,769.1284461361588,1.6616585059946478,22341.0,1121,8,growth_rate_summary_gene_knockout_TU_ID_rest_list_rerun12_seed10_all.csv,10,TU0-6422[c],TU0-6422[c],KO
gene_knockout_TU_ID_rest_list_rerun2,48,KO: TU0-6425[c],0.0001989431258549,0.0001890924257961,4.499450034472852e-05,0.0005787870839948,366.0262195124399,551.3308332347699,745.2030404767502,1.5062604913089628,26147.0,1310,8,growth_rate_summary_gene_knockout_TU_ID_rest_list_rerun12_seed10_all.csv,10,TU0-6425[c],TU0-6425[c],KO
gene_knockout_TU_ID_rest_list_rerun2,49,KO: TU0-6441[c],0.0004520098554134,0.000128262375209,0.0005965218004551,0.0031293002895972,366.6883573239446,16436.849400570434,16436.849400570434,44.82511940254918,11012.0,552,8,growth_rate_summary_gene_knockout_TU_ID_rest_list_rerun12_seed10_all.csv,10,TU0-6441[c],TU0-6441[c],KO
gene_knockout_TU_ID_rest_list_rerun2,50,KO: TU0-6481[c],0.0,0.0,0.0,0.0,365.8478297543121,365.8478297543121,365.8478297543121,1.0,0.0,1,8,growth_rate_summary_gene_knockout_TU_ID_rest_list_rerun12_seed10_all.csv,10,TU0-6481[c],TU0-6481[c],KO
gene_knockout_TU_ID_rest_list_rerun2,51,KO: TU0-6482[c],4.579974864590248e-05,4.398894506924893e-05,1.917327112548241e-05,0.0001888140137622,365.9963731027804,218.26723213777396,451.5228792751623,0.5963644674601171,18820.0,943,8,growth_rate_summary_gene_knockout_TU_ID_rest_list_rerun12_seed10_all.csv,10,TU0-6482[c],TU0-6482[c],KO
gene_knockout_TU_ID_rest_list_rerun2,52,KO: TU0-6485[c],0.0002299447497418,0.0002293660323464,2.542259483329645e-05,0.0003195091974591,365.9469057927189,684.0156980342551,702.4988662279293,1.8691665025901272,23630.0,1186,8,growth_rate_summary_gene_knockout_TU_ID_rest_list_rerun12_seed10_all.csv,10,TU0-6485[c],TU0-6485[c],KO
gene_knockout_TU_ID_rest_list_rerun2,53,KO: TU0-6501[c],4.330676868423224e-05,3.802191817053921e-05,1.9514186801182348e-05,0.0001959488032318,366.0816865485576,229.49538969098785,453.5479367714547,0.6268966684858933,21100.0,1057,8,growth_rate_summary_gene_knockout_TU_ID_rest_list_rerun12_seed10_all.csv,10,TU0-6501[c],TU0-6501[c],KO
gene_knockout_TU_ID_rest_list_rerun2,54,KO: TU0-6506[c],0.0003694676316664,0.0001282489342963,0.0004097801275882,0.002388177744252,365.98534398187167,3815.825929697192,3815.825929697192,10.42617140943819,9997.0,502,8,growth_rate_summary_gene_knockout_TU_ID_rest_list_rerun12_seed10_all.csv,10,TU0-6506[c],TU0-6506[c],KO
gene_knockout_TU_ID_rest_list_rerun2,55,KO: TU0-6512[c],0.0002203100559254,0.0002231129816776,3.063384030603454e-05,0.0003003328729133,365.8761099543683,584.0776242264653,697.1750142536437,1.5963808741142211,23838.0,1196,8,growth_rate_summary_gene_knockout_TU_ID_rest_list_rerun12_seed10_all.csv,10,TU0-6512[c],TU0-6512[c],KO
gene_knockout_TU_ID_rest_list_rerun2,56,KO: TU0-6562[c],0.000435446584046,0.0001397316634488,0.0005229561670321,0.0028066123410357,365.9826833971134,7602.771231984541,7602.771231984541,20.7735818575194,10157.0,510,8,growth_rate_summary_gene_knockout_TU_ID_rest_list_rerun12_seed10_all.csv,10,TU0-6562[c],TU0-6562[c],KO
gene_knockout_TU_ID_rest_list_rerun2,57,KO: TU0-6569[c],0.0002137692691818,0.000215999348809,3.0698668379001955e-05,0.0004873701852439,365.7618998671917,564.8142339952428,695.4416217794262,1.5442128723640356,24492.0,1228,8,growth_rate_summary_gene_knockout_TU_ID_rest_list_rerun12_seed10_all.csv,10,TU0-6569[c],TU0-6569[c],KO
gene_knockout_TU_ID_rest_list_rerun2,58,KO: TU0-6623[c],0.0002245325062834,0.0002234133032231,3.4583201073778244e-05,0.0005930536921449,366.034201497705,656.2742544820883,709.2604489997414,1.7929315124018623,23766.0,1192,8,growth_rate_summary_gene_knockout_TU_ID_rest_list_rerun12_seed10_all.csv,10,TU0-6623[c],TU0-6623[c],KO
gene_knockout_TU_ID_rest_list_rerun2,59,KO: TU0-6630[c],0.0002354215594161,0.0002335859017919,4.366342529491586e-05,0.0007592730918851,365.7540284793864,677.994329458968,711.5789292216573,1.8536893011888704,23060.0,1157,8,growth_rate_summary_gene_knockout_TU_ID_rest_list_rerun12_seed10_all.csv,10,TU0-6630[c],TU0-6630[c],KO
gene_knockout_TU_ID_rest_list_rerun2,60,KO: TU0-6631[c],0.0002356949370911,0.0002335825000382,2.7080880488847853e-05,0.0003065032411374,366.0005508741432,663.5055871265006,740.4703530042495,1.8128540668635784,23002.0,1154,8,growth_rate_summary_gene_knockout_TU_ID_rest_list_rerun12_seed10_all.csv,10,TU0-6631[c],TU0-6631[c],KO
gene_knockout_TU_ID_rest_list_rerun2,61,KO: TU0-6635[c],0.0002152437228478,0.0002101077574374,3.715758473633129e-05,0.0003376269462142,366.2752364197978,570.1519979068892,743.4589857536116,1.556621745657473,24464.0,1226,8,growth_rate_summary_gene_knockout_TU_ID_rest_list_rerun12_seed10_all.csv,10,TU0-6635[c],TU0-6635[c],KO
gene_knockout_TU_ID_rest_list_rerun2,62,KO: TU0-6649[c],0.0002087737249911,0.000208948785941,3.394802327304142e-05,0.0003102520925092,365.9672873371982,537.1413655641934,723.3681415331862,1.4677305435479464,24880.0,1248,8,growth_rate_summary_gene_knockout_TU_ID_rest_list_rerun12_seed10_all.csv,10,TU0-6649[c],TU0-6649[c],KO
gene_knockout_TU_ID_rest_list_rerun2,63,KO: TU0-6652[c],0.0002219445841173,0.0002265015419844,3.987090038264001e-05,0.0003581781725185,366.0691839822079,706.5020337315657,753.537063835809,1.9299686087914572,24796.0,1244,8,growth_rate_summary_gene_knockout_TU_ID_rest_list_rerun12_seed10_all.csv,10,TU0-6652[c],TU0-6652[c],KO
gene_knockout_TU_ID_rest_list_rerun2,64,KO: TU0-6884[c],0.0002183126255982,0.0002193242032071,4.181903700868803e-05,0.0003224489693496,365.87765878307255,794.0681725329368,794.0681725329368,2.1703106310837548,25580.0,1283,8,growth_rate_summary_gene_knockout_TU_ID_rest_list_rerun12_seed10_all.csv,10,TU0-6884[c],TU0-6884[c],KO
gene_knockout_TU_ID_rest_list_rerun2,65,KO: TU0-6886[c],5.05840773685016e-05,4.529853756440824e-05,2.01480604131424e-05,0.0002191579254946,366.1398903578007,265.87036541230907,463.26166606045103,0.7261442208673142,20836.0,1044,8,growth_rate_summary_gene_knockout_TU_ID_rest_list_rerun12_seed10_all.csv,10,TU0-6886[c],TU0-6886[c],KO
gene_knockout_TU_ID_rest_list_rerun2,66,KO: TU0-7162[c],0.0002399563448339,0.0002402229331287,2.60479733567174e-05,0.0003039969656006,366.3183803269486,688.4025331845087,739.3539410304898,1.879246497459646,22736.0,1141,8,growth_rate_summary_gene_knockout_TU_ID_rest_list_rerun12_seed10_all.csv,10,TU0-7162[c],TU0-7162[c],KO
gene_knockout_TU_ID_rest_list_rerun2,67,KO: TU0-7163[c],0.0002224937651009,0.0002186327668489,4.629626434753343e-05,0.0005934574162646,365.8877861055097,663.6175137722175,757.6502039090196,1.8137186836317425,24144.0,1212,8,growth_rate_summary_gene_knockout_TU_ID_rest_list_rerun12_seed10_all.csv,10,TU0-7163[c],TU0-7163[c],KO
gene_knockout_TU_ID_rest_list_rerun2,68,KO: TU0-7281[c],0.0001070512236988,4.9688018456036086e-05,9.796922645161508e-05,0.0006085039615405,366.0997142734192,237.77332994456103,735.943193323767,0.649476961260291,34155.0,1711,8,growth_rate_summary_gene_knockout_TU_ID_rest_list_rerun12_seed10_all.csv,10,TU0-7281[c],TU0-7281[c],KO
gene_knockout_TU_ID_rest_list_rerun2,69,KO: TU0-7341[c],0.000255433733088,0.0002569036652712,3.692093106253892e-05,0.0003136239809297,366.0922055589483,386.615240469334,766.3101821668963,1.056059742870109,8288.0,417,8,growth_rate_summary_gene_knockout_TU_ID_rest_list_rerun12_seed10_all.csv,10,TU0-7341[c],TU0-7341[c],KO
gene_knockout_TU_ID_rest_list_rerun2,70,KO: TU0-7521[c],0.0002276827165928,0.000225060641599,3.3534126291538324e-05,0.0003182012306322,366.0842278548039,648.6115743579844,761.2362884210661,1.7717550361531456,23605.0,1184,8,growth_rate_summary_gene_knockout_TU_ID_rest_list_rerun12_seed10_all.csv,10,TU0-7521[c],TU0-7521[c],KO
gene_knockout_TU_ID_rest_list_rerun2,71,KO: TU0-7861[c],0.0002144719289544,0.0002113600655055,3.9123747847743874e-05,0.0003040911494587,366.1023806969668,546.4243012513007,749.9889048470461,1.4925450640639004,24351.0,1221,8,growth_rate_summary_gene_knockout_TU_ID_rest_list_rerun12_seed10_all.csv,10,TU0-7861[c],TU0-7861[c],KO
gene_knockout_TU_ID_rest_list_rerun2,72,KO: TU0-7981[c],0.0002274997572089,0.0002262984545355,2.665851591761364e-05,0.0003039810204636,365.4101782101205,656.7164744609654,716.3110505144302,1.7972035636164905,23761.0,1193,8,growth_rate_summary_gene_knockout_TU_ID_rest_list_rerun12_seed10_all.csv,10,TU0-7981[c],TU0-7981[c],KO
gene_knockout_TU_ID_rest_list_rerun2,73,KO: TU0-8121[c],0.0002275903799817,0.0002224250664649,3.5575847857213105e-05,0.0003420045418442,366.0686090231692,643.9172136983232,786.5763911670144,1.7590069124380134,23683.0,1188,8,growth_rate_summary_gene_knockout_TU_ID_rest_list_rerun12_seed10_all.csv,10,TU0-8121[c],TU0-8121[c],KO
gene_knockout_TU_ID_rest_list_rerun2,74,KO: TU0-8343[c],0.0002020750950707,0.0002001588364353,3.36962607676607e-05,0.0005706713373818,366.2489140903792,621.9058761202805,698.5532437659774,1.6980415564230529,26174.0,1312,8,growth_rate_summary_gene_knockout_TU_ID_rest_list_rerun12_seed10_all.csv,10,TU0-8343[c],TU0-8343[c],KO
gene_knockout_TU_ID_rest_list_rerun2,75,KO: TU0-8346[c],0.0002482045043782,0.0002484762250473,2.7953697668596368e-05,0.0003305431798143,366.1038457036796,767.2409323080685,767.2409323080685,2.0956920865809887,22320.0,1120,8,growth_rate_summary_gene_knockout_TU_ID_rest_list_rerun12_seed10_all.csv,10,TU0-8346[c],TU0-8346[c],KO
gene_knockout_TU_ID_rest_list_rerun2,76,KO: TU0-8360[c],0.0002370455883652,0.0002375236364623,2.9595475632896167e-05,0.0003401881013907,366.24600574613953,665.1795179242224,736.2573000550237,1.8162096172737137,22845.0,1145,8,growth_rate_summary_gene_knockout_TU_ID_rest_list_rerun12_seed10_all.csv,10,TU0-8360[c],TU0-8360[c],KO
gene_knockout_TU_ID_rest_list_rerun2,77,KO: TU0-8472[c],4.661361266546333e-05,4.154388364626578e-05,1.9141645506654343e-05,0.0002398785127345,366.0747598242758,251.730492989131,452.6995952038524,0.6876477720287718,21477.0,1076,8,growth_rate_summary_gene_knockout_TU_ID_rest_list_rerun12_seed10_all.csv,10,TU0-8472[c],TU0-8472[c],KO
gene_knockout_TU_ID_rest_list_rerun2,78,KO: TU0-8473[c],0.0002308546766305,0.0002275392997724,4.078150323320541e-05,0.0005919979658343,365.73629911315015,620.4805347765716,743.0904520931331,1.6965243435807,23170.0,1162,8,growth_rate_summary_gene_knockout_TU_ID_rest_list_rerun12_seed10_all.csv,10,TU0-8473[c],TU0-8473[c],KO
gene_knockout_TU_ID_rest_list_rerun2,79,KO: TU0-8492[c],0.0002782298093618,0.0002962514171928,8.969260647623492e-05,0.0003782536370595,366.1185488242057,608.1833159645214,608.1833159645214,1.661164991278671,1800.0,91,8,growth_rate_summary_gene_knockout_TU_ID_rest_list_rerun12_seed10_all.csv,10,TU0-8492[c],TU0-8492[c],KO
gene_knockout_TU_ID_rest_list_rerun2,80,KO: TU0-8493[c],6.224611494682623e-05,4.444886814792015e-05,0.0004261835088998,0.0139157025520141,365.9885802968631,264.2948944077372,458.1148777627491,0.7221397295876295,21165.0,1060,8,growth_rate_summary_gene_knockout_TU_ID_rest_list_rerun12_seed10_all.csv,10,TU0-8493[c],TU0-8493[c],KO
gene_knockout_TU_ID_rest_list_rerun2,81,KO: TU0-8574[c],0.000199694710746,0.0001970602497687,4.382529862086862e-05,0.0005579588304092,366.0677216967131,523.980175515972,724.0216564307302,1.4313749736997825,25646.0,1286,8,growth_rate_summary_gene_knockout_TU_ID_rest_list_rerun12_seed10_all.csv,10,TU0-8574[c],TU0-8574[c],KO
gene_knockout_TU_ID_rest_list_rerun2,82,KO: TU0-8610[c],0.0002291458620504,0.0002224288269216,3.249139746615063e-05,0.000309816761552,365.806376155954,738.9715012232045,765.6038193102295,2.0201165135190515,24122.0,1211,8,growth_rate_summary_gene_knockout_TU_ID_rest_list_rerun12_seed10_all.csv,10,TU0-8610[c],TU0-8610[c],KO
gene_knockout_TU_ID_rest_list_rerun2,83,KO: TU0-8726[c],0.0002394288231275,0.0002401419810871,3.043532304539152e-05,0.0003762365577157,365.950029646242,647.941190264432,734.7225499206863,1.770572859061622,22556.0,1130,8,growth_rate_summary_gene_knockout_TU_ID_rest_list_rerun12_seed10_all.csv,10,TU0-8726[c],TU0-8726[c],KO
gene_knockout_TU_ID_rest_list_rerun2,84,KO: TU0-8745[c],0.0002338323765965,0.0002348975054917,3.224757709324074e-05,0.0003841837050509,365.9893895681196,613.6618009792519,744.3842021103203,1.6767201959144076,22817.0,1145,8,growth_rate_summary_gene_knockout_TU_ID_rest_list_rerun12_seed10_all.csv,10,TU0-8745[c],TU0-8745[c],KO
gene_knockout_TU_ID_rest_list_rerun2,85,KO: TU0-8772[c],0.0002485575652687,0.000252986685193,3.132270015037951e-05,0.000329588078805,365.88132450589103,714.7381151834584,769.6524389624506,1.9534697928315563,22128.0,1111,8,growth_rate_summary_gene_knockout_TU_ID_rest_list_rerun12_seed10_all.csv,10,TU0-8772[c],TU0-8772[c],KO
gene_knockout_TU_ID_rest_list_rerun2,86,KO: TU0-8773[c],0.0002234549318596,0.0002256342252769,3.20810053976214e-05,0.0003182570018418,365.8839950777258,660.1402719448854,739.9066114147954,1.804233803133832,24183.0,1213,8,growth_rate_summary_gene_knockout_TU_ID_rest_list_rerun12_seed10_all.csv,10,TU0-8773[c],TU0-8773[c],KO
gene_knockout_TU_ID_rest_list_rerun2,87,KO: TU0-8793[c],0.0002211652971806,0.0002212373881094,3.681740366409783e-05,0.0005970507365811,366.6817027602443,600.4708364994863,719.9278124636821,1.6375805827761891,23938.0,1201,8,growth_rate_summary_gene_knockout_TU_ID_rest_list_rerun12_seed10_all.csv,10,TU0-8793[c],TU0-8793[c],KO
gene_knockout_TU_ID_rest_list_rerun2,88,KO: TU0-8806[c],0.0002206626573171,0.0002221411797104,3.25813039310312e-05,0.0003235484685432,366.0838005152392,592.9011919057739,730.8541883144392,1.61957778812202,24026.0,1204,8,growth_rate_summary_gene_knockout_TU_ID_rest_list_rerun12_seed10_all.csv,10,TU0-8806[c],TU0-8806[c],KO
gene_knockout_TU_ID_rest_list_rerun2,89,KO: TU0-8818[c],0.0002325690010401,0.0002300629712605,3.10278251719475e-05,0.0004932298874196,365.9481922111054,634.4802526367662,786.6450778176584,1.733798024258997,22997.0,1153,8,growth_rate_summary_gene_knockout_TU_ID_rest_list_rerun12_seed10_all.csv,10,TU0-8818[c],TU0-8818[c],KO
gene_knockout_TU_ID_rest_list_rerun2,90,KO: TU0-8862[c],0.00024745247175,0.0002468776731898,4.224922314971032e-05,0.0006021516342374,366.0944471425892,671.3947024598144,769.9792890616541,1.8339385033018945,21921.0,1099,8,growth_rate_summary_gene_knockout_TU_ID_rest_list_rerun12_seed10_all.csv,10,TU0-8862[c],TU0-8862[c],KO
gene_knockout_TU_ID_rest_list_rerun2,91,KO: TU0-901[c],0.0002327909764879,0.000237606903507,2.990835931917161e-05,0.0002934535414794,366.0817230389218,626.5388761716042,734.8065977652452,1.7114727033367645,22907.0,1149,8,growth_rate_summary_gene_knockout_TU_ID_rest_list_rerun12_seed10_all.csv,10,TU0-901[c],TU0-901[c],KO
gene_knockout_TU_ID_rest_list_rerun2,92,KO: TU00001[c],0.0002206739862098,0.0002161849541687,4.081605621341902e-05,0.0003350315542622,366.31786323120434,643.3364560216125,785.8642007283152,1.7562246360220926,24314.0,1218,8,growth_rate_summary_gene_knockout_TU_ID_rest_list_rerun12_seed10_all.csv,10,TU00001[c],TU00001[c],KO
gene_knockout_TU_ID_rest_list_rerun2,93,KO: TU00003[c],0.0002255778364835,0.0002252660546346,3.170781684036505e-05,0.0004060808865945,366.0817121411271,615.1450519656751,746.5494623312488,1.6803490356506317,23666.0,1187,8,growth_rate_summary_gene_knockout_TU_ID_rest_list_rerun12_seed10_all.csv,10,TU00003[c],TU00003[c],KO
gene_knockout_TU_ID_rest_list_rerun2,94,KO: TU00004[c],4.878114159815281e-05,4.2711207930535005e-05,2.2597611224070584e-05,0.0002705889799243,366.1025033169402,253.3990833407205,464.7432882165592,0.692153375201997,20834.0,1044,8,growth_rate_summary_gene_knockout_TU_ID_rest_list_rerun12_seed10_all.csv,10,TU00004[c],TU00004[c],KO
gene_knockout_TU_ID_rest_list_rerun2,95,KO: TU00006[c],0.000229728630396,0.0002266738699099,3.86037187383507e-05,0.0005981526133351,366.1041350754198,638.0928057043686,730.4534036835182,1.7429270651994069,23365.0,1171,8,growth_rate_summary_gene_knockout_TU_ID_rest_list_rerun12_seed10_all.csv,10,TU00006[c],TU00006[c],KO
gene_knockout_TU_ID_rest_list_rerun2,96,KO: TU00008[c],7.890248387382066e-05,5.0703679172210814e-05,9.810169168881572e-05,0.0006847671289407,366.0640805538581,509.0504676682401,509.0504676682401,1.390604800389163,21690.0,1086,8,growth_rate_summary_gene_knockout_TU_ID_rest_list_rerun12_seed10_all.csv,10,TU00008[c],TU00008[c],KO
gene_knockout_TU_ID_rest_list_rerun2,97,KO: TU00009[c],0.0002593150978727,0.0002396650408068,0.0007313722992865,0.0249917828801407,366.0729683637486,714.9421115259486,745.7013348152191,1.9530043824911596,22853.0,1146,8,growth_rate_summary_gene_knockout_TU_ID_rest_list_rerun12_seed10_all.csv,10,TU00009[c],TU00009[c],KO
gene_knockout_TU_ID_rest_list_rerun2,98,KO: TU00012[c],0.0002286573139352,0.000230099705003,3.66157855220931e-05,0.0003533367039652,365.8908578672331,584.3092769464606,769.0123983246829,1.5969496487350954,23030.0,1155,8,growth_rate_summary_gene_knockout_TU_ID_rest_list_rerun12_seed10_all.csv,10,TU00012[c],TU00012[c],KO
gene_knockout_TU_ID_rest_list_rerun2,99,KO: TU00013[c],0.0002562150228683,0.0002575667347606,4.386630610501889e-05,0.0006029280401961,366.1454735228394,699.2339084810862,829.9438027214835,1.90971610751722,21202.0,1064,8,growth_rate_summary_gene_knockout_TU_ID_rest_list_rerun12_seed10_all.csv,10,TU00013[c],TU00013[c],KO
gene_knockout_TU_ID_rest_list_rerun2,100,KO: TU00017[c],0.0002380418157632,0.0002396678593104,4.028071845697867e-05,0.0005838445376433,366.1670123794271,659.001465247301,739.8248956748682,1.7997292027071925,22691.0,1139,8,growth_rate_summary_gene_knockout_TU_ID_rest_list_rerun12_seed10_all.csv,10,TU00017[c],TU00017[c],KO
gene_knockout_TU_ID_rest_list_rerun2,101,KO: TU00039[c],0.0002298924055528,0.0002287122973392,2.975138609143007e-05,0.0003376628363305,365.4633535540561,699.9451392002034,729.2184835141679,1.9152266086144631,23871.0,1197,8,growth_rate_summary_gene_knockout_TU_ID_rest_list_rerun12_seed10_all.csv,10,TU00039[c],TU00039[c],KO
gene_knockout_TU_ID_rest_list_rerun2,102,KO: TU00046[c],0.0002294486484091,0.0002364420088899,4.914156356669391e-05,0.0006185456590921,366.156326811036,574.6443788163933,776.402035688352,1.569396284426222,22851.0,1146,8,growth_rate_summary_gene_knockout_TU_ID_rest_list_rerun12_seed10_all.csv,10,TU00046[c],TU00046[c],KO
gene_knockout_TU_ID_rest_list_rerun2,103,KO: TU00047[c],0.0002460389085225,0.0002514057540609,4.562221696761452e-05,0.0006080211413875,366.0540096864759,723.5875538315515,807.6111222183617,1.97672347436189,22296.0,1119,8,growth_rate_summary_gene_knockout_TU_ID_rest_list_rerun12_seed10_all.csv,10,TU00047[c],TU00047[c],KO
gene_knockout_TU_ID_rest_list_rerun2,104,KO: TU00054[c],0.0001369217971078,0.0001516385679791,4.417514340810672e-05,0.0001623686570057,366.087302626482,376.1299016490243,376.1299016490243,1.02743225168011,200.0,11,8,growth_rate_summary_gene_knockout_TU_ID_rest_list_rerun12_seed10_all.csv,10,TU00054[c],TU00054[c],KO
gene_knockout_TU_ID_rest_list_rerun2,105,KO: TU00056[c],4.343740600651164e-05,3.559973419239741e-05,2.8349073938918887e-05,0.0001233184257907,365.99035702082335,370.3853670512249,370.3853670512249,1.0120085405150483,300.0,16,8,growth_rate_summary_gene_knockout_TU_ID_rest_list_rerun12_seed10_all.csv,10,TU00056[c],TU00056[c],KO
gene_knockout_TU_ID_rest_list_rerun2,106,KO: TU00057[c],0.0001330533631971,0.0001481466768468,4.3316796461826846e-05,0.0001604500573001,365.86989927887214,375.556572220944,375.556572220944,1.0264757307479084,200.0,11,8,growth_rate_summary_gene_knockout_TU_ID_rest_list_rerun12_seed10_all.csv,10,TU00057[c],TU00057[c],KO
gene_knockout_TU_ID_rest_list_rerun2,107,KO: TU00058[c],0.0001388274520905,0.0001549578313597,4.505645495480545e-05,0.0001656837624837,365.9553614935268,376.1403413826533,376.1403413826533,1.0278312082860597,200.0,11,8,growth_rate_summary_gene_knockout_TU_ID_rest_list_rerun12_seed10_all.csv,10,TU00058[c],TU00058[c],KO
gene_knockout_TU_ID_rest_list_rerun2,108,KO: TU00060[c],2.1963092129946334e-05,6.320876011194167e-06,4.5001769809970616e-05,0.0002147346493523,366.1110157585576,245.65609969629645,461.0020629450878,0.6709880039728205,13472.0,675,8,growth_rate_summary_gene_knockout_TU_ID_rest_list_rerun12_seed10_all.csv,10,TU00060[c],TU00060[c],KO
gene_knockout_TU_ID_rest_list_rerun2,109,KO: TU00061[c],2.347715311075858e-05,6.3753375648884e-06,4.651391446334464e-05,0.0002164846989335,366.0595747411394,251.01601575837287,471.5405374879031,0.6857244915281343,13472.0,675,8,growth_rate_summary_gene_knockout_TU_ID_rest_list_rerun12_seed10_all.csv,10,TU00061[c],TU00061[c],KO
gene_knockout_TU_ID_rest_list_rerun2,110,KO: TU00067[c],4.605665280020596e-05,4.163021472346094e-05,1.8596817389962488e-05,0.0002356986754326,367.16020893402606,249.40888740013952,454.86336530557946,0.6792917133483685,21552.0,1080,8,growth_rate_summary_gene_knockout_TU_ID_rest_list_rerun12_seed10_all.csv,10,TU00067[c],TU00067[c],KO
gene_knockout_TU_ID_rest_list_rerun2,111,KO: TU00078[c],0.0002472804212227,0.0002478043170627,3.211438366215e-05,0.0003143734417187,366.06296429359656,658.8939163904599,816.2957103580309,1.7999469508256556,21760.0,1091,8,growth_rate_summary_gene_knockout_TU_ID_rest_list_rerun12_seed10_all.csv,10,TU00078[c],TU00078[c],KO
gene_knockout_TU_ID_rest_list_rerun2,112,KO: TU00082[c],0.0001354533405293,0.0001502779552745,4.37322802923282e-05,0.0001628142028017,366.0032458146982,375.9155753087515,375.9155753087515,1.027082627291977,200.0,11,8,growth_rate_summary_gene_knockout_TU_ID_rest_list_rerun12_seed10_all.csv,10,TU00082[c],TU00082[c],KO
gene_knockout_TU_ID_rest_list_rerun2,113,KO: TU00090[c],5.502756889966486e-05,5.488571099288806e-05,2.062380429744561e-05,0.0002293696174888,365.9324823231617,203.5104588140033,454.83170524148136,0.5561420990068858,14291.0,716,8,growth_rate_summary_gene_knockout_TU_ID_rest_list_rerun12_seed10_all.csv,10,TU00090[c],TU00090[c],KO
gene_knockout_TU_ID_rest_list_rerun2,114,KO: TU00094[c],0.0001693174483911,0.0001793353628129,4.39320339876948e-05,0.0002047176918068,366.8012724340259,387.55290317542,387.55290317542,1.0565745876607515,320.0,17,8,growth_rate_summary_gene_knockout_TU_ID_rest_list_rerun12_seed10_all.csv,10,TU00094[c],TU00094[c],KO
gene_knockout_TU_ID_rest_list_rerun2,115,KO: TU00101[c],0.000226089500821,0.0002229588317373,4.417643256908467e-05,0.0005820806366258,365.7232245271383,622.5439576145857,745.667796914882,1.7022270281563432,23557.0,1182,8,growth_rate_summary_gene_knockout_TU_ID_rest_list_rerun12_seed10_all.csv,10,TU00101[c],TU00101[c],KO
gene_knockout_TU_ID_rest_list_rerun2,116,KO: TU00106[c],0.0002219342967733,0.0002167965013084,3.3320980795197574e-05,0.000432645558743,366.03000487247823,606.8883192445753,772.4391710008917,1.658028880599584,24040.0,1207,8,growth_rate_summary_gene_knockout_TU_ID_rest_list_rerun12_seed10_all.csv,10,TU00106[c],TU00106[c],KO
gene_knockout_TU_ID_rest_list_rerun2,117,KO: TU00109[c],0.0002388152143736,0.0002415108947163,3.085090658016628e-05,0.0003650604462645,366.0790011779637,741.008568252928,743.2633314705618,2.024176655499281,22966.0,1152,8,growth_rate_summary_gene_knockout_TU_ID_rest_list_rerun12_seed10_all.csv,10,TU00109[c],TU00109[c],KO
gene_knockout_TU_ID_rest_list_rerun2,118,KO: TU00111[c],0.0002202313359447,0.0002189299448773,3.5439750366238583e-05,0.0003246664875858,366.084385013578,563.4933263367411,740.6284032679264,1.539244363880315,23824.0,1195,8,growth_rate_summary_gene_knockout_TU_ID_rest_list_rerun12_seed10_all.csv,10,TU00111[c],TU00111[c],KO
gene_knockout_TU_ID_rest_list_rerun2,119,KO: TU00112[c],0.0001142548811076,0.0001111654230082,4.039621567989905e-05,0.0004321466816643,366.0137368116933,479.1575742199127,594.0275515835497,1.3091245656346215,44767.0,2242,8,growth_rate_summary_gene_knockout_TU_ID_rest_list_rerun12_seed10_all.csv,10,TU00112[c],TU00112[c],KO
gene_knockout_TU_ID_rest_list_rerun2,120,KO: TU00115[c],0.0002195360375931,0.0002249142660298,3.429013537225242e-05,0.00040591962792,365.9743064854165,610.0220177545932,709.0319337399724,1.6668438383362347,24263.0,1218,8,growth_rate_summary_gene_knockout_TU_ID_rest_list_rerun12_seed10_all.csv,10,TU00115[c],TU00115[c],KO
gene_knockout_TU_ID_rest_list_rerun2,121,KO: TU00116[c],0.0001977779562428,0.0001955862491638,4.2299534260218445e-05,0.001093733686652,365.75566642408944,705.3478023378416,705.3478023378416,1.9284671902252883,27577.0,1382,8,growth_rate_summary_gene_knockout_TU_ID_rest_list_rerun12_seed10_all.csv,10,TU00116[c],TU00116[c],KO
gene_knockout_TU_ID_rest_list_rerun2,122,KO: TU00117[c],0.0002295336371642,0.000228557395073,3.046514859841128e-05,0.0003254258870287,366.1339502958963,755.8032075722699,755.8032075722699,2.064280591738234,24158.0,1212,8,growth_rate_summary_gene_knockout_TU_ID_rest_list_rerun12_seed10_all.csv,10,TU00117[c],TU00117[c],KO
gene_knockout_TU_ID_rest_list_rerun2,123,KO: TU00128[c],0.0002296893070032,0.0002348436519643,3.748724298155467e-05,0.0004158630848758,365.6062206328152,711.6725381925371,745.3082718352266,1.9465547849834928,23870.0,1198,8,growth_rate_summary_gene_knockout_TU_ID_rest_list_rerun12_seed10_all.csv,10,TU00128[c],TU00128[c],KO
gene_knockout_TU_ID_rest_list_rerun2,124,KO: TU00144[c],0.0002331409737393,0.0002327135246843,4.470439105664999e-05,0.0005883546169712,366.7888704104106,608.0222008698543,776.4202566200227,1.6576898862539662,22791.0,1144,8,growth_rate_summary_gene_knockout_TU_ID_rest_list_rerun12_seed10_all.csv,10,TU00144[c],TU00144[c],KO
gene_knockout_TU_ID_rest_list_rerun2,125,KO: TU00146[c],0.0002423976536467,0.0002455907943804,3.216610625488608e-05,0.0003219271063035,366.7699113910619,650.2385754630338,762.7663877153886,1.7728787320553363,22124.0,1110,8,growth_rate_summary_gene_knockout_TU_ID_rest_list_rerun12_seed10_all.csv,10,TU00146[c],TU00146[c],KO
gene_knockout_TU_ID_rest_list_rerun2,126,KO: TU00147[c],0.000240301341366,0.0002364198734067,3.105248326317899e-05,0.0003237694776046,365.9715201172818,683.2971407226441,789.663153999672,1.8670773630245048,22665.0,1137,8,growth_rate_summary_gene_knockout_TU_ID_rest_list_rerun12_seed10_all.csv,10,TU00147[c],TU00147[c],KO
gene_knockout_TU_ID_rest_list_rerun2,127,KO: TU00157[c],0.0002190382077116,0.0002198608519353,5.919859504994871e-05,0.0017043568217181,366.3309622237638,683.6064713875885,692.6737768751079,1.866089798246497,24855.0,1248,8,growth_rate_summary_gene_knockout_TU_ID_rest_list_rerun12_seed10_all.csv,10,TU00157[c],TU00157[c],KO
gene_knockout_TU_ID_rest_list_rerun2,128,KO: TU00169[c],0.0002204243674634,0.000217762512512,2.9712414515005663e-05,0.000302858609356,366.1179565007066,635.8062122713118,737.7395408921989,1.7366157572500396,24064.0,1207,8,growth_rate_summary_gene_knockout_TU_ID_rest_list_rerun12_seed10_all.csv,10,TU00169[c],TU00169[c],KO
gene_knockout_TU_ID_rest_list_rerun2,129,KO: TU00178[c],4.966105659019504e-05,4.3484093946436655e-05,2.2245503409680787e-05,0.000253423660866,366.0698442633652,264.12960384943915,463.5740935113097,0.7215278941671409,20934.0,1049,8,growth_rate_summary_gene_knockout_TU_ID_rest_list_rerun12_seed10_all.csv,10,TU00178[c],TU00178[c],KO
gene_knockout_TU_ID_rest_list_rerun2,130,KO: TU00184[c],0.0002411320780677,0.0002388413164177,3.130877108900382e-05,0.0004208626327396,366.3647870840267,691.7243340748116,781.3781034019823,1.8880753785875248,22582.0,1132,8,growth_rate_summary_gene_knockout_TU_ID_rest_list_rerun12_seed10_all.csv,10,TU00184[c],TU00184[c],KO
gene_knockout_TU_ID_rest_list_rerun2,131,KO: TU00192[c],4.341872531446612e-05,3.889400060797598e-05,1.9581917734455543e-05,0.0002361206561262,365.964280758398,235.9116800649392,451.5643929020271,0.6446303436391466,21788.0,1091,8,growth_rate_summary_gene_knockout_TU_ID_rest_list_rerun12_seed10_all.csv,10,TU00192[c],TU00192[c],KO
gene_knockout_TU_ID_rest_list_rerun2,132,KO: TU00205[c],2.216773401001079e-05,5.42664743653134e-06,4.3606188546823874e-05,0.0001813485905728,366.1006647485256,464.4124388206833,464.4124388206833,1.2685375459224804,10800.0,541,8,growth_rate_summary_gene_knockout_TU_ID_rest_list_rerun12_seed10_all.csv,10,TU00205[c],TU00205[c],KO
gene_knockout_TU_ID_rest_list_rerun2,133,KO: TU00214[c],0.0002239455850545,0.0002255684632096,2.7460576545215637e-05,0.0002856510543917,366.6758237005989,610.8841750985823,715.1366431160052,1.6660061438830676,23778.0,1192,8,growth_rate_summary_gene_knockout_TU_ID_rest_list_rerun12_seed10_all.csv,10,TU00214[c],TU00214[c],KO
gene_knockout_TU_ID_rest_list_rerun2,134,KO: TU00218[c],0.0002229049769287,0.0002164195399063,4.689649795994048e-05,0.0005825924983516,366.0945701082321,552.217169960267,780.4792518843594,1.508400328901381,23377.0,1173,8,growth_rate_summary_gene_knockout_TU_ID_rest_list_rerun12_seed10_all.csv,10,TU00218[c],TU00218[c],KO
gene_knockout_TU_ID_rest_list_rerun2,135,KO: TU00219[c],0.000221772933851,0.000219868018981,3.7787501664372765e-05,0.0003381316902731,365.9733964578109,624.7891740751575,766.0034963210569,1.7071983376998898,24222.0,1215,8,growth_rate_summary_gene_knockout_TU_ID_rest_list_rerun12_seed10_all.csv,10,TU00219[c],TU00219[c],KO
gene_knockout_TU_ID_rest_list_rerun2,136,KO: TU00238[c],0.0002266491147814,0.0002236801672192,3.924063156471025e-05,0.0005921658846037,366.0749453191911,623.25448458547,726.048515586381,1.702532480178442,23620.0,1184,8,growth_rate_summary_gene_knockout_TU_ID_rest_list_rerun12_seed10_all.csv,10,TU00238[c],TU00238[c],KO
gene_knockout_TU_ID_rest_list_rerun2,137,KO: TU00254[c],0.0002099314725707,0.0002051207873103,3.92481975484976e-05,0.0003363638034098,366.0395302634376,568.5627674257528,742.477373257193,1.5532824201161002,24986.0,1253,8,growth_rate_summary_gene_knockout_TU_ID_rest_list_rerun12_seed10_all.csv,10,TU00254[c],TU00254[c],KO
gene_knockout_TU_ID_rest_list_rerun2,138,KO: TU00256[c],4.498104810387858e-05,3.882281045108904e-05,2.1018937466345188e-05,0.0002533051278315,366.0819898989362,242.98910659905607,451.9211814724174,0.663755970803529,21570.0,1080,8,growth_rate_summary_gene_knockout_TU_ID_rest_list_rerun12_seed10_all.csv,10,TU00256[c],TU00256[c],KO
gene_knockout_TU_ID_rest_list_rerun2,139,KO: TU00258[c],0.0002368655147541,0.0002375245451072,3.768404493386711e-05,0.0003447599288473,366.0971521150368,662.126602348708,796.182274617777,1.808608994971508,22834.0,1146,8,growth_rate_summary_gene_knockout_TU_ID_rest_list_rerun12_seed10_all.csv,10,TU00258[c],TU00258[c],KO
gene_knockout_TU_ID_rest_list_rerun2,140,KO: TU00270[c],0.0002109069829655,0.0002135500809994,4.66246216309e-05,0.0005861453125204,366.0978173714877,631.8239509772934,720.0723509913391,1.7258337007132916,25382.0,1275,8,growth_rate_summary_gene_knockout_TU_ID_rest_list_rerun12_seed10_all.csv,10,TU00270[c],TU00270[c],KO
gene_knockout_TU_ID_rest_list_rerun2,141,KO: TU00280[c],0.0002203245720023,0.0002193402973178,2.6162305048268537e-05,0.0003009161768828,366.1069868671491,606.0118331950537,689.2792030216804,1.655286172986805,24176.0,1213,8,growth_rate_summary_gene_knockout_TU_ID_rest_list_rerun12_seed10_all.csv,10,TU00280[c],TU00280[c],KO
gene_knockout_TU_ID_rest_list_rerun2,142,KO: TU00281[c],0.0003968421969299,0.0001181584824953,0.0005171711159297,0.0027818510687291,365.9810789287843,7222.281877619094,7222.281877619094,19.73403078311725,10974.0,551,8,growth_rate_summary_gene_knockout_TU_ID_rest_list_rerun12_seed10_all.csv,10,TU00281[c],TU00281[c],KO
gene_knockout_TU_ID_rest_list_rerun2,143,KO: TU00313[c],0.000207953802774,0.0002039700583629,2.920705297670765e-05,0.0003268568563697,366.0667787378243,594.9813194963895,716.447905592712,1.6253354689760389,25467.0,1277,8,growth_rate_summary_gene_knockout_TU_ID_rest_list_rerun12_seed10_all.csv,10,TU00313[c],TU00313[c],KO
gene_knockout_TU_ID_rest_list_rerun2,144,KO: TU00321[c],0.0002248777645609,0.0002224168327207,3.593638196412375e-05,0.000325693322399,365.9287492966273,630.4131141291666,773.9273665508638,1.7227755822435924,23920.0,1200,8,growth_rate_summary_gene_knockout_TU_ID_rest_list_rerun12_seed10_all.csv,10,TU00321[c],TU00321[c],KO
gene_knockout_TU_ID_rest_list_rerun2,145,KO: TU00368[c],0.0002268877749384,0.0002252384798825,3.812926417644311e-05,0.0003528987175645,366.1539796646703,596.7007883550891,745.75327612973,1.6296444159955803,23261.0,1167,8,growth_rate_summary_gene_knockout_TU_ID_rest_list_rerun12_seed10_all.csv,10,TU00368[c],TU00368[c],KO
gene_knockout_TU_ID_rest_list_rerun2,146,KO: TU00444[c],0.0002072047541669,0.0002144193564179,4.3269559621457575e-05,0.0003193035193149,366.1240249492676,638.8608240909882,723.4439410395053,1.7449300798534395,25984.0,1303,8,growth_rate_summary_gene_knockout_TU_ID_rest_list_rerun12_seed10_all.csv,10,TU00444[c],TU00444[c],KO
gene_knockout_TU_ID_rest_list_rerun2,147,KO: TU00455[c],0.0002248933020237,0.0002186039851544,4.397367089890525e-05,0.0005807976494678,365.9538972114879,632.0473932304799,728.7870451800691,1.727123001139169,23787.0,1193,8,growth_rate_summary_gene_knockout_TU_ID_rest_list_rerun12_seed10_all.csv,10,TU00455[c],TU00455[c],KO
gene_knockout_TU_ID_rest_list_rerun2,148,KO: TU00467[c],0.0002196957370239,0.0002169198215956,3.408526181188284e-05,0.0003164796591917,366.73205786967526,577.650699407586,737.0652885312975,1.5751300902438816,24000.0,1204,8,growth_rate_summary_gene_knockout_TU_ID_rest_list_rerun12_seed10_all.csv,10,TU00467[c],TU00467[c],KO
gene_knockout_TU_ID_rest_list_rerun2,149,KO: TU00484[c],2.494885529849788e-05,8.682833302642701e-06,4.480280572957125e-05,0.0002040273207268,366.1982564636437,256.64346629514034,466.914731423541,0.700832026819385,13472.0,675,8,growth_rate_summary_gene_knockout_TU_ID_rest_list_rerun12_seed10_all.csv,10,TU00484[c],TU00484[c],KO
gene_knockout_TU_ID_rest_list_rerun2,150,KO: TU102[c],0.0002305658663423,0.0002299024255716,3.8998596172159e-05,0.0003342053618072,366.1331806459174,564.8095693371888,758.6877116389835,1.5426342085160776,22729.0,1140,8,growth_rate_summary_gene_knockout_TU_ID_rest_list_rerun12_seed10_all.csv,10,TU102[c],TU102[c],KO
gene_knockout_TU_ID_rest_list_rerun2,151,KO: TU164[c],0.000218215889458,0.0002175321043385,4.476374096379033e-05,0.001241072472652,365.9503143272645,691.6940339029845,737.9705708898243,1.8901310009107188,24838.0,1245,8,growth_rate_summary_gene_knockout_TU_ID_rest_list_rerun12_seed10_all.csv,10,TU164[c],TU164[c],KO
gene_knockout_TU_ID_rest_list_rerun2,152,KO: TU21[c],0.00023868661578,0.0002406597524483,2.968699609097088e-05,0.0003093605854802,365.8533417573437,669.2027645531125,771.9662151776554,1.829155806910652,22641.0,1134,8,growth_rate_summary_gene_knockout_TU_ID_rest_list_rerun12_seed10_all.csv,10,TU21[c],TU21[c],KO
gene_knockout_TU_ID_rest_list_rerun2,153,KO: TU344[c],0.0002370603268893,0.0002374404078607,3.3955786378412883e-05,0.0006021544924708,366.1225637838927,697.7119436498606,723.7112562945777,1.905678624226208,23110.0,1158,8,growth_rate_summary_gene_knockout_TU_ID_rest_list_rerun12_seed10_all.csv,10,TU344[c],TU344[c],KO
gene_knockout_TU_ID_rest_list_rerun2,154,KO: TU524[c],0.0002309277835944,0.0002310908984604,2.858220157846197e-05,0.0003023220409082,365.7782552003573,685.9374346497791,728.5032747290072,1.8752821549603944,23597.0,1183,8,growth_rate_summary_gene_knockout_TU_ID_rest_list_rerun12_seed10_all.csv,10,TU524[c],TU524[c],KO
gene_knockout_TU_ID_rest_list_rerun2,155,KO: TU582[c],0.0002182936653487,0.0002115115232827,4.698305673909964e-05,0.0007549805165609,366.1260244046341,541.2791157347635,749.3931681224585,1.4783956333476973,23892.0,1199,8,growth_rate_summary_gene_knockout_TU_ID_rest_list_rerun12_seed10_all.csv,10,TU582[c],TU582[c],KO
gene_knockout_TU_ID_rest_list_rerun2,156,KO: TU5[c],0.0002335337108068,0.0002380723098389,4.039731753151805e-05,0.0003285189099319,365.7827561370104,582.9633198130973,782.7124029105316,1.5937419411721476,22677.0,1138,8,growth_rate_summary_gene_knockout_TU_ID_rest_list_rerun12_seed10_all.csv,10,TU5[c],TU5[c],KO
gene_knockout_TU_ID_rest_list_rerun2,157,KO: TU67[c],0.0002243956016441,0.0002235585907231,3.487389034913493e-05,0.0005698934456797,366.1059441167715,690.0906055377795,690.0906055377795,1.8849478317065276,24316.0,1220,8,growth_rate_summary_gene_knockout_TU_ID_rest_list_rerun12_seed10_all.csv,10,TU67[c],TU67[c],KO
gene_knockout_TU_ID_rest_list_rerun2,158,KO: TU862[c],0.000229791470985,0.0002288703823962,3.756469496863266e-05,0.0007626035926514,365.4361010538487,675.2591522903149,699.7462284051455,1.8478173074389612,23656.0,1187,8,growth_rate_summary_gene_knockout_TU_ID_rest_list_rerun12_seed10_all.csv,10,TU862[c],TU862[c],KO
gene_knockout_TU_ID_rest_list_rerun2,159,KO: TU872[c],0.0002192050554175,0.0002159537451484,3.83546861055147e-05,0.0005876372905068,366.7904553935685,622.389811629334,713.6038308116456,1.6968538915809732,24530.0,1230,8,growth_rate_summary_gene_knockout_TU_ID_rest_list_rerun12_seed10_all.csv,10,TU872[c],TU872[c],KO
gene_knockout_TU_ID_rest_list_rerun,1,KO: EG10214_RNA[c],0.0002318930984542,0.000230711188656,3.985852728997645e-05,0.0005735997648165,379.2837353216653,645.2389139938521,745.8372615779144,1.7012037530336857,22995.0,1154,8,growth_rate_summary_gene_knockout_TU_ID_rest_list_rerun12_seed11_all.csv,11,EG10214_RNA[c],EG10214_RNA[c],KO
gene_knockout_TU_ID_rest_list_rerun,2,KO: EG10383_RNA[c],7.86100420391174e-05,7.830510547250866e-05,4.0229573510256935e-05,0.0001439009614818,379.5930556313036,388.70968820188295,388.70968820188295,1.0240168581467262,300.0,16,8,growth_rate_summary_gene_knockout_TU_ID_rest_list_rerun12_seed11_all.csv,11,EG10383_RNA[c],EG10383_RNA[c],KO
gene_knockout_TU_ID_rest_list_rerun,3,KO: EG10982_RNA[c],0.0002208998208374,0.0002179948143857,3.844831295470391e-05,0.0005724179526913,379.4631701016108,602.905499158263,719.3511855427037,1.5888379865609088,23937.0,1200,8,growth_rate_summary_gene_knockout_TU_ID_rest_list_rerun12_seed11_all.csv,11,EG10982_RNA[c],EG10982_RNA[c],KO
gene_knockout_TU_ID_rest_list_rerun,4,KO: EG12662_RNA[c],0.0002107756507842,0.0002075386353456,4.172337275360584e-05,0.000582209163126,379.1545111609282,631.6064742376911,694.5111545198986,1.665828720602014,25313.0,1269,8,growth_rate_summary_gene_knockout_TU_ID_rest_list_rerun12_seed11_all.csv,11,EG12662_RNA[c],EG12662_RNA[c],KO
gene_knockout_TU_ID_rest_list_rerun,5,KO: EG12663_RNA[c],0.0002548190200245,0.0002575426869499,2.850585003013636e-05,0.0003249219341489,379.51931377933965,741.9803364664094,762.829616547521,1.9550529038366995,21544.0,1082,8,growth_rate_summary_gene_knockout_TU_ID_rest_list_rerun12_seed11_all.csv,11,EG12663_RNA[c],EG12663_RNA[c],KO
gene_knockout_TU_ID_rest_list_rerun,6,KO: TU0-1021[c],0.0001100916395181,0.0001111882175161,2.1332959503099395e-05,0.0001555806234707,379.7093058806903,282.36571248062785,513.4078083263503,0.7436365348637278,3614.0,182,8,growth_rate_summary_gene_knockout_TU_ID_rest_list_rerun12_seed11_all.csv,11,TU0-1021[c],TU0-1021[c],KO
gene_knockout_TU_ID_rest_list_rerun,7,KO: TU0-1063[c],0.0002159556227334,0.0002184506806003,3.580947402845883e-05,0.000296897580363,379.9753197326168,724.9221302845485,724.9221302845485,1.9078137253616,25214.0,1264,8,growth_rate_summary_gene_knockout_TU_ID_rest_list_rerun12_seed11_all.csv,11,TU0-1063[c],TU0-1063[c],KO
gene_knockout_TU_ID_rest_list_rerun,8,KO: TU0-12797[c],0.0002078458643207,0.0002029348517991,3.244193354470796e-05,0.0003156395257764,380.0145588044246,594.7788566953909,736.1544411212165,1.5651475526796732,25363.0,1272,8,growth_rate_summary_gene_knockout_TU_ID_rest_list_rerun12_seed11_all.csv,11,TU0-12797[c],TU0-12797[c],KO
gene_knockout_TU_ID_rest_list_rerun,9,KO: TU0-12810[c],0.0002378678791303,0.0002367911907768,3.8538404431537945e-05,0.0005866364190932,379.9518692646967,733.2553660847077,733.2553660847077,1.9298638206563976,23122.0,1161,8,growth_rate_summary_gene_knockout_TU_ID_rest_list_rerun12_seed11_all.csv,11,TU0-12810[c],TU0-12810[c],KO
gene_knockout_TU_ID_rest_list_rerun,10,KO: TU0-12812[c],0.0002184782396783,0.0002217843911518,3.276242007993328e-05,0.0003037798994842,378.9557945686728,710.306940739373,710.306940739373,1.874379415540654,24950.0,1253,8,growth_rate_summary_gene_knockout_TU_ID_rest_list_rerun12_seed11_all.csv,11,TU0-12812[c],TU0-12812[c],KO
gene_knockout_TU_ID_rest_list_rerun,11,KO: TU0-12827[c],0.0002398683357461,0.0002398972764375,3.0908332275426564e-05,0.0004544869335047,379.8499535046756,688.3035562753003,739.5672537812907,1.8120406490107095,22606.0,1134,8,growth_rate_summary_gene_knockout_TU_ID_rest_list_rerun12_seed11_all.csv,11,TU0-12827[c],TU0-12827[c],KO
gene_knockout_TU_ID_rest_list_rerun,12,KO: TU0-12831[c],0.0002281571131096,0.0002280322772233,3.395784347513999e-05,0.0003165031118275,379.4544022471157,657.073488697808,793.314418260841,1.7316270013119937,23506.0,1180,8,growth_rate_summary_gene_knockout_TU_ID_rest_list_rerun12_seed11_all.csv,11,TU0-12831[c],TU0-12831[c],KO
gene_knockout_TU_ID_rest_list_rerun,13,KO: TU0-12833[c],0.0002450890236825,0.0002446386059912,3.884658771359441e-05,0.0005941299951401,379.5526971496496,727.7676919798284,768.9698653671985,1.9174351742068767,22209.0,1113,8,growth_rate_summary_gene_knockout_TU_ID_rest_list_rerun12_seed11_all.csv,11,TU0-12833[c],TU0-12833[c],KO
gene_knockout_TU_ID_rest_list_rerun,14,KO: TU0-12921[c],0.0002168832207859,0.0002157219268793,3.39467571903822e-05,0.0003782628226877,380.0221484833926,625.3989229240926,754.8475313518211,1.645690719396118,24448.0,1226,8,growth_rate_summary_gene_knockout_TU_ID_rest_list_rerun12_seed11_all.csv,11,TU0-12921[c],TU0-12921[c],KO
gene_knockout_TU_ID_rest_list_rerun,15,KO: TU0-12924[c],0.0002361815448445,0.0002382163107802,3.5864795754052544e-05,0.0004178475835069,379.5385285130402,674.5262670871143,763.3147660802197,1.777227386452121,22821.0,1144,8,growth_rate_summary_gene_knockout_TU_ID_rest_list_rerun12_seed11_all.csv,11,TU0-12924[c],TU0-12924[c],KO
gene_knockout_TU_ID_rest_list_rerun,16,KO: TU0-12942[c],0.000221653865671,0.0002223905677637,3.410798410755233e-05,0.0005832834714689,379.9329433434733,704.789538327198,723.792045252894,1.8550366602193864,24476.0,1227,8,growth_rate_summary_gene_knockout_TU_ID_rest_list_rerun12_seed11_all.csv,11,TU0-12942[c],TU0-12942[c],KO
gene_knockout_TU_ID_rest_list_rerun,17,KO: TU0-12947[c],0.0002425364184124,0.0002501625356535,3.886042107906373e-05,0.0006903278114545,379.8301677425644,732.4428282508543,764.2659137359842,1.9283429554949896,22465.0,1128,8,growth_rate_summary_gene_knockout_TU_ID_rest_list_rerun12_seed11_all.csv,11,TU0-12947[c],TU0-12947[c],KO
gene_knockout_TU_ID_rest_list_rerun,18,KO: TU0-12962[c],0.0002204659084491,0.0002233692083053,4.012350534789748e-05,0.0007606751822127,379.7103407370072,659.1030393927717,708.9203030095248,1.735804819309032,24302.0,1217,8,growth_rate_summary_gene_knockout_TU_ID_rest_list_rerun12_seed11_all.csv,11,TU0-12962[c],TU0-12962[c],KO
gene_knockout_TU_ID_rest_list_rerun,19,KO: TU0-12963[c],0.0002208730264927,0.0002221132995043,3.677007384174992e-05,0.0002923573202077,379.091032938935,729.8851865642062,739.1945415433624,1.9253559782348584,24860.0,1247,8,growth_rate_summary_gene_knockout_TU_ID_rest_list_rerun12_seed11_all.csv,11,TU0-12963[c],TU0-12963[c],KO
gene_knockout_TU_ID_rest_list_rerun,20,KO: TU0-13010[c],0.0002147601809968,0.0002181454643936,3.047358259814238e-05,0.0002891491320022,379.6515779237467,692.3640072169089,693.4468967586404,1.823682680323196,25200.0,1263,8,growth_rate_summary_gene_knockout_TU_ID_rest_list_rerun12_seed11_all.csv,11,TU0-13010[c],TU0-13010[c],KO
gene_knockout_TU_ID_rest_list_rerun,21,KO: TU0-13018[c],0.000215515672942,0.0002129986589159,3.867982169868671e-05,0.0005714458968801,379.4500317545285,649.7126716747628,741.3399362186283,1.7122482996524584,24811.0,1244,8,growth_rate_summary_gene_knockout_TU_ID_rest_list_rerun12_seed11_all.csv,11,TU0-13018[c],TU0-13018[c],KO
gene_knockout_TU_ID_rest_list_rerun,22,KO: TU0-13066[c],0.0002340616030638,0.0002330156230387,2.917447216025371e-05,0.0003455717715189,379.0722960548153,680.4791997361565,725.8796854010341,1.7951172027558475,23033.0,1155,8,growth_rate_summary_gene_knockout_TU_ID_rest_list_rerun12_seed11_all.csv,11,TU0-13066[c],TU0-13066[c],KO
gene_knockout_TU_ID_rest_list_rerun,23,KO: TU0-13069[c],0.0002120465473575,0.0002080304307591,4.3364403620982665e-05,0.0005861799707333,379.9649544362263,565.959823925155,711.1548526007432,1.489505327576589,24668.0,1238,8,growth_rate_summary_gene_knockout_TU_ID_rest_list_rerun12_seed11_all.csv,11,TU0-13069[c],TU0-13069[c],KO
gene_knockout_TU_ID_rest_list_rerun,24,KO: TU0-13078[c],0.0002286773860986,0.0002314927164201,3.2722325144656014e-05,0.0002908723751434,379.03165789978834,690.8023822424157,733.1714112462107,1.82254534112044,23577.0,1183,8,growth_rate_summary_gene_knockout_TU_ID_rest_list_rerun12_seed11_all.csv,11,TU0-13078[c],TU0-13078[c],KO
gene_knockout_TU_ID_rest_list_rerun,25,KO: TU0-13080[c],0.0004118321547207,0.000115357716502,0.0005826989791443,0.0033100013100975,379.5638823684427,9074.58434339456,9074.58434339456,23.907923711734668,10947.0,549,8,growth_rate_summary_gene_knockout_TU_ID_rest_list_rerun12_seed11_all.csv,11,TU0-13080[c],TU0-13080[c],KO
gene_knockout_TU_ID_rest_list_rerun,26,KO: TU0-13084[c],0.0002372680748978,0.0002347331350352,3.927310536388477e-05,0.0006030556410469,379.8057430257014,699.0327823975092,712.0399079373874,1.840500822417016,22771.0,1142,8,growth_rate_summary_gene_knockout_TU_ID_rest_list_rerun12_seed11_all.csv,11,TU0-13084[c],TU0-13084[c],KO
gene_knockout_TU_ID_rest_list_rerun,27,KO: TU0-13087[c],0.0002241409290861,0.0002248639911336,3.3048917250158565e-05,0.0003089392778624,379.08938703034914,748.6416655154503,748.6416655154503,1.97484205870294,24439.0,1226,8,growth_rate_summary_gene_knockout_TU_ID_rest_list_rerun12_seed11_all.csv,11,TU0-13087[c],TU0-13087[c],KO
gene_knockout_TU_ID_rest_list_rerun,28,KO: TU0-13093[c],0.0004223354556677,0.0001487476338069,0.0005121716585904,0.0028694496059766,380.013950872316,7434.366190365574,7434.366190365574,19.563403325851866,10221.0,513,8,growth_rate_summary_gene_knockout_TU_ID_rest_list_rerun12_seed11_all.csv,11,TU0-13093[c],TU0-13093[c],KO
gene_knockout_TU_ID_rest_list_rerun,29,KO: TU0-13100[c],0.0002276686169326,0.000226301723742,3.786610305394282e-05,0.0003460223578623,379.5552767056679,573.5293321828908,772.0517610203997,1.5110561422325928,22793.0,1143,8,growth_rate_summary_gene_knockout_TU_ID_rest_list_rerun12_seed11_all.csv,11,TU0-13100[c],TU0-13100[c],KO
gene_knockout_TU_ID_rest_list_rerun,30,KO: TU0-13106[c],0.0002380278493497,0.0002402522524046,3.2895394525652445e-05,0.0007908083361463,379.1559281593392,679.7486253457255,758.6864748407074,1.7927944016216546,22749.0,1142,8,growth_rate_summary_gene_knockout_TU_ID_rest_list_rerun12_seed11_all.csv,11,TU0-13106[c],TU0-13106[c],KO
gene_knockout_TU_ID_rest_list_rerun,31,KO: TU0-13135[c],0.0002306539604741,0.0002301904354591,2.7064222082500515e-05,0.0004253819218287,379.50547281900674,4151.505362193562,4151.505362193562,10.939250312665433,13334.0,668,8,growth_rate_summary_gene_knockout_TU_ID_rest_list_rerun12_seed11_all.csv,11,TU0-13135[c],TU0-13135[c],KO
gene_knockout_TU_ID_rest_list_rerun,32,KO: TU0-13182[c],0.0002176045533712,0.0002163751667934,3.64927357267526e-05,0.000573710366341,379.5270662318799,677.1221777107016,690.955354053755,1.784120917734494,24737.0,1241,8,growth_rate_summary_gene_knockout_TU_ID_rest_list_rerun12_seed11_all.csv,11,TU0-13182[c],TU0-13182[c],KO
gene_knockout_TU_ID_rest_list_rerun,33,KO: TU0-13189[c],0.0002228421566425,0.0002212482934284,0.0001182885303283,0.00412300177738,379.4789375993996,648.7952845847637,743.7484625334992,1.709700382026658,24074.0,1208,8,growth_rate_summary_gene_knockout_TU_ID_rest_list_rerun12_seed11_all.csv,11,TU0-13189[c],TU0-13189[c],KO
gene_knockout_TU_ID_rest_list_rerun,34,KO: TU0-13209[c],0.0002215519287427,0.0002262514619067,4.1988705909109065e-05,0.0005744022456011,379.9621024221162,667.5087148860282,698.6537871563596,1.7567770854801306,24251.0,1216,8,growth_rate_summary_gene_knockout_TU_ID_rest_list_rerun12_seed11_all.csv,11,TU0-13209[c],TU0-13209[c],KO
gene_knockout_TU_ID_rest_list_rerun,35,KO: TU0-13215[c],0.0001890379333094,0.0001924491966235,3.816301780034996e-05,0.0002785602549661,379.0480581282711,584.8279092604389,675.2064305801878,1.542885913064172,27784.0,1393,8,growth_rate_summary_gene_knockout_TU_ID_rest_list_rerun12_seed11_all.csv,11,TU0-13215[c],TU0-13215[c],KO
gene_knockout_TU_ID_rest_list_rerun,36,KO: TU0-13350[c],0.0002204407815244,0.0002146812047963,3.733842602583834e-05,0.0006031775365765,379.5252349373933,627.6885252633413,732.7258622063441,1.65387823385943,24161.0,1212,8,growth_rate_summary_gene_knockout_TU_ID_rest_list_rerun12_seed11_all.csv,11,TU0-13350[c],TU0-13350[c],KO
gene_knockout_TU_ID_rest_list_rerun,37,KO: TU0-13373[c],0.0002210718349031,0.0002202576695663,2.8613573440378368e-05,0.0003152463275247,379.9986425089231,676.7330021550972,718.4186864311177,1.7808826833880234,24450.0,1227,8,growth_rate_summary_gene_knockout_TU_ID_rest_list_rerun12_seed11_all.csv,11,TU0-13373[c],TU0-13373[c],KO
gene_knockout_TU_ID_rest_list_rerun,38,KO: TU0-13440[c],0.0001958847856123,0.0001919160182934,4.5197911744735965e-05,0.0005595519060815,379.8978212509036,553.5661521397867,721.3719923387546,1.457144845729936,26481.0,1328,8,growth_rate_summary_gene_knockout_TU_ID_rest_list_rerun12_seed11_all.csv,11,TU0-13440[c],TU0-13440[c],KO
gene_knockout_TU_ID_rest_list_rerun,39,KO: TU0-13444[c],0.0004028671761402,0.0001205498237767,0.0005184031221189,0.0026169993130559,379.5163200842904,10361.297523336543,10361.297523336543,27.30132269683502,11617.0,583,8,growth_rate_summary_gene_knockout_TU_ID_rest_list_rerun12_seed11_all.csv,11,TU0-13444[c],TU0-13444[c],KO
gene_knockout_TU_ID_rest_list_rerun,40,KO: TU0-13499[c],0.0002152855159775,0.0002149246066296,3.284053477064598e-05,0.0005584366263324,379.9959619243377,571.2898689541773,713.3523230144904,1.5034103679973545,24065.0,1207,8,growth_rate_summary_gene_knockout_TU_ID_rest_list_rerun12_seed11_all.csv,11,TU0-13499[c],TU0-13499[c],KO
gene_knockout_TU_ID_rest_list_rerun,41,KO: TU0-13514[c],0.00021014881657,0.000207747610464,4.060307961978446e-05,0.0005585925019006,379.9206686192138,615.2042178955217,731.1284170020501,1.6192965234858736,25059.0,1256,8,growth_rate_summary_gene_knockout_TU_ID_rest_list_rerun12_seed11_all.csv,11,TU0-13514[c],TU0-13514[c],KO
gene_knockout_TU_ID_rest_list_rerun,42,KO: TU0-13519[c],4.411951755798331e-05,3.881173874924451e-05,1.883361662622781e-05,0.0002061022951769,379.446506957407,245.79664079840109,463.6443767501278,0.6477767914358264,21440.0,1074,8,growth_rate_summary_gene_knockout_TU_ID_rest_list_rerun12_seed11_all.csv,11,TU0-13519[c],TU0-13519[c],KO
gene_knockout_TU_ID_rest_list_rerun,43,KO: TU0-13539[c],0.0002163936148322,0.0002183508261735,3.4334122887713074e-05,0.0002945229518749,379.0836910356762,715.8058833410691,715.8058833410691,1.888252911607594,25076.0,1258,8,growth_rate_summary_gene_knockout_TU_ID_rest_list_rerun12_seed11_all.csv,11,TU0-13539[c],TU0-13539[c],KO
gene_knockout_TU_ID_rest_list_rerun,44,KO: TU0-13552[c],0.0002189112091883,0.0002175505572172,2.995906592869711e-05,0.0003296458494875,379.6812163794028,627.077769310948,733.3265375139813,1.6515901821288153,24336.0,1222,8,growth_rate_summary_gene_knockout_TU_ID_rest_list_rerun12_seed11_all.csv,11,TU0-13552[c],TU0-13552[c],KO
gene_knockout_TU_ID_rest_list_rerun,45,KO: TU0-13565[c],0.0002382729477768,0.0002409529220383,3.4139413082995964e-05,0.0003178088305062,379.89348473772986,673.298464021311,765.2928330771297,1.7723348545609872,22590.0,1133,8,growth_rate_summary_gene_knockout_TU_ID_rest_list_rerun12_seed11_all.csv,11,TU0-13565[c],TU0-13565[c],KO
gene_knockout_TU_ID_rest_list_rerun,46,KO: TU0-13580[c],0.000236000607628,0.0002368400830565,2.6418346316631307e-05,0.0003112869879792,379.9875211192326,658.3158193904274,719.3851418422723,1.7324669437864535,22691.0,1138,8,growth_rate_summary_gene_knockout_TU_ID_rest_list_rerun12_seed11_all.csv,11,TU0-13580[c],TU0-13580[c],KO
gene_knockout_TU_ID_rest_list_rerun,47,KO: TU0-13593[c],5.084590827954073e-05,4.548909408978517e-05,1.849091917682739e-05,0.0002211605202091,379.3589676926253,271.465354018673,464.7760722444818,0.7155896581799727,20696.0,1036,8,growth_rate_summary_gene_knockout_TU_ID_rest_list_rerun12_seed11_all.csv,11,TU0-13593[c],TU0-13593[c],KO
gene_knockout_TU_ID_rest_list_rerun,48,KO: TU0-13627[c],0.0002181759521465,0.0002189454759589,3.983442047993489e-05,0.0007424980689537,379.9830669034035,673.5364706984019,740.9721691778318,1.772543382491366,24754.0,1241,8,growth_rate_summary_gene_knockout_TU_ID_rest_list_rerun12_seed11_all.csv,11,TU0-13627[c],TU0-13627[c],KO
gene_knockout_TU_ID_rest_list_rerun,49,KO: TU0-13637[c],0.0002143021984155,0.0002065242043759,6.166919543829949e-05,0.0011840535418208,379.5558938355771,551.6167979273987,751.9487799772098,1.453321650081814,24204.0,1215,8,growth_rate_summary_gene_knockout_TU_ID_rest_list_rerun12_seed11_all.csv,11,TU0-13637[c],TU0-13637[c],KO
gene_knockout_TU_ID_rest_list_rerun,50,KO: TU0-13642[c],4.712353098153348e-05,4.354903302476443e-05,2.073600755480661e-05,0.000197002168047,378.924641969458,251.55182396091152,464.93437890058567,0.6638571264552044,20708.0,1037,8,growth_rate_summary_gene_knockout_TU_ID_rest_list_rerun12_seed11_all.csv,11,TU0-13642[c],TU0-13642[c],KO
gene_knockout_TU_ID_rest_list_rerun,51,KO: TU0-13651[c],0.0002527393446758,0.0002521046611793,2.9957120115049903e-05,0.0003307008545167,379.4700162227296,2813.106137094597,2813.106137094597,7.413250103648367,13361.0,670,8,growth_rate_summary_gene_knockout_TU_ID_rest_list_rerun12_seed11_all.csv,11,TU0-13651[c],TU0-13651[c],KO
gene_knockout_TU_ID_rest_list_rerun,52,KO: TU0-13713[c],0.0002191440600248,0.0002207243655802,3.405529716636071e-05,0.0003309885991948,379.9011382652338,577.7223448774625,733.4386748702366,1.5207175938338904,23836.0,1196,8,growth_rate_summary_gene_knockout_TU_ID_rest_list_rerun12_seed11_all.csv,11,TU0-13713[c],TU0-13713[c],KO
gene_knockout_TU_ID_rest_list_rerun,53,KO: TU0-13736[c],0.0002059846090387,0.0001931029393939,4.604402250103999e-05,0.0003927432876787,379.6772794569073,544.1655575020332,785.8098178345504,1.433231818033491,24962.0,1252,8,growth_rate_summary_gene_knockout_TU_ID_rest_list_rerun12_seed11_all.csv,11,TU0-13736[c],TU0-13736[c],KO
gene_knockout_TU_ID_rest_list_rerun,54,KO: TU0-13741[c],0.0002420395460275,0.0002369520458786,4.3141174664015706e-05,0.0007331956724655,379.61437886605165,679.7762677677761,759.1653769448267,1.790702106169792,22220.0,1114,8,growth_rate_summary_gene_knockout_TU_ID_rest_list_rerun12_seed11_all.csv,11,TU0-13741[c],TU0-13741[c],KO
gene_knockout_TU_ID_rest_list_rerun,55,KO: TU0-13783[c],0.0002301968553093,0.0002320301105137,3.835583245613248e-05,0.0005970974531692,380.1076013188509,679.8187552773638,725.8257048837834,1.7884902930607327,23453.0,1177,8,growth_rate_summary_gene_knockout_TU_ID_rest_list_rerun12_seed11_all.csv,11,TU0-13783[c],TU0-13783[c],KO
gene_knockout_TU_ID_rest_list_rerun,56,KO: TU0-13785[c],0.0002265313740402,0.0002280487104771,2.6569942360795703e-05,0.0003058628022445,379.6265135243418,668.7874417549151,709.6326917862616,1.7616984534248874,23657.0,1186,8,growth_rate_summary_gene_knockout_TU_ID_rest_list_rerun12_seed11_all.csv,11,TU0-13785[c],TU0-13785[c],KO
gene_knockout_TU_ID_rest_list_rerun,57,KO: TU0-13792[c],0.000218210345063,0.0002085197986363,3.538679429757584e-05,0.0003688136048361,379.6242171814333,593.7742227849371,761.0066807503006,1.5641104964100732,24060.0,1208,8,growth_rate_summary_gene_knockout_TU_ID_rest_list_rerun12_seed11_all.csv,11,TU0-13792[c],TU0-13792[c],KO
gene_knockout_TU_ID_rest_list_rerun,58,KO: TU0-13807[c],0.0002248328518314,0.0002220429732422,3.315034240986986e-05,0.0006253951753242,379.91633390712536,631.1749849695527,739.424224941351,1.6613525890778107,23648.0,1185,8,growth_rate_summary_gene_knockout_TU_ID_rest_list_rerun12_seed11_all.csv,11,TU0-13807[c],TU0-13807[c],KO
gene_knockout_TU_ID_rest_list_rerun,59,KO: TU0-13823[c],0.0002392509994759,0.0002409833975633,2.72495897236193e-05,0.0003020099747681,378.9229189966378,740.468659451358,740.468659451358,1.9541405978083055,22842.0,1147,8,growth_rate_summary_gene_knockout_TU_ID_rest_list_rerun12_seed11_all.csv,11,TU0-13823[c],TU0-13823[c],KO
gene_knockout_TU_ID_rest_list_rerun,60,KO: TU0-13837[c],0.0002317091121116,0.0002269076611161,4.050056504100864e-05,0.0005932252395636,379.8205789381056,618.3176232447713,730.9689821558825,1.6279202800792174,22829.0,1145,8,growth_rate_summary_gene_knockout_TU_ID_rest_list_rerun12_seed11_all.csv,11,TU0-13837[c],TU0-13837[c],KO
gene_knockout_TU_ID_rest_list_rerun,61,KO: TU0-13839[c],0.0002099685112684,0.0002099502292693,3.846192960533274e-05,0.0005769668415034,379.1049386590479,578.2256653749484,721.5376164136433,1.525239073434973,24999.0,1254,8,growth_rate_summary_gene_knockout_TU_ID_rest_list_rerun12_seed11_all.csv,11,TU0-13839[c],TU0-13839[c],KO
gene_knockout_TU_ID_rest_list_rerun,62,KO: TU0-13848[c],0.0002071451005096,0.0002070056278574,3.844501978109133e-05,0.0005756847462879,379.6165362644879,549.8049507713386,713.1491635236532,1.4483166518022186,25000.0,1254,8,growth_rate_summary_gene_knockout_TU_ID_rest_list_rerun12_seed11_all.csv,11,TU0-13848[c],TU0-13848[c],KO
gene_knockout_TU_ID_rest_list_rerun,63,KO: TU0-13883[c],0.000200024798114,0.0002118205145408,3.6711557172408445e-05,0.0002732205954548,379.7069067130494,520.469413469631,683.2932815077904,1.3707135800480923,25614.0,1284,8,growth_rate_summary_gene_knockout_TU_ID_rest_list_rerun12_seed11_all.csv,11,TU0-13883[c],TU0-13883[c],KO
gene_knockout_TU_ID_rest_list_rerun,64,KO: TU0-13885[c],0.0002097185167648,0.0002083452806364,3.1899213194425364e-05,0.0003265360174565,379.6047195967623,618.4724173943607,733.1541106701104,1.6292537617849887,25202.0,1264,8,growth_rate_summary_gene_knockout_TU_ID_rest_list_rerun12_seed11_all.csv,11,TU0-13885[c],TU0-13885[c],KO
gene_knockout_TU_ID_rest_list_rerun,65,KO: TU0-13929[c],0.0002201335647474,0.0002189186987395,3.24215082145712e-05,0.0003519880018427,379.6298519886074,590.915117538998,727.876090419679,1.5565559832653284,23873.0,1197,8,growth_rate_summary_gene_knockout_TU_ID_rest_list_rerun12_seed11_all.csv,11,TU0-13929[c],TU0-13929[c],KO
gene_knockout_TU_ID_rest_list_rerun,66,KO: TU0-13935[c],4.661642286264102e-05,4.233585297770219e-05,2.016018422154353e-05,0.0001994814058214,379.804785798684,250.8085596835485,466.6897776031574,0.6603617675752247,20757.0,1040,8,growth_rate_summary_gene_knockout_TU_ID_rest_list_rerun12_seed11_all.csv,11,TU0-13935[c],TU0-13935[c],KO
gene_knockout_TU_ID_rest_list_rerun,67,KO: TU0-13984[c],0.0002388985017674,0.0002353302573779,3.973107546130309e-05,0.0006041747825933,379.8854963324261,689.4152315037336,768.5489161785101,1.8147974538634333,22665.0,1136,8,growth_rate_summary_gene_knockout_TU_ID_rest_list_rerun12_seed11_all.csv,11,TU0-13984[c],TU0-13984[c],KO
gene_knockout_TU_ID_rest_list_rerun,68,KO: TU0-14004[c],0.0001105854297789,0.0001108938766909,1.9728372545630797e-05,0.0001783670211638,379.9251016558175,564.6966604704803,564.6966604704803,1.486336801673219,3580.0,180,8,growth_rate_summary_gene_knockout_TU_ID_rest_list_rerun12_seed11_all.csv,11,TU0-14004[c],TU0-14004[c],KO
gene_knockout_TU_ID_rest_list_rerun,69,KO: TU0-14018[c],0.0002014422594653,0.0001877902536913,4.763992693832569e-05,0.0003156173327828,379.3037974364551,734.0052265502438,738.9147817795013,1.935138091184579,27187.0,1363,8,growth_rate_summary_gene_knockout_TU_ID_rest_list_rerun12_seed11_all.csv,11,TU0-14018[c],TU0-14018[c],KO
gene_knockout_TU_ID_rest_list_rerun,70,KO: TU0-14042[c],4.748043071143668e-05,4.0089709630944856e-05,2.0753296469752976e-05,0.0002218389830586,379.684562107773,254.241131363278,467.9294614384787,0.6696114531280626,20558.0,1030,8,growth_rate_summary_gene_knockout_TU_ID_rest_list_rerun12_seed11_all.csv,11,TU0-14042[c],TU0-14042[c],KO
gene_knockout_TU_ID_rest_list_rerun,71,KO: TU0-14049[c],0.000221250853112,0.0002220423063408,3.701233063239439e-05,0.0006280865417236,379.039952180621,687.8634327608295,698.6432946858106,1.814751792795307,24400.0,1224,8,growth_rate_summary_gene_knockout_TU_ID_rest_list_rerun12_seed11_all.csv,11,TU0-14049[c],TU0-14049[c],KO
gene_knockout_TU_ID_rest_list_rerun,72,KO: TU0-14070[c],0.000249624737068,0.0002458434052945,4.2362752014372064e-05,0.0006158658173841,380.1099428975323,670.6633329818228,828.8590327779646,1.7643930276315245,21546.0,1081,8,growth_rate_summary_gene_knockout_TU_ID_rest_list_rerun12_seed11_all.csv,11,TU0-14070[c],TU0-14070[c],KO
gene_knockout_TU_ID_rest_list_rerun,73,KO: TU0-14099[c],0.00022228896637,0.0002222489329684,2.762129181540434e-05,0.000329078705631,379.6024926266689,631.0162991797206,721.7121352695781,1.6623081023872832,23967.0,1202,8,growth_rate_summary_gene_knockout_TU_ID_rest_list_rerun12_seed11_all.csv,11,TU0-14099[c],TU0-14099[c],KO
gene_knockout_TU_ID_rest_list_rerun,74,KO: TU0-14120[c],0.0002202395794131,0.0002143166934556,4.912289046686038e-05,0.0005758165315111,380.0330978051551,662.1871498637415,771.2321289613426,1.7424459966464507,24399.0,1224,8,growth_rate_summary_gene_knockout_TU_ID_rest_list_rerun12_seed11_all.csv,11,TU0-14120[c],TU0-14120[c],KO
gene_knockout_TU_ID_rest_list_rerun,75,KO: TU0-14121[c],0.0002274113861791,0.0002241994879921,4.402731442376091e-05,0.0005973175050405,380.185688279635,664.6099180457616,723.9212925302622,1.7481192441860838,23610.0,1185,8,growth_rate_summary_gene_knockout_TU_ID_rest_list_rerun12_seed11_all.csv,11,TU0-14121[c],TU0-14121[c],KO
gene_knockout_TU_ID_rest_list_rerun,76,KO: TU0-14151[c],0.0002285857480379,0.0002287574119103,4.417261581893248e-05,0.0007620107325401,378.9532841744805,675.7410021610488,728.1320402544357,1.783177585155639,23613.0,1185,8,growth_rate_summary_gene_knockout_TU_ID_rest_list_rerun12_seed11_all.csv,11,TU0-14151[c],TU0-14151[c],KO
gene_knockout_TU_ID_rest_list_rerun,77,KO: TU0-14158[c],0.0002424327583714,0.0002442502828481,3.086299598050689e-05,0.0003189647846152,379.8474608134088,750.4421012239882,750.4421012239882,1.9756406943381557,22650.0,1136,8,growth_rate_summary_gene_knockout_TU_ID_rest_list_rerun12_seed11_all.csv,11,TU0-14158[c],TU0-14158[c],KO
gene_knockout_TU_ID_rest_list_rerun,78,KO: TU0-14159[c],0.0002136103079457,0.0002258528096062,4.666340466445643e-05,0.0003663084960764,379.5891334080327,506.0980368624928,746.3400308908033,1.3332785170076815,23918.0,1199,8,growth_rate_summary_gene_knockout_TU_ID_rest_list_rerun12_seed11_all.csv,11,TU0-14159[c],TU0-14159[c],KO
gene_knockout_TU_ID_rest_list_rerun,79,KO: TU0-14161[c],0.0002226296841197,0.0002204847338938,3.3012538200506055e-05,0.0003267192596654,380.0420474946837,608.7806466113088,733.5717785365807,1.6018770834030538,23783.0,1191,8,growth_rate_summary_gene_knockout_TU_ID_rest_list_rerun12_seed11_all.csv,11,TU0-14161[c],TU0-14161[c],KO
gene_knockout_TU_ID_rest_list_rerun,80,KO: TU0-14162[c],0.0002220794947846,0.0002237613032191,3.064562625030953e-05,0.0005827392651958,380.0461826297368,624.7448301242212,703.4279764022037,1.6438655581310866,23911.0,1200,8,growth_rate_summary_gene_knockout_TU_ID_rest_list_rerun12_seed11_all.csv,11,TU0-14162[c],TU0-14162[c],KO
gene_knockout_TU_ID_rest_list_rerun,81,KO: TU0-14176[c],0.0002235275368477,0.0002216195282265,2.7196841164179836e-05,0.0003226862425101,379.7472013318403,654.5840797225221,720.0994201716085,1.7237364157702295,23933.0,1201,8,growth_rate_summary_gene_knockout_TU_ID_rest_list_rerun12_seed11_all.csv,11,TU0-14176[c],TU0-14176[c],KO
gene_knockout_TU_ID_rest_list_rerun,82,KO: TU0-14192[c],0.0002416343571047,0.000240002180475,2.984462464173918e-05,0.0003298737927113,379.5436622197354,684.6325794023733,779.9908876447853,1.803830883114596,22290.0,1118,8,growth_rate_summary_gene_knockout_TU_ID_rest_list_rerun12_seed11_all.csv,11,TU0-14192[c],TU0-14192[c],KO
gene_knockout_TU_ID_rest_list_rerun,83,KO: TU0-14225[c],0.0002263043513248,0.0002182738999235,4.087623724105676e-05,0.0005845495387747,379.0587083885952,637.727855148117,750.85937783856,1.6823986391425811,23474.0,1178,8,growth_rate_summary_gene_knockout_TU_ID_rest_list_rerun12_seed11_all.csv,11,TU0-14225[c],TU0-14225[c],KO
gene_knockout_TU_ID_rest_list_rerun,84,KO: TU0-14254[c],0.0002318746813676,0.0002320253472799,3.2634691259426666e-05,0.0003188191293307,379.8570771155174,610.7053223961309,740.3858676378629,1.607723955108544,22861.0,1146,8,growth_rate_summary_gene_knockout_TU_ID_rest_list_rerun12_seed11_all.csv,11,TU0-14254[c],TU0-14254[c],KO
gene_knockout_TU_ID_rest_list_rerun,85,KO: TU0-14257[c],0.0004941056798688,0.0001491340585322,0.0006006691676956,0.0029380619167201,379.7606808489297,15492.19432099724,15492.19432099724,40.794624357544,10176.0,511,8,growth_rate_summary_gene_knockout_TU_ID_rest_list_rerun12_seed11_all.csv,11,TU0-14257[c],TU0-14257[c],KO
gene_knockout_TU_ID_rest_list_rerun,86,KO: TU0-14290[c],0.000236000607628,0.0002368400830565,2.6418346316631307e-05,0.0003112869879792,379.9875211192326,658.3158193904274,719.3851418422723,1.7324669437864535,22691.0,1138,8,growth_rate_summary_gene_knockout_TU_ID_rest_list_rerun12_seed11_all.csv,11,TU0-14290[c],TU0-14290[c],KO
gene_knockout_TU_ID_rest_list_rerun,87,KO: TU0-14291[c],0.0002190226065513,0.0002203676317076,4.418313327929704e-05,0.0005985647954783,379.5877527546383,670.745288462296,720.7692503143778,1.767036169093314,24609.0,1234,8,growth_rate_summary_gene_knockout_TU_ID_rest_list_rerun12_seed11_all.csv,11,TU0-14291[c],TU0-14291[c],KO
gene_knockout_TU_ID_rest_list_rerun,88,KO: TU0-14313[c],0.0002112791663856,0.0002169238010514,3.858608722147416e-05,0.0003218490948306,379.54507933141554,664.9769663600978,713.9469974948759,1.7520368529911714,25454.0,1277,8,growth_rate_summary_gene_knockout_TU_ID_rest_list_rerun12_seed11_all.csv,11,TU0-14313[c],TU0-14313[c],KO
gene_knockout_TU_ID_rest_list_rerun,89,KO: TU0-14356[c],0.0002209522130396,0.000222150468176,2.717870231043902e-05,0.0003162955469975,379.9282012472346,625.6425791883194,704.9880798104393,1.646738981561383,24146.0,1212,8,growth_rate_summary_gene_knockout_TU_ID_rest_list_rerun12_seed11_all.csv,11,TU0-14356[c],TU0-14356[c],KO
gene_knockout_TU_ID_rest_list_rerun,90,KO: TU0-14366[c],0.0002230408905956,0.000220908287983,4.682323179344118e-05,0.0005894150426189,380.0246781008922,578.6777122477838,748.1757418669386,1.5227371946991073,23554.0,1181,8,growth_rate_summary_gene_knockout_TU_ID_rest_list_rerun12_seed11_all.csv,11,TU0-14366[c],TU0-14366[c],KO
gene_knockout_TU_ID_rest_list_rerun,91,KO: TU0-14394[c],0.0002339007257793,0.0002331516357608,2.8161066535940417e-05,0.0003304503957745,379.71001912005306,645.5579646324904,731.916302313394,1.700134134275725,22975.0,1152,8,growth_rate_summary_gene_knockout_TU_ID_rest_list_rerun12_seed11_all.csv,11,TU0-14394[c],TU0-14394[c],KO
gene_knockout_TU_ID_rest_list_rerun,92,KO: TU0-14396[c],0.0002151772377544,0.0002090647227071,6.24228626064358e-05,0.0005906685590275,379.43326945877664,489.89266854649577,789.5218835262613,1.2911167996556503,23599.0,1183,8,growth_rate_summary_gene_knockout_TU_ID_rest_list_rerun12_seed11_all.csv,11,TU0-14396[c],TU0-14396[c],KO
gene_knockout_TU_ID_rest_list_rerun,93,KO: TU0-14399[c],4.734017645381669e-05,4.155271278208111e-05,2.0629418814352077e-05,0.0001974068051969,379.1079585973531,251.5270351180052,465.23985245532526,0.663470732845125,20625.0,1033,8,growth_rate_summary_gene_knockout_TU_ID_rest_list_rerun12_seed11_all.csv,11,TU0-14399[c],TU0-14399[c],KO
gene_knockout_TU_ID_rest_list_rerun,94,KO: TU0-14415[c],0.0002246786338792,0.0002204437490069,3.1705162208009844e-05,0.0003104483964104,379.6516622142076,637.3070754449893,755.1457722968335,1.6786626765390191,23691.0,1189,8,growth_rate_summary_gene_knockout_TU_ID_rest_list_rerun12_seed11_all.csv,11,TU0-14415[c],TU0-14415[c],KO
gene_knockout_TU_ID_rest_list_rerun,95,KO: TU0-14417[c],0.0002360199071749,0.0002335360081682,2.9306304914240216e-05,0.0003213260614293,379.949775937076,761.7282796837724,761.7282796837724,2.004813077741947,23371.0,1172,8,growth_rate_summary_gene_knockout_TU_ID_rest_list_rerun12_seed11_all.csv,11,TU0-14417[c],TU0-14417[c],KO
gene_knockout_TU_ID_rest_list_rerun,96,KO: TU0-14431[c],0.0002287302811121,0.0002309558612524,4.447213060830954e-05,0.0005995199358617,380.046501220893,702.7624631945505,738.9114323967344,1.8491486198055709,23713.0,1190,8,growth_rate_summary_gene_knockout_TU_ID_rest_list_rerun12_seed11_all.csv,11,TU0-14431[c],TU0-14431[c],KO
gene_knockout_TU_ID_rest_list_rerun,97,KO: TU0-14454[c],0.0002156128097565,0.0002174887017025,3.0771723960348525e-05,0.0003016294618758,378.96679186576034,599.9629531455439,699.1551968733759,1.583154424142963,24473.0,1227,8,growth_rate_summary_gene_knockout_TU_ID_rest_list_rerun12_seed11_all.csv,11,TU0-14454[c],TU0-14454[c],KO
gene_knockout_TU_ID_rest_list_rerun,98,KO: TU0-14459[c],0.0002111443340392,0.000214053613582,3.697588725945484e-05,0.0003505383814422,379.4803838750177,547.1812553497007,736.3502297245041,1.4419223722771282,24489.0,1228,8,growth_rate_summary_gene_knockout_TU_ID_rest_list_rerun12_seed11_all.csv,11,TU0-14459[c],TU0-14459[c],KO
gene_knockout_TU_ID_rest_list_rerun,99,KO: TU0-14467[c],0.0004035704651232,0.0001390436072008,0.0004636324886723,0.0023748827479023,379.6082179499589,6295.276612794085,6295.276612794085,16.583615198825722,10328.0,518,8,growth_rate_summary_gene_knockout_TU_ID_rest_list_rerun12_seed11_all.csv,11,TU0-14467[c],TU0-14467[c],KO
gene_knockout_TU_ID_rest_list_rerun,100,KO: TU0-14472[c],0.0002186705109446,0.0002135167829734,3.3512275035431794e-05,0.0005899920700757,379.5392915510798,661.9492021285434,702.4094484374257,1.7440860982359077,24571.0,1231,8,growth_rate_summary_gene_knockout_TU_ID_rest_list_rerun12_seed11_all.csv,11,TU0-14472[c],TU0-14472[c],KO
gene_knockout_TU_ID_rest_list_rerun,101,KO: TU0-14474[c],0.0002281320486869,0.0002265468807239,3.694351249668788e-05,0.0005725290719262,379.4264414755808,724.5935939585256,724.5935939585256,1.9097076923279197,23816.0,1195,8,growth_rate_summary_gene_knockout_TU_ID_rest_list_rerun12_seed11_all.csv,11,TU0-14474[c],TU0-14474[c],KO
gene_knockout_TU_ID_rest_list_rerun,102,KO: TU0-14496[c],0.0002279344671055,0.000225781808362,2.810530308496052e-05,0.0003041030151317,379.9330180074354,627.6905246922734,734.8064687867306,1.6521083847468852,23249.0,1166,8,growth_rate_summary_gene_knockout_TU_ID_rest_list_rerun12_seed11_all.csv,11,TU0-14496[c],TU0-14496[c],KO
gene_knockout_TU_ID_rest_list_rerun,103,KO: TU0-14506[c],0.0002339016491392,0.0002320016366092,3.797136099072581e-05,0.0005892068693841,379.93302079275225,676.8264954195529,710.5938141620322,1.781436354248218,23015.0,1155,8,growth_rate_summary_gene_knockout_TU_ID_rest_list_rerun12_seed11_all.csv,11,TU0-14506[c],TU0-14506[c],KO
gene_knockout_TU_ID_rest_list_rerun,104,KO: TU0-14509[c],0.0002187785335185,0.0002196534589137,3.199776284821392e-05,0.0003979710950335,380.0190979695752,654.9819106176938,706.7927440044409,1.7235499850329428,24551.0,1230,8,growth_rate_summary_gene_knockout_TU_ID_rest_list_rerun12_seed11_all.csv,11,TU0-14509[c],TU0-14509[c],KO
gene_knockout_TU_ID_rest_list_rerun,105,KO: TU0-14511[c],0.0002394869703918,0.0002400795660833,3.912294234136747e-05,0.0005905601391017,379.9327454846507,608.0518432893309,784.9191417608499,1.6004196808929605,22031.0,1104,8,growth_rate_summary_gene_knockout_TU_ID_rest_list_rerun12_seed11_all.csv,11,TU0-14511[c],TU0-14511[c],KO
gene_knockout_TU_ID_rest_list_rerun,106,KO: TU0-14513[c],0.0002139832137182,0.0002090502706729,0.0001484304882655,0.0053002443472019,380.02396532534567,589.9212253567041,731.1036521984536,1.5523263772369236,24617.0,1234,8,growth_rate_summary_gene_knockout_TU_ID_rest_list_rerun12_seed11_all.csv,11,TU0-14513[c],TU0-14513[c],KO
gene_knockout_TU_ID_rest_list_rerun,107,KO: TU0-14521[c],0.0002252778364004,0.0002254590759681,2.840376633500798e-05,0.0003125370883224,379.9357431135486,642.2955723931188,727.2049313163968,1.6905373712132177,23754.0,1191,8,growth_rate_summary_gene_knockout_TU_ID_rest_list_rerun12_seed11_all.csv,11,TU0-14521[c],TU0-14521[c],KO
gene_knockout_TU_ID_rest_list_rerun,108,KO: TU0-14536[c],0.0002160020928349,0.0002194666888103,4.358917138031661e-05,0.0005926747930824,380.02495517885234,517.1787621554349,753.6359344573787,1.360907369654273,23582.0,1183,8,growth_rate_summary_gene_knockout_TU_ID_rest_list_rerun12_seed11_all.csv,11,TU0-14536[c],TU0-14536[c],KO
gene_knockout_TU_ID_rest_list_rerun,109,KO: TU0-14537[c],0.0002357169819898,0.0002362986258291,6.012270971118326e-05,0.0020387112093371,380.0236860690967,694.4460016021542,718.3355910730506,1.827375574363248,22957.0,1152,8,growth_rate_summary_gene_knockout_TU_ID_rest_list_rerun12_seed11_all.csv,11,TU0-14537[c],TU0-14537[c],KO
gene_knockout_TU_ID_rest_list_rerun,110,KO: TU0-14538[c],0.0002178698748916,0.00021492731274,3.41739136623117e-05,0.0002989078756116,379.9357218182927,624.8858422842789,732.5923926371074,1.6447146356591749,24384.0,1223,8,growth_rate_summary_gene_knockout_TU_ID_rest_list_rerun12_seed11_all.csv,11,TU0-14538[c],TU0-14538[c],KO
gene_knockout_TU_ID_rest_list_rerun,111,KO: TU0-14547[c],0.0002277335375213,0.0002248651896414,3.2176883799952864e-05,0.0003475994838271,380.02386915661725,615.3972643221443,768.7209114101668,1.6193647669760551,23135.0,1160,8,growth_rate_summary_gene_knockout_TU_ID_rest_list_rerun12_seed11_all.csv,11,TU0-14547[c],TU0-14547[c],KO
gene_knockout_TU_ID_rest_list_rerun,112,KO: TU0-14571[c],0.0002169115146094,0.0002242769553919,3.732462494329587e-05,0.0003702524051212,379.596996883102,553.459293127348,729.6325728716299,1.4580181025451775,23981.0,1203,8,growth_rate_summary_gene_knockout_TU_ID_rest_list_rerun12_seed11_all.csv,11,TU0-14571[c],TU0-14571[c],KO
gene_knockout_TU_ID_rest_list_rerun,113,KO: TU0-14629[c],0.0002162083150229,0.0002146459211116,3.981823257874052e-05,0.0003154923513738,379.8942874742761,549.5179834492783,776.3167303855321,1.446502360176943,23925.0,1200,8,growth_rate_summary_gene_knockout_TU_ID_rest_list_rerun12_seed11_all.csv,11,TU0-14629[c],TU0-14629[c],KO
gene_knockout_TU_ID_rest_list_rerun,114,KO: TU0-14634[c],0.0004361391375091,0.0001420522690807,0.0005301858440632,0.0031547072787195,379.4379619720795,7151.596485798806,7151.596485798806,18.84786764252399,9845.0,494,8,growth_rate_summary_gene_knockout_TU_ID_rest_list_rerun12_seed11_all.csv,11,TU0-14634[c],TU0-14634[c],KO
gene_knockout_TU_ID_rest_list_rerun,115,KO: TU0-14640[c],0.0002352395962003,0.0002350571424681,3.256091682784319e-05,0.0003743933458131,379.6439052033136,623.203706324955,739.357472640995,1.6415480343118003,22391.0,1124,8,growth_rate_summary_gene_knockout_TU_ID_rest_list_rerun12_seed11_all.csv,11,TU0-14640[c],TU0-14640[c],KO
gene_knockout_TU_ID_rest_list_rerun,116,KO: TU0-14642[c],0.000228795878339,0.0002260761270684,2.733063170009712e-05,0.000298377915754,379.8280283631651,643.1139340970751,733.7487862454363,1.6931713461708369,23340.0,1171,8,growth_rate_summary_gene_knockout_TU_ID_rest_list_rerun12_seed11_all.csv,11,TU0-14642[c],TU0-14642[c],KO
gene_knockout_TU_ID_rest_list_rerun,117,KO: TU0-14654[c],2.744652926575764e-05,4.2668765640909297e-07,5.2491289008567725e-05,0.0001926277547724,380.0214549443965,510.6244789697444,512.8039320095822,1.343672764592876,10800.0,541,8,growth_rate_summary_gene_knockout_TU_ID_rest_list_rerun12_seed11_all.csv,11,TU0-14654[c],TU0-14654[c],KO
gene_knockout_TU_ID_rest_list_rerun,118,KO: TU0-14658[c],0.0,0.0,0.0,0.0,379.4163047248632,379.4163047248632,379.4163047248632,1.0,0.0,1,8,growth_rate_summary_gene_knockout_TU_ID_rest_list_rerun12_seed11_all.csv,11,TU0-14658[c],TU0-14658[c],KO
gene_knockout_TU_ID_rest_list_rerun,119,KO: TU0-14693[c],0.000236000607628,0.0002368400830565,2.6418346316631307e-05,0.0003112869879792,379.9875211192326,658.3158193904274,719.3851418422723,1.7324669437864535,22691.0,1138,8,growth_rate_summary_gene_knockout_TU_ID_rest_list_rerun12_seed11_all.csv,11,TU0-14693[c],TU0-14693[c],KO
gene_knockout_TU_ID_rest_list_rerun,120,KO: TU0-14787[c],0.0002221221186975,0.0002188619844993,4.14381470624672e-05,0.0005989083303768,379.90444943839225,605.5932204465064,737.1623981667988,1.5940671959534742,23751.0,1191,8,growth_rate_summary_gene_knockout_TU_ID_rest_list_rerun12_seed11_all.csv,11,TU0-14787[c],TU0-14787[c],KO
gene_knockout_TU_ID_rest_list_rerun,121,KO: TU0-14792[c],0.0002441479254701,0.0002394761146718,4.7359867616919205e-05,0.0005814192348014,379.7992777503796,676.9073846366236,787.8436919446797,1.7822766505667669,22122.0,1110,8,growth_rate_summary_gene_knockout_TU_ID_rest_list_rerun12_seed11_all.csv,11,TU0-14792[c],TU0-14792[c],KO
gene_knockout_TU_ID_rest_list_rerun,122,KO: TU0-1547[c],0.0002454037606667,0.0002471746294257,2.9476983627597196e-05,0.0003332063131548,379.7873908046103,648.1112024608124,766.3645688047536,1.7065105850084608,21682.0,1088,8,growth_rate_summary_gene_knockout_TU_ID_rest_list_rerun12_seed11_all.csv,11,TU0-1547[c],TU0-1547[c],KO
gene_knockout_TU_ID_rest_list_rerun,123,KO: TU0-1601[c],0.0002249677980044,0.0002241816527457,2.838045789225404e-05,0.0003169445267209,379.8493264284047,610.4927462581497,736.6269557465371,1.6071971273410106,23470.0,1178,8,growth_rate_summary_gene_knockout_TU_ID_rest_list_rerun12_seed11_all.csv,11,TU0-1601[c],TU0-1601[c],KO
gene_knockout_TU_ID_rest_list_rerun,124,KO: TU0-1881[c],0.0002155455334057,0.0002158987412248,3.186651279916621e-05,0.0006628513032489,379.3702196042859,639.9800446861575,685.5687251280035,1.6869538293061297,24875.0,1248,8,growth_rate_summary_gene_knockout_TU_ID_rest_list_rerun12_seed11_all.csv,11,TU0-1881[c],TU0-1881[c],KO
gene_knockout_TU_ID_rest_list_rerun,125,KO: TU0-1962[c],0.0002392337816812,0.0002415008636566,3.8649190452607456e-05,0.0003255573524036,379.6442908737658,789.7781980356258,800.9160935530961,2.08031100959775,23100.0,1159,8,growth_rate_summary_gene_knockout_TU_ID_rest_list_rerun12_seed11_all.csv,11,TU0-1962[c],TU0-1962[c],KO
gene_knockout_TU_ID_rest_list_rerun,126,KO: TU0-198711[c],0.0002226605863894,0.000222199010255,4.1165152987022725e-05,0.0005849364181479,379.57929509529447,580.2270872235126,720.2054949776557,1.5286057346142785,23556.0,1180,8,growth_rate_summary_gene_knockout_TU_ID_rest_list_rerun12_seed11_all.csv,11,TU0-198711[c],TU0-198711[c],KO
gene_knockout_TU_ID_rest_list_rerun,127,KO: TU0-198714[c],0.0002238235656939,0.0002245334232962,2.892404852140311e-05,0.0004430223905581,379.97360404248207,601.4727546586771,714.3279296967951,1.582932993922996,23710.0,1189,8,growth_rate_summary_gene_knockout_TU_ID_rest_list_rerun12_seed11_all.csv,11,TU0-198714[c],TU0-198714[c],KO
gene_knockout_TU_ID_rest_list_rerun,128,KO: TU0-198743[c],0.000236000607628,0.0002368400830565,2.6418346316631307e-05,0.0003112869879792,379.9875211192326,658.3158193904274,719.3851418422723,1.7324669437864535,22691.0,1138,8,growth_rate_summary_gene_knockout_TU_ID_rest_list_rerun12_seed11_all.csv,11,TU0-198743[c],TU0-198743[c],KO
gene_knockout_TU_ID_rest_list_rerun,129,KO: TU0-198746[c],0.000213246979663,0.0002082772591358,4.649296526072855e-05,0.00057904797949,379.9040484482487,599.6230479287767,680.7702916197359,1.5783539300989011,24773.0,1243,8,growth_rate_summary_gene_knockout_TU_ID_rest_list_rerun12_seed11_all.csv,11,TU0-198746[c],TU0-198746[c],KO
gene_knockout_TU_ID_rest_list_rerun,130,KO: TU0-198747[c],4.61178576614602e-05,3.83339447056486e-05,2.027478137391719e-05,0.0002370855863161,379.7588825468124,254.6022422400188,462.3186821752036,0.6704313024426342,20837.0,1044,8,growth_rate_summary_gene_knockout_TU_ID_rest_list_rerun12_seed11_all.csv,11,TU0-198747[c],TU0-198747[c],KO
gene_knockout_TU_ID_rest_list_rerun,131,KO: TU0-198873[c],0.0002239711298116,0.0002179873725195,3.246790994370895e-05,0.0003479929594694,379.4901370564216,626.6192431053487,768.7972767307901,1.6512135149699148,23623.0,1185,8,growth_rate_summary_gene_knockout_TU_ID_rest_list_rerun12_seed11_all.csv,11,TU0-198873[c],TU0-198873[c],KO
gene_knockout_TU_ID_rest_list_rerun2,1,KO: TU0-1[c],0.0002235022378502,0.0002160506996432,3.687248229957002e-05,0.00037627729753,379.836884847089,592.3771737775735,766.8443789094847,1.559556739772776,23496.0,1179,8,growth_rate_summary_gene_knockout_TU_ID_rest_list_rerun12_seed11_all.csv,11,TU0-1[c],TU0-1[c],KO
gene_knockout_TU_ID_rest_list_rerun2,2,KO: TU0-2302[c],0.0002236941555287,0.0002301328515703,3.770133447882064e-05,0.0003820673769612,379.6598812430688,558.5230683085251,740.693887872226,1.4711142680649558,23284.0,1168,8,growth_rate_summary_gene_knockout_TU_ID_rest_list_rerun12_seed11_all.csv,11,TU0-2302[c],TU0-2302[c],KO
gene_knockout_TU_ID_rest_list_rerun2,3,KO: TU0-3123[c],0.0002338804871334,0.0002380230985814,3.5122463490427936e-05,0.0003254560926086,379.998372983841,725.34065469558,739.9757921627331,1.9087993693236796,23178.0,1163,8,growth_rate_summary_gene_knockout_TU_ID_rest_list_rerun12_seed11_all.csv,11,TU0-3123[c],TU0-3123[c],KO
gene_knockout_TU_ID_rest_list_rerun2,4,KO: TU0-3501[c],0.0002300636402683,0.0002292979462064,2.896624313190988e-05,0.0003254283159177,379.3650869063449,683.9046411451541,722.6993670771765,1.802761152119388,23477.0,1178,8,growth_rate_summary_gene_knockout_TU_ID_rest_list_rerun12_seed11_all.csv,11,TU0-3501[c],TU0-3501[c],KO
gene_knockout_TU_ID_rest_list_rerun2,5,KO: TU0-3581[c],0.0002452921265043,0.0002343681493369,0.0002883401591299,0.0098829545404449,379.9548846628359,685.7082106623661,743.2925608383305,1.8047095545852752,22700.0,1139,8,growth_rate_summary_gene_knockout_TU_ID_rest_list_rerun12_seed11_all.csv,11,TU0-3581[c],TU0-3581[c],KO
gene_knockout_TU_ID_rest_list_rerun2,6,KO: TU0-3602[c],0.000227726364275,0.0002267038226795,2.8148077117226944e-05,0.0003330128538981,379.79263850199175,639.9993837190316,725.3149525398551,1.6851284591596296,23423.0,1176,8,growth_rate_summary_gene_knockout_TU_ID_rest_list_rerun12_seed11_all.csv,11,TU0-3602[c],TU0-3602[c],KO
gene_knockout_TU_ID_rest_list_rerun2,7,KO: TU0-3645[c],0.0002327785167967,0.0002295649896012,3.901661943787547e-05,0.0005776575112107,379.1977865556099,687.3411899047687,699.8418251883911,1.8126192036829547,23179.0,1163,8,growth_rate_summary_gene_knockout_TU_ID_rest_list_rerun12_seed11_all.csv,11,TU0-3645[c],TU0-3645[c],KO
gene_knockout_TU_ID_rest_list_rerun2,8,KO: TU0-3862[c],0.0002251405391543,0.0002207993618133,3.169464456300041e-05,0.0003058609076402,379.0537429765144,622.5708357280473,754.9076684260956,1.6424342122025184,23612.0,1184,8,growth_rate_summary_gene_knockout_TU_ID_rest_list_rerun12_seed11_all.csv,11,TU0-3862[c],TU0-3862[c],KO
gene_knockout_TU_ID_rest_list_rerun2,9,KO: TU0-3901[c],0.0002471375812732,0.0002505418351299,3.3987673735004416e-05,0.0003552385038544,379.5150609802943,637.6067717904557,787.2788761187219,1.6800565704652295,21610.0,1084,8,growth_rate_summary_gene_knockout_TU_ID_rest_list_rerun12_seed11_all.csv,11,TU0-3901[c],TU0-3901[c],KO
gene_knockout_TU_ID_rest_list_rerun2,10,KO: TU0-4181[c],0.0002239670379337,0.0002243842170593,2.665379944537639e-05,0.0002984576687034,379.528758083101,627.0039514674379,711.2464504332595,1.6520591341596045,23764.0,1192,8,growth_rate_summary_gene_knockout_TU_ID_rest_list_rerun12_seed11_all.csv,11,TU0-4181[c],TU0-4181[c],KO
gene_knockout_TU_ID_rest_list_rerun2,11,KO: TU0-42451[c],0.0002350951254737,0.0002356265461599,3.1836760228368726e-05,0.0003339984288125,379.4043085457621,708.3575850338461,759.0429410783502,1.8670256744024485,23172.0,1162,8,growth_rate_summary_gene_knockout_TU_ID_rest_list_rerun12_seed11_all.csv,11,TU0-42451[c],TU0-42451[c],KO
gene_knockout_TU_ID_rest_list_rerun2,12,KO: TU0-42461[c],0.0002384991293801,0.0002396858758124,2.818103348798e-05,0.0003074048170811,379.8703089399335,706.9239572848628,727.909467526056,1.860961335087245,22817.0,1145,8,growth_rate_summary_gene_knockout_TU_ID_rest_list_rerun12_seed11_all.csv,11,TU0-42461[c],TU0-42461[c],KO
gene_knockout_TU_ID_rest_list_rerun2,13,KO: TU0-42478[c],5.117695879102092e-05,4.055297960690394e-05,0.0001181378693828,0.0037600926062574,379.7288459645192,254.42360344382428,467.11726268736174,0.6700138958302811,20302.0,1017,8,growth_rate_summary_gene_knockout_TU_ID_rest_list_rerun12_seed11_all.csv,11,TU0-42478[c],TU0-42478[c],KO
gene_knockout_TU_ID_rest_list_rerun2,14,KO: TU0-42482[c],0.0002240145260853,0.0002254669900801,3.173020890080613e-05,0.0003112869879792,379.9875211192326,640.8005785596997,719.3851418422723,1.6863726910616863,23895.0,1200,8,growth_rate_summary_gene_knockout_TU_ID_rest_list_rerun12_seed11_all.csv,11,TU0-42482[c],TU0-42482[c],KO
gene_knockout_TU_ID_rest_list_rerun2,15,KO: TU0-42499[c],0.0002167022433407,0.0002119903343725,3.594102619009101e-05,0.0003266658450441,379.4201909606928,552.5346244569566,758.9780911399685,1.4562604669454666,23991.0,1203,8,growth_rate_summary_gene_knockout_TU_ID_rest_list_rerun12_seed11_all.csv,11,TU0-42499[c],TU0-42499[c],KO
gene_knockout_TU_ID_rest_list_rerun2,16,KO: TU0-42509[c],0.0002376415149953,0.0002349324863972,4.480369014427748e-05,0.0006190221026356,380.1502221703586,582.7472433823714,820.8488906797361,1.5329393734280707,21939.0,1100,8,growth_rate_summary_gene_knockout_TU_ID_rest_list_rerun12_seed11_all.csv,11,TU0-42509[c],TU0-42509[c],KO
gene_knockout_TU_ID_rest_list_rerun2,17,KO: TU0-42568[c],0.0002243888920931,0.0002215900157299,3.085102934334993e-05,0.0003418062481917,379.9395996605367,620.3411401314058,729.488397703233,1.6327362051380268,23633.0,1187,8,growth_rate_summary_gene_knockout_TU_ID_rest_list_rerun12_seed11_all.csv,11,TU0-42568[c],TU0-42568[c],KO
gene_knockout_TU_ID_rest_list_rerun2,18,KO: TU0-42569[c],0.0002119009226279,0.0002108158246736,2.7527771224600857e-05,0.0003207447312284,379.5949640492099,579.182133043987,699.6004256466831,1.5257898230939204,24690.0,1238,8,growth_rate_summary_gene_knockout_TU_ID_rest_list_rerun12_seed11_all.csv,11,TU0-42569[c],TU0-42569[c],KO
gene_knockout_TU_ID_rest_list_rerun2,19,KO: TU0-42571[c],0.0002457425815249,0.0002446538800293,3.0181532009669823e-05,0.0003222700719734,379.0872099101599,668.1040026700441,767.6144731229181,1.7624018568929785,21966.0,1102,8,growth_rate_summary_gene_knockout_TU_ID_rest_list_rerun12_seed11_all.csv,11,TU0-42571[c],TU0-42571[c],KO
gene_knockout_TU_ID_rest_list_rerun2,20,KO: TU0-42602[c],0.0002393701435704,0.0002416568245987,2.906630986958515e-05,0.0003853806187062,379.5628738069953,651.7788378484643,731.5156030029618,1.717182798494377,22392.0,1123,8,growth_rate_summary_gene_knockout_TU_ID_rest_list_rerun12_seed11_all.csv,11,TU0-42602[c],TU0-42602[c],KO
gene_knockout_TU_ID_rest_list_rerun2,21,KO: TU0-42616[c],0.0002339809382467,0.0002368082446576,3.356277680202009e-05,0.0003130893918305,379.45025426055486,659.0896243405275,747.6104034518003,1.7369592375815206,22911.0,1149,8,growth_rate_summary_gene_knockout_TU_ID_rest_list_rerun12_seed11_all.csv,11,TU0-42616[c],TU0-42616[c],KO
gene_knockout_TU_ID_rest_list_rerun2,22,KO: TU0-42684[c],0.0002164161823041,0.0002111553410701,3.688302063238912e-05,0.0003554624503344,380.0524945362606,569.4324052552488,783.4843322534223,1.498299349278234,24017.0,1205,8,growth_rate_summary_gene_knockout_TU_ID_rest_list_rerun12_seed11_all.csv,11,TU0-42684[c],TU0-42684[c],KO
gene_knockout_TU_ID_rest_list_rerun2,23,KO: TU0-4444[c],0.000216438402087,0.0002198734608384,2.699841138927345e-05,0.0002836865780093,379.73673445298095,678.2170441423923,684.5857919166706,1.7860190563848892,25005.0,1254,8,growth_rate_summary_gene_knockout_TU_ID_rest_list_rerun12_seed11_all.csv,11,TU0-4444[c],TU0-4444[c],KO
gene_knockout_TU_ID_rest_list_rerun2,24,KO: TU0-45147[c],0.0002240145260853,0.0002254669900801,3.173020890080613e-05,0.0003112869879792,379.9875211192326,640.8005785596997,719.3851418422723,1.6863726910616863,23895.0,1200,8,growth_rate_summary_gene_knockout_TU_ID_rest_list_rerun12_seed11_all.csv,11,TU0-45147[c],TU0-45147[c],KO
gene_knockout_TU_ID_rest_list_rerun2,25,KO: TU0-45181[c],0.0002369912324121,0.0002365596960164,3.1143103102463026e-05,0.0002991724459724,379.77335960236405,674.4318171492996,760.3952604431929,1.7758797453709054,22601.0,1135,8,growth_rate_summary_gene_knockout_TU_ID_rest_list_rerun12_seed11_all.csv,11,TU0-45181[c],TU0-45181[c],KO
gene_knockout_TU_ID_rest_list_rerun2,26,KO: TU0-45222[c],0.0002390002459381,0.000242623191174,3.434084012125873e-05,0.0003258903457407,380.1336522751857,605.7875573346664,763.6846217905756,1.5936172809455074,22092.0,1108,8,growth_rate_summary_gene_knockout_TU_ID_rest_list_rerun12_seed11_all.csv,11,TU0-45222[c],TU0-45222[c],KO
gene_knockout_TU_ID_rest_list_rerun2,27,KO: TU0-45225[c],0.0002300748829938,0.0002367855227565,3.2997112757682134e-05,0.0003225859475884,379.7145554151333,573.2591953639835,737.9471767310463,1.5097108793663498,22583.0,1134,8,growth_rate_summary_gene_knockout_TU_ID_rest_list_rerun12_seed11_all.csv,11,TU0-45225[c],TU0-45225[c],KO
gene_knockout_TU_ID_rest_list_rerun2,28,KO: TU0-45229[c],0.0002359171126225,0.0002294511990052,3.821898906800853e-05,0.0006945907653466,379.31960381768977,649.1004930805389,781.2049615573151,1.7112231652348566,22506.0,1130,8,growth_rate_summary_gene_knockout_TU_ID_rest_list_rerun12_seed11_all.csv,11,TU0-45229[c],TU0-45229[c],KO
gene_knockout_TU_ID_rest_list_rerun2,29,KO: TU0-45231[c],0.0002277168031082,0.0002328501187249,3.357969174745627e-05,0.0002968650944847,379.5369996533776,683.916570022963,729.6464886406525,1.801976014585056,23691.0,1188,8,growth_rate_summary_gene_knockout_TU_ID_rest_list_rerun12_seed11_all.csv,11,TU0-45231[c],TU0-45231[c],KO
gene_knockout_TU_ID_rest_list_rerun2,30,KO: TU0-45255[c],0.0002117253919519,0.0002053367209968,3.9730671442043554e-05,0.0004154802307061,379.72179690992834,588.0472564801494,769.3578095313621,1.5486265504522423,24831.0,1246,8,growth_rate_summary_gene_knockout_TU_ID_rest_list_rerun12_seed11_all.csv,11,TU0-45255[c],TU0-45255[c],KO
gene_knockout_TU_ID_rest_list_rerun2,31,KO: TU0-45265[c],0.0001876090637511,0.0001887046646165,4.254653404867101e-05,0.000352727050583,380.2243037155628,576.1915557299444,689.1034766914318,1.5153990686533818,28001.0,1404,8,growth_rate_summary_gene_knockout_TU_ID_rest_list_rerun12_seed11_all.csv,11,TU0-45265[c],TU0-45265[c],KO
gene_knockout_TU_ID_rest_list_rerun2,32,KO: TU0-45291[c],0.0002240145260853,0.0002254669900801,3.173020890080613e-05,0.0003112869879792,379.9875211192326,640.8005785596997,719.3851418422723,1.6863726910616863,23895.0,1200,8,growth_rate_summary_gene_knockout_TU_ID_rest_list_rerun12_seed11_all.csv,11,TU0-45291[c],TU0-45291[c],KO
gene_knockout_TU_ID_rest_list_rerun2,33,KO: TU0-4562[c],0.0002321631261347,0.0002255615647896,3.891024171402622e-05,0.0006029077752233,380.14090779732487,651.7543307667959,749.5635956544493,1.7145072192921784,23046.0,1156,8,growth_rate_summary_gene_knockout_TU_ID_rest_list_rerun12_seed11_all.csv,11,TU0-4562[c],TU0-4562[c],KO
gene_knockout_TU_ID_rest_list_rerun2,34,KO: TU0-4682[c],0.0002132173226208,0.0002111962202437,2.8188390471404012e-05,0.0002962524730984,379.92696633163246,597.912682460134,707.9769590766557,1.5737568939453093,24712.0,1239,8,growth_rate_summary_gene_knockout_TU_ID_rest_list_rerun12_seed11_all.csv,11,TU0-4682[c],TU0-4682[c],KO
gene_knockout_TU_ID_rest_list_rerun2,35,KO: TU0-4802[c],0.0002000243850585,0.0001883462180075,4.847623347988378e-05,0.0005878693207335,379.7356577223595,616.5239574624954,762.0325768004254,1.623560876954204,26510.0,1330,8,growth_rate_summary_gene_knockout_TU_ID_rest_list_rerun12_seed11_all.csv,11,TU0-4802[c],TU0-4802[c],KO
gene_knockout_TU_ID_rest_list_rerun2,36,KO: TU0-4929[c],0.0002269009567357,0.000223961869986,3.7408039899608646e-05,0.0005931064873899,379.7244070606649,650.9125512205017,713.6223840829875,1.7141709595625534,23541.0,1181,8,growth_rate_summary_gene_knockout_TU_ID_rest_list_rerun12_seed11_all.csv,11,TU0-4929[c],TU0-4929[c],KO
gene_knockout_TU_ID_rest_list_rerun2,37,KO: TU0-4961[c],0.000224527094495,0.0002241938928495,3.529732451596153e-05,0.0004480156762168,379.0935477823474,627.635540682676,760.8932054978086,1.6556217966627762,23696.0,1188,8,growth_rate_summary_gene_knockout_TU_ID_rest_list_rerun12_seed11_all.csv,11,TU0-4961[c],TU0-4961[c],KO
gene_knockout_TU_ID_rest_list_rerun2,38,KO: TU0-5061[c],4.328859521023943e-05,3.8073824414398645e-05,1.9348684219038373e-05,0.0002112379767492,379.50952364820535,241.3577479914171,463.3379299305405,0.6359728358626092,21488.0,1076,8,growth_rate_summary_gene_knockout_TU_ID_rest_list_rerun12_seed11_all.csv,11,TU0-5061[c],TU0-5061[c],KO
gene_knockout_TU_ID_rest_list_rerun2,39,KO: TU0-5162[c],0.000216417836904,0.0002156532556571,3.271345930906157e-05,0.0003611110840085,379.9296373736224,706.3170915417832,706.3170915417832,1.8590734232380812,25078.0,1257,8,growth_rate_summary_gene_knockout_TU_ID_rest_list_rerun12_seed11_all.csv,11,TU0-5162[c],TU0-5162[c],KO
gene_knockout_TU_ID_rest_list_rerun2,40,KO: TU0-5186[c],0.0002402038723793,0.0002408916250573,2.9082074107285457e-05,0.0003193203628403,379.94742546767577,737.3383927977848,745.839555559236,1.940632685930686,22735.0,1141,8,growth_rate_summary_gene_knockout_TU_ID_rest_list_rerun12_seed11_all.csv,11,TU0-5186[c],TU0-5186[c],KO
gene_knockout_TU_ID_rest_list_rerun2,41,KO: TU0-5402[c],0.0002522057053034,0.0002489320220655,3.461633101619299e-05,0.0003471254269766,379.55102225910287,664.6402332477262,814.6833959159071,1.7511222319775637,21282.0,1069,8,growth_rate_summary_gene_knockout_TU_ID_rest_list_rerun12_seed11_all.csv,11,TU0-5402[c],TU0-5402[c],KO
gene_knockout_TU_ID_rest_list_rerun2,42,KO: TU0-5501[c],4.9477899427478535e-05,4.304618867463122e-05,1.9732959214118637e-05,0.000231112937684,379.2411863472141,262.6815777881602,465.7192133818869,0.6926504484343169,20368.0,1020,8,growth_rate_summary_gene_knockout_TU_ID_rest_list_rerun12_seed11_all.csv,11,TU0-5501[c],TU0-5501[c],KO
gene_knockout_TU_ID_rest_list_rerun2,43,KO: TU0-5561[c],0.0002241342030449,0.000222732383032,3.084767845665718e-05,0.0003221112820311,379.1326795739732,631.7640755018654,739.572110655796,1.6663403329192594,23756.0,1192,8,growth_rate_summary_gene_knockout_TU_ID_rest_list_rerun12_seed11_all.csv,11,TU0-5561[c],TU0-5561[c],KO
gene_knockout_TU_ID_rest_list_rerun2,44,KO: TU0-5961[c],0.0002256264101911,0.0002208069497058,3.463960606385599e-05,0.0003204904186935,379.835358648258,752.5366961813472,752.5366961813472,1.981218122660942,24291.0,1218,8,growth_rate_summary_gene_knockout_TU_ID_rest_list_rerun12_seed11_all.csv,11,TU0-5961[c],TU0-5961[c],KO
gene_knockout_TU_ID_rest_list_rerun2,45,KO: TU0-6408[c],0.0002232239676349,0.0002169141015521,4.102865710668953e-05,0.0005728448620206,379.8912404263933,607.4823492211599,746.360125784365,1.5990954372607178,23657.0,1187,8,growth_rate_summary_gene_knockout_TU_ID_rest_list_rerun12_seed11_all.csv,11,TU0-6408[c],TU0-6408[c],KO
gene_knockout_TU_ID_rest_list_rerun2,46,KO: TU0-6409[c],0.0003978707588113,0.000123032244254,0.0005069286752909,0.002925080981917,379.5052910374569,7613.169633954971,7613.169633954971,20.060773364036063,10927.0,548,8,growth_rate_summary_gene_knockout_TU_ID_rest_list_rerun12_seed11_all.csv,11,TU0-6409[c],TU0-6409[c],KO
gene_knockout_TU_ID_rest_list_rerun2,47,KO: TU0-6422[c],0.0002225403489377,0.0002226105928061,3.9420148382584606e-05,0.0004311552529595,379.5409907290531,565.365252296094,777.4432947197267,1.4896026150168775,23449.0,1176,8,growth_rate_summary_gene_knockout_TU_ID_rest_list_rerun12_seed11_all.csv,11,TU0-6422[c],TU0-6422[c],KO
gene_knockout_TU_ID_rest_list_rerun2,48,KO: TU0-6425[c],0.0002353586897189,0.0002438649988872,4.622005003849648e-05,0.0003714481321906,379.5618267031029,550.6813846761268,775.7117083173734,1.450834477901476,21985.0,1104,8,growth_rate_summary_gene_knockout_TU_ID_rest_list_rerun12_seed11_all.csv,11,TU0-6425[c],TU0-6425[c],KO
gene_knockout_TU_ID_rest_list_rerun2,49,KO: TU0-6441[c],0.000454792499845,0.000123055093495,0.0006416549125151,0.0031054580420218,379.8553778250911,16699.10347388996,16699.10347388996,43.96174030627852,11507.0,577,8,growth_rate_summary_gene_knockout_TU_ID_rest_list_rerun12_seed11_all.csv,11,TU0-6441[c],TU0-6441[c],KO
gene_knockout_TU_ID_rest_list_rerun2,50,KO: TU0-6481[c],0.0,0.0,0.0,0.0,379.5285337119725,379.5285337119725,379.5285337119725,1.0,0.0,1,8,growth_rate_summary_gene_knockout_TU_ID_rest_list_rerun12_seed11_all.csv,11,TU0-6481[c],TU0-6481[c],KO
gene_knockout_TU_ID_rest_list_rerun2,51,KO: TU0-6482[c],4.7753145710986125e-05,4.488146725951976e-05,1.9779032387299377e-05,0.0002000154243604,379.6108704287015,234.6519549340541,462.042223969298,0.6181381335815208,18996.0,952,8,growth_rate_summary_gene_knockout_TU_ID_rest_list_rerun12_seed11_all.csv,11,TU0-6482[c],TU0-6482[c],KO
gene_knockout_TU_ID_rest_list_rerun2,52,KO: TU0-6485[c],0.0002458249754638,0.0002457975627545,3.022789438586221e-05,0.0003617921114066,379.5929735607692,687.7734102076372,761.9851136688214,1.811870761874182,21907.0,1100,8,growth_rate_summary_gene_knockout_TU_ID_rest_list_rerun12_seed11_all.csv,11,TU0-6485[c],TU0-6485[c],KO
gene_knockout_TU_ID_rest_list_rerun2,53,KO: TU0-6501[c],4.408604168030368e-05,4.146350604368677e-05,1.8426826178841743e-05,0.0001844444729266,380.0171124753053,217.56053643871667,457.87216319069057,0.5725019460876368,18571.0,930,8,growth_rate_summary_gene_knockout_TU_ID_rest_list_rerun12_seed11_all.csv,11,TU0-6501[c],TU0-6501[c],KO
gene_knockout_TU_ID_rest_list_rerun2,54,KO: TU0-6506[c],0.0004404957033244,0.0001482471609514,0.0005661111955845,0.0031770905306557,379.5455818410501,7620.211257086325,7620.211257086325,20.07719657840094,10080.0,506,8,growth_rate_summary_gene_knockout_TU_ID_rest_list_rerun12_seed11_all.csv,11,TU0-6506[c],TU0-6506[c],KO
gene_knockout_TU_ID_rest_list_rerun2,55,KO: TU0-6512[c],0.0002240145260853,0.0002254669900801,3.173020890080613e-05,0.0003112869879792,379.9875211192326,640.8005785596997,719.3851418422723,1.6863726910616863,23895.0,1200,8,growth_rate_summary_gene_knockout_TU_ID_rest_list_rerun12_seed11_all.csv,11,TU0-6512[c],TU0-6512[c],KO
gene_knockout_TU_ID_rest_list_rerun2,56,KO: TU0-6562[c],0.0004529425634144,0.0001530049482478,0.0005367538331415,0.003871760770421,379.47951131939055,9105.774298763065,9105.774298763065,23.99543065475055,10175.0,510,8,growth_rate_summary_gene_knockout_TU_ID_rest_list_rerun12_seed11_all.csv,11,TU0-6562[c],TU0-6562[c],KO
gene_knockout_TU_ID_rest_list_rerun2,57,KO: TU0-6569[c],0.0002247000628248,0.000228723420323,4.56612322025604e-05,0.0003169174012183,379.0477213159629,656.877665277703,744.850697586334,1.732968247367854,23671.0,1188,8,growth_rate_summary_gene_knockout_TU_ID_rest_list_rerun12_seed11_all.csv,11,TU0-6569[c],TU0-6569[c],KO
gene_knockout_TU_ID_rest_list_rerun2,58,KO: TU0-6623[c],0.0002385347331917,0.0002395666875523,3.3395360458417964e-05,0.0003243299468804,379.44895458431495,615.9010247965673,758.1673980521837,1.6231459261003494,22250.0,1116,8,growth_rate_summary_gene_knockout_TU_ID_rest_list_rerun12_seed11_all.csv,11,TU0-6623[c],TU0-6623[c],KO
gene_knockout_TU_ID_rest_list_rerun2,59,KO: TU0-6630[c],0.0002376491508168,0.0002398886630067,4.8471204501228e-05,0.0002971635651371,379.072483873886,682.679993599136,741.3498623911707,1.8009220469461915,22665.0,1137,8,growth_rate_summary_gene_knockout_TU_ID_rest_list_rerun12_seed11_all.csv,11,TU0-6630[c],TU0-6630[c],KO
gene_knockout_TU_ID_rest_list_rerun2,60,KO: TU0-6631[c],0.0002166202251077,0.0002127491342607,3.480592705950874e-05,0.0007540188721993,379.3819148347924,645.0782227014224,732.0493530310953,1.7003399410389173,24746.0,1241,8,growth_rate_summary_gene_knockout_TU_ID_rest_list_rerun12_seed11_all.csv,11,TU0-6631[c],TU0-6631[c],KO
gene_knockout_TU_ID_rest_list_rerun2,61,KO: TU0-6635[c],0.0002166502311939,0.0002193108818828,4.050523353248394e-05,0.0005365097345643,379.7488875660158,549.390606431195,733.7979263934558,1.4467207789665706,23969.0,1203,8,growth_rate_summary_gene_knockout_TU_ID_rest_list_rerun12_seed11_all.csv,11,TU0-6635[c],TU0-6635[c],KO
gene_knockout_TU_ID_rest_list_rerun2,62,KO: TU0-6649[c],0.000245054697116,0.0002431224985913,3.285210933763032e-05,0.0003203532450199,379.68941448009855,755.394018864491,776.2742832486847,1.989505079826462,22482.0,1128,8,growth_rate_summary_gene_knockout_TU_ID_rest_list_rerun12_seed11_all.csv,11,TU0-6649[c],TU0-6649[c],KO
gene_knockout_TU_ID_rest_list_rerun2,63,KO: TU0-6652[c],0.000226582114219,0.0002397671015193,4.2953851126571945e-05,0.000307407094907,379.8686593440841,540.6400731461652,766.0450962689958,1.4232289499209638,22781.0,1142,8,growth_rate_summary_gene_knockout_TU_ID_rest_list_rerun12_seed11_all.csv,11,TU0-6652[c],TU0-6652[c],KO
gene_knockout_TU_ID_rest_list_rerun2,64,KO: TU0-6884[c],0.0002403129903755,0.0002433481856603,3.361997369579058e-05,0.0007319140307925,380.0439370561976,726.2908127273136,728.4055665699784,1.911070647128666,22626.0,1136,8,growth_rate_summary_gene_knockout_TU_ID_rest_list_rerun12_seed11_all.csv,11,TU0-6884[c],TU0-6884[c],KO
gene_knockout_TU_ID_rest_list_rerun2,65,KO: TU0-6886[c],4.800899084622492e-05,4.111397533639016e-05,2.15189771326318e-05,0.0002348150330235,379.4897055781957,254.03770699786173,469.0707656153113,0.6694192313090719,20415.0,1022,8,growth_rate_summary_gene_knockout_TU_ID_rest_list_rerun12_seed11_all.csv,11,TU0-6886[c],TU0-6886[c],KO
gene_knockout_TU_ID_rest_list_rerun2,66,KO: TU0-7162[c],0.0002183087445807,0.0002084000337806,3.453490489104557e-05,0.0003235746612411,379.6564647243057,711.3286506861375,724.269752575872,1.8736113217581625,25010.0,1253,8,growth_rate_summary_gene_knockout_TU_ID_rest_list_rerun12_seed11_all.csv,11,TU0-7162[c],TU0-7162[c],KO
gene_knockout_TU_ID_rest_list_rerun2,67,KO: TU0-7163[c],0.0002193926668648,0.0002193075065345,3.3747588533617986e-05,0.0005708513914625,380.0403408804816,665.7420013260262,672.2072509714283,1.7517666671480925,24433.0,1225,8,growth_rate_summary_gene_knockout_TU_ID_rest_list_rerun12_seed11_all.csv,11,TU0-7163[c],TU0-7163[c],KO
gene_knockout_TU_ID_rest_list_rerun2,68,KO: TU0-7281[c],7.076054213601285e-05,4.722662282718349e-05,6.71558050857208e-05,0.0004926917935748,379.55476608790354,273.19411904342803,710.395670618311,0.7197752299602457,24910.0,1248,8,growth_rate_summary_gene_knockout_TU_ID_rest_list_rerun12_seed11_all.csv,11,TU0-7281[c],TU0-7281[c],KO
gene_knockout_TU_ID_rest_list_rerun2,69,KO: TU0-7341[c],0.0002444702774152,0.0002470762063751,3.88539383474241e-05,0.0003565023141726,379.50049522234383,354.5350815216797,714.860760693706,0.9342150695059376,8224.0,413,8,growth_rate_summary_gene_knockout_TU_ID_rest_list_rerun12_seed11_all.csv,11,TU0-7341[c],TU0-7341[c],KO
gene_knockout_TU_ID_rest_list_rerun2,70,KO: TU0-7521[c],0.0002203378287238,0.000220020572204,3.687351369798593e-05,0.0005852556087358,379.97430026829727,666.9485180831573,708.5120478460958,1.7552463880115825,24438.0,1225,8,growth_rate_summary_gene_knockout_TU_ID_rest_list_rerun12_seed11_all.csv,11,TU0-7521[c],TU0-7521[c],KO
gene_knockout_TU_ID_rest_list_rerun2,71,KO: TU0-7861[c],0.0002172517787097,0.0002173863418388,3.27941852381692e-05,0.0002868944298697,379.1477967258489,640.2411303784211,727.8138709429641,1.6886320741073997,24709.0,1241,8,growth_rate_summary_gene_knockout_TU_ID_rest_list_rerun12_seed11_all.csv,11,TU0-7861[c],TU0-7861[c],KO
gene_knockout_TU_ID_rest_list_rerun2,72,KO: TU0-7981[c],0.000216613567371,0.0002146747074553,2.869866510913963e-05,0.0003161999316733,379.0559908551377,593.8252488445796,712.4626105314248,1.5665897998470613,24326.0,1221,8,growth_rate_summary_gene_knockout_TU_ID_rest_list_rerun12_seed11_all.csv,11,TU0-7981[c],TU0-7981[c],KO
gene_knockout_TU_ID_rest_list_rerun2,73,KO: TU0-8121[c],0.0002332395632751,0.0002298685985599,4.017593297833392e-05,0.0005963369630311,379.8275903956685,683.698931121871,737.5382046594923,1.8000244016230051,23230.0,1165,8,growth_rate_summary_gene_knockout_TU_ID_rest_list_rerun12_seed11_all.csv,11,TU0-8121[c],TU0-8121[c],KO
gene_knockout_TU_ID_rest_list_rerun2,74,KO: TU0-8343[c],0.0002527962519343,0.0002533573901213,3.340761256144758e-05,0.0003378483125772,380.2250501524948,695.4857899052588,784.9141464630418,1.829142476610429,21542.0,1080,8,growth_rate_summary_gene_knockout_TU_ID_rest_list_rerun12_seed11_all.csv,11,TU0-8343[c],TU0-8343[c],KO
gene_knockout_TU_ID_rest_list_rerun2,75,KO: TU0-8346[c],0.0002224533507524,0.0002215009518513,2.9544244616283745e-05,0.0003337127927563,380.4703630813676,682.6921595185929,697.9554675970799,1.7943372881650494,24317.0,1219,8,growth_rate_summary_gene_knockout_TU_ID_rest_list_rerun12_seed11_all.csv,11,TU0-8346[c],TU0-8346[c],KO
gene_knockout_TU_ID_rest_list_rerun2,76,KO: TU0-8360[c],0.0002296949476749,0.000231640474312,3.284662660640282e-05,0.000311809338141,379.40006205395,590.8293247610347,740.458353218165,1.557272609715651,23006.0,1155,8,growth_rate_summary_gene_knockout_TU_ID_rest_list_rerun12_seed11_all.csv,11,TU0-8360[c],TU0-8360[c],KO
gene_knockout_TU_ID_rest_list_rerun2,77,KO: TU0-8472[c],4.625885505325072e-05,3.941425064031898e-05,1.9526143065696635e-05,0.0002403793674547,379.8980992524731,251.03479098695288,463.86288441862666,0.6607950697329493,20872.0,1045,8,growth_rate_summary_gene_knockout_TU_ID_rest_list_rerun12_seed11_all.csv,11,TU0-8472[c],TU0-8472[c],KO
gene_knockout_TU_ID_rest_list_rerun2,78,KO: TU0-8473[c],0.0002363880201299,0.0002383940943829,3.261842789277809e-05,0.0003294199638405,379.11641092842206,755.5535335452273,755.5535335452273,1.9929328084082265,23217.0,1164,8,growth_rate_summary_gene_knockout_TU_ID_rest_list_rerun12_seed11_all.csv,11,TU0-8473[c],TU0-8473[c],KO
gene_knockout_TU_ID_rest_list_rerun2,79,KO: TU0-8492[c],0.000167790119489,0.0001542746993765,0.0001542212687876,0.0003728552461185,379.588484063455,294.1453396784998,587.3861882352253,0.7749058573371477,2574.0,130,8,growth_rate_summary_gene_knockout_TU_ID_rest_list_rerun12_seed11_all.csv,11,TU0-8492[c],TU0-8492[c],KO
gene_knockout_TU_ID_rest_list_rerun2,80,KO: TU0-8493[c],5.2430650089736455e-05,4.304670054891241e-05,3.013783317596681e-05,0.0005083739034547,380.0945505769136,272.51399734756103,478.0309021866653,0.7169637053042064,19855.0,995,8,growth_rate_summary_gene_knockout_TU_ID_rest_list_rerun12_seed11_all.csv,11,TU0-8493[c],TU0-8493[c],KO
gene_knockout_TU_ID_rest_list_rerun2,81,KO: TU0-8574[c],0.0001952340503195,0.0002038909552194,4.1678911006809496e-05,0.0003277029665441,379.6117291692419,628.8699941517741,681.6761287204929,1.656613707716617,27205.0,1364,8,growth_rate_summary_gene_knockout_TU_ID_rest_list_rerun12_seed11_all.csv,11,TU0-8574[c],TU0-8574[c],KO
gene_knockout_TU_ID_rest_list_rerun2,82,KO: TU0-8610[c],0.000221029761637,0.0002185823334608,3.38070465066509e-05,0.0003491463190403,378.9993865932089,653.379358489455,725.7335099799991,1.7239588812072302,24270.0,1217,8,growth_rate_summary_gene_knockout_TU_ID_rest_list_rerun12_seed11_all.csv,11,TU0-8610[c],TU0-8610[c],KO
gene_knockout_TU_ID_rest_list_rerun2,83,KO: TU0-8726[c],0.0002209033110187,0.0002221248102413,2.7355683844817637e-05,0.0002949820800855,379.9724061108912,624.8962380246444,692.5411031200442,1.644583206503355,24021.0,1205,8,growth_rate_summary_gene_knockout_TU_ID_rest_list_rerun12_seed11_all.csv,11,TU0-8726[c],TU0-8726[c],KO
gene_knockout_TU_ID_rest_list_rerun2,84,KO: TU0-8745[c],0.000229596722962,0.0002297602763123,2.686364045942877e-05,0.0003209518617015,379.61916701289306,644.2544693268944,716.8587152114094,1.6971073257347238,23271.0,1166,8,growth_rate_summary_gene_knockout_TU_ID_rest_list_rerun12_seed11_all.csv,11,TU0-8745[c],TU0-8745[c],KO
gene_knockout_TU_ID_rest_list_rerun2,85,KO: TU0-8772[c],0.0002277714815278,0.0002144222929544,6.025508290286189e-05,0.0010622151998886,379.0800897663957,596.6482676766327,844.5391696809215,1.5739372332751933,23179.0,1162,8,growth_rate_summary_gene_knockout_TU_ID_rest_list_rerun12_seed11_all.csv,11,TU0-8772[c],TU0-8772[c],KO
gene_knockout_TU_ID_rest_list_rerun2,86,KO: TU0-8773[c],0.0002471562700011,0.0002445131360509,3.416731804731008e-05,0.0005810337290241,379.52871417579934,646.333196264361,811.7078664222877,1.702988923164788,21652.0,1088,8,growth_rate_summary_gene_knockout_TU_ID_rest_list_rerun12_seed11_all.csv,11,TU0-8773[c],TU0-8773[c],KO
gene_knockout_TU_ID_rest_list_rerun2,87,KO: TU0-8793[c],0.0002506539770139,0.0002582502870034,3.796208547349434e-05,0.0003322142800231,379.3232070206944,637.8298138966002,803.0460621981147,1.681494309051865,21319.0,1070,8,growth_rate_summary_gene_knockout_TU_ID_rest_list_rerun12_seed11_all.csv,11,TU0-8793[c],TU0-8793[c],KO
gene_knockout_TU_ID_rest_list_rerun2,88,KO: TU0-8806[c],0.0002446333744801,0.0002439132040242,3.1957945926062474e-05,0.0003612019235833,379.8137059208264,652.6995713279971,805.7804595258649,1.7184729280518771,21878.0,1098,8,growth_rate_summary_gene_knockout_TU_ID_rest_list_rerun12_seed11_all.csv,11,TU0-8806[c],TU0-8806[c],KO
gene_knockout_TU_ID_rest_list_rerun2,89,KO: TU0-8818[c],0.0002465540007327,0.0002489240730519,4.509457450813411e-05,0.0005890477721544,379.8899937619112,705.899501192072,836.4011529863815,1.8581681875898024,22111.0,1109,8,growth_rate_summary_gene_knockout_TU_ID_rest_list_rerun12_seed11_all.csv,11,TU0-8818[c],TU0-8818[c],KO
gene_knockout_TU_ID_rest_list_rerun2,90,KO: TU0-8862[c],0.0002128567112598,0.0002107500003604,4.1953873931122046e-05,0.0006039402255347,379.08234515306015,603.1951197623257,717.8817633393983,1.591198132740201,24865.0,1246,8,growth_rate_summary_gene_knockout_TU_ID_rest_list_rerun12_seed11_all.csv,11,TU0-8862[c],TU0-8862[c],KO
gene_knockout_TU_ID_rest_list_rerun2,91,KO: TU0-901[c],0.0002226425077594,0.0002219429919283,2.7345443047839355e-05,0.0003125395612266,379.6056367482303,630.7320692007402,731.0261020728597,1.6615455834736907,23940.0,1201,8,growth_rate_summary_gene_knockout_TU_ID_rest_list_rerun12_seed11_all.csv,11,TU0-901[c],TU0-901[c],KO
gene_knockout_TU_ID_rest_list_rerun2,92,KO: TU00001[c],0.0002229221322838,0.0002255027128547,2.9194632999500546e-05,0.0004593029477791,379.62450729528143,641.752604324316,706.6534204544316,1.6904930845919934,24017.0,1205,8,growth_rate_summary_gene_knockout_TU_ID_rest_list_rerun12_seed11_all.csv,11,TU00001[c],TU00001[c],KO
gene_knockout_TU_ID_rest_list_rerun2,93,KO: TU00003[c],0.0002200469748247,0.0002190584961777,2.839063406095729e-05,0.0003369998802663,379.57928462997256,634.7546143166664,720.0193133811554,1.672258313399394,24254.0,1218,8,growth_rate_summary_gene_knockout_TU_ID_rest_list_rerun12_seed11_all.csv,11,TU00003[c],TU00003[c],KO
gene_knockout_TU_ID_rest_list_rerun2,94,KO: TU00004[c],5.105267614282504e-05,4.41707962664824e-05,2.8397502719588603e-05,0.0005143930726677,380.0311955164432,269.0088616725758,472.4477773096055,0.7078599463578413,20382.0,1021,8,growth_rate_summary_gene_knockout_TU_ID_rest_list_rerun12_seed11_all.csv,11,TU00004[c],TU00004[c],KO
gene_knockout_TU_ID_rest_list_rerun2,95,KO: TU00006[c],0.0002227728808735,0.0002266820676631,4.018337340190807e-05,0.0005820273362601,379.95704532572233,661.2380956796353,708.7869192663109,1.7402969725506254,24070.0,1207,8,growth_rate_summary_gene_knockout_TU_ID_rest_list_rerun12_seed11_all.csv,11,TU00006[c],TU00006[c],KO
gene_knockout_TU_ID_rest_list_rerun2,96,KO: TU00008[c],4.63651250933898e-05,4.088686278836788e-05,1.9159592108393248e-05,0.0002369961133657,379.89060298157176,250.5109666050649,463.8619833663638,0.6594292268324864,20875.0,1045,8,growth_rate_summary_gene_knockout_TU_ID_rest_list_rerun12_seed11_all.csv,11,TU00008[c],TU00008[c],KO
gene_knockout_TU_ID_rest_list_rerun2,97,KO: TU00009[c],0.0002235935537085,0.0002241957611332,3.559987406538404e-05,0.000366815797709,379.4674514272831,588.0064802419099,724.9621146074355,1.5495570912083587,23580.0,1183,8,growth_rate_summary_gene_knockout_TU_ID_rest_list_rerun12_seed11_all.csv,11,TU00009[c],TU00009[c],KO
gene_knockout_TU_ID_rest_list_rerun2,98,KO: TU00012[c],0.0002323289184761,0.000231030523893,4.152862022869767e-05,0.0005789031653375,379.876809474414,702.2640423057644,737.9725017375185,1.848662579001323,23322.0,1170,8,growth_rate_summary_gene_knockout_TU_ID_rest_list_rerun12_seed11_all.csv,11,TU00012[c],TU00012[c],KO
gene_knockout_TU_ID_rest_list_rerun2,99,KO: TU00013[c],0.0002148197183732,0.0002082664094209,4.026899053937422e-05,0.0007612962987221,379.9260448097001,601.4333967515302,709.2799617401618,1.5830275522510706,24371.0,1223,8,growth_rate_summary_gene_knockout_TU_ID_rest_list_rerun12_seed11_all.csv,11,TU00013[c],TU00013[c],KO
gene_knockout_TU_ID_rest_list_rerun2,100,KO: TU00017[c],0.0002263699677394,0.0002252445699704,2.867168996886091e-05,0.000347134759303,379.9569765822031,646.7350201164543,738.2751477978611,1.702126977464603,23519.0,1179,8,growth_rate_summary_gene_knockout_TU_ID_rest_list_rerun12_seed11_all.csv,11,TU00017[c],TU00017[c],KO
gene_knockout_TU_ID_rest_list_rerun2,101,KO: TU00039[c],0.0002203660226255,0.0002171917048568,2.8587320546432648e-05,0.0003162577672533,378.9672613163748,641.5404809696861,695.9384835792569,1.6928651798079892,24278.0,1217,8,growth_rate_summary_gene_knockout_TU_ID_rest_list_rerun12_seed11_all.csv,11,TU00039[c],TU00039[c],KO
gene_knockout_TU_ID_rest_list_rerun2,102,KO: TU00046[c],0.0002386100734963,0.0002390384814198,3.1543267443758545e-05,0.0003240194434387,379.18881874632905,755.1163069355257,755.1163069355257,1.991399191126165,23111.0,1159,8,growth_rate_summary_gene_knockout_TU_ID_rest_list_rerun12_seed11_all.csv,11,TU00046[c],TU00046[c],KO
gene_knockout_TU_ID_rest_list_rerun2,103,KO: TU00047[c],0.0002297251136407,0.0002295353956973,3.966309415690704e-05,0.000595473669307,379.75996612534857,693.2342962190833,739.3073285352618,1.825453860479504,23414.0,1174,8,growth_rate_summary_gene_knockout_TU_ID_rest_list_rerun12_seed11_all.csv,11,TU00047[c],TU00047[c],KO
gene_knockout_TU_ID_rest_list_rerun2,104,KO: TU00054[c],0.0001311683310631,0.0001429985173224,3.968646794891005e-05,0.0001495466560629,379.4632573178861,390.3810123658373,390.3810123658373,1.028771573630395,220.0,12,8,growth_rate_summary_gene_knockout_TU_ID_rest_list_rerun12_seed11_all.csv,11,TU00054[c],TU00054[c],KO
gene_knockout_TU_ID_rest_list_rerun2,105,KO: TU00056[c],4.8818961742479904e-05,3.866057720172723e-05,3.32221542619464e-05,0.0001393908622277,379.53077662582086,384.33286324442736,384.33286324442736,1.0126526935741522,280.0,15,8,growth_rate_summary_gene_knockout_TU_ID_rest_list_rerun12_seed11_all.csv,11,TU00056[c],TU00056[c],KO
gene_knockout_TU_ID_rest_list_rerun2,106,KO: TU00057[c],0.0001274960200102,0.0001383297167592,3.852739583947384e-05,0.000144080799826,379.4910745649711,390.0961697422913,390.0961697422913,1.0279455720782824,220.0,12,8,growth_rate_summary_gene_knockout_TU_ID_rest_list_rerun12_seed11_all.csv,11,TU00057[c],TU00057[c],KO
gene_knockout_TU_ID_rest_list_rerun2,107,KO: TU00058[c],0.0001201668804062,0.0001285053006887,3.511691348033476e-05,0.0001391500776279,379.5992871187559,390.5459095748832,390.5459095748832,1.0288373103627635,240.0,13,8,growth_rate_summary_gene_knockout_TU_ID_rest_list_rerun12_seed11_all.csv,11,TU00058[c],TU00058[c],KO
gene_knockout_TU_ID_rest_list_rerun2,108,KO: TU00060[c],1.9966412948968906e-05,4.241543469509523e-06,4.345666267505469e-05,0.0002153507772741,379.75251427591695,247.4241227000248,475.73526629419575,0.6515404464715505,13334.0,668,8,growth_rate_summary_gene_knockout_TU_ID_rest_list_rerun12_seed11_all.csv,11,TU00060[c],TU00060[c],KO
gene_knockout_TU_ID_rest_list_rerun2,109,KO: TU00061[c],0.0001093222148061,0.0001072956483245,2.719228161570148e-05,0.0001938398921871,379.1484972783869,294.2890214819155,518.2174232362736,0.776184064012882,4015.0,202,8,growth_rate_summary_gene_knockout_TU_ID_rest_list_rerun12_seed11_all.csv,11,TU00061[c],TU00061[c],KO
gene_knockout_TU_ID_rest_list_rerun2,110,KO: TU00067[c],4.7167162845413895e-05,4.013652252983289e-05,1.9483922547784716e-05,0.000226145173672,379.7446234757857,252.80560456820683,466.3724848626439,0.6657253031110443,20661.0,1035,8,growth_rate_summary_gene_knockout_TU_ID_rest_list_rerun12_seed11_all.csv,11,TU00067[c],TU00067[c],KO
gene_knockout_TU_ID_rest_list_rerun2,111,KO: TU00078[c],0.0002198020390808,0.0002229455769245,3.1599475138475324e-05,0.0003007291145473,379.56630136067633,690.3044350688533,698.331506918789,1.818666284636537,24654.0,1236,8,growth_rate_summary_gene_knockout_TU_ID_rest_list_rerun12_seed11_all.csv,11,TU00078[c],TU00078[c],KO
gene_knockout_TU_ID_rest_list_rerun2,112,KO: TU00082[c],0.0001280431221393,0.0001414751427664,3.907577216979712e-05,0.0001458069329697,379.7392871770306,390.4423006470012,390.4423006470012,1.0281851623768938,220.0,12,8,growth_rate_summary_gene_knockout_TU_ID_rest_list_rerun12_seed11_all.csv,11,TU00082[c],TU00082[c],KO
gene_knockout_TU_ID_rest_list_rerun2,113,KO: TU00090[c],5.380806609510963e-05,5.053440100841414e-05,1.8797219566238664e-05,0.0001841045118562,379.7005567065892,220.66649295064133,465.27118026117023,0.5811592557689078,15166.0,760,8,growth_rate_summary_gene_knockout_TU_ID_rest_list_rerun12_seed11_all.csv,11,TU00090[c],TU00090[c],KO
gene_knockout_TU_ID_rest_list_rerun2,114,KO: TU00094[c],0.0001563944325419,0.0001661577479845,3.704481154770548e-05,0.0001712950355028,380.0486859976404,402.2778017027408,402.2778017027408,1.0584901790852093,360.0,19,8,growth_rate_summary_gene_knockout_TU_ID_rest_list_rerun12_seed11_all.csv,11,TU00094[c],TU00094[c],KO
gene_knockout_TU_ID_rest_list_rerun2,115,KO: TU00101[c],0.0002039648937638,0.0001986851667296,3.418804687836761e-05,0.0003719653170764,380.2403091991668,619.898523916859,747.2103282707697,1.6302809274020478,25955.0,1301,8,growth_rate_summary_gene_knockout_TU_ID_rest_list_rerun12_seed11_all.csv,11,TU00101[c],TU00101[c],KO
gene_knockout_TU_ID_rest_list_rerun2,116,KO: TU00106[c],0.0002332716768409,0.0002353739337745,2.649324589947624e-05,0.0005121416649213,379.76086700397207,686.6564187613674,721.8774601109005,1.8081284261292396,23082.0,1158,8,growth_rate_summary_gene_knockout_TU_ID_rest_list_rerun12_seed11_all.csv,11,TU00106[c],TU00106[c],KO
gene_knockout_TU_ID_rest_list_rerun2,117,KO: TU00109[c],0.0002391983907098,0.0002414138821053,2.60934049266398e-05,0.0003037257208744,381.18677606347626,656.6961556479671,735.6430929496255,1.7227674118962937,22469.0,1128,8,growth_rate_summary_gene_knockout_TU_ID_rest_list_rerun12_seed11_all.csv,11,TU00109[c],TU00109[c],KO
gene_knockout_TU_ID_rest_list_rerun2,118,KO: TU00111[c],0.0002390018445345,0.0002390271369295,3.957086991469649e-05,0.0005996209719486,379.63568361923376,628.6377787235165,740.500630069653,1.655897498176242,22300.0,1118,8,growth_rate_summary_gene_knockout_TU_ID_rest_list_rerun12_seed11_all.csv,11,TU00111[c],TU00111[c],KO
gene_knockout_TU_ID_rest_list_rerun2,119,KO: TU00112[c],0.0001169926677516,0.0001227772287652,5.926985292399852e-05,0.0005324468349084,379.7296805645542,341.9688638335681,624.9721658230383,0.900558690395636,40335.0,2020,8,growth_rate_summary_gene_knockout_TU_ID_rest_list_rerun12_seed11_all.csv,11,TU00112[c],TU00112[c],KO
gene_knockout_TU_ID_rest_list_rerun2,120,KO: TU00115[c],0.0002107579283771,0.0002084706017089,2.4218490844298066e-05,0.0002863064186036,379.5047889936038,632.6796630148383,698.3833800440902,1.667119049255269,25243.0,1265,8,growth_rate_summary_gene_knockout_TU_ID_rest_list_rerun12_seed11_all.csv,11,TU00115[c],TU00115[c],KO
gene_knockout_TU_ID_rest_list_rerun2,121,KO: TU00116[c],0.0002112962490997,0.0002117165784528,4.384662489850637e-05,0.0003641706617446,379.2731136987538,521.066538586234,742.7574868688334,1.3738557249805552,24325.0,1221,8,growth_rate_summary_gene_knockout_TU_ID_rest_list_rerun12_seed11_all.csv,11,TU00116[c],TU00116[c],KO
gene_knockout_TU_ID_rest_list_rerun2,122,KO: TU00117[c],0.000241275929829,0.0002406927231855,3.7163197113629465e-05,0.0005806149059061,379.16760395976746,704.4578130705565,745.7917518465804,1.8579061230803484,22591.0,1134,8,growth_rate_summary_gene_knockout_TU_ID_rest_list_rerun12_seed11_all.csv,11,TU00117[c],TU00117[c],KO
gene_knockout_TU_ID_rest_list_rerun2,123,KO: TU00128[c],0.0002444358894745,0.0002461671738161,2.561605807492708e-05,0.0003839458424309,379.1101532331603,693.4199062515042,740.0572366626407,1.829072369436218,22109.0,1109,8,growth_rate_summary_gene_knockout_TU_ID_rest_list_rerun12_seed11_all.csv,11,TU00128[c],TU00128[c],KO
gene_knockout_TU_ID_rest_list_rerun2,124,KO: TU00144[c],0.0002100417129902,0.0002047650225746,3.665893573698529e-05,0.000317879464388,379.502012051434,596.4493974794136,747.030072326264,1.5716633338918284,24936.0,1251,8,growth_rate_summary_gene_knockout_TU_ID_rest_list_rerun12_seed11_all.csv,11,TU00144[c],TU00144[c],KO
gene_knockout_TU_ID_rest_list_rerun2,125,KO: TU00146[c],0.0002310560255448,0.0002299010542856,3.713702622195511e-05,0.0010829560982138,379.5538470193003,649.5159627749551,715.9310448044923,1.7112617033807256,23090.0,1159,8,growth_rate_summary_gene_knockout_TU_ID_rest_list_rerun12_seed11_all.csv,11,TU00146[c],TU00146[c],KO
gene_knockout_TU_ID_rest_list_rerun2,126,KO: TU00147[c],0.0002222557361476,0.000220586903709,2.812668053447724e-05,0.0003877254418936,379.6977361976381,658.4866915659914,736.9404874626991,1.7342391823564618,24017.0,1204,8,growth_rate_summary_gene_knockout_TU_ID_rest_list_rerun12_seed11_all.csv,11,TU00147[c],TU00147[c],KO
gene_knockout_TU_ID_rest_list_rerun2,127,KO: TU00157[c],0.0002421662465602,0.0002590471933494,4.50187023615234e-05,0.0003776931524078,379.88198551195455,570.1280923999759,790.147843724501,1.5008031813660048,21481.0,1079,8,growth_rate_summary_gene_knockout_TU_ID_rest_list_rerun12_seed11_all.csv,11,TU00157[c],TU00157[c],KO
gene_knockout_TU_ID_rest_list_rerun2,128,KO: TU00169[c],0.0002295173571675,0.0002350617891728,3.16659380404243e-05,0.0003418309136422,379.7365318129897,729.6149354644858,729.6149354644858,1.9213714624217455,23814.0,1193,8,growth_rate_summary_gene_knockout_TU_ID_rest_list_rerun12_seed11_all.csv,11,TU00169[c],TU00169[c],KO
gene_knockout_TU_ID_rest_list_rerun2,129,KO: TU00178[c],4.978273656425258e-05,4.298707778188735e-05,2.0561403434046812e-05,0.0002638070103085,379.763252207948,261.9075039478121,472.3868593167877,0.6896599458348821,20413.0,1022,8,growth_rate_summary_gene_knockout_TU_ID_rest_list_rerun12_seed11_all.csv,11,TU00178[c],TU00178[c],KO
gene_knockout_TU_ID_rest_list_rerun2,130,KO: TU00184[c],0.0002277496727273,0.0002306190752522,4.4940113406698014e-05,0.000771604118184,379.4905221959309,591.7885424051731,768.0511172364684,1.5594290444482637,22989.0,1154,8,growth_rate_summary_gene_knockout_TU_ID_rest_list_rerun12_seed11_all.csv,11,TU00184[c],TU00184[c],KO
gene_knockout_TU_ID_rest_list_rerun2,131,KO: TU00192[c],4.6596195089109776e-05,4.294266422984625e-05,2.0646810782904423e-05,0.0002290427790034,379.8220915762572,218.8770138109309,462.6955511527776,0.5762619359568946,17629.0,883,8,growth_rate_summary_gene_knockout_TU_ID_rest_list_rerun12_seed11_all.csv,11,TU00192[c],TU00192[c],KO
gene_knockout_TU_ID_rest_list_rerun2,132,KO: TU00205[c],2.3838559740918493e-05,6.862124967685511e-06,4.201648048818453e-05,0.000180546910545,379.6636293007013,490.1486830597439,490.1486830597439,1.2910077374610365,10800.0,541,8,growth_rate_summary_gene_knockout_TU_ID_rest_list_rerun12_seed11_all.csv,11,TU00205[c],TU00205[c],KO
gene_knockout_TU_ID_rest_list_rerun2,133,KO: TU00214[c],0.0002104387502607,0.0002116813451764,2.91520448432882e-05,0.0003203803066865,379.62886381322335,635.9769059362254,699.0795345580218,1.6752596194822658,25400.0,1274,8,growth_rate_summary_gene_knockout_TU_ID_rest_list_rerun12_seed11_all.csv,11,TU00214[c],TU00214[c],KO
gene_knockout_TU_ID_rest_list_rerun2,134,KO: TU00218[c],0.0002319837581987,0.0002333732652874,2.78601729243462e-05,0.0003007633483589,379.5974582706599,624.8565677548197,728.0930873373788,1.6461031393663483,22928.0,1151,8,growth_rate_summary_gene_knockout_TU_ID_rest_list_rerun12_seed11_all.csv,11,TU00218[c],TU00218[c],KO
gene_knockout_TU_ID_rest_list_rerun2,135,KO: TU00219[c],0.0002205550172434,0.0002225762478039,4.209299173788777e-05,0.0005944819999103,380.0450314534447,561.5747746348552,720.6721650827285,1.477653246740703,23488.0,1178,8,growth_rate_summary_gene_knockout_TU_ID_rest_list_rerun12_seed11_all.csv,11,TU00219[c],TU00219[c],KO
gene_knockout_TU_ID_rest_list_rerun2,136,KO: TU00238[c],0.000246117482494,0.0002493223208955,3.332974924574085e-05,0.0003362716609535,379.0688330928185,739.6186858701121,757.1514844524622,1.95114612783006,22301.0,1119,8,growth_rate_summary_gene_knockout_TU_ID_rest_list_rerun12_seed11_all.csv,11,TU00238[c],TU00238[c],KO
gene_knockout_TU_ID_rest_list_rerun2,137,KO: TU00254[c],0.0002175185737914,0.000216146701131,3.7057182425668655e-05,0.0005937238249032,379.8898530450493,620.1990389625335,704.0716020705729,1.6325759532434445,24298.0,1219,8,growth_rate_summary_gene_knockout_TU_ID_rest_list_rerun12_seed11_all.csv,11,TU00254[c],TU00254[c],KO
gene_knockout_TU_ID_rest_list_rerun2,138,KO: TU00256[c],4.770489280685689e-05,3.863578665516548e-05,2.0788403992529715e-05,0.0002531347300695,380.2507247718808,255.51599254035384,467.42615562545393,0.6719671414003024,20458.0,1025,8,growth_rate_summary_gene_knockout_TU_ID_rest_list_rerun12_seed11_all.csv,11,TU00256[c],TU00256[c],KO
gene_knockout_TU_ID_rest_list_rerun2,139,KO: TU00258[c],0.0002130579321387,0.0002121342673021,3.951385395729901e-05,0.0003981820915523,379.4925273954146,596.7530992224745,756.0871870341534,1.572502898326332,24608.0,1235,8,growth_rate_summary_gene_knockout_TU_ID_rest_list_rerun12_seed11_all.csv,11,TU00258[c],TU00258[c],KO
gene_knockout_TU_ID_rest_list_rerun2,140,KO: TU00270[c],0.0002273407229908,0.0002297757359482,3.608089304788475e-05,0.0003311996052014,379.5948177399231,649.8346367748902,747.5952865790191,1.7119165130966572,23522.0,1180,8,growth_rate_summary_gene_knockout_TU_ID_rest_list_rerun12_seed11_all.csv,11,TU00270[c],TU00270[c],KO
gene_knockout_TU_ID_rest_list_rerun2,141,KO: TU00280[c],0.0002048339942238,0.0002104734578367,4.1264717228836045e-05,0.0002905039036668,379.4371311084284,677.4517605664885,712.7651725116159,1.7854124043882755,26422.0,1326,8,growth_rate_summary_gene_knockout_TU_ID_rest_list_rerun12_seed11_all.csv,11,TU00280[c],TU00280[c],KO
gene_knockout_TU_ID_rest_list_rerun2,142,KO: TU00281[c],0.0003738433340721,0.0001184239337802,0.0004974783685131,0.0029157911039878,380.0867066840237,7428.32884633528,7428.32884633528,19.543774395958152,11776.0,591,8,growth_rate_summary_gene_knockout_TU_ID_rest_list_rerun12_seed11_all.csv,11,TU00281[c],TU00281[c],KO
gene_knockout_TU_ID_rest_list_rerun2,143,KO: TU00313[c],0.0002245712543751,0.0002257230110239,2.9533584899710347e-05,0.0002940978356219,379.7694975973629,693.8192898314551,714.3687695311407,1.82694843640932,24041.0,1206,8,growth_rate_summary_gene_knockout_TU_ID_rest_list_rerun12_seed11_all.csv,11,TU00313[c],TU00313[c],KO
gene_knockout_TU_ID_rest_list_rerun2,144,KO: TU00321[c],0.0002359613244783,0.0002252662101809,4.501274126386199e-05,0.0005942104800437,379.5606885029256,752.2277255244364,830.4903584202091,1.981837814899628,23368.0,1173,8,growth_rate_summary_gene_knockout_TU_ID_rest_list_rerun12_seed11_all.csv,11,TU00321[c],TU00321[c],KO
gene_knockout_TU_ID_rest_list_rerun2,145,KO: TU00368[c],0.0002328140688052,0.0002303513846235,3.244648728607481e-05,0.0003682786084519,379.8271827035808,716.0485779861681,766.9407914096616,1.885195716876789,23366.0,1172,8,growth_rate_summary_gene_knockout_TU_ID_rest_list_rerun12_seed11_all.csv,11,TU00368[c],TU00368[c],KO
gene_knockout_TU_ID_rest_list_rerun2,146,KO: TU00444[c],0.0002267837271715,0.0002109819104924,0.0003585818426588,0.0127132004846133,380.0450324265138,620.569646652157,766.8427033096809,1.6328845102643237,24447.0,1226,8,growth_rate_summary_gene_knockout_TU_ID_rest_list_rerun12_seed11_all.csv,11,TU00444[c],TU00444[c],KO
gene_knockout_TU_ID_rest_list_rerun2,147,KO: TU00455[c],0.000220415995589,0.0002131628456611,4.156988201242287e-05,0.0005759229137515,379.2386689548656,606.3242264692433,733.5293242930704,1.598793256342232,23947.0,1201,8,growth_rate_summary_gene_knockout_TU_ID_rest_list_rerun12_seed11_all.csv,11,TU00455[c],TU00455[c],KO
gene_knockout_TU_ID_rest_list_rerun2,148,KO: TU00467[c],0.0002432453512802,0.0002450881838149,2.7843652877054734e-05,0.0003052489293667,379.11282222205466,697.9468405711873,747.9767542963327,1.8410003557262555,22294.0,1119,8,growth_rate_summary_gene_knockout_TU_ID_rest_list_rerun12_seed11_all.csv,11,TU00467[c],TU00467[c],KO
gene_knockout_TU_ID_rest_list_rerun2,149,KO: TU00484[c],2.166778751677703e-05,5.088113696294814e-06,4.53555828937008e-05,0.0002093227826649,380.19697832770737,253.2924756930224,482.9676921098319,0.6662138052941053,13333.0,668,8,growth_rate_summary_gene_knockout_TU_ID_rest_list_rerun12_seed11_all.csv,11,TU00484[c],TU00484[c],KO
gene_knockout_TU_ID_rest_list_rerun2,150,KO: TU102[c],0.0002308124448487,0.0002283371470735,3.222322520483282e-05,0.0005973034933861,379.5855471652993,685.4634754053593,754.8701853065404,1.8058207972466835,23284.0,1167,8,growth_rate_summary_gene_knockout_TU_ID_rest_list_rerun12_seed11_all.csv,11,TU102[c],TU102[c],KO
gene_knockout_TU_ID_rest_list_rerun2,151,KO: TU164[c],0.00020960956328,0.0002107372780826,3.434959432447227e-05,0.0003124676343239,380.1114154722568,598.3467248741513,722.9494600602859,1.5741351101775127,25202.0,1265,8,growth_rate_summary_gene_knockout_TU_ID_rest_list_rerun12_seed11_all.csv,11,TU164[c],TU164[c],KO
gene_knockout_TU_ID_rest_list_rerun2,152,KO: TU21[c],0.0002435860115223,0.0002409004524079,3.221447082460979e-05,0.0003168802007881,379.3732353566729,694.6506359944817,809.9658893310989,1.831048084721624,22234.0,1115,8,growth_rate_summary_gene_knockout_TU_ID_rest_list_rerun12_seed11_all.csv,11,TU21[c],TU21[c],KO
gene_knockout_TU_ID_rest_list_rerun2,153,KO: TU344[c],0.0002423283455408,0.0002369312015179,3.815459188373628e-05,0.0003552345692864,379.667046444056,722.4755339506551,808.5515908005689,1.9029187302857264,22553.0,1131,8,growth_rate_summary_gene_knockout_TU_ID_rest_list_rerun12_seed11_all.csv,11,TU344[c],TU344[c],KO
gene_knockout_TU_ID_rest_list_rerun2,154,KO: TU524[c],0.0002185856877304,0.0002228231615584,3.764089157342808e-05,0.0003087680086717,379.0921485404784,568.2029021510134,733.2418989676394,1.4988516758751658,23989.0,1204,8,growth_rate_summary_gene_knockout_TU_ID_rest_list_rerun12_seed11_all.csv,11,TU524[c],TU524[c],KO
gene_knockout_TU_ID_rest_list_rerun2,155,KO: TU582[c],0.0002291047249325,0.0002354875602887,5.395474684635011e-05,0.0016838886153052,379.4132911333893,673.5943105535489,753.1047480155694,1.7753577070043527,23448.0,1177,8,growth_rate_summary_gene_knockout_TU_ID_rest_list_rerun12_seed11_all.csv,11,TU582[c],TU582[c],KO
gene_knockout_TU_ID_rest_list_rerun2,156,KO: TU5[c],0.0002294736738081,0.0002165395174087,0.0001684972319226,0.0058245794815464,379.8750707189365,610.6151122104609,806.205600029612,1.6074103284925618,23343.0,1171,8,growth_rate_summary_gene_knockout_TU_ID_rest_list_rerun12_seed11_all.csv,11,TU5[c],TU5[c],KO
gene_knockout_TU_ID_rest_list_rerun2,157,KO: TU67[c],0.0002330528993566,0.0002318429823732,3.779015711078121e-05,0.0005865137850749,380.04276662385473,679.6281356841453,713.689893959063,1.7882938326170106,23248.0,1168,8,growth_rate_summary_gene_knockout_TU_ID_rest_list_rerun12_seed11_all.csv,11,TU67[c],TU67[c],KO
gene_knockout_TU_ID_rest_list_rerun2,158,KO: TU862[c],0.0002246753171886,0.0002237437465531,2.9573683469771928e-05,0.0002964285147785,379.16526198167605,676.3877911159434,706.673968401079,1.7838864973570054,23973.0,1203,8,growth_rate_summary_gene_knockout_TU_ID_rest_list_rerun12_seed11_all.csv,11,TU862[c],TU862[c],KO
gene_knockout_TU_ID_rest_list_rerun2,159,KO: TU872[c],0.0002303617363972,0.0002316507439714,4.78245420861619e-05,0.0005777842078581,379.6037158932896,687.6886463923338,754.0973391524549,1.811596192555844,23418.0,1173,8,growth_rate_summary_gene_knockout_TU_ID_rest_list_rerun12_seed11_all.csv,11,TU872[c],TU872[c],KO
gene_knockout_3_round_test,0,baseline,0.0002565129018164,0.0002533000406866,4.053549047031308e-05,0.000598610764893,266.47876033764305,716.6396074463389,812.9487418103738,2.689293535208276,22448.0,1127,8,growth_rate_summary_gene_knockout_102trails_seed100_all.csv,100,baseline,baseline,baseline
gene_knockout_3_round_test,1,KO: EG10109,0.0002282087838863,0.0002222947114207,3.639072098347719e-05,0.0003239077624153,266.52476171264425,607.5542039615959,784.4464609195302,2.27954130812294,24649.0,1235,8,growth_rate_summary_gene_knockout_102trails_seed100_all.csv,100,EG10109,TU00115[c],KO
gene_knockout_3_round_test,2,KO: EG11288,0.000225429560402,0.0002284385589986,3.7331644394940015e-05,0.0005829939764763,266.4501199919215,665.2810261219236,724.8777278587443,2.4968313999712,25438.0,1276,8,growth_rate_summary_gene_knockout_102trails_seed100_all.csv,100,EG11288,TU0-8828[c],KO
gene_knockout_3_round_test,3,KO: EG10539,0.0002384873198202,0.000238728806542,2.6597759991209484e-05,0.0002935052622659,266.78510126352444,754.8345435803308,754.8345435803308,2.8293729297676253,24600.0,1233,8,growth_rate_summary_gene_knockout_102trails_seed100_all.csv,100,EG10539,TU00183[c],KO
gene_knockout_3_round_test,4,KO: EG12087,0.0002300994678165,0.0002268432141131,4.7853226973354944e-05,0.0008557419800975,266.7946285105213,683.2931265514289,866.2556553831755,2.5611202533055595,25006.0,1254,8,growth_rate_summary_gene_knockout_102trails_seed100_all.csv,100,EG12087,TU0-198746[c],KO
gene_knockout_3_round_test,5,KO: G6561,0.0002552232901609,0.0002554176888232,3.53515259126419e-05,0.0003825362430881,266.877237350588,655.1188441761565,846.5182730021611,2.4547572909545226,22334.0,1121,8,growth_rate_summary_gene_knockout_102trails_seed100_all.csv,100,G6561,TU0-13132[c],KO
gene_knockout_3_round_test,6,KO: EG11050,0.0002109086471087,0.0002051188646009,3.23325751159651e-05,0.0003206911593121,267.0901418536042,598.2186824353271,736.2519855934295,2.239763243539026,26683.0,1338,8,growth_rate_summary_gene_knockout_102trails_seed100_all.csv,100,EG11050,TU0-5981[c],KO
gene_knockout_3_round_test,7,KO: EG10582,0.0002270168866174,0.00022888641159,2.895202783349845e-05,0.0003318436320271,266.9471430831087,673.6986266403849,718.4408833061984,2.5237154399162915,25103.0,1259,8,growth_rate_summary_gene_knockout_102trails_seed100_all.csv,100,EG10582,TU0-3741[c],KO
gene_knockout_3_round_test,8,KO: EG20248,0.0002233485521616,0.0002315028747036,4.114287102251555e-05,0.0003654708810307,266.8997153313535,727.7471393888957,727.7471393888957,2.7266688482054184,26002.0,1303,8,growth_rate_summary_gene_knockout_102trails_seed100_all.csv,100,EG20248,TU101[c],KO
gene_knockout_3_round_test,9,KO: EG12712,0.0002229924220547,0.0002213082031397,3.044047836995409e-05,0.0003714138329379,266.5947516613347,724.5019115578464,726.775240797836,2.717615058222182,26026.0,1305,8,growth_rate_summary_gene_knockout_102trails_seed100_all.csv,100,EG12712,TU0-36414[c],KO
gene_knockout_3_round_test,10,KO: EG10420,2.178192593885276e-05,3.97379519295421e-06,4.327764097904524e-05,0.0001811829240804,266.75462862506186,337.2728563496926,337.2728563496926,1.2643561541484925,10800.0,541,8,growth_rate_summary_gene_knockout_102trails_seed100_all.csv,100,EG10420,TU00205[c],KO
gene_knockout_3_round_test,11,KO: EG10120,0.0001970387835563,0.0001951988535482,3.238508634528456e-05,0.0003092378988383,266.8750007957772,562.0201584099291,688.3249453434767,2.105930329682727,28281.0,1419,8,growth_rate_summary_gene_knockout_102trails_seed100_all.csv,100,EG10120,TU00117[c],KO
gene_knockout_3_round_test,12,KO: EG11029,0.0002010055559125,0.0002002544440981,2.9694900498274364e-05,0.0003255505619826,266.7827164809746,577.6236376279605,701.8975191694192,2.165146397964477,27834.0,1396,8,growth_rate_summary_gene_knockout_102trails_seed100_all.csv,100,EG11029,TU00220[c],KO
gene_knockout_3_round_test,13,KO: EG12293,0.000223055386695,0.0002239183575839,3.436077130083645e-05,0.0006016798124169,265.7512359359316,565.5133645363796,744.1457850096283,2.127980186224669,24911.0,1250,8,growth_rate_summary_gene_knockout_102trails_seed100_all.csv,100,EG12293,TU0-13987[c],KO
gene_knockout_3_round_test,14,KO: EG10549,5.578507056505973e-05,5.023706177663103e-05,3.062305049051363e-05,0.0004932588897847,266.9042893092842,318.9348378955575,387.2709102987342,1.1949408483502533,15571.0,780,8,growth_rate_summary_gene_knockout_102trails_seed100_all.csv,100,EG10549,TU00185[c],KO
gene_knockout_3_round_test,15,KO: EG10099,0.0002407259013297,0.0002410158329858,3.1082607452884785e-05,0.0003465963143527,266.49629237352303,717.9346821926392,768.3664661290027,2.693976249344501,24094.0,1209,8,growth_rate_summary_gene_knockout_102trails_seed100_all.csv,100,EG10099,TU0-6635[c],KO
gene_knockout_3_round_test,16,KO: EG10105,0.0002407259013297,0.0002410158329858,3.1082607452884785e-05,0.0003465963143527,266.49629237352303,717.9346821926392,768.3664661290027,2.693976249344501,24094.0,1209,8,growth_rate_summary_gene_knockout_102trails_seed100_all.csv,100,EG10105,TU0-6635[c],KO
gene_knockout_3_round_test,17,KO: G6842,0.000228993488615,0.0002292012462311,8.889502555383691e-05,0.0025108686489487,266.8029710682204,569.2890001516157,746.9362595774819,2.1337431059043603,24387.0,1223,8,growth_rate_summary_gene_knockout_102trails_seed100_all.csv,100,G6842,TU0-13335[c],KO
gene_knockout_3_round_test,18,KO: EG10182,0.0002296404266374,0.0002325284954982,3.441668552768129e-05,0.0003127211242876,266.44280632096184,589.5476537569871,782.3141180981863,2.2126611781997494,24438.0,1226,8,growth_rate_summary_gene_knockout_102trails_seed100_all.csv,100,EG10182,TU00101[c],KO
gene_knockout_3_round_test,19,KO: EG12075,0.0002403747396146,0.0002409433151929,2.9805609691825377e-05,0.0003095781665302,266.5643644522503,668.1639772913998,743.8319929526638,2.506576521075412,23841.0,1197,8,growth_rate_summary_gene_knockout_102trails_seed100_all.csv,100,EG12075,TU0-14783[c],KO
gene_knockout_3_round_test,20,KO: EG11040,0.0002224518923994,0.0002227287163487,5.492345428866644e-05,0.0007534425414174,267.03138858702323,674.6248765336532,782.2653368917497,2.5263879280386496,25817.0,1296,8,growth_rate_summary_gene_knockout_102trails_seed100_all.csv,100,EG11040,TU00087[c],KO
gene_knockout_3_round_test,21,KO: G6701,0.0002195604914778,0.0002229470959065,3.4583559722459784e-05,0.0003358650455029,266.7611515824384,561.8767178315688,716.9966162461874,2.1062913939998102,25358.0,1271,8,growth_rate_summary_gene_knockout_102trails_seed100_all.csv,100,G6701,TU0-41760[c],KO
gene_knockout_3_round_test,22,KO: G6237,0.0002276191514745,0.0002265586926946,3.012282611048102e-05,0.0003793514674634,266.5505065331255,632.1149441404207,742.8785545311648,2.371464051454972,24967.0,1253,8,growth_rate_summary_gene_knockout_102trails_seed100_all.csv,100,G6237,TU00373[c],KO
gene_knockout_3_round_test,23,KO: G7836,0.0002453942203104,0.0002433715557785,3.53534721906112e-05,0.0005192445824771,267.15452777094026,771.6947581315501,826.0037063507475,2.888570763034963,23939.0,1200,8,growth_rate_summary_gene_knockout_102trails_seed100_all.csv,100,G7836,TU0-14143[c],KO
gene_knockout_3_round_test,24,KO: EG11736,0.0002214514102781,0.0002221828974416,2.802983387346084e-05,0.0002923491614391,266.9166195619598,648.3816835480436,701.8539390199094,2.429154410137933,25783.0,1292,8,growth_rate_summary_gene_knockout_102trails_seed100_all.csv,100,EG11736,TU0-12838[c],KO
gene_knockout_3_round_test,25,KO: EG12078,0.0002403747396146,0.0002409433151929,2.9805609691825377e-05,0.0003095781665302,266.5643644522503,668.1639772913998,743.8319929526638,2.506576521075412,23841.0,1197,8,growth_rate_summary_gene_knockout_102trails_seed100_all.csv,100,EG12078,TU0-14783[c],KO
gene_knockout_3_round_test,26,KO: EG11663,0.0002482081076086,0.000247781622325,3.750459521527256e-05,0.0005985689175807,266.8242799340745,728.2134005857299,754.881783992058,2.7291871667962635,23445.0,1175,8,growth_rate_summary_gene_knockout_102trails_seed100_all.csv,100,EG11663,TU0-13917[c],KO
gene_knockout_3_round_test,27,KO: EG10188,0.0002266083412881,0.0002228494158502,3.2758976079454743e-05,0.0003544528438471,266.5938010004786,741.8222008366752,741.8222008366752,2.7825935863952944,25764.0,1291,8,growth_rate_summary_gene_knockout_102trails_seed100_all.csv,100,EG10188,TU0-0[c],KO
gene_knockout_3_round_test,28,KO: EG10808,0.0001011771104163,0.0001320915409207,5.450846930280658e-05,0.0001571910099395,266.91148185100747,334.23444614946993,334.23444614946993,1.2522295550254476,2220.0,112,8,growth_rate_summary_gene_knockout_102trails_seed100_all.csv,100,EG10808,TU00334[c],KO
gene_knockout_3_round_test,29,KO: EG10052,0.000220655177505,0.0002169819296515,3.079355442817921e-05,0.0003188064222512,266.2986146890896,616.351179116798,736.3869813110473,2.3145113985531003,25620.0,1285,8,growth_rate_summary_gene_knockout_102trails_seed100_all.csv,100,EG10052,TU00214[c],KO
gene_knockout_3_round_test,30,KO: EG10027,0.0002512492781014,0.000254746906241,2.880933074817496e-05,0.0003044224124358,266.784481837213,698.0028320160936,766.5850798727195,2.616354696529921,22970.0,1152,8,growth_rate_summary_gene_knockout_102trails_seed100_all.csv,100,EG10027,TU0-8301[c],KO
gene_knockout_3_round_test,31,KO: EG12424,0.0002152256989833,0.0002144735300154,6.455672074838723e-05,0.0023286372858607,266.7829100206535,643.1560286408753,690.5550341527496,2.410784216241903,26504.0,1329,8,growth_rate_summary_gene_knockout_102trails_seed100_all.csv,100,EG12424,TU0-4201[c],KO
gene_knockout_3_round_test,32,KO: EG11112,0.000221957520823,0.0002248966289287,3.4063737334419014e-05,0.0003272641690706,266.9035046663523,636.447784723071,741.6548259317103,2.3845613624245,25515.0,1281,8,growth_rate_summary_gene_knockout_102trails_seed100_all.csv,100,EG11112,TU0-13077[c],KO
gene_knockout_3_round_test,33,KO: G6397,0.000235144985166,0.0002343057107531,3.254503897924329e-05,0.0006357027151084,266.8283645384721,661.2588724650104,768.644146652269,2.478218062044405,24334.0,1220,8,growth_rate_summary_gene_knockout_102trails_seed100_all.csv,100,G6397,TU0-8101[c],KO
gene_knockout_3_round_test,34,KO: EG10073,5.377046202662639e-05,4.97617342774239e-05,2.065814137019049e-05,0.000257077393809,266.8353074696132,308.2689233881772,383.8875984159296,1.1552778615074484,15644.0,784,8,growth_rate_summary_gene_knockout_102trails_seed100_all.csv,100,EG10073,TU00357[c],KO
gene_knockout_3_round_test,35,KO: EG10137,0.0002142316868813,0.0002071773141598,4.063728948407114e-05,0.0006806323631102,266.4098391749764,647.7051161871179,759.3083429619528,2.4312357163419525,26580.0,1333,8,growth_rate_summary_gene_knockout_102trails_seed100_all.csv,100,EG10137,TU841[c],KO
gene_knockout_3_round_test,36,KO: EG10361,0.0002296799814051,0.0002270626857325,3.105432221886368e-05,0.0005977774048418,266.9558629753335,659.6598936541113,739.1455531808563,2.471044787336487,24724.0,1240,8,growth_rate_summary_gene_knockout_102trails_seed100_all.csv,100,EG10361,TU0-1921[c],KO
gene_knockout_3_round_test,37,KO: EG10928,0.0002183399564966,0.0002121870484456,4.6898090164287234e-05,0.0005816571624234,267.1087603840815,665.1041076657198,730.7407921043707,2.4900123332134525,26240.0,1314,8,growth_rate_summary_gene_knockout_102trails_seed100_all.csv,100,EG10928,TU0-3426[c],KO
gene_knockout_3_round_test,38,KO: EG10036,0.0002352819341259,0.000234195613511,3.6771368043889416e-05,0.0003836009793256,266.5073409974716,727.0610153763455,821.6288088598706,2.7281087742466474,24636.0,1236,8,growth_rate_summary_gene_knockout_102trails_seed100_all.csv,100,EG10036,TU0-13210[c],KO
gene_knockout_3_round_test,39,KO: EG10774,8.275621671053577e-06,7.76933589220674e-06,5.302605567998892e-06,8.323329354757441e-05,267.1973773941179,291.58447403519835,291.58447403519835,1.091269970083237,10800.0,541,8,growth_rate_summary_gene_knockout_102trails_seed100_all.csv,100,EG10774,TU0-8323[c],KO
gene_knockout_3_round_test,40,KO: EG10118,0.0001970387835563,0.0001951988535482,3.238508634528456e-05,0.0003092378988383,266.8750007957772,562.0201584099291,688.3249453434767,2.105930329682727,28281.0,1419,8,growth_rate_summary_gene_knockout_102trails_seed100_all.csv,100,EG10118,TU00117[c],KO
gene_knockout_3_round_test,41,KO: EG11221,0.0002056503067971,0.0002030227447998,0.0001074411916302,0.0040241708121633,267.0859494551671,566.9423409849624,688.6994951573727,2.1226962411968024,27300.0,1368,8,growth_rate_summary_gene_knockout_102trails_seed100_all.csv,100,EG11221,TU00209[c],KO
gene_knockout_3_round_test,42,KO: EG12713,0.0002203390164523,0.0002155102982692,3.700703997722401e-05,0.0005938262066808,266.43382380854405,620.9885500010153,749.966592333343,2.330742175014722,25509.0,1279,8,growth_rate_summary_gene_knockout_102trails_seed100_all.csv,100,EG12713,TU0-13284[c],KO
gene_knockout_3_round_test,43,KO: EG10095,0.0002409848602836,0.0002432295273771,3.502963173725321e-05,0.0003224631668255,267.1161139091329,700.0431162581806,771.6381672751602,2.620744611821959,23990.0,1202,8,growth_rate_summary_gene_knockout_102trails_seed100_all.csv,100,EG10095,TU0-6021[c],KO
gene_knockout_3_round_test,44,KO: G6775,0.0002340603907042,0.0002297430549304,5.251847854057829e-05,0.0006008638361418,266.6010889397312,622.8581062860758,802.3732433350528,2.336292431374432,24229.0,1216,8,growth_rate_summary_gene_knockout_102trails_seed100_all.csv,100,G6775,TU0-13286[c],KO
gene_knockout_3_round_test,45,KO: EG10759,0.0002223984360673,0.0002207441268663,3.328518738627701e-05,0.0003904915647993,266.77793860193844,666.6271220883641,756.0272626230158,2.498809030393791,25714.0,1290,8,growth_rate_summary_gene_knockout_102trails_seed100_all.csv,100,EG10759,TU00162[c],KO
gene_knockout_3_round_test,46,KO: EG10791,0.0001350344497831,0.0001451991905949,3.949527325447845e-05,0.0001608980486859,266.4696192426296,275.225272320061,275.225272320061,1.0328579787156114,240.0,13,8,growth_rate_summary_gene_knockout_102trails_seed100_all.csv,100,EG10791,TU00055[c],KO
gene_knockout_3_round_test,47,KO: G7859,0.0002251004194451,0.0002279503979382,2.883952520534359e-05,0.000340185277234,266.7105826580714,674.0913879380935,728.0989546269607,2.5274264756201776,25544.0,1280,8,growth_rate_summary_gene_knockout_102trails_seed100_all.csv,100,G7859,TU0-5162[c],KO
gene_knockout_3_round_test,48,KO: EG11692,0.0002287626507988,0.0002304082612846,4.150161652089532e-05,0.0005999554644557,266.44606010644145,586.403180774234,750.6411566188362,2.200832620831301,24498.0,1230,8,growth_rate_summary_gene_knockout_102trails_seed100_all.csv,100,EG11692,TU0-8765[c],KO
gene_knockout_3_round_test,49,KO: EG10100,0.0002407259013297,0.0002410158329858,3.1082607452884785e-05,0.0003465963143527,266.49629237352303,717.9346821926392,768.3664661290027,2.693976249344501,24094.0,1209,8,growth_rate_summary_gene_knockout_102trails_seed100_all.csv,100,EG10100,TU0-6635[c],KO
gene_knockout_3_round_test,50,KO: EG11699,0.0002359073467278,0.0002344269149929,3.544605025135654e-05,0.0005220881945372,266.023279417504,701.1364760501299,832.7311631020593,2.6356207531362235,24390.0,1225,8,growth_rate_summary_gene_knockout_102trails_seed100_all.csv,100,EG11699,TU0-14819[c],KO
gene_knockout_leftover,0,baseline,0.0002259111238053,0.0002487870116662,9.937120004132036e-05,0.0005817048448913,266.47876033764305,702.3194222760781,812.9487418103738,2.635554974010691,22368.0,60,8,growth_rate_summary_gene_knockout_leftover_seed100_all.csv,100,baseline,baseline,baseline
gene_knockout_leftover,1,KO: EG10016,0.0002048764872594,0.0002329379174632,8.205235512734185e-05,0.000294515948096,266.4973226649256,569.3173502833165,762.2129838211815,2.136296697431121,23715.0,64,8,growth_rate_summary_gene_knockout_leftover_seed100_all.csv,100,EG10016,EG10016_RNA[c],KO
gene_knockout_leftover,2,KO: G6941,0.0001919646385696,0.0002130269760212,7.314503575074022e-05,0.0002650017929477,266.4802405910005,594.309402886654,717.7170373232457,2.2302194022663486,25775.0,70,8,growth_rate_summary_gene_knockout_leftover_seed100_all.csv,100,G6941,TU0-1002[c],KO
gene_knockout_leftover,3,KO: G6943,0.0001919646385696,0.0002130269760212,7.314503575074022e-05,0.0002650017929477,266.4802405910005,594.309402886654,717.7170373232457,2.2302194022663486,25775.0,70,8,growth_rate_summary_gene_knockout_leftover_seed100_all.csv,100,G6943,TU0-1002[c],KO
gene_knockout_p_list,0,baseline,0.0002565129018164,0.0002533000406866,4.053549047031308e-05,0.000598610764893,266.47876033764305,716.6396074463389,812.9487418103738,2.689293535208276,22448.0,1127,8,growth_rate_summary_gene_knockout_102trails_seed100_all.csv,100,baseline,baseline,baseline
gene_knockout_p_list,1,KO: EG10196,0.0004292416592511,0.0001150748961942,0.0005426161791384,0.0030052573253729,266.913625330641,11247.885470775058,11247.885470775058,42.14054436839508,10312.0,517,8,growth_rate_summary_gene_knockout_102trails_seed100_all.csv,100,EG10196,TU0-8477[c],KO
gene_knockout_p_list,2,KO: EG10707,4.988829280611897e-05,4.6538017585104096e-05,2.0158669463802048e-05,0.0002302133776734,266.4839135845705,293.4928781351932,380.5014331449737,1.1013530767666817,15734.0,788,8,growth_rate_summary_gene_knockout_102trails_seed100_all.csv,100,EG10707,TU0-6653[c],KO
gene_knockout_p_list,3,KO: EG10864,0.0,0.0,0.0,0.0,265.80036478015506,265.80036478015506,265.80036478015506,1.0,0.0,1,8,growth_rate_summary_gene_knockout_102trails_seed100_all.csv,100,EG10864,TU0-6512[c],KO
gene_knockout_p_list,4,KO: EG10865,0.0,0.0,0.0,0.0,265.98641659299574,265.98641659299574,265.98641659299574,1.0,0.0,1,8,growth_rate_summary_gene_knockout_102trails_seed100_all.csv,100,EG10865,TU00347[c],KO
gene_knockout_p_list,5,KO: EG10866,0.0,0.0,0.0,0.0,265.98641659299574,265.98641659299574,265.98641659299574,1.0,0.0,1,8,growth_rate_summary_gene_knockout_102trails_seed100_all.csv,100,EG10866,TU00347[c],KO
gene_knockout_p_list,6,KO: EG10867,0.0,0.0,0.0,0.0,265.98641659299574,265.98641659299574,265.98641659299574,1.0,0.0,1,8,growth_rate_summary_gene_knockout_102trails_seed100_all.csv,100,EG10867,TU00347[c],KO
gene_knockout_p_list,7,KO: EG10868,0.0,0.0,0.0,0.0,266.5862149393299,266.5862149393299,266.5862149393299,1.0,0.0,1,8,growth_rate_summary_gene_knockout_102trails_seed100_all.csv,100,EG10868,TU00337[c],KO
gene_knockout_p_list,8,KO: EG10869,0.0,0.0,0.0,0.0,266.5862149393299,266.5862149393299,266.5862149393299,1.0,0.0,1,8,growth_rate_summary_gene_knockout_102trails_seed100_all.csv,100,EG10869,TU00337[c],KO
gene_knockout_p_list,9,KO: EG10870,0.0,0.0,0.0,0.0,266.0511100428147,266.0511100428147,266.0511100428147,1.0,0.0,1,8,growth_rate_summary_gene_knockout_102trails_seed100_all.csv,100,EG10870,TU00346[c],KO
gene_knockout_p_list,10,KO: EG10872,0.0,0.0,0.0,0.0,265.80036478015506,265.80036478015506,265.80036478015506,1.0,0.0,1,8,growth_rate_summary_gene_knockout_102trails_seed100_all.csv,100,EG10872,TU0-6512[c],KO
gene_knockout_p_list,11,KO: EG10874,0.0,0.0,0.0,0.0,265.74027872779584,265.74027872779584,265.74027872779584,1.0,0.0,1,8,growth_rate_summary_gene_knockout_102trails_seed100_all.csv,100,EG10874,TU00336[c],KO
gene_knockout_p_list,12,KO: EG10875,0.0,0.0,0.0,0.0,266.5862149393299,266.5862149393299,266.5862149393299,1.0,0.0,1,8,growth_rate_summary_gene_knockout_102trails_seed100_all.csv,100,EG10875,TU00337[c],KO
gene_knockout_p_list,13,KO: EG10876,0.0,0.0,0.0,0.0,266.5862149393299,266.5862149393299,266.5862149393299,1.0,0.0,1,8,growth_rate_summary_gene_knockout_102trails_seed100_all.csv,100,EG10876,TU00337[c],KO
gene_knockout_p_list,14,KO: EG10877,0.0,0.0,0.0,0.0,265.98641659299574,265.98641659299574,265.98641659299574,1.0,0.0,1,8,growth_rate_summary_gene_knockout_102trails_seed100_all.csv,100,EG10877,TU00347[c],KO
gene_knockout_p_list,15,KO: EG10879,0.0,0.0,0.0,0.0,266.5862149393299,266.5862149393299,266.5862149393299,1.0,0.0,1,8,growth_rate_summary_gene_knockout_102trails_seed100_all.csv,100,EG10879,TU00337[c],KO
gene_knockout_p_list,16,KO: EG10880,0.0,0.0,0.0,0.0,266.049864155774,266.049864155774,266.049864155774,1.0,0.0,1,8,growth_rate_summary_gene_knockout_102trails_seed100_all.csv,100,EG10880,TU00351[c],KO
gene_knockout_p_list,17,KO: EG10881,0.0,0.0,0.0,0.0,266.37407528313224,266.37407528313224,266.37407528313224,1.0,0.0,1,8,growth_rate_summary_gene_knockout_102trails_seed100_all.csv,100,EG10881,TU0-14255[c],KO
gene_knockout_p_list,18,KO: EG10882,0.0,0.0,0.0,0.0,265.98641659299574,265.98641659299574,265.98641659299574,1.0,0.0,1,8,growth_rate_summary_gene_knockout_102trails_seed100_all.csv,100,EG10882,TU00347[c],KO
gene_knockout_p_list,19,KO: EG10883,0.0,0.0,0.0,0.0,265.98641659299574,265.98641659299574,265.98641659299574,1.0,0.0,1,8,growth_rate_summary_gene_knockout_102trails_seed100_all.csv,100,EG10883,TU00347[c],KO
gene_knockout_p_list,20,KO: EG10884,0.0,0.0,0.0,0.0,266.5862149393299,266.5862149393299,266.5862149393299,1.0,0.0,1,8,growth_rate_summary_gene_knockout_102trails_seed100_all.csv,100,EG10884,TU00337[c],KO
gene_knockout_p_list,21,KO: EG10885,0.0,0.0,0.0,0.0,266.07583613761585,266.07583613761585,266.07583613761585,1.0,0.0,1,8,growth_rate_summary_gene_knockout_102trails_seed100_all.csv,100,EG10885,TU0-13557[c],KO
gene_knockout_p_list,22,KO: EG10886,0.0,0.0,0.0,0.0,266.1190223902121,266.1190223902121,266.1190223902121,1.0,0.0,1,8,growth_rate_summary_gene_knockout_102trails_seed100_all.csv,100,EG10886,TU0-5522[c],KO
gene_knockout_p_list,23,KO: EG10887,0.0,0.0,0.0,0.0,265.98641659299574,265.98641659299574,265.98641659299574,1.0,0.0,1,8,growth_rate_summary_gene_knockout_102trails_seed100_all.csv,100,EG10887,TU00347[c],KO
gene_knockout_p_list,24,KO: EG10888,0.0,0.0,0.0,0.0,266.5862149393299,266.5862149393299,266.5862149393299,1.0,0.0,1,8,growth_rate_summary_gene_knockout_102trails_seed100_all.csv,100,EG10888,TU00337[c],KO
gene_knockout_p_list,25,KO: EG10889,0.0,0.0,0.0,0.0,266.40540272192027,266.40540272192027,266.40540272192027,1.0,0.0,1,8,growth_rate_summary_gene_knockout_102trails_seed100_all.csv,100,EG10889,TU0-45156[c],KO
gene_knockout_p_list,26,KO: EG10890,0.0,0.0,0.0,0.0,266.4256467524083,266.4256467524083,266.4256467524083,1.0,0.0,1,8,growth_rate_summary_gene_knockout_102trails_seed100_all.csv,100,EG10890,TU0-1[c],KO
gene_knockout_p_list,27,KO: EG10891,0.0,0.0,0.0,0.0,266.1190223902121,266.1190223902121,266.1190223902121,1.0,0.0,1,8,growth_rate_summary_gene_knockout_102trails_seed100_all.csv,100,EG10891,TU0-5522[c],KO
gene_knockout_p_list,28,KO: EG10892,0.0,0.0,0.0,0.0,265.9813516200492,265.9813516200492,265.9813516200492,1.0,0.0,1,8,growth_rate_summary_gene_knockout_102trails_seed100_all.csv,100,EG10892,TU00340[c],KO
gene_knockout_p_list,29,KO: EG10900,0.0,0.0,0.0,0.0,266.005576642322,266.005576642322,266.005576642322,1.0,0.0,1,8,growth_rate_summary_gene_knockout_102trails_seed100_all.csv,100,EG10900,TU361[c],KO
gene_knockout_p_list,30,KO: EG10901,0.0,0.0,0.0,0.0,266.0033496167897,266.0033496167897,266.0033496167897,1.0,0.0,1,8,growth_rate_summary_gene_knockout_102trails_seed100_all.csv,100,EG10901,EG10901_RNA[c],KO
gene_knockout_p_list,31,KO: EG10902,0.0,0.0,0.0,0.0,265.98641659299574,265.98641659299574,265.98641659299574,1.0,0.0,1,8,growth_rate_summary_gene_knockout_102trails_seed100_all.csv,100,EG10902,TU00347[c],KO
gene_knockout_p_list,32,KO: EG10904,0.0,0.0,0.0,0.0,266.5862149393299,266.5862149393299,266.5862149393299,1.0,0.0,1,8,growth_rate_summary_gene_knockout_102trails_seed100_all.csv,100,EG10904,TU00337[c],KO
gene_knockout_p_list,33,KO: EG10905,0.0,0.0,0.0,0.0,266.0511100428147,266.0511100428147,266.0511100428147,1.0,0.0,1,8,growth_rate_summary_gene_knockout_102trails_seed100_all.csv,100,EG10905,TU00346[c],KO
gene_knockout_p_list,34,KO: EG10906,0.0,0.0,0.0,0.0,266.35249534732543,266.35249534732543,266.35249534732543,1.0,0.0,1,8,growth_rate_summary_gene_knockout_102trails_seed100_all.csv,100,EG10906,TU00348[c],KO
gene_knockout_p_list,35,KO: EG10907,0.0,0.0,0.0,0.0,266.5862149393299,266.5862149393299,266.5862149393299,1.0,0.0,1,8,growth_rate_summary_gene_knockout_102trails_seed100_all.csv,100,EG10907,TU00337[c],KO
gene_knockout_p_list,36,KO: EG10908,0.0,0.0,0.0,0.0,265.60265886672664,265.60265886672664,265.60265886672664,1.0,0.0,1,8,growth_rate_summary_gene_knockout_102trails_seed100_all.csv,100,EG10908,TU0-42202[c],KO
gene_knockout_p_list,37,KO: EG10909,0.0,0.0,0.0,0.0,265.98641659299574,265.98641659299574,265.98641659299574,1.0,0.0,1,8,growth_rate_summary_gene_knockout_102trails_seed100_all.csv,100,EG10909,TU00347[c],KO
gene_knockout_p_list,38,KO: EG10911,0.0,0.0,0.0,0.0,266.35249534732543,266.35249534732543,266.35249534732543,1.0,0.0,1,8,growth_rate_summary_gene_knockout_102trails_seed100_all.csv,100,EG10911,TU00348[c],KO
gene_knockout_p_list,39,KO: EG10913,0.0,0.0,0.0,0.0,266.5862149393299,266.5862149393299,266.5862149393299,1.0,0.0,1,8,growth_rate_summary_gene_knockout_102trails_seed100_all.csv,100,EG10913,TU00337[c],KO
gene_knockout_p_list,40,KO: EG10914,0.0,0.0,0.0,0.0,266.7302958382875,266.7302958382875,266.7302958382875,1.0,0.0,1,8,growth_rate_summary_gene_knockout_102trails_seed100_all.csv,100,EG10914,TU0-6660[c],KO
gene_knockout_p_list,41,KO: EG10915,0.0,0.0,0.0,0.0,266.049864155774,266.049864155774,266.049864155774,1.0,0.0,1,8,growth_rate_summary_gene_knockout_102trails_seed100_all.csv,100,EG10915,TU00351[c],KO
gene_knockout_p_list,42,KO: EG10916,0.0,0.0,0.0,0.0,265.98641659299574,265.98641659299574,265.98641659299574,1.0,0.0,1,8,growth_rate_summary_gene_knockout_102trails_seed100_all.csv,100,EG10916,TU00347[c],KO
gene_knockout_p_list,43,KO: EG10917,0.0,0.0,0.0,0.0,266.0511100428147,266.0511100428147,266.0511100428147,1.0,0.0,1,8,growth_rate_summary_gene_knockout_102trails_seed100_all.csv,100,EG10917,TU00346[c],KO
gene_knockout_p_list,44,KO: EG10918,0.0,0.0,0.0,0.0,265.98641659299574,265.98641659299574,265.98641659299574,1.0,0.0,1,8,growth_rate_summary_gene_knockout_102trails_seed100_all.csv,100,EG10918,TU00347[c],KO
gene_knockout_p_list,45,KO: EG10919,0.0,0.0,0.0,0.0,266.0596710128356,266.0596710128356,266.0596710128356,1.0,0.0,1,8,growth_rate_summary_gene_knockout_102trails_seed100_all.csv,100,EG10919,TU0-7842[c],KO
gene_knockout_p_list,46,KO: EG10920,0.0,0.0,0.0,0.0,265.9907069670634,265.9907069670634,265.9907069670634,1.0,0.0,1,8,growth_rate_summary_gene_knockout_102trails_seed100_all.csv,100,EG10920,TU00352[c],KO
gene_knockout_p_list,47,KO: EG11024,5.462390534273542e-05,4.874816422410292e-05,1.993763416256381e-05,0.0002409776512905,266.4797700426634,314.30878900055654,385.7367013744728,1.179484615099434,15642.0,784,8,growth_rate_summary_gene_knockout_102trails_seed100_all.csv,100,EG11024,TU00067[c],KO
gene_knockout_p_list,48,KO: EG11026,5.462390534273542e-05,4.874816422410292e-05,1.993763416256381e-05,0.0002409776512905,266.4797700426634,314.30878900055654,385.7367013744728,1.179484615099434,15642.0,784,8,growth_rate_summary_gene_knockout_102trails_seed100_all.csv,100,EG11026,TU00067[c],KO
gene_knockout_p_list,49,KO: EG11231,0.0,0.0,0.0,0.0,266.4408201609257,266.4408201609257,266.4408201609257,1.0,0.0,1,8,growth_rate_summary_gene_knockout_102trails_seed100_all.csv,100,EG11231,TU0-14255[c],KO
gene_knockout_p_list,50,KO: EG11232,0.0,0.0,0.0,0.0,266.09685658337526,266.09685658337526,266.09685658337526,1.0,0.0,1,8,growth_rate_summary_gene_knockout_102trails_seed100_all.csv,100,EG11232,TU00337[c],KO
gene_knockout_p_list,51,KO: EG50001,0.0,0.0,0.0,0.0,266.43763698811483,266.43763698811483,266.43763698811483,1.0,0.0,1,8,growth_rate_summary_gene_knockout_102trails_seed100_all.csv,100,EG50001,TU0-42628[c],KO
gene_knockout_p_list,52,KO: EG50002,0.0,0.0,0.0,0.0,266.43763698811483,266.43763698811483,266.43763698811483,1.0,0.0,1,8,growth_rate_summary_gene_knockout_102trails_seed100_all.csv,100,EG50002,TU0-42628[c],KO
gene_knockout_3_round_test,0,baseline,0.0002231472603862,0.0002245177134704,2.6651696464351983e-05,0.0002780138991443,410.10247695664816,685.3911950179206,700.763040457229,1.6712681184083,23864.0,1196,8,growth_rate_summary_gene_knockout_102trails_seed101_all.csv,101,baseline,baseline,baseline
gene_knockout_3_round_test,1,KO: EG10109,0.0002355338689299,0.0002371969033934,2.92336915112358e-05,0.0003254389482338,411.1753293810956,682.1435801709936,735.1935260792939,1.6590090198207212,22546.0,1132,8,growth_rate_summary_gene_knockout_102trails_seed101_all.csv,101,EG10109,TU00115[c],KO
gene_knockout_3_round_test,2,KO: EG11288,0.0002336347712173,0.0002317663890174,4.746195014544853e-05,0.0006020873026479,409.4315926716083,650.4300776897333,728.9059659481923,1.588617217947375,22672.0,1137,8,growth_rate_summary_gene_knockout_102trails_seed101_all.csv,101,EG11288,TU0-8828[c],KO
gene_knockout_3_round_test,3,KO: EG10539,0.0002466709640712,0.0002441379791934,2.9540752958757307e-05,0.0003192316037755,411.2156693321263,671.8817688452402,792.4829771645877,1.633891456365156,21473.0,1077,8,growth_rate_summary_gene_knockout_102trails_seed101_all.csv,101,EG10539,TU00183[c],KO
gene_knockout_3_round_test,4,KO: EG12087,0.0002368859403637,0.0002442847864065,4.560166158819832e-05,0.0005863343825136,409.9325936017729,619.7070788137955,766.4757855353191,1.5117292171595589,21990.0,1103,8,growth_rate_summary_gene_knockout_102trails_seed101_all.csv,101,EG12087,TU0-198746[c],KO
gene_knockout_3_round_test,5,KO: G6561,0.00022057405732,0.0002223583284764,2.9844140316806027e-05,0.0002939750088057,411.1237991893997,652.9674959964207,689.4451741217922,1.5882502965867138,23813.0,1196,8,growth_rate_summary_gene_knockout_102trails_seed101_all.csv,101,G6561,TU0-13132[c],KO
gene_knockout_3_round_test,6,KO: EG11050,0.0002313172177917,0.0002332741547082,3.19283177793085e-05,0.0002905186670183,410.81073702095614,753.4214855125067,762.9598666256045,1.8339868402078143,23147.0,1161,8,growth_rate_summary_gene_knockout_102trails_seed101_all.csv,101,EG11050,TU0-5981[c],KO
gene_knockout_3_round_test,7,KO: EG10582,0.0002143812162315,0.0002137852112845,2.8180731707028427e-05,0.0002848739180974,409.96462064135005,666.3650965602355,709.9405355224628,1.6254209827125368,24676.0,1238,8,growth_rate_summary_gene_knockout_102trails_seed101_all.csv,101,EG10582,TU0-3741[c],KO
gene_knockout_3_round_test,8,KO: EG20248,0.0002117996270989,0.0002115493759832,3.398307331796503e-05,0.0005703808277332,410.03049795051095,612.3772073974787,679.0287461262978,1.4934918511144266,24655.0,1237,8,growth_rate_summary_gene_knockout_102trails_seed101_all.csv,101,EG20248,TU101[c],KO
gene_knockout_3_round_test,9,KO: EG12712,0.0002419752748134,0.0002419234472143,3.038392986396277e-05,0.0003053686660045,410.9526649255073,652.5154036496945,779.9258467708626,1.5878115883929718,21747.0,1091,8,growth_rate_summary_gene_knockout_102trails_seed101_all.csv,101,EG12712,TU0-36414[c],KO
gene_knockout_3_round_test,10,KO: EG10420,2.1594544543409696e-05,6.15092035661938e-06,4.208547878818263e-05,0.0001806682042193,411.157629014248,518.7145849336275,518.7145849336275,1.2615954279560562,10800.0,541,8,growth_rate_summary_gene_knockout_102trails_seed101_all.csv,101,EG10420,TU00205[c],KO
gene_knockout_3_round_test,11,KO: EG10120,0.0002282915118036,0.0002272183777189,5.667506474027861e-05,0.0017947436910521,410.3700667419967,647.7050136048583,728.1737118796771,1.578343709976479,23274.0,1167,8,growth_rate_summary_gene_knockout_102trails_seed101_all.csv,101,EG10120,TU00117[c],KO
gene_knockout_3_round_test,12,KO: EG11029,0.0002273028969486,0.0002303312739506,3.712177142785817e-05,0.0007583954668874,409.4839555217836,588.948820840596,756.9258979980928,1.438270811099619,22733.0,1140,8,growth_rate_summary_gene_knockout_102trails_seed101_all.csv,101,EG11029,TU00220[c],KO
gene_knockout_3_round_test,13,KO: EG12293,0.0002434205279121,0.0002417889302863,3.730554909261682e-05,0.000348541926278,410.3823121875221,660.9048581080845,778.0484577077079,1.6104613636615202,21792.0,1094,8,growth_rate_summary_gene_knockout_102trails_seed101_all.csv,101,EG12293,TU0-13987[c],KO
gene_knockout_3_round_test,14,KO: EG10549,5.091957750166588e-05,4.190370203690624e-05,2.0409934103769883e-05,0.000205059474085,410.1476791218941,277.3988705827677,493.8258503518207,0.6763389986179247,19009.0,952,8,growth_rate_summary_gene_knockout_102trails_seed101_all.csv,101,EG10549,TU00185[c],KO
gene_knockout_3_round_test,15,KO: EG10099,0.0002309858064282,0.0002306382365857,3.364606696510816e-05,0.0003596970690772,410.8296464324385,640.4569535424157,757.1865418629316,1.5589355809738032,22827.0,1145,8,growth_rate_summary_gene_knockout_102trails_seed101_all.csv,101,EG10099,TU0-6635[c],KO
gene_knockout_3_round_test,16,KO: EG10105,0.0002309858064282,0.0002306382365857,3.364606696510816e-05,0.0003596970690772,410.8296464324385,640.4569535424157,757.1865418629316,1.5589355809738032,22827.0,1145,8,growth_rate_summary_gene_knockout_102trails_seed101_all.csv,101,EG10105,TU0-6635[c],KO
gene_knockout_3_round_test,17,KO: G6842,0.0002278972882117,0.0002287006688145,2.6345267992403116e-05,0.000304033919013,410.0719218615359,684.0912639338057,717.1530095855253,1.6682226396490387,23309.0,1170,8,growth_rate_summary_gene_knockout_102trails_seed101_all.csv,101,G6842,TU0-13335[c],KO
gene_knockout_3_round_test,18,KO: EG10182,0.0002281833256763,0.0002267965959325,2.9098115947534056e-05,0.0003467834885498,411.0914766953342,656.3493164174911,735.261331525368,1.596601616977627,23137.0,1162,8,growth_rate_summary_gene_knockout_102trails_seed101_all.csv,101,EG10182,TU00101[c],KO
gene_knockout_3_round_test,19,KO: EG12075,0.0002160999896004,0.0002122604407412,3.968904403661396e-05,0.0003303087515346,410.4500065378479,562.6678948434512,752.6804471470768,1.3708560991131746,23774.0,1192,8,growth_rate_summary_gene_knockout_102trails_seed101_all.csv,101,EG12075,TU0-14783[c],KO
gene_knockout_3_round_test,20,KO: EG11040,0.0001997356616722,0.0001996139512697,2.9538250909016736e-05,0.0003115730809924,410.179428728828,587.4191001851759,696.1388691367572,1.4321027800092871,25872.0,1296,8,growth_rate_summary_gene_knockout_102trails_seed101_all.csv,101,EG11040,TU00087[c],KO
gene_knockout_3_round_test,21,KO: G6701,0.0002414624182119,0.0002422709666662,3.328141345795092e-05,0.0003464575402395,410.4963300136276,634.4365512678651,761.2340581172268,1.5455352578835555,21787.0,1092,8,growth_rate_summary_gene_knockout_102trails_seed101_all.csv,101,G6701,TU0-41760[c],KO
gene_knockout_3_round_test,22,KO: G6237,0.0002250244949232,0.0002252494073185,2.9080832167015892e-05,0.0003100781673318,411.1463828253677,657.8069209226717,719.4138415506309,1.5999336207271748,23427.0,1176,8,growth_rate_summary_gene_knockout_102trails_seed101_all.csv,101,G6237,TU00373[c],KO
gene_knockout_3_round_test,23,KO: G7836,0.0001994064405724,0.0002013532598312,2.9211128540474307e-05,0.0002738696056553,410.07720233721,597.9921069345828,670.2100272924113,1.4582427492344447,26091.0,1309,8,growth_rate_summary_gene_knockout_102trails_seed101_all.csv,101,G7836,TU0-14143[c],KO
gene_knockout_3_round_test,24,KO: EG11736,0.0002339695183747,0.0002346620888934,3.13413253129574e-05,0.0005912938263383,410.2928800205276,687.5359656824669,717.6278454549688,1.6757199531419322,22804.0,1144,8,growth_rate_summary_gene_knockout_102trails_seed101_all.csv,101,EG11736,TU0-12838[c],KO
gene_knockout_3_round_test,25,KO: EG12078,0.0002160999896004,0.0002122604407412,3.968904403661396e-05,0.0003303087515346,410.4500065378479,562.6678948434512,752.6804471470768,1.3708560991131746,23774.0,1192,8,growth_rate_summary_gene_knockout_102trails_seed101_all.csv,101,EG12078,TU0-14783[c],KO
gene_knockout_3_round_test,26,KO: EG11663,0.0002311591598715,0.0002255861626807,0.0002035893969462,0.0069936586794798,410.0137840167971,597.9408396612255,736.4725249490616,1.458343263007786,22602.0,1134,8,growth_rate_summary_gene_knockout_102trails_seed101_all.csv,101,EG11663,TU0-13917[c],KO
gene_knockout_3_round_test,27,KO: EG10188,0.0002373363347573,0.0002345975358571,2.881734762277008e-05,0.0003378599706159,410.9599463432455,674.1846895602721,762.8084362216734,1.6405119174246088,22217.0,1115,8,growth_rate_summary_gene_knockout_102trails_seed101_all.csv,101,EG10188,TU0-0[c],KO
gene_knockout_3_round_test,28,KO: EG10808,2.933810070737135e-05,3.765559758591922e-07,5.151343094502776e-05,0.0005451587713685,410.1106618381366,297.94987289625726,530.833517609218,0.7265109167384992,13037.0,653,8,growth_rate_summary_gene_knockout_102trails_seed101_all.csv,101,EG10808,TU00334[c],KO
gene_knockout_3_round_test,29,KO: EG10052,0.0002210697559307,0.0002194162259336,3.034511011500924e-05,0.0005412713524178,410.6365485835289,590.7166352151423,737.047985593304,1.438538866676118,23507.0,1179,8,growth_rate_summary_gene_knockout_102trails_seed101_all.csv,101,EG10052,TU00214[c],KO
gene_knockout_3_round_test,30,KO: EG10027,0.0001984748062072,0.0001921405928195,3.415851558154457e-05,0.0003109806138434,410.4213661748795,576.3197937347829,726.963556737325,1.4042148904333955,25896.0,1298,8,growth_rate_summary_gene_knockout_102trails_seed101_all.csv,101,EG10027,TU0-8301[c],KO
gene_knockout_3_round_test,31,KO: EG12424,0.0002087728578068,0.0002063346434479,3.532185096770108e-05,0.0005131408826513,411.20560304706805,564.8954687329092,707.8322589522745,1.373754308178163,24507.0,1229,8,growth_rate_summary_gene_knockout_102trails_seed101_all.csv,101,EG12424,TU0-4201[c],KO
gene_knockout_3_round_test,32,KO: EG11112,0.0002190609451599,0.0002155174982701,4.128627209244446e-05,0.0005822120030967,410.1087189120056,594.7027609116913,719.3237550347196,1.4501100159231015,23689.0,1188,8,growth_rate_summary_gene_knockout_102trails_seed101_all.csv,101,EG11112,TU0-13077[c],KO
gene_knockout_3_round_test,33,KO: G6397,0.0002437888490048,0.0002453292568679,3.951357653575609e-05,0.0005902940282758,411.1206369789503,674.4039670171858,765.5007833584782,1.640404072081927,21619.0,1083,8,growth_rate_summary_gene_knockout_102trails_seed101_all.csv,101,G6397,TU0-8101[c],KO
gene_knockout_3_round_test,34,KO: EG10073,5.0437411647879024e-05,4.180944468549004e-05,1.951935044513925e-05,0.0002423051983277,410.2856737015263,272.40449524612586,490.7938678646976,0.6639385986562476,19293.0,966,8,growth_rate_summary_gene_knockout_102trails_seed101_all.csv,101,EG10073,TU00357[c],KO
gene_knockout_3_round_test,35,KO: EG10137,0.0002308759466431,0.0002333211031389,2.826010816706736e-05,0.0003129622258443,410.0416793997076,658.8272277857322,722.0881080311337,1.6067323418200838,22881.0,1148,8,growth_rate_summary_gene_knockout_102trails_seed101_all.csv,101,EG10137,TU841[c],KO
gene_knockout_3_round_test,36,KO: EG10361,0.0002362867590595,0.0002302263255524,3.615910405364166e-05,0.000597319031048,411.2356109513536,774.394230126388,781.3871974800968,1.8830913702607184,23006.0,1154,8,growth_rate_summary_gene_knockout_102trails_seed101_all.csv,101,EG10361,TU0-1921[c],KO
gene_knockout_3_round_test,37,KO: EG10928,0.0002124812037552,0.0002151462549977,3.0703238644729704e-05,0.000281366215562,410.4580948102033,583.5129814912964,692.2329310047282,1.4216140182619958,24318.0,1219,8,growth_rate_summary_gene_knockout_102trails_seed101_all.csv,101,EG10928,TU0-3426[c],KO
gene_knockout_3_round_test,38,KO: EG10036,0.0002523511919919,0.000223617594856,0.0008739838901026,0.0304364853846026,410.0633860053029,771.3494423980553,771.3494423980553,1.8810492931648384,23868.0,1196,8,growth_rate_summary_gene_knockout_102trails_seed101_all.csv,101,EG10036,TU0-13210[c],KO
gene_knockout_3_round_test,39,KO: EG10774,4.297444470411121e-06,3.573261124889364e-06,5.457881433413305e-06,8.455317821394615e-05,409.9482868989014,216.17592909370157,417.59730871565387,0.5273248748738236,13037.0,653,8,growth_rate_summary_gene_knockout_102trails_seed101_all.csv,101,EG10774,TU0-8323[c],KO
gene_knockout_3_round_test,40,KO: EG10118,0.0002282915118036,0.0002272183777189,5.667506474027861e-05,0.0017947436910521,410.3700667419967,647.7050136048583,728.1737118796771,1.578343709976479,23274.0,1167,8,growth_rate_summary_gene_knockout_102trails_seed101_all.csv,101,EG10118,TU00117[c],KO
gene_knockout_3_round_test,41,KO: EG11221,0.0002342930723404,0.0002326683675225,3.0021852623155583e-05,0.0002986440732446,411.1272613400637,639.0830406151356,752.8051156683221,1.5544652488673536,22509.0,1130,8,growth_rate_summary_gene_knockout_102trails_seed101_all.csv,101,EG11221,TU00209[c],KO
gene_knockout_3_round_test,42,KO: EG12713,0.0002227401243358,0.0002194382382905,2.804239121184439e-05,0.0003058240903838,409.4297550188047,617.1299066474598,728.3568536457851,1.5072912974268704,23431.0,1174,8,growth_rate_summary_gene_knockout_102trails_seed101_all.csv,101,EG12713,TU0-13284[c],KO
gene_knockout_3_round_test,43,KO: EG10095,0.0002263888919517,0.0002271442403955,4.019895648035294e-05,0.0008385265574677,411.0956599229156,642.0569802802472,732.1647513366042,1.5618189216608105,22944.0,1151,8,growth_rate_summary_gene_knockout_102trails_seed101_all.csv,101,EG10095,TU0-6021[c],KO
gene_knockout_3_round_test,44,KO: G6775,0.0002428577290325,0.0002424355716157,4.539704605848655e-05,0.0005910522405225,410.4806134564944,676.3994276900053,765.2350191084417,1.6478230774270044,21933.0,1100,8,growth_rate_summary_gene_knockout_102trails_seed101_all.csv,101,G6775,TU0-13286[c],KO
gene_knockout_3_round_test,45,KO: EG10759,0.0002442835931499,0.0002439524997211,3.063945339224554e-05,0.0004123099878116,410.0578619884168,678.9707619924109,786.2929130044481,1.6557925720531368,21695.0,1088,8,growth_rate_summary_gene_knockout_102trails_seed101_all.csv,101,EG10759,TU00162[c],KO
gene_knockout_3_round_test,46,KO: EG10791,0.0001338021402284,0.0001465491847995,4.340244584018056e-05,0.0001575698635996,410.04688568551467,421.0279297186119,421.0279297186119,1.0267799717945405,200.0,11,8,growth_rate_summary_gene_knockout_102trails_seed101_all.csv,101,EG10791,TU00055[c],KO
gene_knockout_3_round_test,47,KO: G7859,0.0002304226669702,0.0002326349440105,3.0125819533765737e-05,0.0003348015090308,410.2130985928949,707.6524060817133,715.6785381656848,1.7250848607933025,23245.0,1167,8,growth_rate_summary_gene_knockout_102trails_seed101_all.csv,101,G7859,TU0-5162[c],KO
gene_knockout_3_round_test,48,KO: EG11692,0.0002327713925727,0.0002364538132906,3.369773588559428e-05,0.0003405536703956,409.9440764945738,727.6182554485636,741.0137121760317,1.7749207688775928,23186.0,1164,8,growth_rate_summary_gene_knockout_102trails_seed101_all.csv,101,EG11692,TU0-8765[c],KO
gene_knockout_3_round_test,49,KO: EG10100,0.0002309858064282,0.0002306382365857,3.364606696510816e-05,0.0003596970690772,410.8296464324385,640.4569535424157,757.1865418629316,1.5589355809738032,22827.0,1145,8,growth_rate_summary_gene_knockout_102trails_seed101_all.csv,101,EG10100,TU0-6635[c],KO
gene_knockout_3_round_test,50,KO: EG11699,0.0002329036547397,0.0002268438482525,3.581100356082104e-05,0.0003524665822579,411.0049906465305,604.9462789585857,778.3126640753728,1.471870884114999,22288.0,1119,8,growth_rate_summary_gene_knockout_102trails_seed101_all.csv,101,EG11699,TU0-14819[c],KO
gene_knockout_leftover,0,baseline,0.0002231472603862,0.0002245177134704,2.6651696464351983e-05,0.0002780138991443,410.10247695664816,685.3911950179206,700.763040457229,1.6712681184083,23864.0,1196,8,growth_rate_summary_gene_knockout_leftover_seed101_all.csv,101,baseline,baseline,baseline
gene_knockout_leftover,1,KO: EG10016,0.0002120869275674,0.0002118849169087,3.16965152541938e-05,0.0003002015630505,411.029970304054,566.3701162997556,732.9164599854471,1.3779290008482612,24105.0,1209,8,growth_rate_summary_gene_knockout_leftover_seed101_all.csv,101,EG10016,EG10016_RNA[c],KO
gene_knockout_leftover,2,KO: G6941,0.0002231957489809,0.0002222929698052,3.006025129710592e-05,0.0003043243970631,409.8226799112483,676.9686987805298,734.2462788625983,1.6518575763721397,23928.0,1200,8,growth_rate_summary_gene_knockout_leftover_seed101_all.csv,101,G6941,TU0-1002[c],KO
gene_knockout_leftover,3,KO: G6943,0.0002231957489809,0.0002222929698052,3.006025129710592e-05,0.0003043243970631,409.8226799112483,676.9686987805298,734.2462788625983,1.6518575763721397,23928.0,1200,8,growth_rate_summary_gene_knockout_leftover_seed101_all.csv,101,G6943,TU0-1002[c],KO
gene_knockout_p_list,0,baseline,0.0002231472603862,0.0002245177134704,2.6651696464351983e-05,0.0002780138991443,410.10247695664816,685.3911950179206,700.763040457229,1.6712681184083,23864.0,1196,8,growth_rate_summary_gene_knockout_102trails_seed101_all.csv,101,baseline,baseline,baseline
gene_knockout_p_list,1,KO: EG10196,0.0004315738395605,0.0001425675863951,0.0005474232681805,0.0030762554500715,410.11098901179935,7961.896499915238,7961.896499915238,19.41400428966844,10100.0,507,8,growth_rate_summary_gene_knockout_102trails_seed101_all.csv,101,EG10196,TU0-8477[c],KO
gene_knockout_p_list,2,KO: EG10707,4.652575333603014e-05,3.7463047130470815e-05,1.984326755724953e-05,0.000239015486871,411.0027028713422,254.40647941608563,488.9738872001112,0.6189897965116874,19481.0,976,8,growth_rate_summary_gene_knockout_102trails_seed101_all.csv,101,EG10707,TU0-6653[c],KO
gene_knockout_p_list,3,KO: EG10864,0.0,0.0,0.0,0.0,409.5858674129844,409.5858674129844,409.5858674129844,1.0,0.0,1,8,growth_rate_summary_gene_knockout_102trails_seed101_all.csv,101,EG10864,TU0-6512[c],KO
gene_knockout_p_list,4,KO: EG10865,0.0,0.0,0.0,0.0,410.8779354753992,410.8779354753992,410.8779354753992,1.0,0.0,1,8,growth_rate_summary_gene_knockout_102trails_seed101_all.csv,101,EG10865,TU00347[c],KO
gene_knockout_p_list,5,KO: EG10866,0.0,0.0,0.0,0.0,410.8779354753992,410.8779354753992,410.8779354753992,1.0,0.0,1,8,growth_rate_summary_gene_knockout_102trails_seed101_all.csv,101,EG10866,TU00347[c],KO
gene_knockout_p_list,6,KO: EG10867,0.0,0.0,0.0,0.0,410.8779354753992,410.8779354753992,410.8779354753992,1.0,0.0,1,8,growth_rate_summary_gene_knockout_102trails_seed101_all.csv,101,EG10867,TU00347[c],KO
gene_knockout_p_list,7,KO: EG10868,0.0,0.0,0.0,0.0,410.7914726145543,410.7914726145543,410.7914726145543,1.0,0.0,1,8,growth_rate_summary_gene_knockout_102trails_seed101_all.csv,101,EG10868,TU00337[c],KO
gene_knockout_p_list,8,KO: EG10869,0.0,0.0,0.0,0.0,410.7914726145543,410.7914726145543,410.7914726145543,1.0,0.0,1,8,growth_rate_summary_gene_knockout_102trails_seed101_all.csv,101,EG10869,TU00337[c],KO
gene_knockout_p_list,9,KO: EG10870,0.0,0.0,0.0,0.0,409.3438931529323,409.3438931529323,409.3438931529323,1.0,0.0,1,8,growth_rate_summary_gene_knockout_102trails_seed101_all.csv,101,EG10870,TU00346[c],KO
gene_knockout_p_list,10,KO: EG10872,0.0,0.0,0.0,0.0,409.5858674129844,409.5858674129844,409.5858674129844,1.0,0.0,1,8,growth_rate_summary_gene_knockout_102trails_seed101_all.csv,101,EG10872,TU0-6512[c],KO
gene_knockout_p_list,11,KO: EG10874,0.0,0.0,0.0,0.0,409.5191727376547,409.5191727376547,409.5191727376547,1.0,0.0,1,8,growth_rate_summary_gene_knockout_102trails_seed101_all.csv,101,EG10874,TU00336[c],KO
gene_knockout_p_list,12,KO: EG10875,0.0,0.0,0.0,0.0,410.7914726145543,410.7914726145543,410.7914726145543,1.0,0.0,1,8,growth_rate_summary_gene_knockout_102trails_seed101_all.csv,101,EG10875,TU00337[c],KO
gene_knockout_p_list,13,KO: EG10876,0.0,0.0,0.0,0.0,410.7914726145543,410.7914726145543,410.7914726145543,1.0,0.0,1,8,growth_rate_summary_gene_knockout_102trails_seed101_all.csv,101,EG10876,TU00337[c],KO
gene_knockout_p_list,14,KO: EG10877,0.0,0.0,0.0,0.0,410.8779354753992,410.8779354753992,410.8779354753992,1.0,0.0,1,8,growth_rate_summary_gene_knockout_102trails_seed101_all.csv,101,EG10877,TU00347[c],KO
gene_knockout_p_list,15,KO: EG10879,0.0,0.0,0.0,0.0,410.7914726145543,410.7914726145543,410.7914726145543,1.0,0.0,1,8,growth_rate_summary_gene_knockout_102trails_seed101_all.csv,101,EG10879,TU00337[c],KO
gene_knockout_p_list,16,KO: EG10880,0.0,0.0,0.0,0.0,409.7764230653189,409.7764230653189,409.7764230653189,1.0,0.0,1,8,growth_rate_summary_gene_knockout_102trails_seed101_all.csv,101,EG10880,TU00351[c],KO
gene_knockout_p_list,17,KO: EG10881,0.0,0.0,0.0,0.0,409.6922864338886,409.6922864338886,409.6922864338886,1.0,0.0,1,8,growth_rate_summary_gene_knockout_102trails_seed101_all.csv,101,EG10881,TU0-14255[c],KO
gene_knockout_p_list,18,KO: EG10882,0.0,0.0,0.0,0.0,410.8779354753992,410.8779354753992,410.8779354753992,1.0,0.0,1,8,growth_rate_summary_gene_knockout_102trails_seed101_all.csv,101,EG10882,TU00347[c],KO
gene_knockout_p_list,19,KO: EG10883,0.0,0.0,0.0,0.0,410.8779354753992,410.8779354753992,410.8779354753992,1.0,0.0,1,8,growth_rate_summary_gene_knockout_102trails_seed101_all.csv,101,EG10883,TU00347[c],KO
gene_knockout_p_list,20,KO: EG10884,0.0,0.0,0.0,0.0,410.7914726145543,410.7914726145543,410.7914726145543,1.0,0.0,1,8,growth_rate_summary_gene_knockout_102trails_seed101_all.csv,101,EG10884,TU00337[c],KO
gene_knockout_p_list,21,KO: EG10885,0.0,0.0,0.0,0.0,409.9408804680397,409.9408804680397,409.9408804680397,1.0,0.0,1,8,growth_rate_summary_gene_knockout_102trails_seed101_all.csv,101,EG10885,TU0-13557[c],KO
gene_knockout_p_list,22,KO: EG10886,0.0,0.0,0.0,0.0,410.32910612367175,410.32910612367175,410.32910612367175,1.0,0.0,1,8,growth_rate_summary_gene_knockout_102trails_seed101_all.csv,101,EG10886,TU0-5522[c],KO
gene_knockout_p_list,23,KO: EG10887,0.0,0.0,0.0,0.0,410.8779354753992,410.8779354753992,410.8779354753992,1.0,0.0,1,8,growth_rate_summary_gene_knockout_102trails_seed101_all.csv,101,EG10887,TU00347[c],KO
gene_knockout_p_list,24,KO: EG10888,0.0,0.0,0.0,0.0,410.7914726145543,410.7914726145543,410.7914726145543,1.0,0.0,1,8,growth_rate_summary_gene_knockout_102trails_seed101_all.csv,101,EG10888,TU00337[c],KO
gene_knockout_p_list,25,KO: EG10889,0.0,0.0,0.0,0.0,410.32356272076095,410.32356272076095,410.32356272076095,1.0,0.0,1,8,growth_rate_summary_gene_knockout_102trails_seed101_all.csv,101,EG10889,TU0-45156[c],KO
gene_knockout_p_list,26,KO: EG10890,0.0,0.0,0.0,0.0,410.41057173307104,410.41057173307104,410.41057173307104,1.0,0.0,1,8,growth_rate_summary_gene_knockout_102trails_seed101_all.csv,101,EG10890,TU0-1[c],KO
gene_knockout_p_list,27,KO: EG10891,0.0,0.0,0.0,0.0,410.32910612367175,410.32910612367175,410.32910612367175,1.0,0.0,1,8,growth_rate_summary_gene_knockout_102trails_seed101_all.csv,101,EG10891,TU0-5522[c],KO
gene_knockout_p_list,28,KO: EG10892,0.0,0.0,0.0,0.0,410.403140855997,410.403140855997,410.403140855997,1.0,0.0,1,8,growth_rate_summary_gene_knockout_102trails_seed101_all.csv,101,EG10892,TU00340[c],KO
gene_knockout_p_list,29,KO: EG10900,0.0,0.0,0.0,0.0,409.7282140557607,409.7282140557607,409.7282140557607,1.0,0.0,1,8,growth_rate_summary_gene_knockout_102trails_seed101_all.csv,101,EG10900,TU361[c],KO
gene_knockout_p_list,30,KO: EG10901,0.0,0.0,0.0,0.0,409.77208741775553,409.77208741775553,409.77208741775553,1.0,0.0,1,8,growth_rate_summary_gene_knockout_102trails_seed101_all.csv,101,EG10901,EG10901_RNA[c],KO
gene_knockout_p_list,31,KO: EG10902,0.0,0.0,0.0,0.0,410.8779354753992,410.8779354753992,410.8779354753992,1.0,0.0,1,8,growth_rate_summary_gene_knockout_102trails_seed101_all.csv,101,EG10902,TU00347[c],KO
gene_knockout_p_list,32,KO: EG10904,0.0,0.0,0.0,0.0,410.7914726145543,410.7914726145543,410.7914726145543,1.0,0.0,1,8,growth_rate_summary_gene_knockout_102trails_seed101_all.csv,101,EG10904,TU00337[c],KO
gene_knockout_p_list,33,KO: EG10905,0.0,0.0,0.0,0.0,409.3438931529323,409.3438931529323,409.3438931529323,1.0,0.0,1,8,growth_rate_summary_gene_knockout_102trails_seed101_all.csv,101,EG10905,TU00346[c],KO
gene_knockout_p_list,34,KO: EG10906,0.0,0.0,0.0,0.0,410.42202707368665,410.42202707368665,410.42202707368665,1.0,0.0,1,8,growth_rate_summary_gene_knockout_102trails_seed101_all.csv,101,EG10906,TU00348[c],KO
gene_knockout_p_list,35,KO: EG10907,0.0,0.0,0.0,0.0,410.7914726145543,410.7914726145543,410.7914726145543,1.0,0.0,1,8,growth_rate_summary_gene_knockout_102trails_seed101_all.csv,101,EG10907,TU00337[c],KO
gene_knockout_p_list,36,KO: EG10908,0.0,0.0,0.0,0.0,409.8126969179974,409.8126969179974,409.8126969179974,1.0,0.0,1,8,growth_rate_summary_gene_knockout_102trails_seed101_all.csv,101,EG10908,TU0-42202[c],KO
gene_knockout_p_list,37,KO: EG10909,0.0,0.0,0.0,0.0,410.8779354753992,410.8779354753992,410.8779354753992,1.0,0.0,1,8,growth_rate_summary_gene_knockout_102trails_seed101_all.csv,101,EG10909,TU00347[c],KO
gene_knockout_p_list,38,KO: EG10911,0.0,0.0,0.0,0.0,410.42202707368665,410.42202707368665,410.42202707368665,1.0,0.0,1,8,growth_rate_summary_gene_knockout_102trails_seed101_all.csv,101,EG10911,TU00348[c],KO
gene_knockout_p_list,39,KO: EG10913,0.0,0.0,0.0,0.0,410.7914726145543,410.7914726145543,410.7914726145543,1.0,0.0,1,8,growth_rate_summary_gene_knockout_102trails_seed101_all.csv,101,EG10913,TU00337[c],KO
gene_knockout_p_list,40,KO: EG10914,0.0,0.0,0.0,0.0,409.951213286775,409.951213286775,409.951213286775,1.0,0.0,1,8,growth_rate_summary_gene_knockout_102trails_seed101_all.csv,101,EG10914,TU0-6660[c],KO
gene_knockout_p_list,41,KO: EG10915,0.0,0.0,0.0,0.0,409.7764230653189,409.7764230653189,409.7764230653189,1.0,0.0,1,8,growth_rate_summary_gene_knockout_102trails_seed101_all.csv,101,EG10915,TU00351[c],KO
gene_knockout_p_list,42,KO: EG10916,0.0,0.0,0.0,0.0,410.8779354753992,410.8779354753992,410.8779354753992,1.0,0.0,1,8,growth_rate_summary_gene_knockout_102trails_seed101_all.csv,101,EG10916,TU00347[c],KO
gene_knockout_p_list,43,KO: EG10917,0.0,0.0,0.0,0.0,409.3438931529323,409.3438931529323,409.3438931529323,1.0,0.0,1,8,growth_rate_summary_gene_knockout_102trails_seed101_all.csv,101,EG10917,TU00346[c],KO
gene_knockout_p_list,44,KO: EG10918,0.0,0.0,0.0,0.0,410.8779354753992,410.8779354753992,410.8779354753992,1.0,0.0,1,8,growth_rate_summary_gene_knockout_102trails_seed101_all.csv,101,EG10918,TU00347[c],KO
gene_knockout_p_list,45,KO: EG10919,0.0,0.0,0.0,0.0,409.49867558366896,409.49867558366896,409.49867558366896,1.0,0.0,1,8,growth_rate_summary_gene_knockout_102trails_seed101_all.csv,101,EG10919,TU0-7842[c],KO
gene_knockout_p_list,46,KO: EG10920,0.0,0.0,0.0,0.0,409.4452004179375,409.4452004179375,409.4452004179375,1.0,0.0,1,8,growth_rate_summary_gene_knockout_102trails_seed101_all.csv,101,EG10920,TU00352[c],KO
gene_knockout_p_list,47,KO: EG11024,4.7356306460722805e-05,4.093967691985736e-05,2.0017212440303665e-05,0.0002304427350861,410.9656831796423,257.6660074594089,491.85168355973497,0.6269769423710674,19385.0,971,8,growth_rate_summary_gene_knockout_102trails_seed101_all.csv,101,EG11024,TU00067[c],KO
gene_knockout_p_list,48,KO: EG11026,4.7356306460722805e-05,4.093967691985736e-05,2.0017212440303665e-05,0.0002304427350861,410.9656831796423,257.6660074594089,491.85168355973497,0.6269769423710674,19385.0,971,8,growth_rate_summary_gene_knockout_102trails_seed101_all.csv,101,EG11026,TU00067[c],KO
gene_knockout_p_list,49,KO: EG11231,0.0,0.0,0.0,0.0,410.3628232041124,410.3628232041124,410.3628232041124,1.0,0.0,1,8,growth_rate_summary_gene_knockout_102trails_seed101_all.csv,101,EG11231,TU0-14255[c],KO
gene_knockout_p_list,50,KO: EG11232,0.0,0.0,0.0,0.0,410.52358775835535,410.52358775835535,410.52358775835535,1.0,0.0,1,8,growth_rate_summary_gene_knockout_102trails_seed101_all.csv,101,EG11232,TU00337[c],KO
gene_knockout_p_list,51,KO: EG50001,0.0,0.0,0.0,0.0,409.6563950314563,409.6563950314563,409.6563950314563,1.0,0.0,1,8,growth_rate_summary_gene_knockout_102trails_seed101_all.csv,101,EG50001,TU0-42628[c],KO
gene_knockout_p_list,52,KO: EG50002,0.0,0.0,0.0,0.0,409.6563950314563,409.6563950314563,409.6563950314563,1.0,0.0,1,8,growth_rate_summary_gene_knockout_102trails_seed101_all.csv,101,EG50002,TU0-42628[c],KO
